episode,step_start,step_stop_exclusive,n_steps,reward_mean,reward_sum,reward_no_penalty_mean,reward_no_penalty_sum,fallback_penalty_mean,fallback_penalty_sum,diagnostic_unsafe_count,diagnostic_unsafe_rate,diagnostic_unstable_count,diagnostic_unstable_rate,actual_intervention_count,actual_intervention_rate,accepted_candidate_count,fallback_count,fallback_verified_count,fallback_unverified_count,target_fail_hold_prev_count,solver_fail_hold_prev_count,target_failure_count,min_contraction_margin,max_executed_action_gap_inf,output_rmse_mean,output_max_abs_error,output0_rmse,output1_rmse,output0_max_abs_error,output1_max_abs_error,case,family,gate,phase
1,0,800,800,-25.16287910694619,-20130.30328555695,-24.950208346207145,-19960.16667696572,0.2126707607390391,170.13660859123135,0,0.0,0,0.0,17,0.02125,783,8,8,0,0,0,9,-80.70043708554476,0.068090116327419,0.5454985857800172,3.2331173841486702,0.2643977027019005,0.8265994688581338,1.2043073121593184,3.2331173841486702,Cold start + gate,Cold start,True,BC
2,800,1600,800,-35.691741371839946,-28553.393097471955,-35.55400015160336,-28443.20012128269,0.1377412202365772,110.1929761892618,0,0.0,0,0.0,11,0.01375,789,8,8,0,0,0,3,-40.60747565712421,0.1145957979549359,0.6840226806864471,3.594953748066416,0.3077972921643314,1.0602480692085627,1.3408821951882357,3.594953748066416,Cold start + gate,Cold start,True,BC
3,1600,2400,800,-19.330154150120386,-15464.123320096309,-19.217548842233374,-15374.0390737867,0.112605307887013,90.08424630961044,0,0.0,0,0.0,9,0.01125,791,5,5,0,0,0,4,-47.56856054678627,0.0736392224318771,0.4699881382979365,3.0960292340135425,0.2347447437745614,0.7052315328213117,1.1167378693111218,3.0960292340135425,Cold start + gate,Cold start,True,BC
4,2400,3200,800,-50.2946323079199,-40235.70584633592,-50.04421582147606,-40035.37265718085,0.2504164864438443,200.33318915507544,0,0.0,0,0.0,20,0.025,780,7,7,0,0,0,13,-96.35774351339704,0.2159945905208609,0.6386538223276487,2.6623079682802318,0.4096892208451922,0.867618423810105,1.3990292026276063,2.6623079682802318,Cold start + gate,Cold start,True,BC
5,3200,4000,800,-16.39716657226598,-13117.733257812784,-16.25955214402937,-13007.641715223495,0.1376144282366111,110.09154258928888,0,0.0,0,0.0,11,0.01375,789,9,9,0,0,0,2,-40.115493422824784,0.0781447139279931,0.5061070298831634,3.982383798528645,0.1884575622493045,0.8237564975170221,1.056216404400121,3.982383798528645,Cold start + gate,Cold start,True,BC
6,4000,4800,800,-33.97489426443866,-27179.91541155093,-33.687171710557806,-26949.737368446247,0.2877225538808538,230.17804310468304,0,0.0,0,0.0,23,0.02875,777,8,8,0,0,0,15,-162.6335216622947,0.0798002572730179,0.7129005678277649,6.309739925901681,0.2788449567620154,1.1469561788935143,1.085558638239298,6.309739925901681,Cold start + gate,Cold start,True,BC
7,4800,5600,800,-67.23282364378593,-53786.25891502875,-66.93248711053874,-53545.98968843099,0.3003365332472052,240.26922659776417,0,0.0,0,0.0,24,0.03,776,10,10,0,0,0,14,-71.73942846961597,0.1365773701667798,0.8820380765093723,4.400915426637653,0.4402525292965164,1.323823623722228,1.2003231814713833,4.400915426637653,Cold start + gate,Cold start,True,BC
8,5600,6400,800,-44.75237833107702,-35801.90266486161,-44.402031336659086,-35521.62506932727,0.3503469944179367,280.27759553434936,0,0.0,0,0.0,28,0.035,772,14,14,0,0,0,14,-97.79704310432328,0.1014732301235206,0.6718960195451035,4.091247303796536,0.369000502411405,0.974791536678802,1.2018468919612837,4.091247303796536,Cold start + gate,Cold start,True,BC
9,6400,7200,800,-12.594717958706669,-10075.774366965336,-12.519653865907472,-10015.723092725975,0.0750640927991968,60.051274239357454,0,0.0,0,0.0,6,0.0075,794,6,6,0,0,0,0,-15.62392331535483,0.0803291216030561,0.4085044358288049,4.143617869826414,0.1818456783735096,0.6351631932841002,1.105024237354336,4.143617869826414,Cold start + gate,Cold start,True,BC
10,7200,8000,800,-16.42179366494092,-13137.434931952735,-16.42179366494092,-13137.434931952735,0.0,0.0,0,0.0,0,0.0,0,0.0,800,0,0,0,0,0,0,-14.712247050085864,0.0,0.4382780801610875,3.022843364706887,0.2158170648336781,0.6607390954884969,1.1075873007397967,3.022843364706887,Cold start + gate,Cold start,True,BC
11,8000,8800,800,-12.977882556815992,-10382.306045452797,-12.915345659563936,-10332.276527651147,0.062536897252056,50.02951780164488,0,0.0,0,0.0,5,0.00625,795,5,5,0,0,0,0,-14.35997791568829,0.0591416360286847,0.383323425995752,2.9499944843393,0.1935670457599611,0.5730798062315428,1.1141723601570406,2.9499944843393,Cold start + gate,Cold start,True,BC
12,8800,9600,800,-21.599319286402825,-17279.45542912226,-21.536762108351613,-17229.40968668129,0.0625571780512067,50.04574244096538,0,0.0,0,0.0,5,0.00625,795,3,3,0,0,0,0,-19.443845471670045,0.0806343890696377,0.5634816771713625,4.039238009371729,0.2258445038920272,0.901118850450698,1.0802424800652304,4.039238009371729,Cold start + gate,Cold start,True,BC
13,9600,10400,800,-37.45432651184992,-29963.46120947993,-37.341702221362354,-29873.36177708988,0.1126242904875603,90.09943239004824,0,0.0,0,0.0,9,0.01125,791,7,7,0,0,0,2,-59.82640830729349,0.0817322448761267,0.6413327067688176,3.224782490268126,0.3266276607035428,0.9560377528340924,1.2223947815782457,3.224782490268126,Cold start + gate,Cold start,True,BC
14,10400,11200,800,-49.18443526299077,-39347.54821039261,-49.03433356968799,-39227.46685575039,0.1501016933027704,120.08135464221638,0,0.0,0,0.0,12,0.015,788,3,3,0,0,0,9,-95.02390686481384,0.0747547517799347,0.7731790043286295,3.4237142791554334,0.3697563006779098,1.1766017079793492,1.36755670280465,3.4237142791554334,Cold start + gate,Cold start,True,BC
15,11200,12000,800,-16.766705059357967,-13413.364047486371,-16.716668624475986,-13373.33489958079,0.0500364348819807,40.02914790558456,0,0.0,0,0.0,4,0.005,796,4,4,0,0,0,0,-16.755422680968366,0.0658982475882847,0.4429872103767574,3.3185172328666117,0.2178605663687949,0.6681138543847199,1.1931905633869984,3.3185172328666117,Cold start + gate,Cold start,True,BC
16,12000,12800,800,-18.62596845828453,-14900.774766627626,-18.575838089348967,-14860.670471479174,0.0501303689355621,40.10429514844971,0,0.0,0,0.0,4,0.005,796,3,3,0,0,0,1,-19.232523550075456,0.141477631628514,0.4657723745949301,3.2150676322569893,0.2288859142958597,0.7026588348940006,1.0898419954984484,3.2150676322569893,Cold start + gate,Cold start,True,BC
17,12800,13600,800,-25.36932443975708,-20295.459551805663,-25.081453211996926,-20065.16256959754,0.2878712277601549,230.2969822081239,0,0.0,0,0.0,23,0.02875,777,7,7,0,0,0,16,-143.82547560835997,0.0983495074620757,0.5240488947760574,3.3146884404252432,0.2685653533524557,0.7795324361996592,1.1318435756323972,3.3146884404252432,Cold start + gate,Cold start,True,BC
18,13600,14400,800,-29.606226056751428,-23684.980845401144,-29.36833528880793,-23494.668231046348,0.2378907679434934,190.31261435479476,0,0.0,0,0.0,19,0.02375,781,8,8,0,0,0,11,-72.3138103144862,0.1088916587829587,0.6052925844236569,3.315630268536097,0.2786819635590886,0.9319032052882252,1.0955938574092916,3.315630268536097,Cold start + gate,Cold start,True,BC
19,14400,15200,800,-24.631603026257384,-19705.282421005908,-24.48143568712796,-19585.148549702364,0.1501673391294251,120.13387130354012,0,0.0,0,0.0,12,0.015,788,6,6,0,0,0,6,-38.50407961513071,0.0992699131682801,0.475409761236386,3.0558551934549314,0.2792019231781615,0.6716175992946106,1.2804392929059143,3.0558551934549314,Cold start + gate,Cold start,True,BC
20,15200,16000,800,-14.071927242356706,-11257.541793885364,-13.959354575065383,-11167.483660052309,0.1125726672913182,90.05813383305457,0,0.0,0,0.0,9,0.01125,791,8,8,0,0,0,1,-87.44064309177509,0.0708924172929172,0.4125987614191402,5.268553574429632,0.1961958210480917,0.6290017017901888,1.1199826567206173,5.268553574429632,Cold start + gate,Cold start,True,BC
21,16000,16800,800,-11.967217735167925,-9573.77418813434,-11.61383489655691,-9291.067917245527,0.3533828386110164,282.70627088881315,0,0.0,0,0.0,27,0.03375,773,27,27,0,0,0,0,-23.486683035424903,0.9513213982611042,0.3444139339781276,2.954690738414513,0.1876828168425341,0.5011450511137211,1.138448008513909,2.954690738414513,Cold start + gate,Cold start,True,handoff
22,16800,17600,800,-11.433165262456912,-9146.53220996553,-10.625235794135092,-8500.188635308074,0.807929468321822,646.3435746574576,0,0.0,0,0.0,40,0.05,760,29,29,0,0,0,11,-54.54093045312493,3.175433095280849,0.2960896315530005,2.896948273153555,0.170580177146619,0.4215990859593819,1.098030218195026,2.896948273153555,Cold start + gate,Cold start,True,handoff
23,17600,18400,800,-11.313607418547472,-9050.88593483798,-10.229996113263434,-8183.996890610747,1.0836113052840417,866.8890442272332,0,0.0,0,0.0,39,0.04875,761,32,32,0,0,0,7,-77.83227740720065,5.862736700163953,0.2881870693807682,2.7996634241033007,0.1674105211054066,0.4089636176561298,1.206898018537878,2.7996634241033007,Cold start + gate,Cold start,True,handoff
24,18400,19200,800,-12.947239453743911,-10357.791562995131,-10.569103608002992,-8455.282886402394,2.3781358457409234,1902.5086765927388,0,0.0,0,0.0,40,0.05,760,31,31,0,0,0,9,-65.15297153248412,8.038072266885466,0.2791157053847904,2.9193146988063745,0.1634647597690101,0.3947666510005706,1.1306028621257158,2.9193146988063745,Cold start + gate,Cold start,True,handoff
25,19200,20000,800,-13.036724600340245,-10429.379680272195,-8.942939961149005,-7154.351968919204,4.093784639191239,3275.0277113529914,0,0.0,0,0.0,40,0.05,760,26,26,0,0,0,14,-76.09644000210619,10.140484425642706,0.228932690836885,2.533782170775908,0.150200121371068,0.3076652603027021,1.2170702645459088,2.533782170775908,Cold start + gate,Cold start,True,handoff
26,20000,20800,800,-15.036847694655716,-12029.478155724571,-11.474332907420804,-9179.466325936644,3.562514787234916,2850.0118297879326,0,0.0,0,0.0,33,0.04125,767,24,24,0,0,0,9,-50.05674019764336,9.400045554307528,0.2300985599006966,2.630527307471596,0.1477374484686259,0.3124596713327673,1.1207491229028164,2.630527307471596,Cold start + gate,Cold start,True,full_RL
27,20800,21600,800,-12.813994759137843,-10251.195807310276,-9.427799846830125,-7542.2398774641,3.386194912307719,2708.955929846175,0,0.0,0,0.0,23,0.02875,777,19,19,0,0,0,4,-49.48924003956347,11.417711033081764,0.2110966815420822,2.5395629900325503,0.1317303898579589,0.2904629732262054,1.0867448726949722,2.5395629900325503,Cold start + gate,Cold start,True,full_RL
28,21600,22400,800,-9.900593462124034,-7920.474769699227,-8.782709190543077,-7026.1673524344615,1.1178842715809585,894.3074172647666,0,0.0,0,0.0,15,0.01875,785,11,11,0,0,0,4,-55.0425049886104,6.362653345529623,0.2194703805080473,2.633053536118098,0.1311787017311317,0.3077620592849629,1.065052644889517,2.633053536118098,Cold start + gate,Cold start,True,full_RL
29,22400,23200,800,-14.331631203397064,-11465.304962717652,-10.563563664842704,-8450.850931874164,3.768067538554359,3014.454030843487,0,0.0,0,0.0,20,0.025,780,15,15,0,0,0,5,-52.9269948303197,11.27557749301031,0.251662203365619,3.4517821324109264,0.1392558635488147,0.3640685431824234,1.1221797752124991,3.4517821324109264,Cold start + gate,Cold start,True,full_RL
30,23200,24000,800,-11.34361050501871,-9074.888404014968,-9.14212904542474,-7313.703236339792,2.20148145959397,1761.185167675176,0,0.0,0,0.0,21,0.02625,779,14,14,0,0,0,7,-53.60835806436785,11.551601602149796,0.2299616996283816,2.646639529276854,0.1302737708202525,0.3296496284365106,1.077100727835877,2.646639529276854,Cold start + gate,Cold start,True,full_RL
31,24000,24800,800,-11.486031511736444,-9188.825209389155,-8.940994593288526,-7152.795674630821,2.5450369184479182,2036.0295347583344,0,0.0,0,0.0,23,0.02875,777,16,16,0,0,0,7,-59.19665931201462,9.42570080740847,0.2297339523292004,2.5024973529971817,0.1320381963274066,0.3274297083309941,1.0789979309462925,2.5024973529971817,Cold start + gate,Cold start,True,full_RL
32,24800,25600,800,-11.461933174722128,-9169.5465397777,-8.984598845869995,-7187.679076695996,2.47733432885213,1981.867463081704,0,0.0,0,0.0,31,0.03875,769,21,21,0,0,0,10,-64.48429594370589,8.497339117125936,0.216334517287481,2.623603137055966,0.1312904599345805,0.3013785746403813,1.072490551868675,2.623603137055966,Cold start + gate,Cold start,True,full_RL
33,25600,26400,800,-9.789288756249444,-7831.431004999556,-8.039624630741107,-6431.699704592886,1.749664125508337,1399.7313004066696,0,0.0,0,0.0,18,0.0225,782,14,14,0,0,0,4,-66.68627455695264,8.075854899088666,0.2023008926837491,2.581521430013993,0.1225307133779214,0.2820710719895768,1.0724986165555248,2.581521430013993,Cold start + gate,Cold start,True,full_RL
34,26400,27200,800,-8.840361707237474,-7072.289365789979,-7.380583297896192,-5904.466638316953,1.4597784093412824,1167.822727473026,0,0.0,0,0.0,23,0.02875,777,19,19,0,0,0,4,-62.244258516488,7.357053661055469,0.1978656521714391,2.6439157656347447,0.1190542680187865,0.2766770363240917,1.0686091272407596,2.6439157656347447,Cold start + gate,Cold start,True,full_RL
35,27200,28000,800,-11.945490484190762,-9556.39238735261,-9.437630179228236,-7550.1041433825885,2.507860304962524,2006.2882439700195,0,0.0,0,0.0,17,0.02125,783,13,13,0,0,0,4,-56.69456038381611,11.231704901108426,0.2513775769276314,3.214846556384657,0.1349396588503399,0.3678154950049229,1.0907530429251922,3.214846556384657,Cold start + gate,Cold start,True,full_RL
36,28000,28800,800,-8.223337436968785,-6578.669949575029,-7.483538874892445,-5986.831099913956,0.739798562076343,591.8388496610744,0,0.0,0,0.0,14,0.0175,786,10,10,0,0,0,4,-57.21044825889703,6.697383722317381,0.2262071889591021,2.909211839482396,0.1189288450316449,0.3334855328865593,1.079134158962559,2.909211839482396,Cold start + gate,Cold start,True,full_RL
37,28800,29600,800,-7.843010012014388,-6274.40800961151,-7.518816855783973,-6015.0534846271785,0.3241931562304145,259.35452498433165,0,0.0,0,0.0,9,0.01125,791,4,4,0,0,0,5,-66.3485963013145,4.9783997976419645,0.2294765992561895,2.796438120499147,0.1141655142086456,0.3447876843037335,1.054129711008435,2.796438120499147,Cold start + gate,Cold start,True,full_RL
38,29600,30400,800,-9.348515051919405,-7478.812041535524,-8.163655934474555,-6530.924747579644,1.1848591174448515,947.8872939558814,0,0.0,0,0.0,22,0.0275,778,16,16,0,0,0,6,-52.48530122434795,8.528218940970582,0.2277012093166704,2.773371413847656,0.1188443312584148,0.3365580873749259,1.0543499505218503,2.773371413847656,Cold start + gate,Cold start,True,full_RL
39,30400,31200,800,-8.390000880429206,-6712.000704343365,-7.290333193537516,-5832.266554830013,1.0996676868916917,879.7341495133533,0,0.0,0,0.0,21,0.02625,779,14,14,0,0,0,7,-63.5541686829032,10.709976632224809,0.2059155185412051,2.6941295522817086,0.1243507366407408,0.2874803004416695,1.0845856501621864,2.6941295522817086,Cold start + gate,Cold start,True,full_RL
40,31200,32000,800,-11.99386611627207,-9595.092893017656,-8.848522486963486,-7078.817989570788,3.145343629308583,2516.2749034468666,0,0.0,0,0.0,21,0.02625,779,16,16,0,0,0,5,-74.59652503552263,10.168982886566855,0.2222862412023737,2.4784956412648853,0.1222723243754705,0.322300158029277,1.09201383806572,2.4784956412648853,Cold start + gate,Cold start,True,full_RL
41,32000,32800,800,-9.074465608787666,-7259.572487030133,-7.582634544368018,-6066.107635494414,1.4918310644196502,1193.46485153572,0,0.0,0,0.0,18,0.0225,782,12,12,0,0,0,5,-69.51058598640532,8.741697165719541,0.224272114507851,2.991356390165265,0.1215114431639982,0.3270327858517038,1.081016044143332,2.991356390165265,Cold start + gate,Cold start,True,full_RL
42,32800,33600,800,-9.301566885576538,-7441.25350846123,-7.756782430438702,-6205.425944350962,1.5447844551378354,1235.8275641102682,0,0.0,0,0.0,21,0.02625,779,15,15,0,0,0,6,-63.21369029636287,9.196686510213436,0.2134092570681967,2.63033602500758,0.1195630392506559,0.3072554748857374,1.060338363968047,2.63033602500758,Cold start + gate,Cold start,True,full_RL
43,33600,34400,800,-8.936846332299199,-7149.477065839359,-7.636544347606089,-6109.235478084871,1.300301984693109,1040.2415877544872,0,0.0,0,0.0,24,0.03,776,17,17,0,0,0,7,-67.12054427826729,7.390032417269984,0.2202228301041162,2.717898982423094,0.1189822365708499,0.3214634236373825,1.0511129322012531,2.717898982423094,Cold start + gate,Cold start,True,full_RL
44,34400,35200,800,-7.869668302478248,-6295.734641982598,-6.94381125317824,-5555.0490025425925,0.9258570493000066,740.6856394400053,0,0.0,0,0.0,15,0.01875,785,10,10,0,0,0,5,-60.86449088180075,5.457704185114212,0.2080790177087167,2.807200935130368,0.1167147842474091,0.2994432511700243,1.0626179427779427,2.807200935130368,Cold start + gate,Cold start,True,full_RL
45,35200,36000,800,-9.473653814876606,-7578.923051901285,-7.751745775140812,-6201.3966201126495,1.7219080397357942,1377.5264317886354,0,0.0,0,0.0,13,0.01625,787,10,10,0,0,0,3,-64.64221773640463,12.99958242364776,0.2215307797097584,2.593036555174308,0.1182459042874635,0.3248156551320534,1.1075662649625868,2.593036555174308,Cold start + gate,Cold start,True,full_RL
46,36000,36800,800,-7.990546048982635,-6392.436839186108,-7.105816407242596,-5684.653125794077,0.8847296417400392,707.7837133920314,0,0.0,0,0.0,16,0.02,784,11,11,0,0,0,5,-69.61277464429554,9.251299979737109,0.2204532322336403,3.210364774179027,0.1191467403973374,0.3217597240699433,1.0751682690359945,3.210364774179027,Cold start + gate,Cold start,True,full_RL
47,36800,37600,800,-8.373394501507722,-6698.715601206177,-7.211348047572696,-5769.078438058157,1.1620464539350257,929.6371631480204,0,0.0,0,0.0,16,0.02,784,10,10,0,0,0,6,-57.98766428989859,11.910543293607258,0.2091157681991363,2.582349928343717,0.119857405346901,0.2983741310513716,1.1098713884985876,2.582349928343717,Cold start + gate,Cold start,True,full_RL
48,37600,38400,800,-10.742736158996518,-8594.188927197214,-8.373221164031383,-6698.576931225107,2.3695149949651344,1895.6119959721077,0,0.0,0,0.0,28,0.035,772,20,20,0,0,0,8,-66.62168747414148,10.280660031719195,0.2425160509703854,3.0917188332597902,0.1361985835819179,0.348833518358853,1.073327532522165,3.0917188332597902,Cold start + gate,Cold start,True,full_RL
49,38400,39200,800,-7.521923292368647,-6017.538633894917,-6.82504464380027,-5460.035715040216,0.6968786485683771,557.5029188547016,0,0.0,0,0.0,16,0.02,784,10,10,0,0,0,6,-58.9402764629765,6.989130647774847,0.2014509882498479,2.450627364927413,0.1188302515475869,0.284071724952109,1.083395939473763,2.450627364927413,Cold start + gate,Cold start,True,full_RL
50,39200,40000,800,-8.021433175530605,-6417.146540424485,-7.047960681921259,-5638.368545537007,0.9734724936093474,778.7779948874779,0,0.0,0,0.0,22,0.0275,778,19,19,0,0,0,3,-67.8723055295186,4.999175959825505,0.2082849220775841,2.5932218912058147,0.1207956712337801,0.2957741729213881,1.092995209734004,2.5932218912058147,Cold start + gate,Cold start,True,full_RL
51,40000,40800,800,-6.913673676016506,-5530.938940813205,-6.549699317050499,-5239.759453640399,0.3639743589660079,291.1794871728063,0,0.0,0,0.0,14,0.0175,786,9,9,0,0,0,5,-63.476375955897424,3.3630063891180733,0.1948252538069022,2.389145482177298,0.1178467615161438,0.2718037460976605,1.0740431564395254,2.389145482177298,Cold start + gate,Cold start,True,full_RL
52,40800,41600,800,-8.647544021751777,-6918.035217401422,-7.244108981989239,-5795.287185591391,1.4034350397625386,1122.7480318100309,0,0.0,0,0.0,20,0.025,780,11,11,0,0,0,9,-66.36138317393932,9.801372516150614,0.1965329817843434,2.520712129046899,0.1196792771550161,0.2733866864136706,1.0640215778551585,2.520712129046899,Cold start + gate,Cold start,True,full_RL
53,41600,42400,800,-7.912235730577659,-6329.788584462127,-7.057822844959096,-5646.258275967277,0.8544128856185624,683.5303084948499,0,0.0,0,0.0,21,0.02625,779,17,17,0,0,0,4,-55.75436700393243,8.810069543724072,0.2081418071738504,2.4930205926654594,0.120455062991519,0.2958285513561819,1.0780854289219142,2.4930205926654594,Cold start + gate,Cold start,True,full_RL
54,42400,43200,800,-10.501020958146416,-8400.816766517133,-8.535360273336005,-6828.288218668804,1.9656606848104112,1572.528547848329,0,0.0,0,0.0,23,0.02875,777,15,15,0,0,0,8,-62.0539918391296,10.530421605883474,0.2422670798992406,3.129134390733668,0.1296376419143008,0.3548965178841803,1.0917751132714797,3.129134390733668,Cold start + gate,Cold start,True,full_RL
55,43200,44000,800,-7.812471581170544,-6249.977264936435,-6.822839820593317,-5458.271856474654,0.9896317605772268,791.7054084617814,0,0.0,0,0.0,15,0.01875,785,11,11,0,0,0,4,-62.63812243833343,9.738856178513462,0.1960775808287666,2.6556846832220344,0.1194227885110144,0.2727323731465187,1.0716259057949369,2.6556846832220344,Cold start + gate,Cold start,True,full_RL
56,44000,44800,800,-8.248738780380975,-6598.99102430478,-7.152417795647008,-5721.934236517606,1.0963209847339663,877.0567877871731,0,0.0,0,0.0,21,0.02625,779,14,14,0,0,0,7,-66.5304486944691,7.045035756261485,0.2138230000222847,2.562220819211518,0.1188405857867426,0.3088054142578268,1.077959753679124,2.562220819211518,Cold start + gate,Cold start,True,full_RL
57,44800,45600,800,-8.060267589885266,-6448.214071908213,-7.184297365482378,-5747.437892385902,0.875970224402887,700.7761795223096,0,0.0,0,0.0,19,0.02375,781,15,15,0,0,0,4,-61.91508531001057,5.257345831335626,0.2146727181715377,2.774214288372434,0.1247870231737645,0.304558413169311,1.1057536213528727,2.774214288372434,Cold start + gate,Cold start,True,full_RL
58,45600,46400,800,-8.473550300122053,-6778.840240097643,-7.277150356860745,-5821.720285488596,1.1963999432613082,957.1199546090464,0,0.0,0,0.0,20,0.025,780,12,12,0,0,0,8,-55.95012232250497,6.583839457113666,0.2073279381574123,2.5310887239461977,0.1198334903550671,0.2948223859597575,1.0631726849066392,2.5310887239461977,Cold start + gate,Cold start,True,full_RL
59,46400,47200,800,-7.464324810797406,-5971.459848637925,-6.713570963424461,-5370.856770739569,0.7507538473729447,600.6030778983558,0,0.0,0,0.0,12,0.015,788,6,6,0,0,0,6,-77.14423437481503,5.205153336642852,0.2053648835615746,2.576340529898232,0.1192495443875082,0.291480222735641,1.085024032740348,2.576340529898232,Cold start + gate,Cold start,True,full_RL
60,47200,48000,800,-8.609576295032033,-6887.661036025626,-7.522448758819077,-6017.959007055261,1.0871275362129564,869.7020289703651,0,0.0,0,0.0,13,0.01625,787,9,9,0,0,0,4,-57.95570869104802,10.337940201623624,0.2274356259758581,2.872969188315267,0.1274817054110478,0.3273895465406683,1.103092259146924,2.872969188315267,Cold start + gate,Cold start,True,full_RL
61,48000,48800,800,-7.168963854921535,-5735.171083937228,-6.916219107663904,-5532.975286131124,0.2527447472576312,202.19579780610496,0,0.0,0,0.0,9,0.01125,791,5,5,0,0,0,4,-66.2776782500896,3.477804269084859,0.2086527944169726,2.53992295851549,0.1228893634222214,0.2944162254117238,1.1389920885250937,2.53992295851549,Cold start + gate,Cold start,True,full_RL
62,48800,49600,800,-7.27974605918366,-5823.796847346928,-6.698510355639428,-5358.808284511542,0.581235703544232,464.98856283538566,0,0.0,0,0.0,19,0.02375,781,16,16,0,0,0,3,-67.83881570484073,3.606323381698674,0.2135755725991597,2.8203996719219617,0.1150072529658145,0.312143892232505,1.0441817585084254,2.8203996719219617,Cold start + gate,Cold start,True,full_RL
63,49600,50400,800,-8.55715070705356,-6845.720565642849,-7.434723365793514,-5947.778692634811,1.1224273412600478,897.9418730080382,0,0.0,0,0.0,17,0.02125,783,13,13,0,0,0,4,-67.27355180747497,10.405431822937288,0.2236492130863312,3.029172204342899,0.1255779396854566,0.3217204864872058,1.0916377016875989,3.029172204342899,Cold start + gate,Cold start,True,full_RL
64,50400,51200,800,-8.89476592142931,-7115.812737143448,-7.538267031455389,-6030.613625164311,1.3564988899739203,1085.1991119791364,0,0.0,0,0.0,21,0.02625,779,14,14,0,0,0,7,-62.262199726124095,9.734341268916149,0.2241315921057272,2.9486451581423694,0.1273076850092985,0.320955499202156,1.1120359623934442,2.9486451581423694,Cold start + gate,Cold start,True,full_RL
65,51200,52000,800,-8.020195379478247,-6416.156303582598,-6.97634304693679,-5581.074437549432,1.0438523325414568,835.0818660331654,0,0.0,0,0.0,13,0.01625,787,9,9,0,0,0,4,-73.36574419687338,9.619549957246514,0.2159816104802571,2.6290707334728154,0.1201781292844083,0.311785091676106,1.0712936471593657,2.6290707334728154,Cold start + gate,Cold start,True,full_RL
66,52000,52800,800,-6.72920848941685,-5383.36679153348,-6.306875181803827,-5045.500145443061,0.4223333076130231,337.8666460904185,0,0.0,0,0.0,15,0.01875,785,11,11,0,0,0,4,-71.19852365177508,3.510784971324834,0.1889859326136673,2.7046647324414157,0.1176899350683383,0.2602819301589962,1.0677561812805747,2.7046647324414157,Cold start + gate,Cold start,True,full_RL
67,52800,53600,800,-8.896209574553382,-7116.967659642705,-7.1001858497963255,-5680.148679837061,1.7960237247570552,1436.8189798056442,0,0.0,0,0.0,18,0.0225,782,9,9,0,0,0,9,-70.05716856316656,10.824633251457165,0.2076274524160291,2.6502383054739767,0.1210424175950957,0.2942124872369625,1.0859779969398935,2.6502383054739767,Cold start + gate,Cold start,True,full_RL
68,53600,54400,800,-7.132020986737355,-5705.616789389884,-6.492916855729528,-5194.333484583623,0.6391041310078261,511.2833048062609,0,0.0,0,0.0,15,0.01875,785,10,10,0,0,0,5,-71.11275401113016,3.718934158802501,0.1945458763248665,2.582547055724831,0.1192857553300001,0.269805997319733,1.0757974229238632,2.582547055724831,Cold start + gate,Cold start,True,full_RL
69,54400,55200,800,-6.863488243337783,-5490.790594670227,-6.422396079153788,-5137.916863323031,0.4410921641839947,352.87373134719576,0,0.0,0,0.0,16,0.02,784,11,11,0,0,0,5,-60.19880649185893,5.043135017998427,0.2046629315034282,2.77628411601404,0.1182097225772069,0.2911161404296495,1.1005563292197231,2.77628411601404,Cold start + gate,Cold start,True,full_RL
70,55200,56000,800,-6.786293850503552,-5429.035080402841,-6.448285426804509,-5158.628341443608,0.3380084236990424,270.406738959234,0,0.0,0,0.0,10,0.0125,790,6,6,0,0,0,4,-68.25677395826392,3.961181103318991,0.1915341501260193,2.616114261218513,0.1212058957702397,0.2618624044817988,1.090769972891917,2.616114261218513,Cold start + gate,Cold start,True,full_RL
71,56000,56800,800,-7.503604270599053,-6002.883416479242,-6.530501602763137,-5224.40128221051,0.9731026678359176,778.4821342687341,0,0.0,0,0.0,20,0.025,780,16,16,0,0,0,4,-68.31901545625908,6.841484903872267,0.1988667224959185,2.82571835363683,0.1157167085524457,0.2820167364393913,1.0483940995373255,2.82571835363683,Cold start + gate,Cold start,True,full_RL
72,56800,57600,800,-6.191207434241716,-4952.9659473933725,-5.800631710700507,-4640.505368560406,0.3905757235412077,312.4605788329661,0,0.0,0,0.0,11,0.01375,789,7,7,0,0,0,4,-62.06367839373752,4.227049582059506,0.188015351119475,2.706556819589025,0.1130910981409679,0.2629396040979821,1.0529858541527095,2.706556819589025,Cold start + gate,Cold start,True,full_RL
73,57600,58400,800,-7.655958156272177,-6124.7665250177415,-6.702781301193349,-5362.22504095468,0.953176855078828,762.5414840630624,0,0.0,0,0.0,17,0.02125,783,13,13,0,0,0,4,-52.47316386100533,7.172079563276585,0.2087794702294068,2.45101474748094,0.1187606584939137,0.2987982819648999,1.0893745028676045,2.45101474748094,Cold start + gate,Cold start,True,full_RL
74,58400,59200,800,-7.309928775125936,-5847.943020100749,-6.435669525723107,-5148.535620578486,0.874259249402829,699.4073995222632,0,0.0,0,0.0,14,0.0175,786,10,10,0,0,0,4,-65.25196164512761,9.587197804952837,0.205997304670789,2.631393934050834,0.1175033905297252,0.294491218811853,1.077692997830774,2.631393934050834,Cold start + gate,Cold start,True,full_RL
75,59200,60000,800,-6.818234458363306,-5454.587566690645,-6.325078471629356,-5060.062777303485,0.4931559867339511,394.5247893871609,0,0.0,0,0.0,13,0.01625,787,9,9,0,0,0,4,-64.05377199478824,6.282669355169074,0.1981214133902061,2.6776537871106143,0.1178454412622819,0.2783973855181303,1.06538761837569,2.6776537871106143,Cold start + gate,Cold start,True,full_RL
76,60000,60800,800,-8.310540942082172,-6648.432753665737,-7.141703286132059,-5713.362628905647,1.1688376559501146,935.0701247600916,0,0.0,0,0.0,21,0.02625,779,16,16,0,0,0,5,-68.50965596936794,9.998402619194277,0.2241195854701063,3.0230436229794577,0.1259400101156488,0.3222991608245638,1.1013172956200887,3.0230436229794577,Cold start + gate,Cold start,True,full_RL
77,60800,61600,800,-6.855068606446464,-5484.054885157171,-6.268696017797724,-5014.956814238179,0.5863725886487413,469.098070918993,0,0.0,0,0.0,18,0.0225,782,12,12,0,0,0,6,-48.44970978496036,3.8707973365398183,0.2066312537756962,2.8363013251236,0.1172191085737823,0.2960433989776102,1.0752682612637967,2.8363013251236,Cold start + gate,Cold start,True,full_RL
78,61600,62400,800,-7.858293007661582,-6286.634406129266,-6.915990298864605,-5532.792239091684,0.9423027087969776,753.842167037582,0,0.0,0,0.0,21,0.02625,779,16,16,0,0,0,5,-62.79627940999251,6.987784570673126,0.211056291679272,2.884028883383337,0.1226480724133434,0.2994645109452006,1.0971778723525385,2.884028883383337,Cold start + gate,Cold start,True,full_RL
79,62400,63200,800,-7.698805026097757,-6159.044020878206,-6.665412165048751,-5332.329732039,1.0333928610490062,826.7142888392049,0,0.0,0,0.0,19,0.02375,781,17,17,0,0,0,2,-73.49292235472649,10.467385466304496,0.2245402018852771,2.8523124371876065,0.1139275684031002,0.335152835367454,1.0577743784178175,2.8523124371876065,Cold start + gate,Cold start,True,full_RL
80,63200,64000,800,-7.275489403349538,-5820.391522679631,-6.824809874151781,-5459.847899321425,0.4506795291977589,360.5436233582071,0,0.0,0,0.0,11,0.01375,789,7,7,0,0,0,4,-59.70264183139034,6.48732005049155,0.1959167674761691,2.589013655403676,0.1261445653182952,0.2656889696340431,1.1359130036320235,2.589013655403676,Cold start + gate,Cold start,True,full_RL
81,64000,64800,800,-6.544127274929074,-5235.301819943259,-6.162454838784174,-4929.963871027339,0.3816724361448995,305.33794891591964,0,0.0,0,0.0,12,0.015,788,8,8,0,0,0,4,-61.62854795854469,3.5387213036020926,0.2003040277697259,2.6322847966100085,0.1170541130344363,0.2835539425050154,1.0653309184354618,2.6322847966100085,Cold start + gate,Cold start,True,full_RL
82,64800,65600,800,-9.652178347784226,-7721.742678227381,-7.582122269864526,-6065.697815891621,2.0700560779196984,1656.0448623357588,0,0.0,0,0.0,19,0.02375,781,11,11,0,0,0,8,-57.34730801137357,12.936069492641009,0.2296462498900219,2.997345339964056,0.1339128349091688,0.3253796648708751,1.100038347006986,2.997345339964056,Cold start + gate,Cold start,True,full_RL
83,65600,66400,800,-7.742428048476022,-6193.942438780818,-6.521458673139113,-5217.166938511291,1.2209693753369089,976.775500269527,0,0.0,0,0.0,14,0.0175,786,11,11,0,0,0,3,-56.95221005036888,8.022010101548307,0.2059127461164234,2.6497151085515043,0.118647751976164,0.2931777402566828,1.075063152564966,2.6497151085515043,Cold start + gate,Cold start,True,full_RL
84,66400,67200,800,-6.70635193187353,-5365.081545498824,-6.2421372499850944,-4993.709799988075,0.4642146818884375,371.37174551075,0,0.0,0,0.0,14,0.0175,786,9,9,0,0,0,5,-68.60148822949145,4.200076191857825,0.1901379046770242,2.747611060133977,0.1201361391923029,0.2601396701617454,1.067979388521565,2.747611060133977,Cold start + gate,Cold start,True,full_RL
85,67200,68000,800,-7.402676703915892,-5922.141363132714,-6.619450998654313,-5295.56079892345,0.7832257052615796,626.5805642092637,0,0.0,0,0.0,16,0.02,784,12,12,0,0,0,4,-64.48854946718131,6.386583469061417,0.2106679343590377,2.820756699777519,0.1192064733355563,0.3021293953825192,1.0762031040484907,2.820756699777519,Cold start + gate,Cold start,True,full_RL
86,68000,68800,800,-8.065235400971309,-6452.188320777047,-6.751737133937818,-5401.389707150254,1.3134982670334918,1050.7986136267934,0,0.0,0,0.0,19,0.02375,781,12,12,0,0,0,7,-54.91132999072681,13.225173562186589,0.2019421458190697,2.936706542172942,0.126088430360191,0.2777958612779485,1.076937671435728,2.936706542172942,Cold start + gate,Cold start,True,full_RL
87,68800,69600,800,-7.478834587832656,-5983.067670266125,-6.754939224913471,-5403.951379930777,0.723895362919186,579.1162903353488,0,0.0,0,0.0,13,0.01625,787,7,7,0,0,0,6,-62.96173233091895,10.343187383024803,0.2072595890431706,2.758270295088778,0.1259091794589194,0.2886099986274219,1.1386510644633565,2.758270295088778,Cold start + gate,Cold start,True,full_RL
88,69600,70400,800,-7.137678280673778,-5710.142624539022,-6.555072603290082,-5244.058082632066,0.5826056773836946,466.0845419069557,0,0.0,0,0.0,13,0.01625,787,10,10,0,0,0,3,-73.97223561882038,4.689687437124888,0.2056358623364232,2.704475209752786,0.1213261125024142,0.2899456121704321,1.082204145211961,2.704475209752786,Cold start + gate,Cold start,True,full_RL
89,70400,71200,800,-6.133025022467844,-4906.420017974275,-5.961982849391113,-4769.5862795128905,0.1710421730767306,136.83373846138454,0,0.0,0,0.0,6,0.0075,794,3,3,0,0,0,3,-70.54485485797375,2.659512028098106,0.1938563037112591,2.439109667462219,0.1176608855275801,0.2700517218949382,1.076003506110879,2.439109667462219,Cold start + gate,Cold start,True,full_RL
90,71200,72000,800,-6.7980049175048745,-5438.4039340039,-5.855604938623228,-4684.483950898582,0.942399978881647,753.9199831053176,0,0.0,0,0.0,11,0.01375,789,9,9,0,0,0,2,-62.233851122983765,10.376762245866264,0.1834082305473782,2.877368676645574,0.1147747050945011,0.2520417560002553,1.0617118266075662,2.877368676645574,Cold start + gate,Cold start,True,full_RL
91,72000,72800,800,-7.616033898303766,-6092.827118643013,-6.397201260670969,-5117.761008536775,1.2188326376327971,975.0661101062376,0,0.0,0,0.0,15,0.01875,785,12,12,0,0,0,3,-74.95627365385951,9.575534578364396,0.2057666994359674,3.09489719245056,0.119854341300396,0.2916790575715387,1.0771716497062052,3.09489719245056,Cold start + gate,Cold start,True,full_RL
92,72800,73600,800,-6.338313536525554,-5070.650829220444,-5.86295017959314,-4690.360143674512,0.4753633569324141,380.2906855459313,0,0.0,0,0.0,16,0.02,784,9,9,0,0,0,7,-67.34353193542097,4.787344737708255,0.1790896682059743,2.5652142573006245,0.117188277794784,0.2409910586171647,1.0924456197750794,2.5652142573006245,Cold start + gate,Cold start,True,full_RL
93,73600,74400,800,-7.495746661330526,-5996.597329064421,-6.311359478427741,-5049.087582742193,1.184387182902784,947.5097463222272,0,0.0,0,0.0,12,0.015,788,9,9,0,0,0,3,-64.6255763155358,11.23960993122308,0.1805875077024367,2.54368483957063,0.1219357812752427,0.2392392341296307,1.0950194943673206,2.54368483957063,Cold start + gate,Cold start,True,full_RL
94,74400,75200,800,-6.702132579099663,-5361.70606327973,-6.082550340833479,-4866.040272666784,0.6195822382661826,495.6657906129461,0,0.0,0,0.0,14,0.0175,786,10,10,0,0,0,4,-59.3469246714518,7.3672628297165135,0.1930149970126658,2.6646355900766707,0.1186141496577403,0.2674158443675914,1.0820366268935042,2.6646355900766707,Cold start + gate,Cold start,True,full_RL
95,75200,76000,800,-7.959495615760582,-6367.596492608465,-6.645143763958069,-5316.115011166456,1.3143518518025117,1051.4814814420092,0,0.0,0,0.0,15,0.01875,785,7,7,0,0,0,8,-58.27860912434471,10.064802300096542,0.192443225334646,2.628828445778879,0.1235579709928511,0.2613284796764408,1.111269927547062,2.628828445778879,Cold start + gate,Cold start,True,full_RL
96,76000,76800,800,-6.392934145809213,-5114.3473166473705,-5.873622492479412,-4698.89799398353,0.5193116533298008,415.44932266384063,0,0.0,0,0.0,14,0.0175,786,9,9,0,0,0,5,-70.42574790066703,6.080948320655563,0.1843189999710687,2.5408790849493244,0.1187547122825465,0.2498832876595909,1.0771316855539983,2.5408790849493244,Cold start + gate,Cold start,True,full_RL
97,76800,77600,800,-7.044165803814432,-5635.332643051545,-6.219585168192461,-4975.668134553969,0.8245806356219697,659.6645084975758,0,0.0,0,0.0,16,0.02,784,11,11,0,0,0,5,-54.51446460799593,8.434155690290584,0.1868517928475005,2.45858590263407,0.1202006715510989,0.2535029141439021,1.1051272909972245,2.45858590263407,Cold start + gate,Cold start,True,full_RL
98,77600,78400,800,-7.591676690826482,-6073.341352661186,-6.46279352216289,-5170.234817730312,1.1288831686635925,903.106534930874,0,0.0,0,0.0,17,0.02125,783,10,10,0,0,0,7,-74.66364627931978,8.284689441275075,0.1854293442511117,2.4945194747874098,0.1246853118053505,0.2461733766968729,1.1254734076218234,2.4945194747874098,Cold start + gate,Cold start,True,full_RL
99,78400,79200,800,-7.23459541589457,-5787.676332715656,-6.313569544251728,-5050.855635401382,0.9210258716428424,736.8206973142738,0,0.0,0,0.0,21,0.02625,779,16,16,0,0,0,5,-62.073065311907385,6.517632076740875,0.1910201908337064,2.521257773313721,0.1217334490443297,0.260306932623083,1.114231990481492,2.521257773313721,Cold start + gate,Cold start,True,full_RL
100,79200,80000,800,-5.95253026783398,-4762.024214267184,-5.689899526806456,-4551.919621445165,0.2626307410275239,210.1045928220191,0,0.0,0,0.0,10,0.0125,790,6,6,0,0,0,4,-63.120356934536176,3.8197615734263097,0.183003341932296,2.5869398129754018,0.1165757057035066,0.2494309781610854,1.0808424769040754,2.5869398129754018,Cold start + gate,Cold start,True,full_RL
101,80000,80800,800,-7.905970568432591,-6324.776454746073,-6.362678489112168,-5090.142791289734,1.5432920793204234,1234.6336634563388,0,0.0,0,0.0,13,0.01625,787,10,10,0,0,0,3,-58.629240246735776,12.780054994783386,0.1819866614929845,2.5665871722197267,0.1192032864699099,0.2447700365160591,1.086446021175322,2.5665871722197267,Cold start + gate,Cold start,True,full_RL
102,80800,81600,800,-6.0597690136542095,-4847.815210923368,-5.913120555789598,-4730.496444631678,0.1466484578646125,117.31876629169004,0,0.0,0,0.0,8,0.01,792,6,6,0,0,0,2,-71.7172841306384,1.3746558129967377,0.18291211965941,2.625652608009148,0.1228556580259916,0.2429685812928283,1.114639642976409,2.625652608009148,Cold start + gate,Cold start,True,full_RL
103,81600,82400,800,-6.661496447678587,-5329.19715814287,-5.871096953667253,-4696.877562933802,0.790399494011335,632.319595209068,0,0.0,0,0.0,7,0.00875,793,4,4,0,0,0,3,-61.26824953617279,11.089245586688063,0.1745959993690101,2.5208827786360644,0.1167078537831959,0.2324841449548243,1.0689722214427602,2.5208827786360644,Cold start + gate,Cold start,True,full_RL
104,82400,83200,800,-7.378677084140574,-5902.94166731246,-6.143425109110547,-4914.740087288437,1.2352519750300286,988.2015800240227,0,0.0,0,0.0,14,0.0175,786,10,10,0,0,0,4,-57.80590253787068,7.105186736412829,0.1895513583356434,2.6974310956815657,0.1172846356970605,0.2618180809742263,1.0525360232308154,2.6974310956815657,Cold start + gate,Cold start,True,full_RL
105,83200,84000,800,-5.980357263688274,-4784.285810950619,-5.530135919187368,-4424.108735349894,0.4502213445009073,360.17707560072586,0,0.0,0,0.0,11,0.01375,789,7,7,0,0,0,4,-56.20839357155512,4.362289913586245,0.1716509382321968,2.456771216477023,0.1153782877077435,0.2279235887566501,1.0798897436510622,2.456771216477023,Cold start + gate,Cold start,True,full_RL
106,84000,84800,800,-6.626033137798086,-5300.826510238469,-5.933351582047159,-4746.681265637727,0.6926815557509274,554.1452446007419,0,0.0,0,0.0,15,0.01875,785,13,13,0,0,0,2,-66.0778923005405,8.125524238791737,0.1776773058077149,2.693199627225624,0.1182694868156119,0.2370851247998179,1.0758192989913602,2.693199627225624,Cold start + gate,Cold start,True,full_RL
107,84800,85600,800,-7.468355435323981,-5974.684348259185,-6.302062748966401,-5041.650199173121,1.1662926863575809,933.0341490860644,0,0.0,0,0.0,11,0.01375,789,6,6,0,0,0,5,-72.28176172228007,9.932416822883976,0.199182715949632,2.957371033081017,0.1257237081498739,0.2726417237493902,1.0968074462549708,2.957371033081017,Cold start + gate,Cold start,True,full_RL
108,85600,86400,800,-5.752342377075724,-4601.87390166058,-5.507032719108408,-4405.626175286727,0.2453096579673158,196.24772637385263,0,0.0,0,0.0,9,0.01125,791,5,5,0,0,0,4,-76.81115150229573,3.028031816056739,0.1795070738594281,2.6239793167675884,0.1158067841302639,0.2432073635885923,1.0931094374144772,2.6239793167675884,Cold start + gate,Cold start,True,full_RL
109,86400,87200,800,-7.271784410139552,-5817.427528111642,-6.281872765151607,-5025.498212121285,0.9899116449879446,791.9293159903557,0,0.0,0,0.0,13,0.01625,787,10,10,0,0,0,3,-62.790914369279335,10.602214763041475,0.1850935727251259,2.991532375729321,0.127480938540325,0.2427062069099267,1.1307381657850066,2.991532375729321,Cold start + gate,Cold start,True,full_RL
110,87200,88000,800,-6.426699334801402,-5141.359467841122,-5.649003408933362,-4519.2027271466895,0.7776959258680405,622.1567406944324,0,0.0,0,0.0,9,0.01125,791,7,7,0,0,0,2,-60.73731869443793,11.281704646212033,0.1817399485558009,2.8175872390545464,0.1154323751951513,0.2480475219164504,1.0744252398044276,2.8175872390545464,Cold start + gate,Cold start,True,full_RL
111,88000,88800,800,-5.73379927361851,-4587.0394188948085,-5.479214521399583,-4383.371617119667,0.2545847522189274,203.66780177514192,0,0.0,0,0.0,6,0.0075,794,2,2,0,0,0,4,-68.68322276331253,5.694450770344307,0.1766787644945572,2.579993512229521,0.1183910281085052,0.2349665008806092,1.0991610600882855,2.579993512229521,Cold start + gate,Cold start,True,full_RL
112,88800,89600,800,-6.095610014400713,-4876.488011520571,-5.816521362984909,-4653.217090387927,0.2790886514158043,223.27092113264345,0,0.0,0,0.0,8,0.01,792,4,4,0,0,0,4,-77.74135716839885,4.689263772002023,0.1830584592728216,2.4859510436769483,0.1217465853054238,0.2443703332402194,1.10561172277948,2.4859510436769483,Cold start + gate,Cold start,True,full_RL
113,89600,90400,800,-7.511248361067376,-6008.998688853901,-5.91875053551335,-4735.00042841068,1.5924978255540256,1273.9982604432205,0,0.0,0,0.0,14,0.0175,786,6,6,0,0,0,8,-59.12125546096706,10.150689522009952,0.1730788200907939,2.511681059370744,0.1189284422547078,0.2272291979268801,1.1181649682032844,2.511681059370744,Cold start + gate,Cold start,True,full_RL
114,90400,91200,800,-5.797883112333335,-4638.306489866668,-5.566145906171978,-4452.916724937582,0.2317372061613576,185.3897649290861,0,0.0,0,0.0,10,0.0125,790,6,6,0,0,0,3,-57.56262296325417,2.8003592174658207,0.1736874632757818,2.588144826807593,0.1179451928749761,0.2294297336765876,1.0652924939393795,2.588144826807593,Cold start + gate,Cold start,True,full_RL
115,91200,92000,800,-6.937820397706147,-5550.2563181649175,-6.011326557870107,-4809.061246296085,0.9264938398360408,741.1950718688327,0,0.0,0,0.0,15,0.01875,785,10,10,0,0,0,4,-57.57691341317116,9.216921008261114,0.1947113860302463,3.16451308130695,0.1220957133071508,0.2673270587533418,1.0801414538425322,3.16451308130695,Cold start + gate,Cold start,True,full_RL
116,92000,92800,800,-5.559445376700553,-4447.556301360442,-5.470022571982075,-4376.01805758566,0.089422804718477,71.53824377478168,0,0.0,0,0.0,5,0.00625,795,2,2,0,0,0,3,-59.68307130787412,1.7189436308394477,0.1785210173969009,2.738891156570673,0.1160339789257524,0.2410080558680494,1.0804269925146452,2.738891156570673,Cold start + gate,Cold start,True,full_RL
117,92800,93600,800,-5.442247095886396,-4353.797676709117,-5.230871082560164,-4184.696866048131,0.2113760133262327,169.1008106609862,0,0.0,0,0.0,10,0.0125,790,6,6,0,0,0,4,-66.07985955594688,3.2325299978827347,0.1722145433201761,2.707105421812514,0.1142670047813315,0.2301620818590207,1.0779821602325752,2.707105421812514,Cold start + gate,Cold start,True,full_RL
118,93600,94400,800,-8.157390045457385,-6525.912036365908,-6.733955232758792,-5387.164186207034,1.4234348126985936,1138.7478501588748,0,0.0,0,0.0,10,0.0125,790,6,6,0,0,0,4,-66.36848379769981,10.143597825535736,0.2080098859179841,3.1093111613542987,0.1300475728420744,0.2859721989938938,1.0964870236783275,3.1093111613542987,Cold start + gate,Cold start,True,full_RL
119,94400,95200,800,-6.774402855904842,-5419.522284723874,-6.034833306734194,-4827.866645387356,0.7395695491706471,591.6556393365177,0,0.0,0,0.0,16,0.02,784,7,7,0,0,0,9,-63.539850959829096,5.830621564065537,0.1802505084728956,2.5759901752806518,0.1217679341507819,0.2387330827950092,1.109582041510413,2.5759901752806518,Cold start + gate,Cold start,True,full_RL
120,95200,96000,800,-6.93858701349192,-5550.869610793536,-5.977248540695188,-4781.79883255615,0.9613384727967326,769.0707782373861,0,0.0,0,0.0,16,0.02,784,7,7,0,0,0,9,-59.93896608491184,9.9168306986957,0.1892829832564788,2.9253324621478214,0.1230827324986434,0.2554832340143143,1.092047882013202,2.9253324621478214,Cold start + gate,Cold start,True,full_RL
121,96000,96800,800,-5.595530128989585,-4476.424103191668,-5.395399515642373,-4316.319612513898,0.2001306133472136,160.1044906777709,0,0.0,0,0.0,9,0.01125,791,5,5,0,0,0,4,-65.18893787229058,3.0981368942440746,0.1758984094456605,2.6715348427752588,0.1167091636571874,0.2350876552341336,1.0869698450575864,2.6715348427752588,Cold start + gate,Cold start,True,full_RL
122,96800,97600,800,-7.618651357515151,-6094.921086012121,-6.081246674206086,-4864.997339364869,1.537404683309065,1229.9237466472523,0,0.0,0,0.0,12,0.015,788,7,7,0,0,0,5,-67.0278413703694,11.219846521003152,0.1808825558644924,2.4187763168558263,0.122021729975102,0.2397433817538827,1.126511987170891,2.4187763168558263,Cold start + gate,Cold start,True,full_RL
123,97600,98400,800,-5.900108505741645,-4720.086804593317,-5.397522372813801,-4318.017898251041,0.502586132927846,402.0689063422769,0,0.0,0,0.0,12,0.015,788,8,8,0,0,0,4,-58.235253664966535,7.76327965350502,0.173019275591424,2.659183210832396,0.1157566042499014,0.2302819469329465,1.0752065816569094,2.659183210832396,Cold start + gate,Cold start,True,full_RL
124,98400,99200,800,-5.623939065153143,-4499.151252122515,-5.32095565842105,-4256.76452673684,0.3029834067320935,242.38672538567485,0,0.0,0,0.0,6,0.0075,794,4,4,0,0,0,2,-57.77752542628264,4.2956979374071445,0.1729479240256475,2.6406266951821067,0.1169254884591289,0.2289703595921661,1.109381117501774,2.6406266951821067,Cold start + gate,Cold start,True,full_RL
125,99200,100000,800,-7.595777258227907,-6076.621806582325,-6.380366800142414,-5104.293440113931,1.2154104580854932,972.3283664683944,0,0.0,0,0.0,16,0.02,784,12,12,0,0,0,4,-73.92545364800094,9.617838513759942,0.202043378989141,2.892634439146548,0.1289682881222613,0.2751184698560207,1.094385048294381,2.892634439146548,Cold start + gate,Cold start,True,full_RL
126,100000,100800,800,-6.2966456567131965,-5037.316525370557,-5.752322796451397,-4601.858237161117,0.5443228602617992,435.4582882094393,0,0.0,0,0.0,16,0.02,784,11,11,0,0,0,5,-61.00971225872365,5.473046036708835,0.1795278201250754,2.613351556524435,0.1203198461069054,0.2387357941432455,1.1022621316926933,2.613351556524435,Cold start + gate,Cold start,True,full_RL
127,100800,101600,800,-7.918901477674431,-6335.1211821395445,-6.382795728055842,-5106.236582444673,1.5361057496185884,1228.8845996948708,0,0.0,0,0.0,11,0.01375,789,8,8,0,0,0,3,-58.97358848749423,12.257001861468192,0.1972841732492306,2.862677041521124,0.1261185251316692,0.2684498213667921,1.0863318832019022,2.862677041521124,Cold start + gate,Cold start,True,full_RL
128,101600,102400,800,-7.688428347335921,-6150.742677868737,-6.133495911356869,-4906.796729085495,1.5549324359790528,1243.9459487832423,0,0.0,0,0.0,9,0.01125,791,4,4,0,0,0,5,-73.33733138670993,11.57738857640494,0.1785805342498013,2.745117288201129,0.1199603881249255,0.237200680374677,1.0935538660425368,2.745117288201129,Cold start + gate,Cold start,True,full_RL
129,102400,103200,800,-6.183306782933459,-4946.645426346768,-5.54550385202908,-4436.403081623264,0.6378029309043796,510.24234472350366,0,0.0,0,0.0,15,0.01875,785,11,11,0,0,0,4,-62.79552626655516,8.4511976279426,0.173310574128497,2.684132006465916,0.1180563189233465,0.2285648293336476,1.0905623764341228,2.684132006465916,Cold start + gate,Cold start,True,full_RL
130,103200,104000,800,-5.724859848703111,-4579.887878962489,-5.3730730449968425,-4298.458435997474,0.3517868037062698,281.4294429650158,0,0.0,0,0.0,12,0.015,788,9,9,0,0,0,3,-55.981676076828194,4.238016343058826,0.1774425813397483,2.778261054497591,0.1167539219005967,0.2381312407788998,1.0904245837018949,2.778261054497591,Cold start + gate,Cold start,True,full_RL
131,104000,104800,800,-6.55718947951512,-5245.7515836120965,-5.7798807165476775,-4623.904573238142,0.7773087629674437,621.847010373955,0,0.0,0,0.0,15,0.01875,785,10,10,0,0,0,5,-67.10367710589253,8.975697409191772,0.1827353720081282,2.9364651199544483,0.1224479788844601,0.2430227651317962,1.1052983581330027,2.9364651199544483,Cold start + gate,Cold start,True,full_RL
132,104800,105600,800,-6.07743187495886,-4861.945499967088,-5.56122865288766,-4448.982922310128,0.5162032220711992,412.9625776569593,0,0.0,0,0.0,13,0.01625,787,9,9,0,0,0,4,-64.79967644694932,6.410538965424495,0.1719912188597056,2.553141511631736,0.1204220276847329,0.2235604100346784,1.133274547798599,2.553141511631736,Cold start + gate,Cold start,True,full_RL
133,105600,106400,800,-5.990070361434051,-4792.056289147241,-5.3580983891371154,-4286.478711309693,0.631971972296936,505.5775778375488,0,0.0,0,0.0,15,0.01875,785,5,5,0,0,0,10,-60.61499195859926,4.516591500490904,0.170510192391241,2.4143972653145624,0.1183842100285276,0.2226361747539542,1.0856742321658763,2.4143972653145624,Cold start + gate,Cold start,True,full_RL
134,106400,107200,800,-6.9653230088143685,-5572.258407051495,-5.947653453958281,-4758.122763166624,1.0176695548560877,814.1356438848702,0,0.0,0,0.0,16,0.02,784,7,7,0,0,0,9,-61.39066943620571,9.332265957146204,0.1903854339856601,2.852149908277795,0.125668996677261,0.2551018712940591,1.1093484793368646,2.852149908277795,Cold start + gate,Cold start,True,full_RL
135,107200,108000,800,-6.077433516646119,-4861.946813316895,-5.470979401857255,-4376.783521485804,0.6064541147888631,485.1632918310905,0,0.0,0,0.0,13,0.01625,787,10,10,0,0,0,3,-60.582500407116754,5.244720011853467,0.1768892332314565,2.6032366368207818,0.1178232986463216,0.2359551678165914,1.0759298372685555,2.6032366368207818,Cold start + gate,Cold start,True,full_RL
136,108000,108800,800,-6.247175291575974,-4997.74023326078,-5.315495509324034,-4252.396407459227,0.9316797822519411,745.343825801553,0,0.0,0,0.0,13,0.01625,787,7,7,0,0,0,6,-60.04695245433823,6.287893438081524,0.1645731878281103,2.5228203245536065,0.1168361794376249,0.2123101962185957,1.086416382875877,2.5228203245536065,Cold start + gate,Cold start,True,full_RL
137,108800,109600,800,-6.513289093834247,-5210.631275067397,-5.532229104141268,-4425.783283313014,0.9810599896929798,784.8479917543839,0,0.0,0,0.0,18,0.0225,782,15,15,0,0,0,3,-63.76604900925406,6.478251334636075,0.1709914049803328,2.5813381631175503,0.1166947913646539,0.2252880185960117,1.0879900873382145,2.5813381631175503,Cold start + gate,Cold start,True,full_RL
138,109600,110400,800,-6.250098790588972,-5000.079032471177,-5.272160844581087,-4217.72867566487,0.977937946007884,782.3503568063071,0,0.0,0,0.0,11,0.01375,789,7,7,0,0,0,4,-59.002018589284376,9.674282312209575,0.1698904900537376,2.5854882437848232,0.1125171729952029,0.2272638071122723,1.0552321042384238,2.5854882437848232,Cold start + gate,Cold start,True,full_RL
139,110400,111200,800,-5.590060209260851,-4472.0481674086805,-5.240011105036976,-4192.008884029581,0.3500491042238757,280.0392833791006,0,0.0,0,0.0,7,0.00875,793,4,4,0,0,0,3,-61.586546511883625,6.639024986437144,0.1724977028334798,2.65582789264812,0.1161659759698874,0.2288294296970721,1.0767874650292586,2.65582789264812,Cold start + gate,Cold start,True,full_RL
140,111200,112000,800,-6.027373299981536,-4821.898639985228,-5.313924574932139,-4251.139659945711,0.7134487250493957,570.7589800395166,0,0.0,0,0.0,10,0.0125,790,4,4,0,0,0,6,-58.42608570332197,8.570495218290207,0.1744912358953191,2.67429670617787,0.1150270951716,0.2339553766190381,1.0687132514545628,2.67429670617787,Cold start + gate,Cold start,True,full_RL
141,112000,112800,800,-7.149097775343693,-5719.278220274954,-5.932015765251045,-4745.612612200835,1.2170820100926485,973.6656080741188,0,0.0,0,0.0,22,0.0275,778,10,10,0,0,0,12,-63.512969636776575,7.735376215101402,0.1882582744920829,2.5232841589832447,0.1233801335425767,0.2531364154415891,1.1118760021919374,2.5232841589832447,Cold start + gate,Cold start,True,full_RL
142,112800,113600,800,-5.653808991132573,-4523.047192906059,-5.161313280397791,-4129.050624318233,0.4924957107347827,393.99656858782623,0,0.0,0,0.0,18,0.0225,782,11,11,0,0,0,7,-62.57283410009006,4.758687720666383,0.1701881283166471,2.74035242560268,0.1168680894183484,0.2235081672149457,1.08624951667792,2.74035242560268,Cold start + gate,Cold start,True,full_RL
143,113600,114400,800,-7.5979618069846655,-6078.369445587732,-6.101885948879698,-4881.508759103758,1.4960758581049678,1196.8606864839742,0,0.0,0,0.0,14,0.0175,786,12,12,0,0,0,2,-65.4192366448001,9.295475686203648,0.1926385857282458,2.875049834227412,0.1261692104644449,0.2591079609920468,1.0896600252815252,2.875049834227412,Cold start + gate,Cold start,True,full_RL
144,114400,115200,800,-6.242980841036099,-4994.384672828879,-5.580230386658144,-4464.184309326515,0.6627504543779552,530.2003635023642,0,0.0,0,0.0,12,0.015,788,8,8,0,0,0,4,-69.395613775779,10.66255422154482,0.187862385597517,3.086698341922215,0.1226378575071917,0.2530869136878424,1.094374929386126,3.086698341922215,Cold start + gate,Cold start,True,full_RL
145,115200,116000,800,-6.426675174021116,-5141.340139216893,-5.37114118741504,-4296.912949932032,1.0555339866060771,844.4271892848618,0,0.0,0,0.0,8,0.01,792,4,4,0,0,0,4,-62.81682966299741,10.913407368329452,0.1675136273904947,2.63233460969451,0.1145036788409829,0.2205235759400066,1.0748829314429802,2.63233460969451,Cold start + gate,Cold start,True,full_RL
146,116000,116800,800,-7.206195885463692,-5764.9567083709535,-6.059734946762339,-4847.787957409872,1.1464609387013496,917.1687509610796,0,0.0,0,0.0,17,0.02125,783,14,14,0,0,0,3,-59.66819813284633,9.548209052166216,0.1980515254442071,2.9053801842316034,0.1282867829508729,0.2678162679375413,1.117230818872474,2.9053801842316034,Cold start + gate,Cold start,True,full_RL
147,116800,117600,800,-8.250055670066338,-6600.04453605307,-6.584181943588517,-5267.345554870813,1.665873726477821,1332.6989811822568,0,0.0,0,0.0,9,0.01125,791,6,6,0,0,0,3,-60.91617403168243,10.261172047541214,0.2035179371243729,2.9513707633592503,0.1313868851789931,0.2756489890697527,1.09340383166469,2.9513707633592503,Cold start + gate,Cold start,True,full_RL
148,117600,118400,800,-5.302019710010431,-4241.615768008345,-5.097220611072653,-4077.7764888581214,0.2047990989377792,163.83927915022343,0,0.0,0,0.0,9,0.01125,791,5,5,0,0,0,4,-60.727821115717234,2.895796009299139,0.1744946241767116,2.668135414828953,0.1170530473985435,0.2319362009548796,1.0826693574500204,2.668135414828953,Cold start + gate,Cold start,True,full_RL
149,118400,119200,800,-7.109316288135977,-5687.453030508782,-5.780538892752393,-4624.431114201914,1.3287773953835846,1063.0219163068678,0,0.0,0,0.0,14,0.0175,786,9,9,0,0,0,5,-69.51467930150557,12.523739355503826,0.1807930994546182,2.5017511534758228,0.1199251589299827,0.2416610399792537,1.097718807809982,2.5017511534758228,Cold start + gate,Cold start,True,full_RL
150,119200,120000,800,-5.273503328833454,-4218.802663066763,-4.994568509083766,-3995.654807267013,0.2789348197496891,223.14785579975128,0,0.0,0,0.0,11,0.01375,789,7,7,0,0,0,4,-63.94403505400601,3.296833091366331,0.1695193141365606,2.6713552051224383,0.1144526832165133,0.2245859450566078,1.0872016422489,2.6713552051224383,Cold start + gate,Cold start,True,full_RL
151,120000,120800,800,-6.250084350814824,-5000.067480651859,-5.227505838632096,-4182.004670905677,1.0225785121827278,818.0628097461822,0,0.0,0,0.0,15,0.01875,785,12,12,0,0,0,3,-63.87154918420663,8.900492856217216,0.1697782901693699,2.646474682839425,0.1137269156531923,0.2258296646855476,1.0633330779773176,2.646474682839425,Cold start + gate,Cold start,True,full_RL
152,120800,121600,800,-7.521273303952145,-6017.018643161716,-6.308191450680229,-5046.553160544183,1.2130818532719154,970.4654826175324,0,0.0,0,0.0,10,0.0125,790,6,6,0,0,0,4,-67.11478271540693,10.113750086397726,0.2078657338831426,3.009524014867111,0.1336995183165254,0.2820319494497598,1.136840861747038,3.009524014867111,Cold start + gate,Cold start,True,full_RL
153,121600,122400,800,-6.528634211980202,-5222.907369584162,-5.274538237138656,-4219.630589710925,1.2540959748415443,1003.2767798732356,0,0.0,0,0.0,13,0.01625,787,11,11,0,0,0,2,-70.42400492742263,10.42242169953795,0.1682547177836293,2.6369673912226403,0.1158601525593666,0.220649283007892,1.1074856124328891,2.6369673912226403,Cold start + gate,Cold start,True,full_RL
154,122400,123200,800,-5.877306276872398,-4701.845021497918,-5.180214314769088,-4144.17145181527,0.6970919621033103,557.6735696826482,0,0.0,0,0.0,13,0.01625,787,6,6,0,0,0,7,-66.28176235890282,9.11365222334526,0.1685918278419944,2.590060861570919,0.1163528037051513,0.2208308519788376,1.0820155767199036,2.590060861570919,Cold start + gate,Cold start,True,full_RL
155,123200,124000,800,-8.433349944650258,-6746.679955720207,-6.48365202477077,-5186.921619816616,1.949697919879489,1559.7583359035912,0,0.0,0,0.0,14,0.0175,786,10,10,0,0,0,4,-64.35850076780218,10.271278596423992,0.2096792377360322,3.0640936156080443,0.1326242039600842,0.2867342715119802,1.0853109149588458,3.0640936156080443,Cold start + gate,Cold start,True,full_RL
156,124000,124800,800,-5.749075392441688,-4599.26031395335,-5.13839172033355,-4110.71337626684,0.6106836721081375,488.54693768651,0,0.0,0,0.0,11,0.01375,789,7,7,0,0,0,4,-61.42982176694136,9.742095472035366,0.181237333455166,3.013686709603803,0.1184115581957421,0.2440631087145899,1.0741241970883475,3.013686709603803,Cold start + gate,Cold start,True,full_RL
157,124800,125600,800,-5.735426360142794,-4588.341088114235,-5.159477414303439,-4127.581931442752,0.5759489458393559,460.7591566714847,0,0.0,0,0.0,8,0.01,792,4,4,0,0,0,4,-63.2370436946776,6.42693785371787,0.1685444910542226,2.444008583674986,0.1195324769947969,0.2175565051136483,1.121686847462557,2.444008583674986,Cold start + gate,Cold start,True,full_RL
158,125600,126400,800,-6.545364810331564,-5236.291848265251,-5.339296675568722,-4271.437340454978,1.2060681347628412,964.8545078102728,0,0.0,0,0.0,13,0.01625,787,7,7,0,0,0,6,-59.92015575460709,9.711427968303706,0.1719934761453872,2.5884403204291857,0.1182422070629141,0.2257447452278602,1.0934777312029094,2.5884403204291857,Cold start + gate,Cold start,True,full_RL
159,126400,127200,800,-6.765703932327537,-5412.56314586203,-5.762331681646017,-4609.865345316814,1.0033722506815206,802.6978005452165,0,0.0,0,0.0,13,0.01625,787,9,9,0,0,0,4,-61.80650319545464,10.701514752299314,0.1869862334870434,2.960856089116362,0.1269518988871426,0.2470205680869441,1.134630401339447,2.960856089116362,Cold start + gate,Cold start,True,full_RL
160,127200,128000,800,-6.725435358668456,-5380.3482869347645,-5.629419724398034,-4503.535779518427,1.0960156342704213,876.812507416337,0,0.0,0,0.0,10,0.0125,790,7,7,0,0,0,3,-61.46434348847674,9.669901196186006,0.1976571522073938,3.1851621734892888,0.1225481560373234,0.2727661483774641,1.051624483606466,3.1851621734892888,Cold start + gate,Cold start,True,full_RL
161,128000,128800,800,-6.26534976842275,-5012.2798147382,-5.34813169499602,-4278.505355996816,0.91721807342673,733.7744587413841,0,0.0,0,0.0,6,0.0075,794,3,3,0,0,0,3,-62.194906169259866,10.586122554477669,0.1718206149495452,2.6110235121419123,0.1189776492517424,0.2246635806473479,1.0909233027945937,2.6110235121419123,Cold start + gate,Cold start,True,full_RL
162,128800,129600,800,-6.3824441400841465,-5105.955312067317,-5.255957867593733,-4204.766294074987,1.1264862724904134,901.1890179923308,0,0.0,0,0.0,12,0.015,788,8,8,0,0,0,4,-60.54511327493185,11.055113281788834,0.1698008009780057,2.666922475392425,0.1159409414566451,0.2236606604993663,1.0807443889740769,2.666922475392425,Cold start + gate,Cold start,True,full_RL
163,129600,130400,800,-5.733785405288258,-4587.028324230607,-5.1239431796531925,-4099.154543722554,0.6098422256350655,487.8737805080525,0,0.0,0,0.0,12,0.015,788,6,6,0,0,0,6,-59.9231179734428,9.5808152585659,0.1663894973771552,2.6351609744938287,0.1165755626137696,0.2162034321405407,1.1042891317216994,2.6351609744938287,Cold start + gate,Cold start,True,full_RL
164,130400,131200,800,-5.955309214867371,-4764.247371893896,-5.137734339056302,-4110.187471245042,0.8175748758110681,654.0599006488545,0,0.0,0,0.0,17,0.02125,783,15,15,0,0,0,2,-62.65641602408687,9.180521703115057,0.1752453645784044,2.9104800663498054,0.1190283838847235,0.2314623452720854,1.0829189686039862,2.9104800663498054,Cold start + gate,Cold start,True,full_RL
165,131200,132000,800,-5.755932353290968,-4604.745882632774,-5.057492434562646,-4045.993947650117,0.6984399187283212,558.751934982657,0,0.0,0,0.0,11,0.01375,789,6,6,0,0,0,5,-62.45027397161198,7.880017745892692,0.1664362324231891,2.5982805995002423,0.1157744895653305,0.2170979752810477,1.098762380710984,2.5982805995002423,Cold start + gate,Cold start,True,full_RL
166,132000,132800,800,-8.259329644223321,-6607.463715378656,-6.1278113535790935,-4902.249082863274,2.131518290644228,1705.2146325153822,0,0.0,0,0.0,22,0.0275,778,18,18,0,0,0,4,-64.04437662356304,10.9788190661911,0.1989539081399121,3.044984718061471,0.1271042296267956,0.2708035866530287,1.0972791924773149,3.044984718061471,Cold start + gate,Cold start,True,full_RL
167,132800,133600,800,-8.146485861511671,-6517.188689209337,-6.149753804662389,-4919.803043729911,1.9967320568492823,1597.385645479426,0,0.0,0,0.0,16,0.02,784,10,10,0,0,0,6,-64.88219563083874,9.81782462846559,0.1962675860853293,2.938777080925433,0.1289533846841335,0.2635817874865251,1.1000362048962438,2.938777080925433,Cold start + gate,Cold start,True,full_RL
168,133600,134400,800,-5.312036541383668,-4249.629233106934,-4.899125930604421,-3919.3007444835366,0.4129106107792459,330.3284886233968,0,0.0,0,0.0,8,0.01,792,6,6,0,0,0,2,-66.22911004408968,7.2161997718977,0.1662740620163621,2.647600453448149,0.1151114581892346,0.2174366658434895,1.0801346303262993,2.647600453448149,Cold start + gate,Cold start,True,full_RL
169,134400,135200,800,-5.632452534778159,-4505.962027822528,-4.9749077425723405,-3979.9261940578726,0.6575447922058184,526.0358337646547,0,0.0,0,0.0,15,0.01875,785,12,12,0,0,0,3,-59.63963153269356,9.219435125292083,0.1634050224295024,2.518432606883607,0.1158624846881727,0.2109475601708321,1.0772063782239625,2.518432606883607,Cold start + gate,Cold start,True,full_RL
170,135200,136000,800,-5.936256536599635,-4749.005229279708,-5.222284813102745,-4177.8278504821965,0.7139717234968893,571.1773787975114,0,0.0,0,0.0,12,0.015,788,8,8,0,0,0,4,-65.40177396505555,10.857672156134324,0.1788153177375611,3.057400146399175,0.1217262490077738,0.2359043864673483,1.1062167775247285,3.057400146399175,Cold start + gate,Cold start,True,full_RL
171,136000,136800,800,-6.075902523573964,-4860.722018859171,-5.1850921656808735,-4148.073732544699,0.8908103578930897,712.6482863144718,0,0.0,0,0.0,16,0.02,784,12,12,0,0,0,4,-63.34891371192498,7.301852569707923,0.1700260523918683,2.5375484162760813,0.1167617683907432,0.2232903363929935,1.0801425572181604,2.5375484162760813,Cold start + gate,Cold start,True,full_RL
172,136800,137600,800,-5.12619773652584,-4100.958189220672,-4.68386371287973,-3747.090970303784,0.4423340236461098,353.86721891688785,0,0.0,0,0.0,15,0.01875,785,6,6,0,0,0,8,-64.3730083532705,2.9676588557181898,0.1640633740107306,2.5121523384634656,0.1145396308531281,0.2135871171683332,1.078449631310081,2.5121523384634656,Cold start + gate,Cold start,True,full_RL
173,137600,138400,800,-5.071434568021166,-4057.1476544169327,-4.665141300574553,-3732.1130404596415,0.4062932674466131,325.0346139572905,0,0.0,0,0.0,12,0.015,788,9,9,0,0,0,3,-58.2572346397975,5.7048334751255645,0.1635163374806849,2.557809477002252,0.1142169772672779,0.212815697694092,1.06505393305148,2.557809477002252,Cold start + gate,Cold start,True,full_RL
174,138400,139200,800,-8.496241190721229,-6796.992952576982,-5.846754439866588,-4677.403551893271,2.64948675085464,2119.589400683712,0,0.0,0,0.0,21,0.02625,779,18,18,0,0,0,3,-63.058710785675885,13.76216454656192,0.1679804373167513,2.560009236744463,0.1174341756924073,0.2185266989410954,1.0985542231062038,2.560009236744463,Cold start + gate,Cold start,True,full_RL
175,139200,140000,800,-6.338855791143154,-5071.084632914523,-5.283170111011453,-4226.536088809162,1.0556856801317025,844.5485441053619,0,0.0,0,0.0,15,0.01875,785,10,10,0,0,0,5,-63.06001020203087,10.0716621170931,0.1724787480186692,2.6248218549857256,0.1162858316959131,0.2286716643414254,1.0816674351671458,2.6248218549857256,Cold start + gate,Cold start,True,full_RL
176,140000,140800,800,-5.232797810637054,-4186.238248509643,-4.751440293295026,-3801.1522346360207,0.4813575173420287,385.086013873623,0,0.0,0,0.0,9,0.01125,791,6,6,0,0,0,3,-64.52459520770844,4.756074431100873,0.1657745349690216,2.507447494826579,0.1148813209019986,0.2166677490360446,1.073359393244108,2.507447494826579,Cold start + gate,Cold start,True,full_RL
177,140800,141600,800,-5.34171361183596,-4273.370889468768,-4.852610949533123,-3882.0887596264974,0.4891026623028384,391.2821298422707,0,0.0,0,0.0,9,0.01125,791,4,4,0,0,0,5,-64.1990234641006,7.569494979500004,0.1658208910998102,2.501616122497694,0.1152362074937679,0.2164055747058525,1.0760526462965827,2.501616122497694,Cold start + gate,Cold start,True,full_RL
178,141600,142400,800,-5.211252879663273,-4169.002303730618,-4.787096281490336,-3829.677025192269,0.4241565981729364,339.32527853834915,0,0.0,0,0.0,12,0.015,788,7,7,0,0,0,5,-67.89168950449437,4.670465072365314,0.1672646657416308,2.59250886316471,0.1150643209827768,0.2194650105004849,1.0879214129356076,2.59250886316471,Cold start + gate,Cold start,True,full_RL
179,142400,143200,800,-5.9926914115269,-4794.15312922152,-5.116889095005288,-4093.5112760042302,0.8758023165216116,700.6418532172893,0,0.0,0,0.0,14,0.0175,786,10,10,0,0,0,4,-60.49966255942138,9.091052506199974,0.1791311491088794,2.9185826047428804,0.1204117818654754,0.2378505163522834,1.09627140681856,2.9185826047428804,Cold start + gate,Cold start,True,full_RL
180,143200,144000,800,-7.230544043454152,-5784.435234763322,-5.402959097487001,-4322.367277989601,1.8275849459671507,1462.0679567737209,0,0.0,0,0.0,14,0.0175,786,9,9,0,0,0,5,-67.18759103140258,14.743491950828792,0.1794144110011226,2.957530147920295,0.1187686825298314,0.2400601394724138,1.0908524399900283,2.957530147920295,Cold start + gate,Cold start,True,full_RL
181,144000,144800,800,-5.77893997269108,-4623.151978152864,-4.811185661989279,-3848.948529591423,0.9677543107018022,774.2034485614417,0,0.0,0,0.0,15,0.01875,785,12,12,0,0,0,3,-62.07989865618072,8.926736921835788,0.162270765635413,2.51975052084498,0.1148479179214423,0.2096936133493838,1.0850646760276526,2.51975052084498,Cold start + gate,Cold start,True,full_RL
182,144800,145600,800,-5.356285524180177,-4285.028419344142,-4.690714170669786,-3752.571336535828,0.6655713535103925,532.457082808314,0,0.0,0,0.0,13,0.01625,787,10,10,0,0,0,3,-55.75041183165024,8.72835966497535,0.1579437876377126,2.5865386586034447,0.1141350064299946,0.2017525688454307,1.0819565334780066,2.5865386586034447,Cold start + gate,Cold start,True,full_RL
183,145600,146400,800,-8.291256131009765,-6633.004904807813,-6.181904499298505,-4945.523599438804,2.1093516317112626,1687.48130536901,0,0.0,0,0.0,15,0.01875,785,12,12,0,0,0,3,-65.45880759999204,12.239956768326127,0.2087536791918764,3.050582397132075,0.1303772217538466,0.2871301366299062,1.09686065838005,3.050582397132075,Cold start + gate,Cold start,True,full_RL
184,146400,147200,800,-5.030345051266347,-4024.2760410130777,-4.668638634619315,-3734.910907695452,0.3617064166470337,289.365133317627,0,0.0,0,0.0,12,0.015,788,7,7,0,0,0,5,-60.719013764857095,4.614682850467025,0.1618668750943021,2.650181176532385,0.1152324449543864,0.2085013052342177,1.0866531715292114,2.650181176532385,Cold start + gate,Cold start,True,full_RL
185,147200,148000,800,-6.87548728624104,-5500.389828992832,-5.514146705327828,-4411.317364262262,1.3613405809132106,1089.0724647305683,0,0.0,0,0.0,16,0.02,784,9,9,0,0,0,7,-63.05910662258475,9.302710627860176,0.1930531982798457,2.896243247624966,0.1259312354288488,0.2601751611308426,1.0860610823421606,2.896243247624966,Cold start + gate,Cold start,True,full_RL
186,148000,148800,800,-6.753286001287579,-5402.628801030063,-5.312634827206207,-4250.1078617649655,1.4406511740813714,1152.5209392650972,0,0.0,0,0.0,21,0.02625,779,13,13,0,0,0,8,-65.25152142099819,9.586154310684543,0.1760172542445086,2.653831828542764,0.1171341286859885,0.2349003798030287,1.0887105506409127,2.653831828542764,Cold start + gate,Cold start,True,full_RL
187,148800,149600,800,-4.779464572320678,-3823.571657856542,-4.5478990360827085,-3638.319228866167,0.2315655362379692,185.25242899037545,0,0.0,0,0.0,8,0.01,792,4,4,0,0,0,4,-66.40587999685818,2.6675051701118706,0.1651370459443506,2.5976063864210914,0.1139083744498338,0.2163657174388673,1.0767809220492404,2.5976063864210914,Cold start + gate,Cold start,True,full_RL
188,149600,150400,800,-5.476531403864511,-4381.225123091609,-4.844823704403655,-3875.858963522925,0.631707699460855,505.36615956868405,0,0.0,0,0.0,15,0.01875,785,9,9,0,0,0,6,-62.00399553137754,8.176806100543821,0.1670425001322636,2.539580051743769,0.1160183329981575,0.2180666672663696,1.0840061781989645,2.539580051743769,Cold start + gate,Cold start,True,full_RL
189,150400,151200,800,-5.12801540765746,-4102.412326125968,-4.536453997839884,-3629.1631982719073,0.5915614098175765,473.24912785406127,0,0.0,0,0.0,9,0.01125,791,6,6,0,0,0,3,-56.56253030187543,9.686277222244993,0.1632448832062194,2.618577604018583,0.1122204895009251,0.2142692769115137,1.075101054707737,2.618577604018583,Cold start + gate,Cold start,True,full_RL
190,151200,152000,800,-7.917546600497064,-6334.037280397652,-6.217776485214761,-4974.2211881718085,1.6997701152823044,1359.8160922258437,0,0.0,0,0.0,20,0.025,780,17,17,0,0,0,3,-59.54798162511247,9.766883402892798,0.2057714811245023,2.9469288997508443,0.1335127328637594,0.2780302293852453,1.1056563764823424,2.9469288997508443,Cold start + gate,Cold start,True,full_RL
191,152000,152800,800,-5.262491412803387,-4209.993130242709,-4.922446320657608,-3937.957056526086,0.3400450921457791,272.0360737166233,0,0.0,0,0.0,11,0.01375,789,8,8,0,0,0,3,-66.58391689542702,4.459912811699391,0.1682430344183018,2.6585740109949825,0.1197553528371561,0.2167307159994476,1.109187018357375,2.6585740109949825,Cold start + gate,Cold start,True,full_RL
192,152800,153600,800,-4.872751861803428,-3898.201489442742,-4.59678502318452,-3677.428018547616,0.2759668386189091,220.77347089512733,0,0.0,0,0.0,11,0.01375,789,6,6,0,0,0,5,-64.72234640956071,4.2322423896395165,0.1657030095177433,2.575254292446175,0.1160605109934766,0.21534550804201,1.0852159666717314,2.575254292446175,Cold start + gate,Cold start,True,full_RL
193,153600,154400,800,-5.398716744308558,-4318.973395446847,-4.91247905346596,-3929.983242772768,0.4862376908425989,388.9901526740791,0,0.0,0,0.0,7,0.00875,793,4,4,0,0,0,3,-66.34135361701885,9.871464637638551,0.1755338662783106,2.9547619351519643,0.1205079397533531,0.2305597928032681,1.091238584664521,2.9547619351519643,Cold start + gate,Cold start,True,full_RL
194,154400,155200,800,-7.46601774587893,-5972.814196703144,-5.913400672849934,-4730.720538279948,1.552617073028996,1242.0936584231968,0,0.0,0,0.0,15,0.01875,785,10,10,0,0,0,4,-63.54054496380752,9.995323965073275,0.2056090890190019,3.0624980099355525,0.1306637637639805,0.2805544142740233,1.0882561169162668,3.0624980099355525,Cold start + gate,Cold start,True,full_RL
195,155200,156000,800,-6.728644322285643,-5382.915457828514,-5.242642714995619,-4194.114171996495,1.4860016072900242,1188.8012858320194,0,0.0,0,0.0,11,0.01375,789,8,8,0,0,0,3,-66.46606938663615,13.892390846877795,0.1694333715405562,2.6475409285791898,0.116918042531815,0.2219487005492974,1.0875092910129802,2.6475409285791898,Cold start + gate,Cold start,True,full_RL
196,156000,156800,800,-7.591700858453935,-6073.360686763148,-5.9402228027644215,-4752.1782422115375,1.6514780556895123,1321.18244455161,0,0.0,0,0.0,14,0.0175,786,10,10,0,0,0,4,-63.80240927968771,9.88897863802249,0.2067844751956042,3.041102584272778,0.1315446361483996,0.282024314242809,1.100825179311307,3.041102584272778,Cold start + gate,Cold start,True,full_RL
197,156800,157600,800,-8.181549903602324,-6545.23992288186,-5.925896540699268,-4740.717232559415,2.2556533629030584,1804.5226903224464,0,0.0,0,0.0,16,0.02,784,13,13,0,0,0,3,-63.8415586319378,14.616450638229114,0.1942836553941227,2.88489654886439,0.126652750256214,0.2619145605320314,1.1047529872397832,2.88489654886439,Cold start + gate,Cold start,True,full_RL
198,157600,158400,800,-5.746856031575821,-4597.484825260657,-4.8812421020591525,-3904.993681647322,0.8656139295166686,692.4911436133349,0,0.0,0,0.0,10,0.0125,790,7,7,0,0,0,3,-62.459346195444255,10.408887183242602,0.1661259585063931,2.5717491663069723,0.11522106863576,0.2170308483770262,1.0889588919627091,2.5717491663069723,Cold start + gate,Cold start,True,full_RL
199,158400,159200,800,-6.996011244961884,-5596.808995969507,-5.728399722503429,-4582.719778002744,1.267611522458455,1014.089217966764,0,0.0,0,0.0,16,0.02,784,12,12,0,0,0,4,-58.171061569052654,9.641911090097503,0.2007832948554268,2.9557879923214614,0.1306579308029821,0.2709086589078716,1.1014395306674731,2.9557879923214614,Cold start + gate,Cold start,True,full_RL
200,159200,160000,800,-4.930031894771791,-3944.0255158174327,-4.655508484983346,-3724.406787986677,0.274523409788445,219.61872783075603,0,0.0,0,0.0,11,0.01375,789,6,6,0,0,0,5,-59.37562586882348,4.223084948460526,0.1611843595926619,2.4556930023017003,0.1178389954260524,0.2045297237592713,1.111542945158575,2.4556930023017003,Cold start + gate,Cold start,True,full_RL
201,160000,160800,800,-6.868058491399746,-5494.446793119797,-5.266693489759361,-4213.354791807489,1.6013650016403838,1281.092001312307,0,0.0,0,0.0,14,0.0175,786,11,11,0,0,0,3,-58.6421898083662,15.247512287760866,0.1681154946363997,2.54723830661726,0.1170337087681243,0.2191972805046751,1.074037429471573,2.54723830661726,Cold start + gate,Cold start,True,full_RL
202,160800,161600,800,-7.773095309910546,-6218.476247928436,-5.789299091504481,-4631.439273203585,1.983796218406065,1587.0369747248517,0,0.0,0,0.0,15,0.01875,785,12,12,0,0,0,3,-66.5224502648075,10.585817551350155,0.1971859883598325,3.064592587039044,0.125220070992079,0.269151905727586,1.0789384173345824,3.064592587039044,Cold start + gate,Cold start,True,full_RL
203,161600,162400,800,-4.865981324571895,-3892.785059657516,-4.598757573358669,-3679.006058686936,0.2672237512132258,213.77900097058068,0,0.0,0,0.0,11,0.01375,789,6,6,0,0,0,5,-59.14092973959873,3.409289532095221,0.1629427524659511,2.560004319691245,0.1163722725237364,0.2095132324081658,1.088690678095991,2.560004319691245,Cold start + gate,Cold start,True,full_RL
204,162400,163200,800,-4.529695834703768,-3623.756667763014,-4.396214063941275,-3516.97125115302,0.1334817707624925,106.78541660999402,0,0.0,0,0.0,6,0.0075,794,3,3,0,0,0,3,-71.59379745777233,3.0328540492904668,0.1641187675775757,2.594075241131179,0.1132742347576463,0.2149633003975051,1.0803847540563605,2.594075241131179,Cold start + gate,Cold start,True,full_RL
205,163200,164000,800,-5.670111614346066,-4536.089291476853,-4.998514385499181,-3998.811508399345,0.6715972288468853,537.2777830775083,0,0.0,0,0.0,14,0.0175,786,10,10,0,0,0,4,-60.34519334915831,9.889327777564972,0.1826121887085697,3.0530438684295973,0.1214559237769288,0.2437684536402105,1.1049905299377616,3.0530438684295973,Cold start + gate,Cold start,True,full_RL
206,164000,164800,800,-6.487142633910136,-5189.714107128109,-5.351785257444434,-4281.428205955547,1.135357376465702,908.2859011725616,0,0.0,0,0.0,18,0.0225,782,14,14,0,0,0,4,-65.32212095343255,9.46892803848858,0.1899267652134806,2.913170045616539,0.1258066799048303,0.2540468505221309,1.0922056397502016,2.913170045616539,Cold start + gate,Cold start,True,full_RL
207,164800,165600,800,-4.732541589893013,-3786.0332719144094,-4.448084971670523,-3558.4679773364187,0.2844566182224892,227.56529457799135,0,0.0,0,0.0,12,0.015,788,8,8,0,0,0,4,-59.57772476503328,2.7322504718529235,0.1649261639856266,2.61920017558208,0.1139817695730701,0.2158705583981831,1.0782296062199923,2.61920017558208,Cold start + gate,Cold start,True,full_RL
208,165600,166400,800,-6.921039478698348,-5536.831582958678,-5.2027049011871895,-4162.163920949752,1.7183345775111585,1374.6676620089263,0,0.0,0,0.0,16,0.02,784,13,13,0,0,0,3,-64.38355794512574,11.359135162816244,0.1708755959181454,2.5649921905215365,0.1162915065148654,0.2254596853214254,1.091809783867601,2.5649921905215365,Cold start + gate,Cold start,True,full_RL
209,166400,167200,800,-6.927704506219665,-5542.163604975732,-5.136722001179858,-4109.377600943886,1.790982505039808,1432.7860040318465,0,0.0,0,0.0,13,0.01625,787,10,10,0,0,0,3,-59.68987344865866,10.655216193188796,0.1704399157745291,2.4891689909919137,0.114040390809276,0.2268394407397822,1.0767345907428516,2.4891689909919137,Cold start + gate,Cold start,True,full_RL
210,167200,168000,800,-9.671305603840947,-7737.044483072759,-6.500795243250482,-5200.636194600385,3.170510360590468,2536.4082884723744,0,0.0,0,0.0,23,0.02875,777,21,21,0,0,0,2,-60.436023588915305,13.197398091956668,0.2096388868067789,3.0885110814708696,0.1303668480958629,0.2889109255176948,1.079067991753479,3.0885110814708696,Cold start + gate,Cold start,True,full_RL
211,168000,168800,800,-8.705057854138053,-6964.046283310442,-6.168467923205039,-4934.774338564032,2.5365899309330127,2029.27194474641,0,0.0,0,0.0,24,0.03,776,20,20,0,0,0,4,-60.17006577406107,9.783074059521908,0.2049567677578827,2.9420766664191547,0.1298992355109895,0.2800143000047759,1.0907950817938947,2.9420766664191547,Cold start + gate,Cold start,True,full_RL
212,168800,169600,800,-7.027168178435181,-5621.734542748145,-5.694077408398055,-4555.261926718444,1.333090770037126,1066.4726160297007,0,0.0,0,0.0,10,0.0125,790,6,6,0,0,0,4,-61.39387733019976,9.758295166891957,0.2031368650000421,3.05491834966989,0.1304645628595441,0.2758091671405401,1.0881036302027467,3.05491834966989,Cold start + gate,Cold start,True,full_RL
213,169600,170400,800,-6.305127311278007,-5044.101849022405,-4.797091809124455,-3837.673447299564,1.508035502153551,1206.4284017228408,0,0.0,0,0.0,8,0.01,792,6,6,0,0,0,2,-58.00964564358833,10.547743286793349,0.1658558684342383,2.5797429080917027,0.1135082009383498,0.2182035359301269,1.0745359190562502,2.5797429080917027,Cold start + gate,Cold start,True,full_RL
214,170400,171200,800,-4.566041229173143,-3652.832983338514,-4.310218981569458,-3448.1751852555662,0.2558222476036851,204.65779808294812,0,0.0,0,0.0,10,0.0125,790,5,5,0,0,0,5,-63.94492229603168,3.508072908425829,0.1620977880727537,2.595663516294678,0.1129356327011092,0.2112599434443982,1.0709144139277007,2.595663516294678,Cold start + gate,Cold start,True,full_RL
215,171200,172000,800,-8.966164329956873,-7172.931463965499,-6.681310872237174,-5345.048697789739,2.2848534577197,1827.88276617576,0,0.0,0,0.0,16,0.02,784,11,11,0,0,0,5,-61.32426744479767,9.976147562000932,0.2279641556314703,3.0727773551217865,0.1415697185245736,0.3143585927383672,1.1103099401810264,3.0727773551217865,Cold start + gate,Cold start,True,full_RL
216,172000,172800,800,-5.211948726546973,-4169.558981237578,-4.637057848428102,-3709.646278742482,0.5748908781188704,459.9127024950964,0,0.0,0,0.0,12,0.015,788,7,7,0,0,0,5,-53.0176631626598,5.7766554992393,0.1678104251083865,2.572000841301133,0.1157271047312063,0.2198937454855666,1.073308449513538,2.572000841301133,Cold start + gate,Cold start,True,full_RL
217,172800,173600,800,-7.452783580413679,-5962.226864330944,-5.459624270413405,-4367.6994163307245,1.9931593100002736,1594.527448000219,0,0.0,0,0.0,17,0.02125,783,13,13,0,0,0,4,-63.15478716741006,13.462284175768374,0.1796545900704285,3.000277984563695,0.121302605044155,0.238006575096702,1.0995535368378548,3.000277984563695,Cold start + gate,Cold start,True,full_RL
218,173600,174400,800,-5.167039472868425,-4133.63157829474,-4.574467764695018,-3659.5742117560144,0.5925717081734078,474.0573665387262,0,0.0,0,0.0,16,0.02,784,12,12,0,0,0,4,-59.88648121169069,5.30260403115153,0.1605859966280708,2.522943741262736,0.1161464343921823,0.2050255588639594,1.097628955839374,2.522943741262736,Cold start + gate,Cold start,True,full_RL
219,174400,175200,800,-7.210705403691288,-5768.564322953031,-5.257014727155802,-4205.611781724641,1.953690676535486,1562.9525412283888,0,0.0,0,0.0,17,0.02125,783,14,14,0,0,0,3,-61.75119124383377,15.484230701007286,0.1681864146144711,2.552879844230006,0.1167274104050999,0.2196454188238424,1.0858777952577214,2.552879844230006,Cold start + gate,Cold start,True,full_RL
220,175200,176000,800,-6.7565864709840335,-5405.269176787227,-5.474281932191659,-4379.425545753327,1.282304538792374,1025.843631033899,0,0.0,0,0.0,12,0.015,788,8,8,0,0,0,4,-60.28834512745004,9.833456379457232,0.1945616325724851,3.0139075556317607,0.1263895384155402,0.2627337267294301,1.107233574653098,3.0139075556317607,Cold start + gate,Cold start,True,full_RL
221,176000,176800,800,-8.938617430712027,-7150.893944569621,-6.0830582312045225,-4866.446584963618,2.855559199507506,2284.4473596060047,0,0.0,0,0.0,18,0.0225,782,15,15,0,0,0,3,-62.46541651063876,11.023961264377062,0.1982637512839326,3.002680396152755,0.1270617335758072,0.269465768992058,1.096166036083202,3.002680396152755,Cold start + gate,Cold start,True,full_RL
222,176800,177600,800,-6.748357464483024,-5398.685971586419,-5.382910495572352,-4306.328396457881,1.3654469689106707,1092.3575751285366,0,0.0,0,0.0,22,0.0275,778,18,18,0,0,0,4,-61.737978587933526,10.167481087825577,0.1935720472924319,3.0066443164631664,0.1262865389879001,0.2608575555969636,1.0855063597804704,3.0066443164631664,Cold start + gate,Cold start,True,full_RL
223,177600,178400,800,-8.996212518138952,-7196.970014511162,-6.382000727330972,-5105.600581864777,2.6142117908079814,2091.369432646385,0,0.0,0,0.0,23,0.02875,777,20,20,0,0,0,3,-63.802382861250976,10.533292871626498,0.2131741671111005,3.0183904147294243,0.13608828062829,0.2902600535939111,1.0984217862623051,3.0183904147294243,Cold start + gate,Cold start,True,full_RL
224,178400,179200,800,-5.43842113429684,-4350.736907437472,-4.559893589317662,-3647.914871454129,0.878527544979178,702.8220359833424,0,0.0,0,0.0,16,0.02,784,13,13,0,0,0,3,-65.9250990540678,10.12590555493952,0.1612279307769077,2.603077020918249,0.1137892804490885,0.2086665811047269,1.071631655105706,2.603077020918249,Cold start + gate,Cold start,True,full_RL
225,179200,180000,800,-4.996859528547493,-3997.487622837994,-4.411248464162885,-3528.998771330308,0.5856110643846076,468.4888515076861,0,0.0,0,0.0,16,0.02,784,12,12,0,0,0,4,-62.10514377412301,4.688772045893977,0.1597007715224272,2.5606802562644475,0.1139128234351624,0.2054887196096919,1.0758719077305394,2.5606802562644475,Cold start + gate,Cold start,True,full_RL
226,180000,180800,800,-6.251414636794281,-5001.131709435424,-4.743678701942498,-3794.9429615539984,1.5077359348517836,1206.188747881427,0,0.0,0,0.0,18,0.0225,782,15,15,0,0,0,3,-58.14144517373654,12.653278822983417,0.1618000043027634,2.567117672090262,0.1126826720773088,0.2109173365282181,1.0732414468197071,2.567117672090262,Cold start + gate,Cold start,True,full_RL
227,180800,181600,800,-7.348880722327915,-5879.104577862332,-5.7328131243744345,-4586.250499499548,1.6160675979534804,1292.8540783627843,0,0.0,0,0.0,17,0.02125,783,12,12,0,0,0,5,-60.43480459906573,9.845582091208229,0.2016125558881346,2.9652147785973284,0.1311314131610987,0.2720936986151705,1.1110920751155162,2.9652147785973284,Cold start + gate,Cold start,True,full_RL
228,181600,182400,800,-8.022545702189895,-6418.036561751916,-5.639179064607889,-4511.343251686311,2.383366637582005,1906.693310065604,0,0.0,0,0.0,22,0.0275,778,18,18,0,0,0,4,-62.63692476652591,14.108243820024695,0.1892058930274142,2.963204737753756,0.1255258383870756,0.2528859476677529,1.1089121129124997,2.963204737753756,Cold start + gate,Cold start,True,full_RL
229,182400,183200,800,-6.410938353661727,-5128.750682929382,-4.919499078229551,-3935.5992625836407,1.491439275432176,1193.151420345741,0,0.0,0,0.0,15,0.01875,785,11,11,0,0,0,4,-67.13260249530299,9.484449112404008,0.1642260104651176,2.502468818333398,0.1142213230760247,0.2142306978542104,1.0783620710650283,2.502468818333398,Cold start + gate,Cold start,True,full_RL
230,183200,184000,800,-4.622452063105625,-3697.9616504845,-4.269443617406259,-3415.5548939250075,0.3530084456993652,282.4067565594921,0,0.0,0,0.0,14,0.0175,786,10,10,0,0,0,4,-60.36846040946239,4.366748619019416,0.1624309217250611,2.627630602242334,0.1129191919114452,0.2119426515386769,1.0844161498304987,2.627630602242334,Cold start + gate,Cold start,True,full_RL
231,184000,184800,800,-7.041530587876232,-5633.224470300986,-5.451711929612125,-4361.3695436897,1.5898186582641065,1271.854926611285,0,0.0,0,0.0,22,0.0275,778,16,16,0,0,0,6,-61.4676085529627,9.672768309611822,0.1918309659892778,2.966279926628488,0.1266690854981102,0.2569928464804454,1.098364485452271,2.966279926628488,Cold start + gate,Cold start,True,full_RL
232,184800,185600,800,-5.351886450444368,-4281.509160355495,-4.436935996357273,-3549.5487970858185,0.9149504540870946,731.9603632696757,0,0.0,0,0.0,14,0.0175,786,10,10,0,0,0,4,-61.0578838584056,8.350662886961247,0.1595514059750476,2.487817117826978,0.1129941198606865,0.2061086920894087,1.071506885510241,2.487817117826978,Cold start + gate,Cold start,True,full_RL
233,185600,186400,800,-5.047847711835621,-4038.278169468497,-4.392912465165567,-3514.329972132454,0.6549352466700543,523.9481973360434,0,0.0,0,0.0,11,0.01375,789,8,8,0,0,0,3,-60.78987630628649,6.057952177715402,0.1582094034841542,2.4894906981360805,0.1134141034641758,0.2030047035041326,1.0698643228024327,2.4894906981360805,Cold start + gate,Cold start,True,full_RL
234,186400,187200,800,-8.971972291288026,-7177.57783303042,-6.090475739040588,-4872.38059123247,2.8814965522474383,2305.1972417979505,0,0.0,0,0.0,27,0.03375,773,24,24,0,0,0,3,-58.92834669170668,11.957720164427728,0.2028339726900069,2.9369207121555974,0.1312140372743074,0.2744539081057063,1.1033502236480532,2.9369207121555974,Cold start + gate,Cold start,True,full_RL
235,187200,188000,800,-7.092087838834561,-5673.670271067649,-5.3039900500585215,-4243.192040046817,1.788097788776039,1430.4782310208311,0,0.0,0,0.0,19,0.02375,781,16,16,0,0,0,3,-62.65661238511211,11.924132379302453,0.1894765826026934,2.9358958214368727,0.1236220600155464,0.2553311051898403,1.0927622161259745,2.9358958214368727,Cold start + gate,Cold start,True,full_RL
236,188000,188800,800,-8.183862019494383,-6547.089615595506,-5.92242852746509,-4737.942821972072,2.2614334920292944,1809.1467936234355,0,0.0,0,0.0,23,0.02875,777,17,17,0,0,0,6,-65.06968355911067,9.474970620523273,0.2022026292273417,2.935623856552411,0.1295429027873497,0.2748623556673338,1.0923929554442169,2.935623856552411,Cold start + gate,Cold start,True,full_RL
237,188800,189600,800,-5.057149777399981,-4045.719821919985,-4.469912103817191,-3575.9296830537533,0.5872376735827888,469.790138866231,0,0.0,0,0.0,16,0.02,784,12,12,0,0,0,4,-52.95062030237728,4.870125548121167,0.1669306719188251,2.6022351898834017,0.1137297718926575,0.2201315719449927,1.0667393586967229,2.6022351898834017,Cold start + gate,Cold start,True,full_RL
238,189600,190400,800,-6.220175538775852,-4976.140431020682,-5.13109794913256,-4104.878359306048,1.0890775896432925,871.2620717146339,0,0.0,0,0.0,15,0.01875,785,11,11,0,0,0,4,-63.3382268357384,9.668397716987366,0.189243758718174,3.0440893056318714,0.1247700486451345,0.2537174687912135,1.0966224940664246,3.0440893056318714,Cold start + gate,Cold start,True,full_RL
239,190400,191200,800,-8.836562783276065,-7069.250226620852,-6.455374646850061,-5164.2997174800485,2.381188136426005,1904.950509140804,0,0.0,0,0.0,16,0.02,784,13,13,0,0,0,3,-70.33516926297852,10.625460757399496,0.2250408174895271,3.0487446328247074,0.1399477692192322,0.3101338657598221,1.0989389392377649,3.0487446328247074,Cold start + gate,Cold start,True,full_RL
240,191200,192000,800,-5.249138419056021,-4199.310735244817,-4.415224572109645,-3532.179657687716,0.8339138469463775,667.131077557102,0,0.0,0,0.0,14,0.0175,786,9,9,0,0,0,5,-64.55337486570693,8.8343879401294,0.1627676386759928,2.57082053349086,0.1119515895069563,0.2135836878450294,1.067187601589819,2.57082053349086,Cold start + gate,Cold start,True,full_RL
241,192000,192800,800,-7.110099932389824,-5688.079945911859,-5.407066128007259,-4325.652902405807,1.703033804382563,1362.4270435060505,0,0.0,0,0.0,14,0.0175,786,11,11,0,0,0,3,-67.92448209925999,11.085269218638716,0.1917048441938171,3.040943929132822,0.1259426101049852,0.2574670782826491,1.107904629569498,3.040943929132822,Cold start + gate,Cold start,True,full_RL
242,192800,193600,800,-9.431645781349882,-7545.316625079906,-6.677885107709883,-5342.308086167906,2.753760673640001,2203.008538912001,0,0.0,0,0.0,23,0.02875,777,19,19,0,0,0,4,-60.86617160123853,11.02355176420281,0.2259884981616541,2.994552784917857,0.1415988015312525,0.3103781947920557,1.0977502225236893,2.994552784917857,Cold start + gate,Cold start,True,full_RL
243,193600,194400,800,-5.649142091877485,-4519.313673501988,-4.519687717674542,-3615.7501741396336,1.129454374202942,903.5634993623536,0,0.0,0,0.0,18,0.0225,782,14,14,0,0,0,3,-66.34161742397896,10.578671941459534,0.1612941418012658,2.589572470562985,0.1129707075396045,0.209617576062927,1.068909518082957,2.589572470562985,Cold start + gate,Cold start,True,full_RL
244,194400,195200,800,-4.802530037208592,-3842.024029766874,-4.318597842340088,-3454.8782738720706,0.4839321948685036,387.1457558948029,0,0.0,0,0.0,15,0.01875,785,12,12,0,0,0,3,-67.20605226328473,6.130856459416521,0.1642949687435327,2.6919040564523584,0.1136945641924814,0.214895373294584,1.0923805552135089,2.6919040564523584,Cold start + gate,Cold start,True,full_RL
245,195200,196000,800,-8.510923304831717,-6808.738643865374,-6.24383086737717,-4995.064693901736,2.2670924374545485,1813.6739499636387,0,0.0,0,0.0,19,0.02375,781,16,16,0,0,0,3,-62.74044119430994,9.79358781626016,0.213455812357616,2.981070057995794,0.1354180955318858,0.2914935291833463,1.1037202929512593,2.981070057995794,Cold start + gate,Cold start,True,full_RL
246,196000,196800,800,-6.561674499655742,-5249.339599724593,-5.165222174507053,-4132.177739605642,1.3964523251486896,1117.1618601189516,0,0.0,0,0.0,20,0.025,780,18,18,0,0,0,2,-66.93231583125623,9.404621094274518,0.1909874887201709,3.0236319448868016,0.1237244972738072,0.2582504801665345,1.100171983307535,3.0236319448868016,Cold start + gate,Cold start,True,full_RL
247,196800,197600,800,-6.117047177342299,-4893.637741873839,-4.9183465175379775,-3934.677214030382,1.1987006598043228,958.9605278434582,0,0.0,0,0.0,17,0.02125,783,13,13,0,0,0,3,-68.42287077989192,9.332703247372423,0.1764190422760181,2.900411450232184,0.1209080388261733,0.2319300457258628,1.1085330879880844,2.900411450232184,Cold start + gate,Cold start,True,full_RL
248,197600,198400,800,-5.032396757410907,-4025.917405928725,-4.460852952505957,-3568.6823620047653,0.5715438049049498,457.2350439239599,0,0.0,0,0.0,17,0.02125,783,12,12,0,0,0,4,-55.95352649462768,5.286192780543125,0.1651966738220737,2.578254677106884,0.1150186606637964,0.215374686980351,1.0733246742166629,2.578254677106884,Cold start + gate,Cold start,True,full_RL
249,198400,199200,800,-6.793945854411479,-5435.156683529183,-5.218687207366607,-4174.949765893285,1.5752586470448728,1260.2069176358982,0,0.0,0,0.0,18,0.0225,782,16,16,0,0,0,2,-66.92366439722662,9.6263946454318,0.1902382142950303,3.0012500558939337,0.1235303836471355,0.2569460449429252,1.0917741110777146,3.0012500558939337,Cold start + gate,Cold start,True,full_RL
250,199200,200000,800,-6.668265317845206,-5334.612254276165,-5.051069931884651,-4040.855945507721,1.6171953859605552,1293.756308768444,0,0.0,0,0.0,18,0.0225,782,16,16,0,0,0,2,-72.49111568823571,10.191497492850552,0.1799616700641004,3.039115311216676,0.1195687720459094,0.2403545680822914,1.0901874361290464,3.039115311216676,Cold start + gate,Cold start,True,full_RL
251,200000,200800,800,-6.314229092139292,-5051.3832737114335,-5.137873915282126,-4110.2991322257,1.176355176857166,941.0841414857327,0,0.0,0,0.0,22,0.0275,778,19,19,0,0,0,3,-69.01861577649868,9.866547707304292,0.1902765761002945,3.047676440488374,0.1254053490396495,0.2551478031609395,1.092175429345343,3.047676440488374,Cold start + gate,Cold start,True,full_RL
252,200800,201600,800,-9.503182596512652,-7602.546077210123,-6.3548352064777545,-5083.868165182204,3.1483473900348984,2518.677912027919,0,0.0,0,0.0,19,0.02375,781,17,17,0,0,0,2,-70.97142976623581,16.788171739939102,0.213485258263779,3.0337941610928283,0.1333801888036499,0.2935903277239081,1.087569362577502,3.0337941610928283,Cold start + gate,Cold start,True,full_RL
253,201600,202400,800,-7.011613142441913,-5609.2905139535305,-5.494208946793097,-4395.367157434477,1.5174041956488162,1213.923356519053,0,0.0,0,0.0,16,0.02,784,14,14,0,0,0,2,-70.48337770244893,9.429011974326832,0.2014564764497536,2.978398363212193,0.1297352687287526,0.2731776841707547,1.10339462900084,2.978398363212193,Cold start + gate,Cold start,True,full_RL
254,202400,203200,800,-8.21444229447946,-6571.553835583568,-5.847465668972939,-4677.972535178351,2.366976625506522,1893.5813004052172,0,0.0,0,0.0,22,0.0275,778,20,20,0,0,0,2,-64.97086075146854,9.917762401145808,0.2049640100560257,2.999564667124048,0.1293752478276051,0.2805527722844462,1.0955591825771132,2.999564667124048,Cold start + gate,Cold start,True,full_RL
255,203200,204000,800,-7.508854538805656,-6007.083631044525,-5.449432666314046,-4359.546133051237,2.059421872491608,1647.5374979932865,0,0.0,0,0.0,22,0.0275,778,19,19,0,0,0,3,-71.73464356132615,9.99397883404868,0.1912119195592056,3.0172639487258834,0.1259312048774056,0.2564926342410056,1.1029439524626787,3.0172639487258834,Cold start + gate,Cold start,True,full_RL
256,204000,204800,800,-6.610975332545262,-5288.7802660362095,-5.258601035376674,-4206.880828301339,1.3523742971685897,1081.8994377348715,0,0.0,0,0.0,18,0.0225,782,14,14,0,0,0,4,-65.50464857468103,9.741506265702611,0.194375693957523,3.016073822707938,0.1257895985503126,0.2629617893647334,1.0917744221392311,3.016073822707938,Cold start + gate,Cold start,True,full_RL
257,204800,205600,800,-6.397157055445751,-5117.725644356601,-4.986607763937028,-3989.2862111496224,1.410549291508724,1128.4394332069792,0,0.0,0,0.0,25,0.03125,775,20,20,0,0,0,5,-65.75572648973287,9.5793219571861,0.1888064971816553,3.0191574303182165,0.1226704055612688,0.2549425888020418,1.0888225460779926,3.0191574303182165,Cold start + gate,Cold start,True,full_RL
258,205600,206400,800,-5.963875641793424,-4771.10051343474,-4.553060202386942,-3642.448161909554,1.410815439406481,1128.6523515251847,0,0.0,0,0.0,23,0.02875,777,20,20,0,0,0,3,-66.79305236708615,10.92166707808937,0.1611854982409414,2.631659838794405,0.113308173600179,0.2090628228817037,1.078883427395238,2.631659838794405,Cold start + gate,Cold start,True,full_RL
259,206400,207200,800,-8.107831499857054,-6486.265199885644,-5.980497527267477,-4784.398021813982,2.12733397258958,1701.8671780716636,0,0.0,0,0.0,21,0.02625,779,17,17,0,0,0,4,-68.4324062027066,9.657777067300891,0.2132507403226763,3.002531621752894,0.1342919085234377,0.292209572121915,1.1006827535119248,3.002531621752894,Cold start + gate,Cold start,True,full_RL
260,207200,208000,800,-8.391020030054632,-6712.8160240437055,-6.040359571614247,-4832.287657291397,2.350660458440383,1880.5283667523065,0,0.0,0,0.0,24,0.03,776,19,19,0,0,0,5,-68.2793200955822,9.719600085065643,0.2148348378990632,2.998345606061264,0.1336081761798639,0.2960614996182625,1.0954445778166044,2.998345606061264,Cold start + gate,Cold start,True,full_RL
261,208000,208800,800,-6.735181887327705,-5388.1455098621645,-5.202627419387472,-4162.101935509978,1.532554467940234,1226.0435743521873,0,0.0,0,0.0,20,0.025,780,17,17,0,0,0,3,-66.14766334110504,9.71603019803177,0.1888547111743055,2.959984462087675,0.1246825438151319,0.2530268785334791,1.0851646778405597,2.959984462087675,Cold start + gate,Cold start,True,full_RL
262,208800,209600,800,-7.103981609994091,-5683.185287995273,-5.177768419689529,-4142.214735751623,1.9262131903045616,1540.9705522436495,0,0.0,0,0.0,36,0.045,764,30,30,0,0,0,5,-67.91981072286978,9.83500626691747,0.1879883928409468,3.0006818811589824,0.1240349625821073,0.2519418230997864,1.1013595064583308,3.0006818811589824,Cold start + gate,Cold start,True,full_RL
263,209600,210400,800,-8.450884410816053,-6760.707528652843,-5.9232192624759445,-4738.575409980756,2.527665148340111,2022.1321186720888,0,0.0,0,0.0,24,0.03,776,21,21,0,0,0,3,-67.56158610683678,10.837960362401532,0.2003798012862539,2.9602058657613384,0.1316315343050089,0.2691280682674989,1.1130555434565896,2.9602058657613384,Cold start + gate,Cold start,True,full_RL
264,210400,211200,800,-6.799782681442798,-5439.826145154239,-5.1819710645151,-4145.57685161208,1.617811616927699,1294.2492935421592,0,0.0,0,0.0,22,0.0275,778,15,15,0,0,0,7,-61.58696754594234,10.110465625001094,0.1811291298414902,2.978111719223648,0.1217277565276115,0.2405305031553689,1.103231498466274,2.978111719223648,Cold start + gate,Cold start,True,full_RL
265,211200,212000,800,-6.974328954542695,-5579.463163634156,-5.271794713726028,-4217.435770980822,1.7025342408166693,1362.0273926533357,0,0.0,0,0.0,26,0.0325,774,23,23,0,0,0,3,-66.87356647446416,9.720399023864063,0.1896954325257437,3.000472588876505,0.1258526681257552,0.2535381969257321,1.0981993762425977,3.000472588876505,Cold start + gate,Cold start,True,full_RL
266,212000,212800,800,-5.730153718546153,-4584.122974836922,-4.5718845224928994,-3657.50761799432,1.1582691960532534,926.6153568426028,0,0.0,0,0.0,21,0.02625,779,17,17,0,0,0,4,-56.08211100710992,7.795877003847281,0.1647563990794801,2.547275229613774,0.1146830191164881,0.2148297790424721,1.0756663656440175,2.547275229613774,Cold start + gate,Cold start,True,full_RL
267,212800,213600,800,-6.221037922956491,-4976.830338365193,-4.613138961556941,-3690.511169245553,1.60789896139955,1286.31916911964,0,0.0,0,0.0,33,0.04125,767,26,26,0,0,0,7,-66.7479303808691,10.746711022629096,0.1618830474657056,2.5350589230791343,0.1127229587963069,0.2110431361351042,1.075276207192696,2.5350589230791343,Cold start + gate,Cold start,True,full_RL
268,213600,214400,800,-6.855181049373125,-5484.1448394985,-5.051339416527814,-4041.0715332222503,1.8038416328453104,1443.0733062762486,0,0.0,0,0.0,17,0.02125,783,13,13,0,0,0,4,-65.72769397210209,9.609372761492658,0.1817224001979984,3.0450772982851504,0.1190888156700045,0.2443559847259923,1.0922029851512671,3.0450772982851504,Cold start + gate,Cold start,True,full_RL
269,214400,215200,800,-7.936455195742646,-6349.164156594116,-5.67744466358928,-4541.955730871424,2.259010532153364,1807.2084257226911,0,0.0,0,0.0,29,0.03625,771,23,23,0,0,0,6,-68.4298244705027,9.52338762901425,0.2041068759211625,2.996086312970704,0.1296373327417679,0.2785764191005571,1.0988693958410791,2.996086312970704,Cold start + gate,Cold start,True,full_RL
270,215200,216000,800,-4.992855996155643,-3994.284796924514,-4.202857939715544,-3362.2863517724354,0.7899980564400978,631.9984451520783,0,0.0,0,0.0,30,0.0375,770,27,27,0,0,0,3,-66.80680226970378,4.573492273800109,0.1586583922540023,2.587607126196815,0.1129872832604021,0.2043295012476024,1.0847732149009857,2.587607126196815,Cold start + gate,Cold start,True,full_RL
271,216000,216800,800,-8.03998990302675,-6431.991922421401,-5.490737566371021,-4392.590053096817,2.549252336655729,2039.4018693245832,0,0.0,0,0.0,31,0.03875,769,26,26,0,0,0,5,-67.24408006856709,9.438576513002962,0.1875605752588376,2.9538285708309786,0.1233117925936407,0.2518093579240346,1.0950410062228308,2.9538285708309786,Cold start + gate,Cold start,True,full_RL
272,216800,217600,800,-5.37053395325218,-4296.427162601744,-4.460054000757797,-3568.0432006062374,0.9104799524943836,728.383961995507,0,0.0,0,0.0,30,0.0375,770,27,27,0,0,0,3,-69.90046367260379,4.89829450280333,0.1643421795587778,2.5718228361456,0.1153208814606039,0.2133634776569516,1.0862852078498435,2.5718228361456,Cold start + gate,Cold start,True,full_RL
273,217600,218400,800,-7.106990666877305,-5685.592533501844,-5.036091629111303,-4028.873303289042,2.0708990377660026,1656.719230212802,0,0.0,0,0.0,30,0.0375,770,27,27,0,0,0,3,-64.60746945389167,10.963655751795695,0.177890012882009,2.963342021097617,0.1196152059357616,0.2361648198282564,1.0971329651141573,2.963342021097617,Cold start + gate,Cold start,True,full_RL
274,218400,219200,800,-7.05571464870761,-5644.571718966088,-5.157268606738928,-4125.814885391143,1.8984460419686824,1518.756833574946,0,0.0,0,0.0,26,0.0325,774,23,23,0,0,0,3,-65.07981187274106,9.675698054037795,0.1876911662594889,2.9951454524169776,0.1234980288803518,0.2518843036386261,1.0928902471972417,2.9951454524169776,Cold start + gate,Cold start,True,full_RL
275,219200,220000,800,-8.690831022044256,-6952.664817635405,-6.26701122750929,-5013.608982007432,2.423819794534966,1939.055835627973,0,0.0,0,0.0,28,0.035,772,24,24,0,0,0,4,-62.81870756041758,9.940337877695004,0.2211503980544316,2.9818721486498703,0.1392528154010338,0.3030479807078295,1.1000136018600508,2.9818721486498703,Cold start + gate,Cold start,True,full_RL
276,220000,220800,800,-6.73157944236355,-5385.26355389084,-5.1046243352885945,-4083.699468230876,1.626955107074955,1301.564085659964,0,0.0,0,0.0,31,0.03875,769,27,27,0,0,0,4,-64.2489641469607,9.661527786684806,0.1864920393706643,2.904651809812435,0.1242886657013063,0.2486954130400222,1.0895523740315602,2.904651809812435,Cold start + gate,Cold start,True,full_RL
277,220800,221600,800,-5.821610524457636,-4657.288419566109,-4.468417838905559,-3574.734271124447,1.353192685552078,1082.5541484416624,0,0.0,0,0.0,24,0.03,776,20,20,0,0,0,4,-64.40476670417934,9.729838192436848,0.1611898133620424,2.6094226640635725,0.1132496970066535,0.2091299297174314,1.0788382207517029,2.6094226640635725,Cold start + gate,Cold start,True,full_RL
278,221600,222400,800,-7.272350932197294,-5817.880745757835,-5.223827246750729,-4179.061797400584,2.048523685446563,1638.8189483572503,0,0.0,0,0.0,32,0.04,768,29,29,0,0,0,3,-66.29711272367695,10.492887738516782,0.186859919173655,3.003437268808966,0.1237460353847343,0.2499738029625757,1.089044287250546,3.003437268808966,Cold start + gate,Cold start,True,full_RL
279,222400,223200,800,-7.094690235120606,-5675.752188096484,-5.067626970806674,-4054.1015766453393,2.0270632643139312,1621.6506114511449,0,0.0,0,0.0,30,0.0375,770,26,26,0,0,0,4,-71.40330028424682,11.574700162346176,0.1828849032574943,3.0832520911766323,0.1186728200245634,0.2470969864904252,1.0892352191251775,3.0832520911766323,Cold start + gate,Cold start,True,full_RL
280,223200,224000,800,-8.296952614804928,-6637.562091843942,-5.943604783682233,-4754.8838269457865,2.3533478311226954,1882.678264898156,0,0.0,0,0.0,30,0.0375,770,24,24,0,0,0,5,-67.1250321233183,9.96350212197013,0.2131453752874441,3.007708183043121,0.1346393536048008,0.2916513969700874,1.0897237405268156,3.007708183043121,Cold start + gate,Cold start,True,full_RL
281,224000,224800,800,-8.168051053863808,-6534.440843091046,-5.925420457529592,-4740.336366023674,2.2426305963342146,1794.1044770673716,0,0.0,0,0.0,25,0.03125,775,21,21,0,0,0,4,-65.38406063255263,9.695547722099208,0.212768946647482,2.993531829200037,0.134310816659007,0.2912270766359571,1.098909769418318,2.993531829200037,Cold start + gate,Cold start,True,full_RL
282,224800,225600,800,-7.177251618173905,-5741.801294539124,-5.240246739060572,-4192.197391248457,1.9370048791133323,1549.603903290666,0,0.0,0,0.0,33,0.04125,767,29,29,0,0,0,4,-68.59865460287176,9.833694128209988,0.1904999541874096,2.9973747127178285,0.1243034694560782,0.256696438918741,1.0918591961787183,2.9973747127178285,Cold start + gate,Cold start,True,full_RL
283,225600,226400,800,-8.336765375712062,-6669.412300569649,-5.467437636872757,-4373.950109498205,2.869327738839305,2295.4621910714445,0,0.0,0,0.0,37,0.04625,763,33,33,0,0,0,4,-65.66713312892398,15.023890787847153,0.1904259766601513,2.9829314022259155,0.1237282656625664,0.2571236876577362,1.086645041157846,2.9829314022259155,Cold start + gate,Cold start,True,full_RL
284,226400,227200,800,-7.233750626141536,-5787.000500913229,-5.250149637982304,-4200.119710385843,1.9836009881592327,1586.880790527386,0,0.0,0,0.0,37,0.04625,763,31,31,0,0,0,6,-67.3514883242608,9.78332766231385,0.1920493833879642,3.02672513341372,0.1247238285733174,0.259374938202611,1.103076427273196,3.02672513341372,Cold start + gate,Cold start,True,full_RL
285,227200,228000,800,-7.48397829734237,-5987.182637873896,-5.331739679865263,-4265.39174389221,2.1522386174771064,1721.790893981685,0,0.0,0,0.0,22,0.0275,778,19,19,0,0,0,3,-67.28397493172565,9.65306845944878,0.1888386203564359,2.990752467984521,0.1242694247260541,0.2534078159868176,1.09784447013068,2.990752467984521,Cold start + gate,Cold start,True,full_RL
286,228000,228800,800,-6.339931717131637,-5071.945373705309,-4.942996305259068,-3954.397044207254,1.396935411872568,1117.5483294980545,0,0.0,0,0.0,27,0.03375,773,24,24,0,0,0,3,-68.99237844129357,9.698694909154472,0.1872530381908553,3.0262541405700745,0.1231942673378754,0.2513118090438351,1.090680169926975,3.0262541405700745,Cold start + gate,Cold start,True,full_RL
287,228800,229600,800,-6.759083192687058,-5407.266554149646,-5.15234479093307,-4121.875832746457,1.6067384017539863,1285.3907214031892,0,0.0,0,0.0,35,0.04375,765,31,31,0,0,0,4,-71.88749397921174,9.66716160305084,0.1880912940960952,2.971415376620598,0.1266288029765619,0.2495537852156285,1.1123199393042644,2.971415376620598,Cold start + gate,Cold start,True,full_RL
288,229600,230400,800,-6.471564573204687,-5177.2516585637495,-4.965582334429609,-3972.465867543687,1.505982238775079,1204.7857910200632,0,0.0,0,0.0,28,0.035,772,24,24,0,0,0,4,-67.75129427802779,9.761643422385468,0.1873731298614371,2.9818575940578285,0.1232891168817175,0.2514571428411566,1.089614944432388,2.9818575940578285,Cold start + gate,Cold start,True,full_RL
289,230400,231200,800,-5.682502684593809,-4546.002147675047,-4.545414121658272,-3636.3312973266175,1.1370885629355385,909.6708503484308,0,0.0,0,0.0,30,0.0375,770,24,24,0,0,0,6,-63.267815403995314,7.669172030687318,0.1652147104083463,2.537917169488765,0.1147005872273265,0.215728833589366,1.0724347905832663,2.537917169488765,Cold start + gate,Cold start,True,full_RL
290,231200,232000,800,-6.525407274681194,-5220.325819744955,-5.015001980533758,-4012.0015844270074,1.510405294147435,1208.324235317948,0,0.0,0,0.0,28,0.035,772,23,23,0,0,0,5,-68.61040121246629,9.76575604404858,0.1879492603086967,2.9961359327917307,0.1239798992720088,0.2519186213453847,1.0884914689225909,2.9961359327917307,Cold start + gate,Cold start,True,full_RL
291,232000,232800,800,-6.915681695469427,-5532.545356375542,-5.151076271018743,-4120.861016814994,1.764605424450683,1411.6843395605465,0,0.0,0,0.0,29,0.03625,771,25,25,0,0,0,4,-70.0255561108878,9.704624363540274,0.1894471928726186,3.0054999277214733,0.1244652363900211,0.254429149355216,1.099123198575572,3.0054999277214733,Cold start + gate,Cold start,True,full_RL
292,232800,233600,800,-7.914658634880368,-6331.726907904294,-5.38033658250891,-4304.269266007128,2.5343220523714574,2027.457641897166,0,0.0,0,0.0,31,0.03875,769,27,27,0,0,0,3,-68.92956721073426,15.189154024637231,0.191848643819545,3.0184533661051205,0.1244691104171093,0.2592281772219809,1.1008027989643794,3.0184533661051205,Cold start + gate,Cold start,True,full_RL
293,233600,234400,800,-9.015255814666766,-7212.204651733413,-6.234107707916951,-4987.286166333561,2.7811481067498147,2224.918485399852,0,0.0,0,0.0,25,0.03125,775,23,23,0,0,0,2,-65.83438816803096,9.833172820692544,0.2168167943696902,3.0236250511654816,0.1351335155932019,0.2985000731461786,1.1031185884718937,3.0236250511654816,Cold start + gate,Cold start,True,full_RL
294,234400,235200,800,-6.084813901414971,-4867.8511211319765,-4.830156389808966,-3864.125111847173,1.2546575116060064,1003.7260092848052,0,0.0,0,0.0,30,0.0375,770,25,25,0,0,0,5,-66.59153672314301,9.710675307294446,0.1857986658702664,2.9933469319024653,0.1234612971097559,0.248136034630777,1.0883100739369334,2.9933469319024653,Cold start + gate,Cold start,True,full_RL
295,235200,236000,800,-7.117474901867911,-5693.979921494329,-5.126876169623801,-4101.500935699041,1.9905987322441103,1592.4789857952885,0,0.0,0,0.0,33,0.04125,767,29,29,0,0,0,4,-67.17987931972891,9.62079013050193,0.1870671265426114,2.944025879065009,0.1238325881047067,0.2503016649805162,1.096551224084561,2.944025879065009,Cold start + gate,Cold start,True,full_RL
296,236000,236800,800,-6.717932449652225,-5374.34595972178,-5.215767254827645,-4172.613803862116,1.5021651948245809,1201.7321558596643,0,0.0,0,0.0,19,0.02375,781,15,15,0,0,0,4,-76.66193381445908,9.623882934601614,0.1906167945048944,2.967069521071892,0.1256363478529167,0.2555972411568721,1.0924657582221493,2.967069521071892,Cold start + gate,Cold start,True,full_RL
297,236800,237600,800,-5.835555503655233,-4668.444402924187,-4.519902630838304,-3615.9221046706434,1.3156528728169292,1052.522298253543,0,0.0,0,0.0,34,0.0425,766,29,29,0,0,0,5,-64.06139998168555,6.175341945643427,0.1682232210892453,2.574291490447365,0.1139433491493202,0.2225030930291705,1.0672798256890803,2.574291490447365,Cold start + gate,Cold start,True,full_RL
298,237600,238400,800,-7.93613447694441,-6348.907581555528,-5.799212734892117,-4639.370187913693,2.136921742052292,1709.5373936418337,0,0.0,0,0.0,28,0.035,772,24,24,0,0,0,4,-66.24940551222801,9.659470776381497,0.2112545340794397,2.9787723292337773,0.1341791206463266,0.2883299475125528,1.095924848644636,2.9787723292337773,Cold start + gate,Cold start,True,full_RL
299,238400,239200,800,-8.261195146321295,-6608.956117057036,-5.456708177013304,-4365.366541610643,2.804486969307993,2243.589575446394,0,0.0,0,0.0,38,0.0475,762,34,34,0,0,0,4,-66.61569444564384,14.301029464271968,0.193104528282833,2.9721160720336,0.1239522635913744,0.2622567929742916,1.0934604862964226,2.9721160720336,Cold start + gate,Cold start,True,full_RL
300,239200,240000,800,-5.170905732934783,-4136.7245863478265,-4.25844442700056,-3406.755541600448,0.9124613059342224,729.9690447473779,0,0.0,0,0.0,30,0.0375,770,26,26,0,0,0,4,-74.72767198818644,5.781112308352771,0.1606059040385388,2.549164407332114,0.1134099990854685,0.207801808991609,1.0954421297972283,2.549164407332114,Cold start + gate,Cold start,True,full_RL
1,0,800,800,-41.58946010804821,-33271.568086438565,-41.58946010804821,-33271.568086438565,0.0,0.0,17,0.02125,17,0.02125,0,0.0,0,0,0,0,0,0,9,-63.30996081887554,0.0,0.6551294121814941,3.334449431013013,0.3563538384101104,0.9539049859528778,1.3398236507119612,3.334449431013013,Cold start no gate,Cold start,False,BC
2,800,1600,800,-18.990288989247052,-15192.231191397645,-18.990288989247052,-15192.231191397645,0.0,0.0,6,0.0075,6,0.0075,0,0.0,0,0,0,0,0,0,0,-55.24692685121249,0.0,0.4661935677554786,3.417940113610655,0.2325480887009632,0.6998390468099939,1.1452783027029845,3.417940113610655,Cold start no gate,Cold start,False,BC
3,1600,2400,800,-40.474726475551485,-32379.781180441187,-40.474726475551485,-32379.781180441187,0.0,0.0,22,0.0275,22,0.0275,0,0.0,0,0,0,0,0,0,11,-65.68337550463036,0.0,0.6317130370603135,3.526145629346445,0.3540920178873893,0.9093340562332376,1.2037763370257344,3.526145629346445,Cold start no gate,Cold start,False,BC
4,2400,3200,800,-19.152720677817467,-15322.176542253972,-19.152720677817467,-15322.176542253972,0.0,0.0,4,0.005,4,0.005,0,0.0,0,0,0,0,0,0,1,-32.644812953796645,0.0,0.5891231350274904,4.808956843034196,0.1837102199122741,0.9945360501427066,0.9198777798925576,4.808956843034196,Cold start no gate,Cold start,False,BC
5,3200,4000,800,-19.968901051012157,-15975.120840809725,-19.968901051012157,-15975.120840809725,0.0,0.0,5,0.00625,5,0.00625,0,0.0,0,0,0,0,0,0,0,-19.924939767462742,0.0,0.5051009533704165,3.0697448104689897,0.2308166922075,0.7793852145333329,1.2074513414013226,3.0697448104689897,Cold start no gate,Cold start,False,BC
6,4000,4800,800,-28.046208609026674,-22436.96688722134,-28.046208609026674,-22436.96688722134,0.0,0.0,17,0.02125,17,0.02125,0,0.0,0,0,0,0,0,0,8,-72.23130309458713,0.0,0.5430586251616945,3.278875351901433,0.2908162857475962,0.7953009645757926,1.314900015996502,3.278875351901433,Cold start no gate,Cold start,False,BC
7,4800,5600,800,-40.7212078196886,-32576.96625575088,-40.7212078196886,-32576.96625575088,0.0,0.0,5,0.00625,5,0.00625,0,0.0,0,0,0,0,0,0,3,-46.50889475848601,0.0,0.7582532416595238,5.369917012665553,0.3209926561674758,1.1955138271515715,1.0956444471612792,5.369917012665553,Cold start no gate,Cold start,False,BC
8,5600,6400,800,-39.838154988335134,-31870.523990668105,-39.838154988335134,-31870.523990668105,0.0,0.0,28,0.035,28,0.035,0,0.0,0,0,0,0,0,0,17,-75.10944185122878,0.0,0.7084270407177709,5.253081610381855,0.3293163820810006,1.0875376993545411,1.392451528158908,5.253081610381855,Cold start no gate,Cold start,False,BC
9,6400,7200,800,-18.587738766578383,-14870.191013262707,-18.587738766578383,-14870.191013262707,0.0,0.0,13,0.01625,13,0.01625,0,0.0,0,0,0,0,0,0,4,-49.24622960032184,0.0,0.5077904576082726,4.083018023639284,0.2165476894049438,0.7990332258116012,1.1051432261617102,4.083018023639284,Cold start no gate,Cold start,False,BC
10,7200,8000,800,-33.35200563733717,-26681.604509869736,-33.35200563733717,-26681.604509869736,0.0,0.0,4,0.005,4,0.005,0,0.0,0,0,0,0,0,0,2,-31.87266156959976,0.0,0.6584275230690881,4.10713717552261,0.299320421860928,1.0175346242772485,1.0509722854417531,4.10713717552261,Cold start no gate,Cold start,False,BC
11,8000,8800,800,-14.774024932750882,-11819.219946200705,-14.774024932750882,-11819.219946200705,0.0,0.0,0,0.0,0,0.0,0,0.0,0,0,0,0,0,0,0,-14.715223372074206,0.0,0.4038327825326642,3.019983577387052,0.2078789980896836,0.5997865669756448,1.1162779463049302,3.019983577387052,Cold start no gate,Cold start,False,BC
12,8800,9600,800,-24.045339397310087,-19236.27151784807,-24.045339397310087,-19236.27151784807,0.0,0.0,5,0.00625,5,0.00625,0,0.0,0,0,0,0,0,0,0,-16.7039992249197,0.0,0.586640244798818,3.664219580319468,0.2449079302694211,0.9283725593282148,1.1167937609942853,3.664219580319468,Cold start no gate,Cold start,False,BC
13,9600,10400,800,-43.07871823874936,-34462.97459099949,-43.07871823874936,-34462.97459099949,0.0,0.0,9,0.01125,9,0.01125,0,0.0,0,0,0,0,0,0,3,-67.06632558156889,0.0,0.7262063224871482,4.067700616518607,0.3422702241613994,1.110142420812897,1.240050739387414,4.067700616518607,Cold start no gate,Cold start,False,BC
14,10400,11200,800,-36.72152768863693,-29377.222150909547,-36.72152768863693,-29377.222150909547,0.0,0.0,8,0.01,8,0.01,0,0.0,0,0,0,0,0,0,0,-111.383847790255,0.0,0.7339170230340787,4.114038266815726,0.2985505625893268,1.1692834834788306,1.1176486072516965,4.114038266815726,Cold start no gate,Cold start,False,BC
15,11200,12000,800,-22.300836850500023,-17840.669480400018,-22.300836850500023,-17840.669480400018,0.0,0.0,8,0.01,8,0.01,0,0.0,0,0,0,0,0,0,1,-30.23727144602776,0.0,0.5784367318147933,3.9763876053489184,0.2288956890708725,0.927977774558714,1.1862467999152844,3.9763876053489184,Cold start no gate,Cold start,False,BC
16,12000,12800,800,-30.73483147240456,-24587.86517792365,-30.73483147240456,-24587.86517792365,0.0,0.0,9,0.01125,9,0.01125,0,0.0,0,0,0,0,0,0,0,-24.756730997607747,0.0,0.5998404695929666,3.8177439094191072,0.2975018654147962,0.9021790737711368,1.6813153780912256,3.8177439094191072,Cold start no gate,Cold start,False,BC
17,12800,13600,800,-31.934169863308007,-25547.335890646405,-31.934169863308007,-25547.335890646405,0.0,0.0,6,0.0075,6,0.0075,0,0.0,0,0,0,0,0,0,0,-14.661802861898906,0.0,0.6253084398877976,3.6770074670804433,0.3009499631163817,0.9496669166592135,1.6725964360977024,3.6770074670804433,Cold start no gate,Cold start,False,BC
18,13600,14400,800,-54.56200477858378,-43649.60382286702,-54.56200477858378,-43649.60382286702,0.0,0.0,32,0.04,32,0.04,0,0.0,0,0,0,0,0,0,20,-91.61214216048688,0.0,0.8631424675691143,4.940425062400891,0.3737314246588958,1.3525535104793327,1.1075506161947284,4.940425062400891,Cold start no gate,Cold start,False,BC
19,14400,15200,800,-13.360629323769102,-10688.50345901528,-13.360629323769102,-10688.50345901528,0.0,0.0,11,0.01375,11,0.01375,0,0.0,0,0,0,0,0,0,2,-24.47239697244987,0.0,0.389104672586377,2.954645969346757,0.1956766391316374,0.5825327060411166,1.0828184293910508,2.954645969346757,Cold start no gate,Cold start,False,BC
20,15200,16000,800,-14.371179580793678,-11496.943664634942,-14.371179580793678,-11496.943664634942,0.0,0.0,3,0.00375,3,0.00375,0,0.0,0,0,0,0,0,0,0,-68.94422256252278,0.0,0.3920828967919328,4.299086156408862,0.2061678568954024,0.5779979366884633,1.1746871037629187,4.299086156408862,Cold start no gate,Cold start,False,BC
21,16000,16800,800,-11.4316197651528,-9145.29581212224,-11.4316197651528,-9145.29581212224,0.0,0.0,26,0.0325,26,0.0325,0,0.0,0,0,0,0,0,0,3,-17.928974118527833,0.0,0.3359864728708711,2.98164811621524,0.1860491076299755,0.4859238381117666,1.1246309148602085,2.98164811621524,Cold start no gate,Cold start,False,handoff
22,16800,17600,800,-8.804177083328817,-7043.341666663053,-8.804177083328817,-7043.341666663053,0.0,0.0,56,0.07,56,0.07,0,0.0,0,0,0,0,0,0,14,-33.77102809195424,0.0,0.2752958662937849,2.84412658384565,0.1600334420650148,0.390558290522555,1.0873287007076438,2.84412658384565,Cold start no gate,Cold start,False,handoff
23,17600,18400,800,-7.877735034596563,-6302.188027677251,-7.877735034596563,-6302.188027677251,0.0,0.0,74,0.0925,74,0.0925,0,0.0,0,0,0,0,0,0,14,-49.388123634741305,0.0,0.2669120858067916,2.666566907953438,0.1493091969786733,0.3845149746349098,1.1232232829301547,2.666566907953438,Cold start no gate,Cold start,False,handoff
24,18400,19200,800,-7.414954902627476,-5931.963922101981,-7.414954902627476,-5931.963922101981,0.0,0.0,107,0.13375,107,0.13375,0,0.0,0,0,0,0,0,0,7,-57.47603669978082,0.0,0.2929579771219244,2.822874522235395,0.1348513019819169,0.4510646522619318,1.0922826030414965,2.822874522235395,Cold start no gate,Cold start,False,handoff
25,19200,20000,800,-6.337293508274733,-5069.834806619787,-6.337293508274733,-5069.834806619787,0.0,0.0,212,0.265,212,0.265,0,0.0,0,0,0,0,0,0,4,-61.38487458888096,0.0,0.2665988984816076,2.5917189843289066,0.1254108166624609,0.4077869803007543,1.0678953735446428,2.5917189843289066,Cold start no gate,Cold start,False,handoff
26,20000,20800,800,-8.795975046686422,-7036.780037349138,-8.795975046686422,-7036.780037349138,0.0,0.0,38,0.0475,38,0.0475,0,0.0,0,0,0,0,0,0,3,-71.75718397107562,0.0,0.2624339766694886,2.5999397925223207,0.1234243129060167,0.4014436404329605,1.099674247666622,2.5999397925223207,Cold start no gate,Cold start,False,full_RL
27,20800,21600,800,-7.934265256924238,-6347.412205539391,-7.934265256924238,-6347.412205539391,0.0,0.0,25,0.03125,25,0.03125,0,0.0,0,0,0,0,0,0,4,-66.99951341131157,0.0,0.2479542644881207,2.538833236630353,0.1197415884878277,0.3761669404884137,1.073211967482369,2.538833236630353,Cold start no gate,Cold start,False,full_RL
28,21600,22400,800,-7.728561149343247,-6182.848919474598,-7.728561149343247,-6182.848919474598,0.0,0.0,22,0.0275,22,0.0275,0,0.0,0,0,0,0,0,0,4,-68.80339048539929,0.0,0.2445431667068446,2.3910468717765525,0.1190526848204934,0.3700336485931959,1.0356562099891993,2.3910468717765525,Cold start no gate,Cold start,False,full_RL
29,22400,23200,800,-8.616113043150305,-6892.8904345202445,-8.616113043150305,-6892.8904345202445,0.0,0.0,23,0.02875,23,0.02875,0,0.0,0,0,0,0,0,0,4,-71.414716645937,0.0,0.2470163820173661,2.522746671326331,0.124963975406311,0.3690687886284211,1.074056878362939,2.522746671326331,Cold start no gate,Cold start,False,full_RL
30,23200,24000,800,-8.021661682421165,-6417.329345936932,-8.021661682421165,-6417.329345936932,0.0,0.0,30,0.0375,30,0.0375,0,0.0,0,0,0,0,0,0,7,-66.88270527109228,0.0,0.2312242377667483,2.411696276489124,0.1233176657343016,0.3391308097991951,1.063778090322293,2.411696276489124,Cold start no gate,Cold start,False,full_RL
31,24000,24800,800,-7.384223132778382,-5907.378506222705,-7.384223132778382,-5907.378506222705,0.0,0.0,22,0.0275,22,0.0275,0,0.0,0,0,0,0,0,0,6,-72.35844308393257,0.0,0.2149768470306401,2.475561993492533,0.1222611814647706,0.3076925125965096,1.0888550530639305,2.475561993492533,Cold start no gate,Cold start,False,full_RL
32,24800,25600,800,-7.672792123184499,-6138.2336985476,-7.672792123184499,-6138.2336985476,0.0,0.0,26,0.0325,26,0.0325,0,0.0,0,0,0,0,0,0,6,-74.15692046448271,0.0,0.2176812847675469,2.573591921617833,0.1214553577167346,0.3139072118183592,1.080098512945288,2.573591921617833,Cold start no gate,Cold start,False,full_RL
33,25600,26400,800,-8.043351385855205,-6434.681108684164,-8.043351385855205,-6434.681108684164,0.0,0.0,32,0.04,32,0.04,0,0.0,0,0,0,0,0,0,7,-74.27121811343034,0.0,0.2434393365369295,2.493377657651081,0.1227360886930143,0.3641425843808447,1.0936540101393717,2.493377657651081,Cold start no gate,Cold start,False,full_RL
34,26400,27200,800,-7.086012213620512,-5668.80977089641,-7.086012213620512,-5668.80977089641,0.0,0.0,10,0.0125,10,0.0125,0,0.0,0,0,0,0,0,0,3,-72.05985313376357,0.0,0.2201331215988688,2.7542837440930725,0.115413889113922,0.3248523540838157,1.0947211473875125,2.7542837440930725,Cold start no gate,Cold start,False,full_RL
35,27200,28000,800,-7.808845784483415,-6247.076627586732,-7.808845784483415,-6247.076627586732,0.0,0.0,27,0.03375,27,0.03375,0,0.0,0,0,0,0,0,0,7,-77.1776250635196,0.0,0.2221125086879348,2.716557219594506,0.1231529587654382,0.3210720586104315,1.1086718646631837,2.716557219594506,Cold start no gate,Cold start,False,full_RL
36,28000,28800,800,-7.276083343114592,-5820.866674491674,-7.276083343114592,-5820.866674491674,0.0,0.0,20,0.025,20,0.025,0,0.0,0,0,0,0,0,0,4,-74.43693087764689,0.0,0.2238184710957284,2.780593763918091,0.1206834932993716,0.3269534488920851,1.0737016034605844,2.780593763918091,Cold start no gate,Cold start,False,full_RL
37,28800,29600,800,-7.562904812312263,-6050.32384984981,-7.562904812312263,-6050.32384984981,0.0,0.0,18,0.0225,18,0.0225,0,0.0,0,0,0,0,0,0,3,-70.37812555582366,0.0,0.2146019697538975,2.8624335389969247,0.1236984010803607,0.3055055384274344,1.1086841573545203,2.8624335389969247,Cold start no gate,Cold start,False,full_RL
38,29600,30400,800,-7.559466310653934,-6047.573048523147,-7.559466310653934,-6047.573048523147,0.0,0.0,22,0.0275,22,0.0275,0,0.0,0,0,0,0,0,0,5,-63.92632390560868,0.0,0.2115591961597468,2.486598191561143,0.1230114158749434,0.3001069764445503,1.1055616315755843,2.486598191561143,Cold start no gate,Cold start,False,full_RL
39,30400,31200,800,-7.250935464502437,-5800.74837160195,-7.250935464502437,-5800.74837160195,0.0,0.0,23,0.02875,23,0.02875,0,0.0,0,0,0,0,0,0,6,-73.15020648599022,0.0,0.2035867042811776,2.4935906981759786,0.1244591965467831,0.2827142120155722,1.1017006747158713,2.4935906981759786,Cold start no gate,Cold start,False,full_RL
40,31200,32000,800,-7.386775712186722,-5909.420569749378,-7.386775712186722,-5909.420569749378,0.0,0.0,20,0.025,20,0.025,0,0.0,0,0,0,0,0,0,7,-76.3314873399695,0.0,0.22460713918189,2.4579271950769908,0.1187711603563299,0.3304431180074501,1.071977556164787,2.4579271950769908,Cold start no gate,Cold start,False,full_RL
41,32000,32800,800,-6.997010530006223,-5597.608424004979,-6.997010530006223,-5597.608424004979,0.0,0.0,13,0.01625,13,0.01625,0,0.0,0,0,0,0,0,0,3,-70.01343622367801,0.0,0.2112868453777738,2.769473320619511,0.1185893318072489,0.3039843589482987,1.0734009940190044,2.769473320619511,Cold start no gate,Cold start,False,full_RL
42,32800,33600,800,-7.114133688554766,-5691.306950843813,-7.114133688554766,-5691.306950843813,0.0,0.0,18,0.0225,18,0.0225,0,0.0,0,0,0,0,0,0,7,-65.51731224804973,0.0,0.2090775985143718,2.741162994382876,0.1174536881178197,0.3007015089109239,1.0839183764993383,2.741162994382876,Cold start no gate,Cold start,False,full_RL
43,33600,34400,800,-6.833030240392389,-5466.424192313911,-6.833030240392389,-5466.424192313911,0.0,0.0,26,0.0325,26,0.0325,0,0.0,0,0,0,0,0,0,5,-55.47716874766638,0.0,0.184687365119918,2.4675736555785197,0.1175775999815118,0.2517971302583242,1.0942282743800522,2.4675736555785197,Cold start no gate,Cold start,False,full_RL
44,34400,35200,800,-6.805476296716031,-5444.381037372825,-6.805476296716031,-5444.381037372825,0.0,0.0,24,0.03,24,0.03,0,0.0,0,0,0,0,0,0,7,-50.40283568252721,0.0,0.2080554206461903,2.664266271696249,0.115281381863294,0.3008294594290866,1.0778210689629135,2.664266271696249,Cold start no gate,Cold start,False,full_RL
45,35200,36000,800,-7.043156555367165,-5634.525244293733,-7.043156555367165,-5634.525244293733,0.0,0.0,18,0.0225,18,0.0225,0,0.0,0,0,0,0,0,0,7,-51.65651168572708,0.0,0.2122838122361801,2.6263803153510707,0.1176474240400137,0.3069202004323464,1.1162942609564095,2.6263803153510707,Cold start no gate,Cold start,False,full_RL
46,36000,36800,800,-6.7827828684153255,-5426.226294732261,-6.7827828684153255,-5426.226294732261,0.0,0.0,17,0.02125,17,0.02125,0,0.0,0,0,0,0,0,0,5,-64.90216488721194,0.0,0.206077954807002,2.755205220320761,0.1137052289632076,0.2984506806507964,1.091605418028459,2.755205220320761,Cold start no gate,Cold start,False,full_RL
47,36800,37600,800,-6.5999077080992015,-5279.926166479361,-6.5999077080992015,-5279.926166479361,0.0,0.0,17,0.02125,17,0.02125,0,0.0,0,0,0,0,0,0,6,-60.55686382753686,0.0,0.1942851137351537,2.5474965131845693,0.1160674972080601,0.2725027302622473,1.1208900787417613,2.5474965131845693,Cold start no gate,Cold start,False,full_RL
48,37600,38400,800,-6.715660005210135,-5372.528004168108,-6.715660005210135,-5372.528004168108,0.0,0.0,21,0.02625,21,0.02625,0,0.0,0,0,0,0,0,0,7,-50.22722971284492,0.0,0.1958778776876463,2.7096562869358536,0.1187751821682749,0.2729805732070177,1.103699886225097,2.7096562869358536,Cold start no gate,Cold start,False,full_RL
49,38400,39200,800,-6.65323611373875,-5322.588890991,-6.65323611373875,-5322.588890991,0.0,0.0,10,0.0125,10,0.0125,0,0.0,0,0,0,0,0,0,6,-53.88311110571453,0.0,0.1855907500789737,2.428160188419554,0.1184048644586168,0.2527766356993306,1.1204858756925635,2.428160188419554,Cold start no gate,Cold start,False,full_RL
50,39200,40000,800,-6.542506907782738,-5234.00552622619,-6.542506907782738,-5234.00552622619,0.0,0.0,22,0.0275,22,0.0275,0,0.0,0,0,0,0,0,0,6,-55.08711438719263,0.0,0.2021886496503313,2.582242167943946,0.1162725405612662,0.2881047587393964,1.0741822565696668,2.582242167943946,Cold start no gate,Cold start,False,full_RL
51,40000,40800,800,-6.35784015932312,-5086.272127458496,-6.35784015932312,-5086.272127458496,0.0,0.0,18,0.0225,18,0.0225,0,0.0,0,0,0,0,0,0,9,-48.21033886717157,0.0,0.1736937359525416,2.5006598264352533,0.1176135782949795,0.2297738936101038,1.0897784147705205,2.5006598264352533,Cold start no gate,Cold start,False,full_RL
52,40800,41600,800,-6.586083812282261,-5268.867049825809,-6.586083812282261,-5268.867049825809,0.0,0.0,28,0.035,28,0.035,0,0.0,0,0,0,0,0,0,9,-59.65826918666687,0.0,0.192034928128984,2.6036680670444525,0.1156724952554696,0.2683973610024985,1.080030022733204,2.6036680670444525,Cold start no gate,Cold start,False,full_RL
53,41600,42400,800,-6.354708635268626,-5083.7669082149005,-6.354708635268626,-5083.7669082149005,0.0,0.0,19,0.02375,19,0.02375,0,0.0,0,0,0,0,0,0,10,-40.4936445692025,0.0,0.1851478967762557,2.509198303503922,0.115836654854084,0.2544591386984274,1.0703287432450868,2.509198303503922,Cold start no gate,Cold start,False,full_RL
54,42400,43200,800,-6.756880943451255,-5405.504754761004,-6.756880943451255,-5405.504754761004,0.0,0.0,21,0.02625,21,0.02625,0,0.0,0,0,0,0,0,0,9,-57.48074337263233,0.0,0.207381875458554,2.691582163773944,0.1154556548079864,0.2993080961091215,1.0830695715091334,2.691582163773944,Cold start no gate,Cold start,False,full_RL
55,43200,44000,800,-6.49690056289364,-5197.5204503149125,-6.49690056289364,-5197.5204503149125,0.0,0.0,25,0.03125,25,0.03125,0,0.0,0,0,0,0,0,0,9,-60.91366685328683,0.0,0.1971849902225018,2.682738463793328,0.1153477115263617,0.279022268918642,1.0878625486485047,2.682738463793328,Cold start no gate,Cold start,False,full_RL
56,44000,44800,800,-6.65017594435162,-5320.140755481296,-6.65017594435162,-5320.140755481296,0.0,0.0,18,0.0225,18,0.0225,0,0.0,0,0,0,0,0,0,8,-57.09258787391411,0.0,0.2039833004284321,2.5761031980158577,0.1155018976987117,0.2924647031581526,1.0627925434273542,2.5761031980158577,Cold start no gate,Cold start,False,full_RL
57,44800,45600,800,-6.569455497102231,-5255.564397681785,-6.569455497102231,-5255.564397681785,0.0,0.0,23,0.02875,23,0.02875,0,0.0,0,0,0,0,0,0,9,-55.19672813614545,0.0,0.2019269999240459,2.579089206167396,0.1144596084818406,0.2893943913662512,1.0712358635210824,2.579089206167396,Cold start no gate,Cold start,False,full_RL
58,45600,46400,800,-6.446983941060811,-5157.587152848649,-6.446983941060811,-5157.587152848649,0.0,0.0,15,0.01875,15,0.01875,0,0.0,0,0,0,0,0,0,6,-53.668062746360704,0.0,0.1972242262894685,2.4497159489599767,0.1137289322409788,0.2807195203379582,1.070514723730145,2.4497159489599767,Cold start no gate,Cold start,False,full_RL
59,46400,47200,800,-6.464467547338834,-5171.574037871067,-6.464467547338834,-5171.574037871067,0.0,0.0,16,0.02,16,0.02,0,0.0,0,0,0,0,0,0,8,-61.58225582181581,0.0,0.2026580788665361,2.543789493745976,0.116358958494415,0.2889571992386572,1.0669328441696808,2.543789493745976,Cold start no gate,Cold start,False,full_RL
60,47200,48000,800,-6.485179571757961,-5188.143657406368,-6.485179571757961,-5188.143657406368,0.0,0.0,16,0.02,16,0.02,0,0.0,0,0,0,0,0,0,7,-48.46938301052444,0.0,0.2037384899767148,2.843880837401798,0.1167774785082115,0.2906995014452181,1.0722421330045022,2.843880837401798,Cold start no gate,Cold start,False,full_RL
61,48000,48800,800,-6.6438584178244176,-5315.086734259534,-6.6438584178244176,-5315.086734259534,0.0,0.0,17,0.02125,17,0.02125,0,0.0,0,0,0,0,0,0,6,-64.13995240696909,0.0,0.2032203181309325,2.675887564515051,0.1180071835654983,0.2884334526963667,1.083730481645509,2.675887564515051,Cold start no gate,Cold start,False,full_RL
62,48800,49600,800,-6.423979983239075,-5139.18398659126,-6.423979983239075,-5139.18398659126,0.0,0.0,21,0.02625,21,0.02625,0,0.0,0,0,0,0,0,0,4,-52.70167810273841,0.0,0.2142366873805845,2.939230666002232,0.1116822827715829,0.3167910919895862,1.0298433907319056,2.939230666002232,Cold start no gate,Cold start,False,full_RL
63,49600,50400,800,-6.481655524687913,-5185.32441975033,-6.481655524687913,-5185.32441975033,0.0,0.0,14,0.0175,14,0.0175,0,0.0,0,0,0,0,0,0,4,-56.309149686578735,0.0,0.2084311343432669,2.561505171480576,0.1165517857106077,0.3003104829759261,1.091462041612138,2.561505171480576,Cold start no gate,Cold start,False,full_RL
64,50400,51200,800,-6.57769096183223,-5262.152769465784,-6.57769096183223,-5262.152769465784,0.0,0.0,13,0.01625,13,0.01625,0,0.0,0,0,0,0,0,0,6,-58.57418289866371,0.0,0.2000432445057312,2.558491486582966,0.1208898786336157,0.2791966103778467,1.116784305766627,2.558491486582966,Cold start no gate,Cold start,False,full_RL
65,51200,52000,800,-6.247928989814989,-4998.343191851991,-6.247928989814989,-4998.343191851991,0.0,0.0,14,0.0175,14,0.0175,0,0.0,0,0,0,0,0,0,5,-66.98822405313035,0.0,0.1938388613160606,2.7270569414571924,0.1145243592805699,0.2731533633515512,1.0585507160350898,2.7270569414571924,Cold start no gate,Cold start,False,full_RL
66,52000,52800,800,-6.370616067990131,-5096.492854392105,-6.370616067990131,-5096.492854392105,0.0,0.0,21,0.02625,21,0.02625,0,0.0,0,0,0,0,0,0,5,-65.26673449563373,0.0,0.2099740010456728,2.8935792002599783,0.1134069123704772,0.3065410897208686,1.051219296797376,2.8935792002599783,Cold start no gate,Cold start,False,full_RL
67,52800,53600,800,-6.069595180249971,-4855.676144199977,-6.069595180249971,-4855.676144199977,0.0,0.0,13,0.01625,13,0.01625,0,0.0,0,0,0,0,0,0,3,-62.57366643136732,0.0,0.1866445669982742,2.6048276792487286,0.1170180810525229,0.2562710529440255,1.071199490224187,2.6048276792487286,Cold start no gate,Cold start,False,full_RL
68,53600,54400,800,-6.367406104638064,-5093.924883710452,-6.367406104638064,-5093.924883710452,0.0,0.0,10,0.0125,10,0.0125,0,0.0,0,0,0,0,0,0,4,-65.06146040269118,0.0,0.1997286269304879,2.721200345974239,0.1159848232249958,0.28347243063598,1.0822118625378647,2.721200345974239,Cold start no gate,Cold start,False,full_RL
69,54400,55200,800,-6.448217018136308,-5158.573614509047,-6.448217018136308,-5158.573614509047,0.0,0.0,18,0.0225,18,0.0225,0,0.0,0,0,0,0,0,0,7,-57.95286801970519,0.0,0.2120735425525756,2.819710655301776,0.116678982435958,0.3074681026691932,1.112943305527173,2.819710655301776,Cold start no gate,Cold start,False,full_RL
70,55200,56000,800,-6.371018910523849,-5096.815128419079,-6.371018910523849,-5096.815128419079,0.0,0.0,11,0.01375,11,0.01375,0,0.0,0,0,0,0,0,0,5,-67.62105059364296,0.0,0.1915506518939706,2.5676240854097614,0.119436203081532,0.2636651007064093,1.1120599822363273,2.5676240854097614,Cold start no gate,Cold start,False,full_RL
71,56000,56800,800,-6.169303520880049,-4935.442816704039,-6.169303520880049,-4935.442816704039,0.0,0.0,12,0.015,12,0.015,0,0.0,0,0,0,0,0,0,4,-67.80802692875693,0.0,0.1947849961901309,2.888501140695439,0.1143668408762574,0.2752031515040044,1.0664522002462324,2.888501140695439,Cold start no gate,Cold start,False,full_RL
72,56800,57600,800,-5.83447410745475,-4667.5792859638,-5.83447410745475,-4667.5792859638,0.0,0.0,10,0.0125,10,0.0125,0,0.0,0,0,0,0,0,0,5,-68.33528308325515,0.0,0.1919668666817598,2.7184908634462204,0.1129084554762916,0.271025277887228,1.0576474148572728,2.7184908634462204,Cold start no gate,Cold start,False,full_RL
73,57600,58400,800,-6.052704956596045,-4842.163965276836,-6.052704956596045,-4842.163965276836,0.0,0.0,24,0.03,24,0.03,0,0.0,0,0,0,0,0,0,6,-59.87417783321416,0.0,0.1863376569555295,2.547889443636393,0.1166840792804936,0.2559912346305655,1.0940211832884708,2.547889443636393,Cold start no gate,Cold start,False,full_RL
74,58400,59200,800,-5.94048205921927,-4752.385647375416,-5.94048205921927,-4752.385647375416,0.0,0.0,14,0.0175,14,0.0175,0,0.0,0,0,0,0,0,0,4,-65.88249337782338,0.0,0.1798064245214057,2.428892150495983,0.1171838563968892,0.242428992645922,1.091039173730722,2.428892150495983,Cold start no gate,Cold start,False,full_RL
75,59200,60000,800,-5.871440401509504,-4697.152321207603,-5.871440401509504,-4697.152321207603,0.0,0.0,11,0.01375,11,0.01375,0,0.0,0,0,0,0,0,0,5,-70.33784172033074,0.0,0.1719290123307535,2.5497564352188533,0.1158620299174686,0.2279959947440383,1.0796961369656062,2.5497564352188533,Cold start no gate,Cold start,False,full_RL
76,60000,60800,800,-5.880592859190171,-4704.474287352136,-5.880592859190171,-4704.474287352136,0.0,0.0,23,0.02875,23,0.02875,0,0.0,0,0,0,0,0,0,4,-67.1297623311981,0.0,0.1752150149482993,2.531154877866072,0.1162725954869902,0.2341574344096084,1.0923447901806869,2.531154877866072,Cold start no gate,Cold start,False,full_RL
77,60800,61600,800,-6.015335582966039,-4812.268466372831,-6.015335582966039,-4812.268466372831,0.0,0.0,17,0.02125,17,0.02125,0,0.0,0,0,0,0,0,0,7,-60.615735375142776,0.0,0.1924396165783674,2.793882951715773,0.1170960650241598,0.267783168132575,1.0982932200822022,2.793882951715773,Cold start no gate,Cold start,False,full_RL
78,61600,62400,800,-6.151543347007979,-4921.234677606383,-6.151543347007979,-4921.234677606383,0.0,0.0,19,0.02375,19,0.02375,0,0.0,0,0,0,0,0,0,3,-61.12513412042313,0.0,0.2011957272587063,2.9401957848736515,0.118110153766729,0.2842813007506835,1.110627718732967,2.9401957848736515,Cold start no gate,Cold start,False,full_RL
79,62400,63200,800,-6.030100142472846,-4824.080113978277,-6.030100142472846,-4824.080113978277,0.0,0.0,27,0.03375,27,0.03375,0,0.0,0,0,0,0,0,0,4,-70.59162502438221,0.0,0.1953476700179923,2.6577492291035583,0.1153004598925333,0.2753948801434513,1.1174787834401243,2.6577492291035583,Cold start no gate,Cold start,False,full_RL
80,63200,64000,800,-6.349724227241662,-5079.77938179333,-6.349724227241662,-5079.77938179333,0.0,0.0,12,0.015,12,0.015,0,0.0,0,0,0,0,0,0,4,-62.60224152744138,0.0,0.1811100465299462,2.582607834616738,0.1235513415440592,0.2386687515158333,1.1353009801997858,2.582607834616738,Cold start no gate,Cold start,False,full_RL
81,64000,64800,800,-5.972484065268454,-4777.987252214763,-5.972484065268454,-4777.987252214763,0.0,0.0,18,0.0225,18,0.0225,0,0.0,0,0,0,0,0,0,6,-72.60736392764215,0.0,0.1823349304165549,2.343424321235944,0.1186145588118512,0.2460553020212587,1.0675524123759974,2.343424321235944,Cold start no gate,Cold start,False,full_RL
82,64800,65600,800,-5.63562918993108,-4508.503351944863,-5.63562918993108,-4508.503351944863,0.0,0.0,14,0.0175,14,0.0175,0,0.0,0,0,0,0,0,0,6,-55.53030834982678,0.0,0.1750854007319285,2.466863557327372,0.1137497675454358,0.2364210339184212,1.0624152662990256,2.466863557327372,Cold start no gate,Cold start,False,full_RL
83,65600,66400,800,-5.555647553174285,-4444.518042539427,-5.555647553174285,-4444.518042539427,0.0,0.0,17,0.02125,17,0.02125,0,0.0,0,0,0,0,0,0,6,-66.5907610229907,0.0,0.1824836484802993,2.572244842820055,0.1138454574841998,0.2511218394763989,1.0671087618869493,2.572244842820055,Cold start no gate,Cold start,False,full_RL
84,66400,67200,800,-5.994096637080307,-4795.277309664245,-5.994096637080307,-4795.277309664245,0.0,0.0,23,0.02875,23,0.02875,0,0.0,0,0,0,0,0,0,6,-60.33520813428117,0.0,0.1795217730441018,2.675559015067279,0.1187049491643049,0.2403385969238986,1.087540207184758,2.675559015067279,Cold start no gate,Cold start,False,full_RL
85,67200,68000,800,-5.932422656899573,-4745.938125519659,-5.932422656899573,-4745.938125519659,0.0,0.0,15,0.01875,15,0.01875,0,0.0,0,0,0,0,0,0,5,-70.67137766995643,0.0,0.1823513042113607,2.722846805768881,0.1170812888097054,0.247621319613016,1.1063750489185398,2.722846805768881,Cold start no gate,Cold start,False,full_RL
86,68000,68800,800,-5.58098211764589,-4464.785694116712,-5.58098211764589,-4464.785694116712,0.0,0.0,12,0.015,12,0.015,0,0.0,0,0,0,0,0,0,5,-52.95013289688211,0.0,0.1762114861376087,2.554542918154141,0.1148250561167611,0.2375979161584562,1.068464302250375,2.554542918154141,Cold start no gate,Cold start,False,full_RL
87,68800,69600,800,-6.041901175080788,-4833.520940064631,-6.041901175080788,-4833.520940064631,0.0,0.0,14,0.0175,14,0.0175,0,0.0,0,0,0,0,0,0,6,-65.19364258539929,0.0,0.1829065730686569,2.6961722358115026,0.1213419247412555,0.2444712213960582,1.1350982792066897,2.6961722358115026,Cold start no gate,Cold start,False,full_RL
88,69600,70400,800,-5.891231578831833,-4712.985263065466,-5.891231578831833,-4712.985263065466,0.0,0.0,20,0.025,20,0.025,0,0.0,0,0,0,0,0,0,4,-74.01535118994661,0.0,0.1821032937988186,2.7227776234925045,0.1179611869010785,0.2462454006965587,1.081272109561453,2.7227776234925045,Cold start no gate,Cold start,False,full_RL
89,70400,71200,800,-5.59976898243998,-4479.815185951984,-5.59976898243998,-4479.815185951984,0.0,0.0,11,0.01375,11,0.01375,0,0.0,0,0,0,0,0,0,6,-67.87555910461776,0.0,0.1750913088549462,2.681936525290155,0.1155572189192619,0.2346253987906305,1.0920785853381694,2.681936525290155,Cold start no gate,Cold start,False,full_RL
90,71200,72000,800,-5.566627346165904,-4453.301876932723,-5.566627346165904,-4453.301876932723,0.0,0.0,13,0.01625,13,0.01625,0,0.0,0,0,0,0,0,0,6,-63.86759557783671,0.0,0.1781491754216716,2.742158665752072,0.1157750265889582,0.240523324254385,1.085867747083438,2.742158665752072,Cold start no gate,Cold start,False,full_RL
91,72000,72800,800,-5.600632697255573,-4480.506157804459,-5.600632697255573,-4480.506157804459,0.0,0.0,13,0.01625,13,0.01625,0,0.0,0,0,0,0,0,0,5,-71.54607185204736,0.0,0.1819605677412795,2.84384972155857,0.1134736684411084,0.2504474670414505,1.054376211386482,2.84384972155857,Cold start no gate,Cold start,False,full_RL
92,72800,73600,800,-5.863506196919819,-4690.804957535856,-5.863506196919819,-4690.804957535856,0.0,0.0,26,0.0325,26,0.0325,0,0.0,0,0,0,0,0,0,9,-68.32613308678162,0.0,0.1760945322234232,2.5515470717373887,0.1188313839561948,0.2333576804906517,1.0966914920832167,2.5515470717373887,Cold start no gate,Cold start,False,full_RL
93,73600,74400,800,-5.76845927851539,-4614.767422812312,-5.76845927851539,-4614.767422812312,0.0,0.0,26,0.0325,26,0.0325,0,0.0,0,0,0,0,0,0,5,-62.43817363691278,0.0,0.1713228930881123,2.549905333727452,0.1203791716494261,0.2222666145267985,1.111404379483639,2.549905333727452,Cold start no gate,Cold start,False,full_RL
94,74400,75200,800,-5.631278473815803,-4505.022779052642,-5.631278473815803,-4505.022779052642,0.0,0.0,14,0.0175,14,0.0175,0,0.0,0,0,0,0,0,0,4,-60.46046997573171,0.0,0.1760604947960723,2.7468238871381345,0.1161899088113,0.2359310807808446,1.087510830247255,2.7468238871381345,Cold start no gate,Cold start,False,full_RL
95,75200,76000,800,-5.913891641975633,-4731.113313580507,-5.913891641975633,-4731.113313580507,0.0,0.0,15,0.01875,15,0.01875,0,0.0,0,0,0,0,0,0,7,-60.86927309096677,0.0,0.1749022381890327,2.624433186468252,0.1210477665656026,0.2287567098124629,1.1064750047306124,2.624433186468252,Cold start no gate,Cold start,False,full_RL
96,76000,76800,800,-5.705595093207449,-4564.476074565959,-5.705595093207449,-4564.476074565959,0.0,0.0,19,0.02375,19,0.02375,0,0.0,0,0,0,0,0,0,3,-66.71095952065298,0.0,0.1768771929253074,2.636498392924011,0.1176859471092092,0.2360684387414057,1.0847222883046914,2.636498392924011,Cold start no gate,Cold start,False,full_RL
97,76800,77600,800,-5.447349352413503,-4357.879481930802,-5.447349352413503,-4357.879481930802,0.0,0.0,19,0.02375,19,0.02375,0,0.0,0,0,0,0,0,0,5,-54.90911193971135,0.0,0.1716256599712371,2.6373704004336105,0.1157591864443383,0.2274921334981359,1.0901529979308742,2.6373704004336105,Cold start no gate,Cold start,False,full_RL
98,77600,78400,800,-5.935081349783985,-4748.065079827188,-5.935081349783985,-4748.065079827188,0.0,0.0,14,0.0175,14,0.0175,0,0.0,0,0,0,0,0,0,4,-73.34830886107125,0.0,0.1727536326994806,2.5066442158787936,0.1230311567374323,0.222476108661529,1.1229207348340735,2.5066442158787936,Cold start no gate,Cold start,False,full_RL
99,78400,79200,800,-5.726951192984764,-4581.560954387811,-5.726951192984764,-4581.560954387811,0.0,0.0,15,0.01875,15,0.01875,0,0.0,0,0,0,0,0,0,6,-60.68547523662812,0.0,0.174059713609797,2.6419722902836043,0.1188849834516335,0.2292344437679606,1.1052886322246065,2.6419722902836043,Cold start no gate,Cold start,False,full_RL
100,79200,80000,800,-5.598456980023391,-4478.765584018713,-5.598456980023391,-4478.765584018713,0.0,0.0,12,0.015,12,0.015,0,0.0,0,0,0,0,0,0,5,-61.51287445710591,0.0,0.1815826768536824,2.681332507407717,0.1151670449447801,0.2479983087625846,1.0835663288203317,2.681332507407717,Cold start no gate,Cold start,False,full_RL
101,80000,80800,800,-5.476835780949732,-4381.468624759786,-5.476835780949732,-4381.468624759786,0.0,0.0,16,0.02,16,0.02,0,0.0,0,0,0,0,0,0,8,-56.03884358384926,0.0,0.1749226277834029,2.612507242476397,0.1154475852846197,0.2343976702821862,1.0956034267185806,2.612507242476397,Cold start no gate,Cold start,False,full_RL
102,80800,81600,800,-5.822934968169413,-4658.347974535531,-5.822934968169413,-4658.347974535531,0.0,0.0,10,0.0125,10,0.0125,0,0.0,0,0,0,0,0,0,5,-66.25222165913101,0.0,0.1796608629669559,2.731228533677552,0.119793232226058,0.2395284937078538,1.108661489268227,2.731228533677552,Cold start no gate,Cold start,False,full_RL
103,81600,82400,800,-5.649884895158442,-4519.907916126754,-5.649884895158442,-4519.907916126754,0.0,0.0,10,0.0125,10,0.0125,0,0.0,0,0,0,0,0,0,3,-62.30874671872118,0.0,0.1758432272862452,2.539309027514548,0.1162741222380567,0.2354123323344338,1.089035690768846,2.539309027514548,Cold start no gate,Cold start,False,full_RL
104,82400,83200,800,-5.213281086768594,-4170.624869414875,-5.213281086768594,-4170.624869414875,0.0,0.0,13,0.01625,13,0.01625,0,0.0,0,0,0,0,0,0,4,-61.00527255205032,0.0,0.1755122750881358,2.826685988456518,0.11167013102596,0.2393544191503115,1.059187885153591,2.826685988456518,Cold start no gate,Cold start,False,full_RL
105,83200,84000,800,-5.23109124307407,-4184.872994459256,-5.23109124307407,-4184.872994459256,0.0,0.0,18,0.0225,18,0.0225,0,0.0,0,0,0,0,0,0,4,-57.90787079680001,0.0,0.1681625354143978,2.612371614367987,0.1132917162694637,0.2230333545593319,1.0904995207229664,2.612371614367987,Cold start no gate,Cold start,False,full_RL
106,84000,84800,800,-5.557563822492584,-4446.051057994067,-5.557563822492584,-4446.051057994067,0.0,0.0,10,0.0125,10,0.0125,0,0.0,0,0,0,0,0,0,2,-62.777064608456726,0.0,0.1734946807490571,2.617821564670749,0.1168247647544016,0.2301645967437126,1.083539925873065,2.617821564670749,Cold start no gate,Cold start,False,full_RL
107,84800,85600,800,-5.311167020714922,-4248.933616571938,-5.311167020714922,-4248.933616571938,0.0,0.0,9,0.01125,9,0.01125,0,0.0,0,0,0,0,0,0,6,-69.02034426315038,0.0,0.1740718756711189,2.614093925199484,0.1134297640460709,0.234713987296167,1.0665346698359293,2.614093925199484,Cold start no gate,Cold start,False,full_RL
108,85600,86400,800,-5.366085847238612,-4292.86867779089,-5.366085847238612,-4292.86867779089,0.0,0.0,12,0.015,12,0.015,0,0.0,0,0,0,0,0,0,2,-76.33485527552273,0.0,0.1709287327371294,2.6361840211115464,0.1149228349773391,0.2269346304969197,1.0773778421780316,2.6361840211115464,Cold start no gate,Cold start,False,full_RL
109,86400,87200,800,-5.435405659704558,-4348.324527763646,-5.435405659704558,-4348.324527763646,0.0,0.0,14,0.0175,14,0.0175,0,0.0,0,0,0,0,0,0,5,-61.66722904371579,0.0,0.1669162882440533,2.535406050112158,0.116784733598753,0.2170478428893537,1.0796564464069722,2.535406050112158,Cold start no gate,Cold start,False,full_RL
110,87200,88000,800,-5.2821486169613125,-4225.71889356905,-5.2821486169613125,-4225.71889356905,0.0,0.0,19,0.02375,19,0.02375,0,0.0,0,0,0,0,0,0,5,-59.16116367684697,0.0,0.17586971969615,2.8207980345561623,0.1141032452293085,0.2376361941629914,1.0990377693098332,2.8207980345561623,Cold start no gate,Cold start,False,full_RL
111,88000,88800,800,-5.146491449497709,-4117.193159598168,-5.146491449497709,-4117.193159598168,0.0,0.0,14,0.0175,14,0.0175,0,0.0,0,0,0,0,0,0,4,-66.35720522156726,0.0,0.1771605763529923,2.8148526266086265,0.1137329423187815,0.2405882103872031,1.0638138646206765,2.8148526266086265,Cold start no gate,Cold start,False,full_RL
112,88800,89600,800,-5.516170878673438,-4412.93670293875,-5.516170878673438,-4412.93670293875,0.0,0.0,12,0.015,12,0.015,0,0.0,0,0,0,0,0,0,3,-70.74099157563421,0.0,0.1789566362716972,2.5545645723345274,0.1186604729054535,0.2392527996379409,1.0886567195310315,2.5545645723345274,Cold start no gate,Cold start,False,full_RL
113,89600,90400,800,-5.390257445918237,-4312.20595673459,-5.390257445918237,-4312.20595673459,0.0,0.0,14,0.0175,14,0.0175,0,0.0,0,0,0,0,0,0,5,-55.55422533447734,0.0,0.1673939917627618,2.596155725076187,0.1170471129821279,0.2177408705433958,1.1116665430440773,2.596155725076187,Cold start no gate,Cold start,False,full_RL
114,90400,91200,800,-5.429143827010984,-4343.315061608787,-5.429143827010984,-4343.315061608787,0.0,0.0,18,0.0225,18,0.0225,0,0.0,0,0,0,0,0,0,4,-60.197576830490334,0.0,0.1715402812945671,2.702583602080836,0.1152064827059713,0.2278740798831629,1.0758533838037962,2.702583602080836,Cold start no gate,Cold start,False,full_RL
115,91200,92000,800,-5.201629079590625,-4161.3032636725,-5.201629079590625,-4161.3032636725,0.0,0.0,20,0.025,20,0.025,0,0.0,0,0,0,0,0,0,6,-59.16822343043498,0.0,0.1755203140813329,2.785600270479165,0.1143703203031368,0.236670307859529,1.0632134666694473,2.785600270479165,Cold start no gate,Cold start,False,full_RL
116,92000,92800,800,-5.247799490036446,-4198.2395920291565,-5.247799490036446,-4198.2395920291565,0.0,0.0,14,0.0175,14,0.0175,0,0.0,0,0,0,0,0,0,5,-58.00007278740975,0.0,0.1732088921657985,2.653192650708718,0.1147678028361508,0.2316499814954461,1.071721763396901,2.653192650708718,Cold start no gate,Cold start,False,full_RL
117,92800,93600,800,-5.124681515006659,-4099.745212005328,-5.124681515006659,-4099.745212005328,0.0,0.0,17,0.02125,17,0.02125,0,0.0,0,0,0,0,0,0,4,-64.91188773032081,0.0,0.1704781201876646,2.7222050539829183,0.1137692602804875,0.2271869800948417,1.0841114343035183,2.7222050539829183,Cold start no gate,Cold start,False,full_RL
118,93600,94400,800,-5.537602076233681,-4430.081660986945,-5.537602076233681,-4430.081660986945,0.0,0.0,15,0.01875,15,0.01875,0,0.0,0,0,0,0,0,0,5,-68.96221542232672,0.0,0.177790076847584,2.5511897385062525,0.1185660550077599,0.2370140986874081,1.101255400177635,2.5511897385062525,Cold start no gate,Cold start,False,full_RL
119,94400,95200,800,-5.42994781625598,-4343.958253004784,-5.42994781625598,-4343.958253004784,0.0,0.0,9,0.01125,9,0.01125,0,0.0,0,0,0,0,0,0,5,-68.34698318414405,0.0,0.1739783828972522,2.6562128726144465,0.1179457455302163,0.2300110202642881,1.089232141070871,2.6562128726144465,Cold start no gate,Cold start,False,full_RL
120,95200,96000,800,-5.350598218659595,-4280.478574927676,-5.350598218659595,-4280.478574927676,0.0,0.0,19,0.02375,19,0.02375,0,0.0,0,0,0,0,0,0,7,-52.41685733340603,0.0,0.1702274247965956,2.659826678529271,0.1158260506781908,0.2246287989150004,1.090607814032904,2.659826678529271,Cold start no gate,Cold start,False,full_RL
121,96000,96800,800,-5.363811806442152,-4291.0494451537215,-5.363811806442152,-4291.0494451537215,0.0,0.0,10,0.0125,10,0.0125,0,0.0,0,0,0,0,0,0,4,-60.72205597681,0.0,0.1775564823654992,2.656040311099332,0.1168126485948789,0.2383003161361195,1.0935138418388963,2.656040311099332,Cold start no gate,Cold start,False,full_RL
122,96800,97600,800,-5.378611472462267,-4302.889177969813,-5.378611472462267,-4302.889177969813,0.0,0.0,16,0.02,16,0.02,0,0.0,0,0,0,0,0,0,5,-62.29995967135142,0.0,0.1708758829942075,2.461622458238253,0.1185728086656139,0.2231789573228011,1.1138835880880964,2.461622458238253,Cold start no gate,Cold start,False,full_RL
123,97600,98400,800,-5.063111621696907,-4050.489297357526,-5.063111621696907,-4050.489297357526,0.0,0.0,13,0.01625,13,0.01625,0,0.0,0,0,0,0,0,0,3,-58.202081273536805,0.0,0.1678632453741265,2.658309883500636,0.1137665962391845,0.2219598945090685,1.0742493782122442,2.658309883500636,Cold start no gate,Cold start,False,full_RL
124,98400,99200,800,-5.156755845778937,-4125.4046766231495,-5.156755845778937,-4125.4046766231495,0.0,0.0,14,0.0175,14,0.0175,0,0.0,0,0,0,0,0,0,6,-55.928947176861584,0.0,0.1700465203201971,2.6453468155098108,0.1166061475813791,0.2234868930590152,1.1120275876627557,2.6453468155098108,Cold start no gate,Cold start,False,full_RL
125,99200,100000,800,-5.247492821987376,-4197.994257589901,-5.247492821987376,-4197.994257589901,0.0,0.0,16,0.02,16,0.02,0,0.0,0,0,0,0,0,0,4,-67.85471776755514,0.0,0.1735743341910575,2.6846071517244923,0.116056651977342,0.231092016404773,1.0806115872183346,2.6846071517244923,Cold start no gate,Cold start,False,full_RL
126,100000,100800,800,-5.247050999436704,-4197.640799549363,-5.247050999436704,-4197.640799549363,0.0,0.0,12,0.015,12,0.015,0,0.0,0,0,0,0,0,0,5,-66.56046507838391,0.0,0.1680239268947594,2.5782433798677857,0.1165820028608836,0.2194658509286352,1.1008513519007388,2.5782433798677857,Cold start no gate,Cold start,False,full_RL
127,100800,101600,800,-5.174297881319997,-4139.438305055997,-5.174297881319997,-4139.438305055997,0.0,0.0,19,0.02375,19,0.02375,0,0.0,0,0,0,0,0,0,5,-61.946186268916,0.0,0.1683932736281863,2.547983572612281,0.1162052152889356,0.2205813319674371,1.0876290584965165,2.547983572612281,Cold start no gate,Cold start,False,full_RL
128,101600,102400,800,-5.361081204862785,-4288.864963890228,-5.361081204862785,-4288.864963890228,0.0,0.0,15,0.01875,15,0.01875,0,0.0,0,0,0,0,0,0,8,-69.63459284174121,0.0,0.1781469978888676,2.808274195788385,0.1175348850261991,0.2387591107515362,1.0888650387308307,2.808274195788385,Cold start no gate,Cold start,False,full_RL
129,102400,103200,800,-5.043588139106842,-4034.870511285474,-5.043588139106842,-4034.870511285474,0.0,0.0,15,0.01875,15,0.01875,0,0.0,0,0,0,0,0,0,5,-64.69304298683858,0.0,0.1711945969621119,2.711798229089027,0.1135664396755999,0.228822754248624,1.0717391100369311,2.711798229089027,Cold start no gate,Cold start,False,full_RL
130,103200,104000,800,-5.273662839495018,-4218.930271596015,-5.273662839495018,-4218.930271596015,0.0,0.0,17,0.02125,17,0.02125,0,0.0,0,0,0,0,0,0,5,-57.39343959667679,0.0,0.1751849268131739,2.7643293037320973,0.1162250355899401,0.2341448180364078,1.0969850373115704,2.7643293037320973,Cold start no gate,Cold start,False,full_RL
131,104000,104800,800,-5.111048787653856,-4088.8390301230847,-5.111048787653856,-4088.8390301230847,0.0,0.0,26,0.0325,26,0.0325,0,0.0,0,0,0,0,0,0,5,-67.31452578847131,0.0,0.1655872249123724,2.5502254556230923,0.1160093167269766,0.2151651330977681,1.082473743862535,2.5502254556230923,Cold start no gate,Cold start,False,full_RL
132,104800,105600,800,-5.28025002371392,-4224.200018971136,-5.28025002371392,-4224.200018971136,0.0,0.0,16,0.02,16,0.02,0,0.0,0,0,0,0,0,0,8,-61.697872941554806,0.0,0.1681729863136801,2.5451205506277006,0.1181726084111574,0.2181733642162028,1.1243282854360517,2.5451205506277006,Cold start no gate,Cold start,False,full_RL
133,105600,106400,800,-5.061999127055451,-4049.599301644361,-5.061999127055451,-4049.599301644361,0.0,0.0,12,0.015,12,0.015,0,0.0,0,0,0,0,0,0,6,-59.14178570593424,0.0,0.1633967179670156,2.542025040594581,0.116091130760395,0.2107023051736362,1.0962354381570951,2.542025040594581,Cold start no gate,Cold start,False,full_RL
134,106400,107200,800,-5.036699720809469,-4029.359776647575,-5.036699720809469,-4029.359776647575,0.0,0.0,14,0.0175,14,0.0175,0,0.0,0,0,0,0,0,0,4,-60.32942633186076,0.0,0.1665042103492216,2.608911772994304,0.1165767755492226,0.2164316451492206,1.0971619593014936,2.608911772994304,Cold start no gate,Cold start,False,full_RL
135,107200,108000,800,-5.051143802686612,-4040.9150421492895,-5.051143802686612,-4040.9150421492895,0.0,0.0,21,0.02625,21,0.02625,0,0.0,0,0,0,0,0,0,4,-66.34580112816263,0.0,0.1695868781009362,2.616162748926285,0.115039030578864,0.2241347256230083,1.0707066287918203,2.616162748926285,Cold start no gate,Cold start,False,full_RL
136,108000,108800,800,-4.995455158180096,-3996.364126544077,-4.995455158180096,-3996.364126544077,0.0,0.0,16,0.02,16,0.02,0,0.0,0,0,0,0,0,0,6,-63.141872307530775,0.0,0.1640943261815425,2.568846038670017,0.1154015841048446,0.2127870682582404,1.088156145088881,2.568846038670017,Cold start no gate,Cold start,False,full_RL
137,108800,109600,800,-4.952310615846073,-3961.8484926768574,-4.952310615846073,-3961.8484926768574,0.0,0.0,16,0.02,16,0.02,0,0.0,0,0,0,0,0,0,4,-56.80761090475369,0.0,0.1678853111156417,2.6512855965823974,0.1149226999464005,0.2208479222848829,1.089505490606935,2.6512855965823974,Cold start no gate,Cold start,False,full_RL
138,109600,110400,800,-4.949299107614269,-3959.439286091416,-4.949299107614269,-3959.439286091416,0.0,0.0,14,0.0175,14,0.0175,0,0.0,0,0,0,0,0,0,4,-61.717821077126246,0.0,0.1644608429825181,2.566105597615035,0.1132033146485182,0.2157183713165179,1.0805580781248252,2.566105597615035,Cold start no gate,Cold start,False,full_RL
139,110400,111200,800,-5.053355494898912,-4042.684395919129,-5.053355494898912,-4042.684395919129,0.0,0.0,10,0.0125,10,0.0125,0,0.0,0,0,0,0,0,0,4,-57.1080550722412,0.0,0.1720491931093841,2.6812959820181845,0.1154290854364702,0.228669300782298,1.0774889426355387,2.6812959820181845,Cold start no gate,Cold start,False,full_RL
140,111200,112000,800,-4.837076926855612,-3869.66154148449,-4.837076926855612,-3869.66154148449,0.0,0.0,9,0.01125,9,0.01125,0,0.0,0,0,0,0,0,0,5,-59.63957665359908,0.0,0.1680661332134059,2.663134259470496,0.1129762875124853,0.2231559789143265,1.0728199115453916,2.663134259470496,Cold start no gate,Cold start,False,full_RL
141,112000,112800,800,-5.122140338368739,-4097.712270694991,-5.122140338368739,-4097.712270694991,0.0,0.0,11,0.01375,11,0.01375,0,0.0,0,0,0,0,0,0,4,-61.81892963681594,0.0,0.1686279182885724,2.5544509767764225,0.1186529209062889,0.2186029156708559,1.1188218147689892,2.5544509767764225,Cold start no gate,Cold start,False,full_RL
142,112800,113600,800,-4.928901089098571,-3943.1208712788566,-4.928901089098571,-3943.1208712788566,0.0,0.0,24,0.03,24,0.03,0,0.0,0,0,0,0,0,0,6,-60.730076490028864,0.0,0.169360636877399,2.761058907537631,0.1148894563762698,0.2238318173785282,1.0859009327892255,2.761058907537631,Cold start no gate,Cold start,False,full_RL
143,113600,114400,800,-4.939129261822518,-3951.3034094580144,-4.939129261822518,-3951.3034094580144,0.0,0.0,20,0.025,20,0.025,0,0.0,0,0,0,0,0,0,4,-67.66318682088831,0.0,0.1635963048452338,2.455394911762653,0.1151508384894314,0.2120417712010361,1.0847516343544084,2.455394911762653,Cold start no gate,Cold start,False,full_RL
144,114400,115200,800,-4.9472646231943,-3957.81169855544,-4.9472646231943,-3957.81169855544,0.0,0.0,10,0.0125,10,0.0125,0,0.0,0,0,0,0,0,0,3,-68.45858336369065,0.0,0.1680302468201709,2.587304210993977,0.1145294811567796,0.2215310124835623,1.0787349722547457,2.587304210993977,Cold start no gate,Cold start,False,full_RL
145,115200,116000,800,-4.751410873475511,-3801.1286987804087,-4.751410873475511,-3801.1286987804087,0.0,0.0,15,0.01875,15,0.01875,0,0.0,0,0,0,0,0,0,4,-61.06050961716744,0.0,0.1639169584882108,2.6443879717957657,0.1131628870544309,0.2146710299219908,1.074065177097332,2.6443879717957657,Cold start no gate,Cold start,False,full_RL
146,116000,116800,800,-4.930484948977688,-3944.387959182151,-4.930484948977688,-3944.387959182151,0.0,0.0,22,0.0275,22,0.0275,0,0.0,0,0,0,0,0,0,4,-63.56525515884448,0.0,0.1686862024600417,2.601785209461468,0.114520962335126,0.2228514425849573,1.0820338927840705,2.601785209461468,Cold start no gate,Cold start,False,full_RL
147,116800,117600,800,-4.738572139351247,-3790.8577114809978,-4.738572139351247,-3790.8577114809978,0.0,0.0,18,0.0225,18,0.0225,0,0.0,0,0,0,0,0,0,4,-66.30718459663319,0.0,0.1638906475972534,2.5288857495242496,0.1125449390637579,0.2152363561307488,1.0769989071560393,2.5288857495242496,Cold start no gate,Cold start,False,full_RL
148,117600,118400,800,-4.934266468419478,-3947.413174735583,-4.934266468419478,-3947.413174735583,0.0,0.0,7,0.00875,7,0.00875,0,0.0,0,0,0,0,0,0,4,-59.66758643470325,0.0,0.1692833598411632,2.667361646095628,0.1149647911959542,0.2236019284863721,1.0882897525068418,2.667361646095628,Cold start no gate,Cold start,False,full_RL
149,118400,119200,800,-4.716911134711604,-3773.5289077692833,-4.716911134711604,-3773.5289077692833,0.0,0.0,14,0.0175,14,0.0175,0,0.0,0,0,0,0,0,0,4,-67.51261439843017,0.0,0.1579747683508392,2.451429897494336,0.113380181269266,0.2025693554324123,1.1007338451060558,2.451429897494336,Cold start no gate,Cold start,False,full_RL
150,119200,120000,800,-4.789965138318936,-3831.972110655148,-4.789965138318936,-3831.972110655148,0.0,0.0,23,0.02875,23,0.02875,0,0.0,0,0,0,0,0,0,5,-64.04101471469517,0.0,0.16736123671078,2.6733662441893102,0.1121387737427448,0.2225836996788152,1.0877467180933178,2.6733662441893102,Cold start no gate,Cold start,False,full_RL
151,120000,120800,800,-4.655242513935117,-3724.1940111480935,-4.655242513935117,-3724.1940111480935,0.0,0.0,16,0.02,16,0.02,0,0.0,0,0,0,0,0,0,4,-61.81110810545954,0.0,0.164420147326806,2.637041775933085,0.1112857796243445,0.2175545150292674,1.0597712757956166,2.637041775933085,Cold start no gate,Cold start,False,full_RL
152,120800,121600,800,-4.869427316156109,-3895.5418529248873,-4.869427316156109,-3895.5418529248873,0.0,0.0,16,0.02,16,0.02,0,0.0,0,0,0,0,0,0,4,-63.28876716113734,0.0,0.1651635402622346,2.519344204150684,0.1153923226262921,0.2149347578981771,1.111589646831166,2.519344204150684,Cold start no gate,Cold start,False,full_RL
153,121600,122400,800,-4.760476761846692,-3808.381409477354,-4.760476761846692,-3808.381409477354,0.0,0.0,18,0.0225,18,0.0225,0,0.0,0,0,0,0,0,0,5,-69.3518755317865,0.0,0.1637230625655387,2.633522934010159,0.1139965203329314,0.2134496047981461,1.1000979859728337,2.633522934010159,Cold start no gate,Cold start,False,full_RL
154,122400,123200,800,-4.769091754902218,-3815.2734039217744,-4.769091754902218,-3815.2734039217744,0.0,0.0,16,0.02,16,0.02,0,0.0,0,0,0,0,0,0,6,-64.3289080360546,0.0,0.1647865324222563,2.611770787870114,0.1136518866839071,0.2159211781606055,1.080740968814777,2.611770787870114,Cold start no gate,Cold start,False,full_RL
155,123200,124000,800,-4.699929770441884,-3759.943816353507,-4.699929770441884,-3759.943816353507,0.0,0.0,26,0.0325,26,0.0325,0,0.0,0,0,0,0,0,0,5,-64.65648050195489,0.0,0.163355150035159,2.591976160128354,0.1128668602153019,0.213843439855016,1.0588396090456773,2.591976160128354,Cold start no gate,Cold start,False,full_RL
156,124000,124800,800,-4.641538719265607,-3713.230975412485,-4.641538719265607,-3713.230975412485,0.0,0.0,21,0.02625,21,0.02625,0,0.0,0,0,0,0,0,0,3,-63.171378109716784,0.0,0.1639221359378257,2.630830184340766,0.1119843165300855,0.2158599553455658,1.0614533080678226,2.630830184340766,Cold start no gate,Cold start,False,full_RL
157,124800,125600,800,-4.799789665925385,-3839.831732740308,-4.799789665925385,-3839.831732740308,0.0,0.0,25,0.03125,25,0.03125,0,0.0,0,0,0,0,0,0,4,-69.07165520230535,0.0,0.1613325858264534,2.504599188221789,0.1171427736692626,0.2055223979836442,1.1093528526890206,2.504599188221789,Cold start no gate,Cold start,False,full_RL
158,125600,126400,800,-4.869891630912153,-3895.9133047297214,-4.869891630912153,-3895.9133047297214,0.0,0.0,15,0.01875,15,0.01875,0,0.0,0,0,0,0,0,0,4,-60.67193411583981,0.0,0.1663579494908213,2.58430431194995,0.1165660125286809,0.2161498864529616,1.0996409773611138,2.58430431194995,Cold start no gate,Cold start,False,full_RL
159,126400,127200,800,-4.883855845755906,-3907.084676604725,-4.883855845755906,-3907.084676604725,0.0,0.0,27,0.03375,27,0.03375,0,0.0,0,0,0,0,0,0,3,-64.98734230271043,0.0,0.1640997711113969,2.4987702012059003,0.1169975485566019,0.2112019936661918,1.0924873325766646,2.4987702012059003,Cold start no gate,Cold start,False,full_RL
160,127200,128000,800,-4.560844447721393,-3648.6755581771145,-4.560844447721393,-3648.6755581771145,0.0,0.0,17,0.02125,17,0.02125,0,0.0,0,0,0,0,0,0,4,-64.54459671999348,0.0,0.1666149717449541,2.8002398350413955,0.1102171494689824,0.2230127940209257,1.0495573509445726,2.8002398350413955,Cold start no gate,Cold start,False,full_RL
161,128000,128800,800,-4.7811365837017945,-3824.909266961436,-4.7811365837017945,-3824.909266961436,0.0,0.0,13,0.01625,13,0.01625,0,0.0,0,0,0,0,0,0,4,-67.20220218011627,0.0,0.16830865863389,2.6275763965730903,0.1154400244511406,0.2211772928166394,1.0832590298867677,2.6275763965730903,Cold start no gate,Cold start,False,full_RL
162,128800,129600,800,-4.688492955682611,-3750.794364546089,-4.688492955682611,-3750.794364546089,0.0,0.0,18,0.0225,18,0.0225,0,0.0,0,0,0,0,0,0,4,-62.53328675171019,0.0,0.1664576906946705,2.616532863882867,0.1134953253226607,0.2194200560666804,1.066702531463997,2.616532863882867,Cold start no gate,Cold start,False,full_RL
163,129600,130400,800,-4.79250416483008,-3834.003331864064,-4.79250416483008,-3834.003331864064,0.0,0.0,13,0.01625,13,0.01625,0,0.0,0,0,0,0,0,0,5,-61.21881745631492,0.0,0.1665434133677615,2.649947083246161,0.1152244580948324,0.2178623686406907,1.0919255571409674,2.649947083246161,Cold start no gate,Cold start,False,full_RL
164,130400,131200,800,-4.500149966884378,-3600.1199735075024,-4.500149966884378,-3600.1199735075024,0.0,0.0,11,0.01375,11,0.01375,0,0.0,0,0,0,0,0,0,5,-66.67770000258145,0.0,0.1600883119059702,2.477599912488415,0.1119167590044856,0.2082598648074548,1.061150813956119,2.477599912488415,Cold start no gate,Cold start,False,full_RL
165,131200,132000,800,-4.681943018001849,-3745.55441440148,-4.681943018001849,-3745.55441440148,0.0,0.0,13,0.01625,13,0.01625,0,0.0,0,0,0,0,0,0,4,-62.33940610501111,0.0,0.1621509667696566,2.5628758121420105,0.1149459405321056,0.2093559930072077,1.102308330903874,2.5628758121420105,Cold start no gate,Cold start,False,full_RL
166,132000,132800,800,-4.68690418982113,-3749.523351856904,-4.68690418982113,-3749.523351856904,0.0,0.0,23,0.02875,23,0.02875,0,0.0,0,0,0,0,0,0,4,-62.78253055904895,0.0,0.1644416032676544,2.654562671699921,0.1136188658068664,0.2152643407284424,1.0725250203309191,2.654562671699921,Cold start no gate,Cold start,False,full_RL
167,132800,133600,800,-4.760528885074681,-3808.4231080597447,-4.760528885074681,-3808.4231080597447,0.0,0.0,16,0.02,16,0.02,0,0.0,0,0,0,0,0,0,5,-63.56370923748341,0.0,0.1610810140650909,2.493938983139799,0.1156368373563155,0.2065251907738662,1.099078764802926,2.493938983139799,Cold start no gate,Cold start,False,full_RL
168,133600,134400,800,-4.703240519700411,-3762.592415760329,-4.703240519700411,-3762.592415760329,0.0,0.0,11,0.01375,11,0.01375,0,0.0,0,0,0,0,0,0,5,-67.88412327440119,0.0,0.1644507841597764,2.640461049141664,0.1147126854132934,0.2141888829062594,1.0874206408380345,2.640461049141664,Cold start no gate,Cold start,False,full_RL
169,134400,135200,800,-4.701542773332726,-3761.234218666181,-4.701542773332726,-3761.234218666181,0.0,0.0,13,0.01625,13,0.01625,0,0.0,0,0,0,0,0,0,5,-64.08847098263766,0.0,0.1593979459332353,2.5026682691181463,0.1160191372791803,0.2027767545872903,1.0847081054114596,2.5026682691181463,Cold start no gate,Cold start,False,full_RL
170,135200,136000,800,-4.546384050940735,-3637.107240752588,-4.546384050940735,-3637.107240752588,0.0,0.0,18,0.0225,18,0.0225,0,0.0,0,0,0,0,0,0,4,-66.54722359914683,0.0,0.1618862031471875,2.564377124884288,0.112878137263507,0.210894269030868,1.067178914964356,2.564377124884288,Cold start no gate,Cold start,False,full_RL
171,136000,136800,800,-4.67027255679639,-3736.218045437112,-4.67027255679639,-3736.218045437112,0.0,0.0,22,0.0275,22,0.0275,0,0.0,0,0,0,0,0,0,3,-66.29987114148457,0.0,0.1636399483692888,2.520192329206509,0.1143643203448552,0.2129155763937223,1.0752301005811875,2.520192329206509,Cold start no gate,Cold start,False,full_RL
172,136800,137600,800,-4.63160702141335,-3705.28561713068,-4.63160702141335,-3705.28561713068,0.0,0.0,11,0.01375,11,0.01375,0,0.0,0,0,0,0,0,0,5,-65.38560029500445,0.0,0.1619558153469324,2.5276511299539948,0.1147610645269155,0.2091505661669493,1.0938004602396592,2.5276511299539948,Cold start no gate,Cold start,False,full_RL
173,137600,138400,800,-4.52223756286244,-3617.790050289952,-4.52223756286244,-3617.790050289952,0.0,0.0,10,0.0125,10,0.0125,0,0.0,0,0,0,0,0,0,4,-60.37121537825624,0.0,0.1636038974574411,2.592358158003151,0.1126902147961017,0.2145175801187805,1.0615702257168684,2.592358158003151,Cold start no gate,Cold start,False,full_RL
174,138400,139200,800,-4.531937829169919,-3625.550263335935,-4.531937829169919,-3625.550263335935,0.0,0.0,21,0.02625,21,0.02625,0,0.0,0,0,0,0,0,0,5,-60.45525377524905,0.0,0.1621304513837892,2.608438780160384,0.1132913856766914,0.210969517090887,1.0864704208255884,2.608438780160384,Cold start no gate,Cold start,False,full_RL
175,139200,140000,800,-4.704039317555668,-3763.231454044534,-4.704039317555668,-3763.231454044534,0.0,0.0,17,0.02125,17,0.02125,0,0.0,0,0,0,0,0,0,4,-64.31856869616706,0.0,0.163528945958599,2.627912853377836,0.1159958166734272,0.2110620752437707,1.0895266644412618,2.627912853377836,Cold start no gate,Cold start,False,full_RL
176,140000,140800,800,-4.498144359938841,-3598.515487951073,-4.498144359938841,-3598.515487951073,0.0,0.0,15,0.01875,15,0.01875,0,0.0,0,0,0,0,0,0,5,-66.80027529821939,0.0,0.1582421588738324,2.5101868565230347,0.1136939686936156,0.2027903490540491,1.0720872401935462,2.5101868565230347,Cold start no gate,Cold start,False,full_RL
177,140800,141600,800,-4.498213195190308,-3598.5705561522464,-4.498213195190308,-3598.5705561522464,0.0,0.0,16,0.02,16,0.02,0,0.0,0,0,0,0,0,0,3,-64.05406102126835,0.0,0.1598133173577401,2.5161313517899657,0.1137944686533847,0.2058321660620954,1.0768973232222891,2.5161313517899657,Cold start no gate,Cold start,False,full_RL
178,141600,142400,800,-4.538065551970156,-3630.452441576125,-4.538065551970156,-3630.452441576125,0.0,0.0,18,0.0225,18,0.0225,0,0.0,0,0,0,0,0,0,3,-69.98839302781903,0.0,0.1608124577742578,2.548077606317065,0.1136648805995434,0.2079600349489722,1.0850579878085962,2.548077606317065,Cold start no gate,Cold start,False,full_RL
179,142400,143200,800,-4.550385801584328,-3640.3086412674634,-4.550385801584328,-3640.3086412674634,0.0,0.0,18,0.0225,18,0.0225,0,0.0,0,0,0,0,0,0,5,-57.56144047973703,0.0,0.1626291207747001,2.614305798208477,0.1137414000833644,0.2115168414660359,1.082415451851555,2.614305798208477,Cold start no gate,Cold start,False,full_RL
180,143200,144000,800,-4.385657748770422,-3508.526199016337,-4.385657748770422,-3508.526199016337,0.0,0.0,27,0.03375,27,0.03375,0,0.0,0,0,0,0,0,0,3,-66.23634223507815,0.0,0.1583135643260157,2.531673370495355,0.1107808924326441,0.2058462362193872,1.0627891893466228,2.531673370495355,Cold start no gate,Cold start,False,full_RL
181,144000,144800,800,-4.504656927096724,-3603.7255416773783,-4.504656927096724,-3603.7255416773783,0.0,0.0,16,0.02,16,0.02,0,0.0,0,0,0,0,0,0,3,-62.1753576603445,0.0,0.1604773435518306,2.523986939691383,0.1134773486343832,0.2074773384692781,1.075374398707328,2.523986939691383,Cold start no gate,Cold start,False,full_RL
182,144800,145600,800,-4.389792297611741,-3511.833838089393,-4.389792297611741,-3511.833838089393,0.0,0.0,22,0.0275,22,0.0275,0,0.0,0,0,0,0,0,0,5,-53.18112416994467,0.0,0.1569715885365419,2.5547318794001512,0.1120916351287179,0.2018515419443658,1.072094005174352,2.5547318794001512,Cold start no gate,Cold start,False,full_RL
183,145600,146400,800,-4.436739400979021,-3549.391520783217,-4.436739400979021,-3549.391520783217,0.0,0.0,11,0.01375,11,0.01375,0,0.0,0,0,0,0,0,0,5,-67.17162956087543,0.0,0.1627161631001874,2.6346397196907674,0.112394336173685,0.2130379900266899,1.072634093519322,2.6346397196907674,Cold start no gate,Cold start,False,full_RL
184,146400,147200,800,-4.498458320235586,-3598.766656188469,-4.498458320235586,-3598.766656188469,0.0,0.0,13,0.01625,13,0.01625,0,0.0,0,0,0,0,0,0,5,-54.63309892357756,0.0,0.1600310695595163,2.6694515406970254,0.1139344030300263,0.2061277360890063,1.0871467067218856,2.6694515406970254,Cold start no gate,Cold start,False,full_RL
185,147200,148000,800,-4.366442481494145,-3493.153985195316,-4.366442481494145,-3493.153985195316,0.0,0.0,19,0.02375,19,0.02375,0,0.0,0,0,0,0,0,0,5,-59.19146172412502,0.0,0.157583409482715,2.5331379419465634,0.1125404533194088,0.2026263656460211,1.076400263638762,2.5331379419465634,Cold start no gate,Cold start,False,full_RL
186,148000,148800,800,-4.615026191799817,-3692.020953439854,-4.615026191799817,-3692.020953439854,0.0,0.0,21,0.02625,21,0.02625,0,0.0,0,0,0,0,0,0,4,-64.75270300021577,0.0,0.1688223684209363,2.7018502542671854,0.1156498811637943,0.2219948556780784,1.0945502659013155,2.7018502542671854,Cold start no gate,Cold start,False,full_RL
187,148800,149600,800,-4.423975400436085,-3539.180320348868,-4.423975400436085,-3539.180320348868,0.0,0.0,20,0.025,20,0.025,0,0.0,0,0,0,0,0,0,5,-66.00924908364607,0.0,0.1628525889266378,2.599211719554148,0.1128384402922092,0.2128667375610663,1.079490300677104,2.599211719554148,Cold start no gate,Cold start,False,full_RL
188,149600,150400,800,-4.503444039855704,-3602.755231884563,-4.503444039855704,-3602.755231884563,0.0,0.0,22,0.0275,22,0.0275,0,0.0,0,0,0,0,0,0,6,-60.636839531786336,0.0,0.1611475192221586,2.5584141025037184,0.1139033876090429,0.2083916508352743,1.07698131018884,2.5584141025037184,Cold start no gate,Cold start,False,full_RL
189,150400,151200,800,-4.282317503292159,-3425.854002633727,-4.282317503292159,-3425.854002633727,0.0,0.0,16,0.02,16,0.02,0,0.0,0,0,0,0,0,0,5,-57.54674905544039,0.0,0.1631559610073234,2.641920598828108,0.1103891364870044,0.2159227855276425,1.0695595272851477,2.641920598828108,Cold start no gate,Cold start,False,full_RL
190,151200,152000,800,-4.574986093410976,-3659.988874728781,-4.574986093410976,-3659.988874728781,0.0,0.0,10,0.0125,10,0.0125,0,0.0,0,0,0,0,0,0,5,-60.5392928472545,0.0,0.1608591036149444,2.5565329801619896,0.1154097985603383,0.2063084086695505,1.0954868796529311,2.5565329801619896,Cold start no gate,Cold start,False,full_RL
191,152000,152800,800,-4.6936881086113775,-3754.950486889102,-4.6936881086113775,-3754.950486889102,0.0,0.0,12,0.015,12,0.015,0,0.0,0,0,0,0,0,0,5,-64.29052983198619,0.0,0.163931214819944,2.632867347818092,0.1177331734550067,0.2101292561848813,1.1079989016238456,2.632867347818092,Cold start no gate,Cold start,False,full_RL
192,152800,153600,800,-4.4898744695244455,-3591.8995756195563,-4.4898744695244455,-3591.8995756195563,0.0,0.0,15,0.01875,15,0.01875,0,0.0,0,0,0,0,0,0,5,-63.68155289516187,0.0,0.1615134202930161,2.5298586546666684,0.1154480724068443,0.2075787681791878,1.094511725437537,2.5298586546666684,Cold start no gate,Cold start,False,full_RL
193,153600,154400,800,-4.414302524722851,-3531.4420197782806,-4.414302524722851,-3531.4420197782806,0.0,0.0,13,0.01625,13,0.01625,0,0.0,0,0,0,0,0,0,5,-66.98820197360499,0.0,0.1581637569365249,2.515415331353438,0.114133657534054,0.2021938563389959,1.0725266247587206,2.515415331353438,Cold start no gate,Cold start,False,full_RL
194,154400,155200,800,-4.428596762165268,-3542.877409732214,-4.428596762165268,-3542.877409732214,0.0,0.0,13,0.01625,13,0.01625,0,0.0,0,0,0,0,0,0,5,-60.91344845332924,0.0,0.1606673962155888,2.5965371384180003,0.1140270884170431,0.2073077040141345,1.083743111297054,2.5965371384180003,Cold start no gate,Cold start,False,full_RL
195,155200,156000,800,-4.56441317953348,-3651.530543626784,-4.56441317953348,-3651.530543626784,0.0,0.0,14,0.0175,14,0.0175,0,0.0,0,0,0,0,0,0,4,-61.83231841954341,0.0,0.1630738607225109,2.6293999430405397,0.1156615124762628,0.210486208968759,1.0931711268392674,2.6293999430405397,Cold start no gate,Cold start,False,full_RL
196,156000,156800,800,-4.356605303473904,-3485.284242779123,-4.356605303473904,-3485.284242779123,0.0,0.0,13,0.01625,13,0.01625,0,0.0,0,0,0,0,0,0,4,-65.49925804236113,0.0,0.1613779586912616,2.6724711479164966,0.113171403884492,0.2095845134980311,1.0764101608796248,2.6724711479164966,Cold start no gate,Cold start,False,full_RL
197,156800,157600,800,-4.443060698945095,-3554.448559156076,-4.443060698945095,-3554.448559156076,0.0,0.0,12,0.015,12,0.015,0,0.0,0,0,0,0,0,0,3,-65.66432089655916,0.0,0.1633418145926146,2.595665386799965,0.114920007476781,0.2117636217084482,1.085598790098922,2.595665386799965,Cold start no gate,Cold start,False,full_RL
198,157600,158400,800,-4.4083338963705225,-3526.667117096418,-4.4083338963705225,-3526.667117096418,0.0,0.0,12,0.015,12,0.015,0,0.0,0,0,0,0,0,0,5,-62.32382742269181,0.0,0.1600805618855894,2.57851455935986,0.1143387014484577,0.2058224223227211,1.0848880423443643,2.57851455935986,Cold start no gate,Cold start,False,full_RL
199,158400,159200,800,-4.322894531398024,-3458.31562511842,-4.322894531398024,-3458.31562511842,0.0,0.0,16,0.02,16,0.02,0,0.0,0,0,0,0,0,0,6,-59.99952260220152,0.0,0.1581261292220828,2.577917019345932,0.1129411971288045,0.2033110613153611,1.0705518416101871,2.577917019345932,Cold start no gate,Cold start,False,full_RL
200,159200,160000,800,-4.461270221292181,-3569.0161770337445,-4.461270221292181,-3569.0161770337445,0.0,0.0,20,0.025,20,0.025,0,0.0,0,0,0,0,0,0,5,-57.3425665286436,0.0,0.1595321778900919,2.458004670189382,0.1157804968869866,0.2032838588931972,1.1066110449646973,2.458004670189382,Cold start no gate,Cold start,False,full_RL
201,160000,160800,800,-4.477883871384233,-3582.307097107386,-4.477883871384233,-3582.307097107386,0.0,0.0,19,0.02375,19,0.02375,0,0.0,0,0,0,0,0,0,5,-59.02591655117271,0.0,0.1605670294041992,2.5417244214497146,0.1152834269189821,0.2058506318894163,1.0938283503338693,2.5417244214497146,Cold start no gate,Cold start,False,full_RL
202,160800,161600,800,-4.315648696968117,-3452.518957574494,-4.315648696968117,-3452.518957574494,0.0,0.0,16,0.02,16,0.02,0,0.0,0,0,0,0,0,0,5,-62.33771608859422,0.0,0.1609572851539292,2.6390922931039427,0.112730533309744,0.2091840369981143,1.0768638763621294,2.6390922931039427,Cold start no gate,Cold start,False,full_RL
203,161600,162400,800,-4.46628597691582,-3573.0287815326565,-4.46628597691582,-3573.0287815326565,0.0,0.0,11,0.01375,11,0.01375,0,0.0,0,0,0,0,0,0,4,-59.253157054780445,0.0,0.1610702435316916,2.5673304733247164,0.1154507405898012,0.206689746473582,1.092833087285802,2.5673304733247164,Cold start no gate,Cold start,False,full_RL
204,162400,163200,800,-4.221420922408359,-3377.1367379266867,-4.221420922408359,-3377.1367379266867,0.0,0.0,11,0.01375,11,0.01375,0,0.0,0,0,0,0,0,0,5,-64.9958124208132,0.0,0.1572860400215818,2.554703887675828,0.111961855108901,0.2026102249342626,1.0695991197632302,2.554703887675828,Cold start no gate,Cold start,False,full_RL
205,163200,164000,800,-4.465502220595053,-3572.401776476043,-4.465502220595053,-3572.401776476043,0.0,0.0,20,0.025,20,0.025,0,0.0,0,0,0,0,0,0,4,-63.130896031754105,0.0,0.1608983900308109,2.601290939109901,0.1157500013981937,0.2060467786634281,1.095415091434686,2.601290939109901,Cold start no gate,Cold start,False,full_RL
206,164000,164800,800,-4.341469259682951,-3473.1754077463606,-4.341469259682951,-3473.1754077463606,0.0,0.0,13,0.01625,13,0.01625,0,0.0,0,0,0,0,0,0,4,-65.00055126708196,0.0,0.1585760985330475,2.542578990823017,0.1143825752513014,0.2027696218147936,1.0951222629375734,2.542578990823017,Cold start no gate,Cold start,False,full_RL
207,164800,165600,800,-4.347163393689539,-3477.730714951631,-4.347163393689539,-3477.730714951631,0.0,0.0,15,0.01875,15,0.01875,0,0.0,0,0,0,0,0,0,6,-59.734600176117056,0.0,0.1606798814974902,2.60722600114849,0.1136131231228416,0.2077466398721387,1.0821112070884906,2.60722600114849,Cold start no gate,Cold start,False,full_RL
208,165600,166400,800,-4.383278156149112,-3506.62252491929,-4.383278156149112,-3506.62252491929,0.0,0.0,21,0.02625,21,0.02625,0,0.0,0,0,0,0,0,0,5,-65.3855995856344,0.0,0.1612695504607781,2.574872678086706,0.1140611885897568,0.2084779123317995,1.0820565404650204,2.574872678086706,Cold start no gate,Cold start,False,full_RL
209,166400,167200,800,-4.321668063286669,-3457.334450629335,-4.321668063286669,-3457.334450629335,0.0,0.0,7,0.00875,7,0.00875,0,0.0,0,0,0,0,0,0,4,-61.43162124172625,0.0,0.1579352157327687,2.5169639515220297,0.113695588385465,0.2021748430800724,1.0804578712123205,2.5169639515220297,Cold start no gate,Cold start,False,full_RL
210,167200,168000,800,-4.214532672877827,-3371.626138302262,-4.214532672877827,-3371.626138302262,0.0,0.0,23,0.02875,23,0.02875,0,0.0,0,0,0,0,0,0,4,-61.99656439551768,0.0,0.1610899954881772,2.615881964558298,0.1120613279421258,0.2101186630342286,1.069133448570796,2.615881964558298,Cold start no gate,Cold start,False,full_RL
211,168000,168800,800,-4.281934663179514,-3425.547730543611,-4.281934663179514,-3425.547730543611,0.0,0.0,20,0.025,20,0.025,0,0.0,0,0,0,0,0,0,3,-60.50071421159112,0.0,0.1567331213439391,2.508222688012154,0.1135301561618311,0.1999360865260472,1.0838821456624648,2.508222688012154,Cold start no gate,Cold start,False,full_RL
212,168800,169600,800,-4.2936097078314255,-3434.8877662651403,-4.2936097078314255,-3434.8877662651403,0.0,0.0,14,0.0175,14,0.0175,0,0.0,0,0,0,0,0,0,4,-60.81969765426743,0.0,0.1594569442548787,2.579823506861885,0.1131810481097541,0.2057328404000032,1.08279892709922,2.579823506861885,Cold start no gate,Cold start,False,full_RL
213,169600,170400,800,-4.230053213576889,-3384.042570861512,-4.230053213576889,-3384.042570861512,0.0,0.0,16,0.02,16,0.02,0,0.0,0,0,0,0,0,0,4,-61.20751168005052,0.0,0.1597061126008302,2.602286793665712,0.1126365944226215,0.2067756307790389,1.0769937467482549,2.602286793665712,Cold start no gate,Cold start,False,full_RL
214,170400,171200,800,-4.223290128067765,-3378.632102454212,-4.223290128067765,-3378.632102454212,0.0,0.0,26,0.0325,26,0.0325,0,0.0,0,0,0,0,0,0,5,-66.40579386117656,0.0,0.1590607732572942,2.584402153576832,0.1129048281971514,0.205216718317437,1.0709782599631257,2.584402153576832,Cold start no gate,Cold start,False,full_RL
215,171200,172000,800,-4.399209718325122,-3519.367774660098,-4.399209718325122,-3519.367774660098,0.0,0.0,14,0.0175,14,0.0175,0,0.0,0,0,0,0,0,0,5,-63.25595422001561,0.0,0.1611008757277513,2.6084330618867284,0.115379277431147,0.2068224740243556,1.100278938183168,2.6084330618867284,Cold start no gate,Cold start,False,full_RL
216,172000,172800,800,-4.251673189275019,-3401.3385514200154,-4.251673189275019,-3401.3385514200154,0.0,0.0,8,0.01,8,0.01,0,0.0,0,0,0,0,0,0,4,-63.92208078001727,0.0,0.1590994539359006,2.599677876272608,0.1133660410489823,0.2048328668228189,1.078305427919568,2.599677876272608,Cold start no gate,Cold start,False,full_RL
217,172800,173600,800,-4.231445342849273,-3385.1562742794185,-4.231445342849273,-3385.1562742794185,0.0,0.0,21,0.02625,21,0.02625,0,0.0,0,0,0,0,0,0,5,-64.98598156901983,0.0,0.1582137272185867,2.549222132457146,0.1133317387659169,0.2030957156712566,1.0740682696721304,2.549222132457146,Cold start no gate,Cold start,False,full_RL
218,173600,174400,800,-4.363196131013094,-3490.5569048104758,-4.363196131013094,-3490.5569048104758,0.0,0.0,15,0.01875,15,0.01875,0,0.0,0,0,0,0,0,0,5,-63.56113993278177,0.0,0.1595941042955998,2.581130725592232,0.1156296584556668,0.2035585501355329,1.0935546544686503,2.581130725592232,Cold start no gate,Cold start,False,full_RL
219,174400,175200,800,-4.305285167576399,-3444.228134061119,-4.305285167576399,-3444.228134061119,0.0,0.0,11,0.01375,11,0.01375,0,0.0,0,0,0,0,0,0,5,-63.46974599869418,0.0,0.1557696166152503,2.5246123355530017,0.1145957215065625,0.1969435117239381,1.0876909620355586,2.5246123355530017,Cold start no gate,Cold start,False,full_RL
220,175200,176000,800,-4.36434289765416,-3491.474318123328,-4.36434289765416,-3491.474318123328,0.0,0.0,18,0.0225,18,0.0225,0,0.0,0,0,0,0,0,0,5,-62.44266410178364,0.0,0.16303286014602,2.6234705263982505,0.1149035672618287,0.2111621530302113,1.0927745130920266,2.6234705263982505,Cold start no gate,Cold start,False,full_RL
221,176000,176800,800,-4.294136982553176,-3435.309586042541,-4.294136982553176,-3435.309586042541,0.0,0.0,14,0.0175,14,0.0175,0,0.0,0,0,0,0,0,0,4,-63.044024484075976,0.0,0.1585304888725106,2.554972292672573,0.1145449086231798,0.2025160691218413,1.0855177138097196,2.554972292672573,Cold start no gate,Cold start,False,full_RL
222,176800,177600,800,-4.219933449577775,-3375.94675966222,-4.219933449577775,-3375.94675966222,0.0,0.0,22,0.0275,22,0.0275,0,0.0,0,0,0,0,0,0,4,-62.33349868632615,0.0,0.1561711844186124,2.523799649819693,0.1142093573491417,0.1981330114880831,1.076853596679785,2.523799649819693,Cold start no gate,Cold start,False,full_RL
223,177600,178400,800,-4.22856114676841,-3382.848917414728,-4.22856114676841,-3382.848917414728,0.0,0.0,15,0.01875,15,0.01875,0,0.0,0,0,0,0,0,0,4,-66.01647123376699,0.0,0.1562971213757092,2.515414879865375,0.1142859165400565,0.1983083262113619,1.0792802803947423,2.515414879865375,Cold start no gate,Cold start,False,full_RL
224,178400,179200,800,-4.202271429896416,-3361.8171439171324,-4.202271429896416,-3361.8171439171324,0.0,0.0,12,0.015,12,0.015,0,0.0,0,0,0,0,0,0,5,-64.66747183108191,0.0,0.1574583510422356,2.5261286090289445,0.1134229282343246,0.2014937738501467,1.0800136356233825,2.5261286090289445,Cold start no gate,Cold start,False,full_RL
225,179200,180000,800,-4.209303035883709,-3367.442428706967,-4.209303035883709,-3367.442428706967,0.0,0.0,33,0.04125,33,0.04125,0,0.0,0,0,0,0,0,0,5,-60.78050028757673,0.0,0.1587097753996048,2.559023802481761,0.1133862759860542,0.2040332748131554,1.0761702896486756,2.559023802481761,Cold start no gate,Cold start,False,full_RL
226,180000,180800,800,-4.166894249432355,-3333.515399545884,-4.166894249432355,-3333.515399545884,0.0,0.0,6,0.0075,6,0.0075,0,0.0,0,0,0,0,0,0,5,-59.38510276554507,0.0,0.1556397916045839,2.5172060926104223,0.113294170741275,0.1979854124678928,1.0790898498735566,2.5172060926104223,Cold start no gate,Cold start,False,full_RL
227,180800,181600,800,-4.253413131488496,-3402.7305051907965,-4.253413131488496,-3402.7305051907965,0.0,0.0,10,0.0125,10,0.0125,0,0.0,0,0,0,0,0,0,4,-65.26102782513613,0.0,0.1607195409443258,2.621422282063122,0.1142530153222849,0.2071860665663667,1.0828711728341118,2.621422282063122,Cold start no gate,Cold start,False,full_RL
228,181600,182400,800,-4.1522319696301215,-3321.785575704097,-4.1522319696301215,-3321.785575704097,0.0,0.0,16,0.02,16,0.02,0,0.0,0,0,0,0,0,0,5,-62.12019302799172,0.0,0.1577634190336465,2.612098177363123,0.1132883329314304,0.2022385051358627,1.0758302153093475,2.612098177363123,Cold start no gate,Cold start,False,full_RL
229,182400,183200,800,-4.230617948138948,-3384.4943585111587,-4.230617948138948,-3384.4943585111587,0.0,0.0,10,0.0125,10,0.0125,0,0.0,0,0,0,0,0,0,4,-68.26868574131913,0.0,0.1593601869525484,2.5611366638584627,0.1143799152031238,0.2043404587019729,1.08228299851458,2.5611366638584627,Cold start no gate,Cold start,False,full_RL
230,183200,184000,800,-4.133254112007133,-3306.603289605707,-4.133254112007133,-3306.603289605707,0.0,0.0,9,0.01125,9,0.01125,0,0.0,0,0,0,0,0,0,5,-63.396955251174745,0.0,0.1587355451912099,2.6072203948445463,0.1125754415002825,0.2048956488821372,1.0746727192453671,2.6072203948445463,Cold start no gate,Cold start,False,full_RL
231,184000,184800,800,-4.333381585589569,-3466.7052684716555,-4.333381585589569,-3466.7052684716555,0.0,0.0,9,0.01125,9,0.01125,0,0.0,0,0,0,0,0,0,4,-64.89766580018807,0.0,0.1592202708979242,2.589467885102352,0.1162219152328156,0.2022186265630328,1.0891003741367604,2.589467885102352,Cold start no gate,Cold start,False,full_RL
232,184800,185600,800,-4.273183766005895,-3418.5470128047155,-4.273183766005895,-3418.5470128047155,0.0,0.0,20,0.025,20,0.025,0,0.0,0,0,0,0,0,0,5,-64.54446407170713,0.0,0.1578051405797929,2.514876202670792,0.1155312521092647,0.200079029050321,1.1041779523714133,2.514876202670792,Cold start no gate,Cold start,False,full_RL
233,185600,186400,800,-4.1503355471280425,-3320.2684377024343,-4.1503355471280425,-3320.2684377024343,0.0,0.0,13,0.01625,13,0.01625,0,0.0,0,0,0,0,0,0,5,-66.66793760476082,0.0,0.1558416933397735,2.524936742055104,0.1136339772460333,0.1980494094335137,1.0814669135216994,2.524936742055104,Cold start no gate,Cold start,False,full_RL
234,186400,187200,800,-4.199029257257738,-3359.2234058061904,-4.199029257257738,-3359.2234058061904,0.0,0.0,10,0.0125,10,0.0125,0,0.0,0,0,0,0,0,0,5,-62.20733383154982,0.0,0.1572044025493132,2.5714381617590334,0.1140596391608364,0.2003491659377899,1.0770967742966988,2.5714381617590334,Cold start no gate,Cold start,False,full_RL
235,187200,188000,800,-4.142585179567407,-3314.0681436539253,-4.142585179567407,-3314.0681436539253,0.0,0.0,13,0.01625,13,0.01625,0,0.0,0,0,0,0,0,0,5,-63.65947687170785,0.0,0.1582878282826994,2.6200406550067896,0.113292179283136,0.2032834772822628,1.074251652951919,2.6200406550067896,Cold start no gate,Cold start,False,full_RL
236,188000,188800,800,-4.119877718077103,-3295.902174461682,-4.119877718077103,-3295.902174461682,0.0,0.0,26,0.0325,26,0.0325,0,0.0,0,0,0,0,0,0,5,-64.96190579481765,0.0,0.1586980577128378,2.6119413118034345,0.1131158300489573,0.2042802853767184,1.0773338007838371,2.6119413118034345,Cold start no gate,Cold start,False,full_RL
237,188800,189600,800,-4.0077048963721325,-3206.163917097706,-4.0077048963721325,-3206.163917097706,0.0,0.0,18,0.0225,18,0.0225,0,0.0,0,0,0,0,0,0,3,-62.69324310267029,0.0,0.156864254417064,2.635524710889399,0.1110619981508345,0.2026665106832935,1.0701533108492294,2.635524710889399,Cold start no gate,Cold start,False,full_RL
238,189600,190400,800,-4.118861190307392,-3295.088952245914,-4.118861190307392,-3295.088952245914,0.0,0.0,19,0.02375,19,0.02375,0,0.0,0,0,0,0,0,0,5,-66.46938389600984,0.0,0.1567056891661197,2.5597670838474187,0.1131955522194468,0.2002158261127926,1.0697039530925716,2.5597670838474187,Cold start no gate,Cold start,False,full_RL
239,190400,191200,800,-4.073798620668317,-3259.0388965346538,-4.073798620668317,-3259.0388965346538,0.0,0.0,20,0.025,20,0.025,0,0.0,0,0,0,0,0,0,4,-65.14198433127717,0.0,0.1585442621093899,2.6180683139305643,0.1123159647489541,0.2047725594698257,1.079021268523891,2.6180683139305643,Cold start no gate,Cold start,False,full_RL
240,191200,192000,800,-4.11063278803691,-3288.506230429528,-4.11063278803691,-3288.506230429528,0.0,0.0,11,0.01375,11,0.01375,0,0.0,0,0,0,0,0,0,5,-63.68765501968119,0.0,0.1567255298922104,2.6095429882483927,0.1130006922844011,0.2004503675000197,1.076735356104313,2.6095429882483927,Cold start no gate,Cold start,False,full_RL
241,192000,192800,800,-4.1562471902780285,-3324.9977522224226,-4.1562471902780285,-3324.9977522224226,0.0,0.0,15,0.01875,15,0.01875,0,0.0,0,0,0,0,0,0,5,-67.59775946614002,0.0,0.158748031653391,2.6094770723901206,0.1139255909053025,0.2035704724014796,1.0829837829205582,2.6094770723901206,Cold start no gate,Cold start,False,full_RL
242,192800,193600,800,-4.028074420924408,-3222.459536739526,-4.028074420924408,-3222.459536739526,0.0,0.0,15,0.01875,15,0.01875,0,0.0,0,0,0,0,0,0,5,-62.48494936360544,0.0,0.1562226182365587,2.604339536294731,0.1120356595165555,0.2004095769565619,1.0647957334126876,2.604339536294731,Cold start no gate,Cold start,False,full_RL
243,193600,194400,800,-4.083298661547677,-3266.638929238142,-4.083298661547677,-3266.638929238142,0.0,0.0,14,0.0175,14,0.0175,0,0.0,0,0,0,0,0,0,4,-65.99128069604944,0.0,0.1569991143530172,2.57853617171304,0.1128894701483692,0.2011087585576653,1.0707742921741592,2.57853617171304,Cold start no gate,Cold start,False,full_RL
244,194400,195200,800,-4.172358720216535,-3337.8869761732285,-4.172358720216535,-3337.8869761732285,0.0,0.0,12,0.015,12,0.015,0,0.0,0,0,0,0,0,0,5,-65.21754332635385,0.0,0.1583370021599795,2.584843558606451,0.1145059548104354,0.2021680495095236,1.0909560988109566,2.584843558606451,Cold start no gate,Cold start,False,full_RL
245,195200,196000,800,-4.161597563039538,-3329.2780504316306,-4.161597563039538,-3329.2780504316306,0.0,0.0,24,0.03,24,0.03,0,0.0,0,0,0,0,0,0,4,-68.03808563918608,0.0,0.1590126538097736,2.5986316085266594,0.1142699107344091,0.203755396885138,1.0779025687571075,2.5986316085266594,Cold start no gate,Cold start,False,full_RL
246,196000,196800,800,-4.139324428500685,-3311.459542800548,-4.139324428500685,-3311.459542800548,0.0,0.0,12,0.015,12,0.015,0,0.0,0,0,0,0,0,0,4,-71.32448428862892,0.0,0.1591206038083565,2.58398400182233,0.1140099686245887,0.2042312389921243,1.0887223404407274,2.58398400182233,Cold start no gate,Cold start,False,full_RL
247,196800,197600,800,-4.17989550732885,-3343.9164058630804,-4.17989550732885,-3343.9164058630804,0.0,0.0,22,0.0275,22,0.0275,0,0.0,0,0,0,0,0,0,5,-67.10791757376421,0.0,0.1575665251862509,2.5627314457292982,0.1151544012483419,0.19997864912416,1.088232744091699,2.5627314457292982,Cold start no gate,Cold start,False,full_RL
248,197600,198400,800,-4.01356916431057,-3210.855331448456,-4.01356916431057,-3210.855331448456,0.0,0.0,21,0.02625,21,0.02625,0,0.0,0,0,0,0,0,0,6,-62.920342689911536,0.0,0.1540669376132381,2.562647819317021,0.1122198652547406,0.1959140099717357,1.0690220188042567,2.562647819317021,Cold start no gate,Cold start,False,full_RL
249,198400,199200,800,-4.038978669348103,-3231.182935478482,-4.038978669348103,-3231.182935478482,0.0,0.0,16,0.02,16,0.02,0,0.0,0,0,0,0,0,0,4,-63.43842357204176,0.0,0.1561257291240966,2.586438968819664,0.1128921798261372,0.199359278422056,1.0725482275107798,2.586438968819664,Cold start no gate,Cold start,False,full_RL
250,199200,200000,800,-4.04810333350911,-3238.4826668072883,-4.04810333350911,-3238.4826668072883,0.0,0.0,28,0.035,28,0.035,0,0.0,0,0,0,0,0,0,4,-66.37432589950947,0.0,0.1571128441060056,2.603427217291596,0.1126482297531599,0.2015774584588514,1.0683432006469649,2.603427217291596,Cold start no gate,Cold start,False,full_RL
251,200000,200800,800,-4.118095838179284,-3294.4766705434267,-4.118095838179284,-3294.4766705434267,0.0,0.0,18,0.0225,18,0.0225,0,0.0,0,0,0,0,0,0,4,-66.5417650689484,0.0,0.158531189179143,2.569785927989926,0.1138306583175328,0.2032317200407532,1.0843171158771008,2.569785927989926,Cold start no gate,Cold start,False,full_RL
252,200800,201600,800,-3.957145861410549,-3165.7166891284387,-3.957145861410549,-3165.7166891284387,0.0,0.0,37,0.04625,37,0.04625,0,0.0,0,0,0,0,0,0,5,-67.72463986797197,0.0,0.1557947916734601,2.5744492381793407,0.1114714655103247,0.2001181178365954,1.0615685685646763,2.5744492381793407,Cold start no gate,Cold start,False,full_RL
253,201600,202400,800,-4.030580771227304,-3224.4646169818434,-4.030580771227304,-3224.4646169818434,0.0,0.0,21,0.02625,21,0.02625,0,0.0,0,0,0,0,0,0,3,-69.61494136204544,0.0,0.1557564002448714,2.578277985115335,0.1130014151782042,0.1985113853115385,1.0775506345268648,2.578277985115335,Cold start no gate,Cold start,False,full_RL
254,202400,203200,800,-3.9713923275653578,-3177.113862052286,-3.9713923275653578,-3177.113862052286,0.0,0.0,16,0.02,16,0.02,0,0.0,0,0,0,0,0,0,3,-65.0349816562208,0.0,0.1552063366647861,2.5758804428942312,0.1118911637023925,0.1985215096271796,1.0629697016147062,2.5758804428942312,Cold start no gate,Cold start,False,full_RL
255,203200,204000,800,-4.056337652648206,-3245.0701221185645,-4.056337652648206,-3245.0701221185645,0.0,0.0,31,0.03875,31,0.03875,0,0.0,0,0,0,0,0,0,3,-68.8434062156814,0.0,0.1573402866568613,2.623990351645375,0.113190131056484,0.2014904422572387,1.073889650498673,2.623990351645375,Cold start no gate,Cold start,False,full_RL
256,204000,204800,800,-3.982270741311492,-3185.816593049193,-3.982270741311492,-3185.816593049193,0.0,0.0,34,0.0425,34,0.0425,0,0.0,0,0,0,0,0,0,4,-66.51259718524454,0.0,0.1560811919123872,2.546135711815509,0.1121210592894207,0.2000413245353537,1.065768508651464,2.546135711815509,Cold start no gate,Cold start,False,full_RL
257,204800,205600,800,-3.9777779742096233,-3182.2223793676985,-3.9777779742096233,-3182.2223793676985,0.0,0.0,26,0.0325,26,0.0325,0,0.0,0,0,0,0,0,0,3,-69.48796345002927,0.0,0.1551008734406943,2.573175811364706,0.1121174922624743,0.1980842546189143,1.0687473261648992,2.573175811364706,Cold start no gate,Cold start,False,full_RL
258,205600,206400,800,-4.010691042665094,-3208.5528341320755,-4.010691042665094,-3208.5528341320755,0.0,0.0,19,0.02375,19,0.02375,0,0.0,0,0,0,0,0,0,3,-67.70563316092068,0.0,0.1553298608553672,2.5816329232714,0.1127474239117334,0.1979122977990011,1.0724074513389588,2.5816329232714,Cold start no gate,Cold start,False,full_RL
259,206400,207200,800,-3.98638151454252,-3189.105211634016,-3.98638151454252,-3189.105211634016,0.0,0.0,18,0.0225,18,0.0225,0,0.0,0,0,0,0,0,0,3,-67.43220271469272,0.0,0.1545892505512158,2.558225351415388,0.1125624993065673,0.1966160017958643,1.0692397436532493,2.558225351415388,Cold start no gate,Cold start,False,full_RL
260,207200,208000,800,-4.0491609237627415,-3239.328739010193,-4.0491609237627415,-3239.328739010193,0.0,0.0,25,0.03125,25,0.03125,0,0.0,0,0,0,0,0,0,3,-69.47503463733233,0.0,0.1572019063297148,2.5829046653701653,0.1132738564677807,0.2011299561916489,1.0783745162464489,2.5829046653701653,Cold start no gate,Cold start,False,full_RL
261,208000,208800,800,-4.068900698181332,-3255.1205585450653,-4.068900698181332,-3255.1205585450653,0.0,0.0,20,0.025,20,0.025,0,0.0,0,0,0,0,0,0,5,-69.58920195928408,0.0,0.1573632607801616,2.6063247362443462,0.1137119074252755,0.2010146141350476,1.0846987167253634,2.6063247362443462,Cold start no gate,Cold start,False,full_RL
262,208800,209600,800,-4.040351861998365,-3232.281489598692,-4.040351861998365,-3232.281489598692,0.0,0.0,13,0.01625,13,0.01625,0,0.0,0,0,0,0,0,0,3,-69.0881729837215,0.0,0.1566072055726837,2.559303951594927,0.1132318779689915,0.1999825331763759,1.0769154720269103,2.559303951594927,Cold start no gate,Cold start,False,full_RL
263,209600,210400,800,-4.07533225021167,-3260.2658001693358,-4.07533225021167,-3260.2658001693358,0.0,0.0,32,0.04,32,0.04,0,0.0,0,0,0,0,0,0,5,-67.44667005753945,0.0,0.1563201302044103,2.5523454113301227,0.1144679721530875,0.1981722882557331,1.087043391955207,2.5523454113301227,Cold start no gate,Cold start,False,full_RL
264,210400,211200,800,-4.074796249063347,-3259.8369992506778,-4.074796249063347,-3259.8369992506778,0.0,0.0,16,0.02,16,0.02,0,0.0,0,0,0,0,0,0,5,-67.4753136873345,0.0,0.1556328617576117,2.5719592905621766,0.1142729015071317,0.1969928220080916,1.0841069058773116,2.5719592905621766,Cold start no gate,Cold start,False,full_RL
265,211200,212000,800,-4.106093787525765,-3284.875030020612,-4.106093787525765,-3284.875030020612,0.0,0.0,28,0.035,28,0.035,0,0.0,0,0,0,0,0,0,3,-67.36621337405052,0.0,0.1560287129737058,2.563213562333601,0.114801324776259,0.1972561011711526,1.0917594179137988,2.563213562333601,Cold start no gate,Cold start,False,full_RL
266,212000,212800,800,-3.9871373722383137,-3189.7098977906508,-3.9871373722383137,-3189.7098977906508,0.0,0.0,22,0.0275,22,0.0275,0,0.0,0,0,0,0,0,0,4,-68.18364741541177,0.0,0.1547950163749157,2.570032821894358,0.1130290251889607,0.1965610075608706,1.0753748990690268,2.570032821894358,Cold start no gate,Cold start,False,full_RL
267,212800,213600,800,-3.977604272856048,-3182.0834182848384,-3.977604272856048,-3182.0834182848384,0.0,0.0,27,0.03375,27,0.03375,0,0.0,0,0,0,0,0,0,3,-67.39333933390856,0.0,0.1544782261279466,2.5638171606990454,0.112844732819877,0.1961117194360163,1.0780694462186728,2.5638171606990454,Cold start no gate,Cold start,False,full_RL
268,213600,214400,800,-3.971467348926613,-3177.17387914129,-3.971467348926613,-3177.17387914129,0.0,0.0,14,0.0175,14,0.0175,0,0.0,0,0,0,0,0,0,5,-68.16460743992786,0.0,0.1545024204560514,2.572983446385024,0.1129493845269278,0.196055456385175,1.0741082149454129,2.572983446385024,Cold start no gate,Cold start,False,full_RL
269,214400,215200,800,-3.9160357102542416,-3132.8285682033934,-3.9160357102542416,-3132.8285682033934,0.0,0.0,30,0.0375,30,0.0375,0,0.0,0,0,0,0,0,0,4,-68.13359155917817,0.0,0.1547435680114298,2.569699462942367,0.1120269709390567,0.1974601650838028,1.069340302671582,2.569699462942367,Cold start no gate,Cold start,False,full_RL
270,215200,216000,800,-3.96627717346919,-3173.021738775352,-3.96627717346919,-3173.021738775352,0.0,0.0,35,0.04375,35,0.04375,0,0.0,0,0,0,0,0,0,4,-69.03942785844538,0.0,0.1546127529448167,2.593591766632585,0.1127420689114832,0.1964834369781503,1.073617047724583,2.593591766632585,Cold start no gate,Cold start,False,full_RL
271,216000,216800,800,-4.017347439721417,-3213.8779517771336,-4.017347439721417,-3213.8779517771336,0.0,0.0,31,0.03875,31,0.03875,0,0.0,0,0,0,0,0,0,4,-69.13742391156052,0.0,0.1566144945107646,2.616726026819947,0.1135623314856119,0.1996666575359173,1.080551816159836,2.616726026819947,Cold start no gate,Cold start,False,full_RL
272,216800,217600,800,-4.009904347207874,-3207.9234777662987,-4.009904347207874,-3207.9234777662987,0.0,0.0,18,0.0225,18,0.0225,0,0.0,0,0,0,0,0,0,3,-67.94116426417304,0.0,0.1556487324670665,2.596578322510254,0.113510090993987,0.1977873739401459,1.083174437319431,2.596578322510254,Cold start no gate,Cold start,False,full_RL
273,217600,218400,800,-3.9741457080857736,-3179.316566468619,-3.9741457080857736,-3179.316566468619,0.0,0.0,8,0.01,8,0.01,0,0.0,0,0,0,0,0,0,4,-69.73011419843544,0.0,0.1551664537587693,2.56889230559608,0.1130708823720468,0.1972620251454917,1.0745769546861363,2.56889230559608,Cold start no gate,Cold start,False,full_RL
274,218400,219200,800,-3.947172688853324,-3157.738151082659,-3.947172688853324,-3157.738151082659,0.0,0.0,41,0.05125,41,0.05125,0,0.0,0,0,0,0,0,0,4,-68.59590041338356,0.0,0.1547495585007016,2.592544380976335,0.112748994604772,0.1967501223966311,1.0763252051250816,2.592544380976335,Cold start no gate,Cold start,False,full_RL
275,219200,220000,800,-3.969589369070874,-3175.671495256699,-3.969589369070874,-3175.671495256699,0.0,0.0,26,0.0325,26,0.0325,0,0.0,0,0,0,0,0,0,4,-67.68857428648141,0.0,0.1557146248932674,2.569286116052752,0.1126779690741279,0.1987512807124068,1.0739213074818983,2.569286116052752,Cold start no gate,Cold start,False,full_RL
276,220000,220800,800,-3.972344823530359,-3177.875858824287,-3.972344823530359,-3177.875858824287,0.0,0.0,36,0.045,36,0.045,0,0.0,0,0,0,0,0,0,3,-69.55057154595636,0.0,0.1557121898554281,2.576186604875261,0.1130460500937134,0.1983783296171428,1.078538748188484,2.576186604875261,Cold start no gate,Cold start,False,full_RL
277,220800,221600,800,-3.915817309523953,-3132.6538476191627,-3.915817309523953,-3132.6538476191627,0.0,0.0,37,0.04625,37,0.04625,0,0.0,0,0,0,0,0,0,3,-68.0031580552934,0.0,0.1552299853754674,2.5783638144859538,0.1119875861982529,0.198472384552682,1.0678562924352408,2.5783638144859538,Cold start no gate,Cold start,False,full_RL
278,221600,222400,800,-3.9389511742386025,-3151.160939390882,-3.9389511742386025,-3151.160939390882,0.0,0.0,23,0.02875,23,0.02875,0,0.0,0,0,0,0,0,0,4,-68.24244798938321,0.0,0.1547517515825892,2.5852935255904868,0.1127682707375952,0.1967352324275833,1.0804329881990684,2.5852935255904868,Cold start no gate,Cold start,False,full_RL
279,222400,223200,800,-3.924691411035419,-3139.753128828336,-3.924691411035419,-3139.753128828336,0.0,0.0,21,0.02625,21,0.02625,0,0.0,0,0,0,0,0,0,4,-68.80803933304458,0.0,0.1558869955286318,2.5993982628704657,0.1121679058136562,0.1996060852436074,1.0675082344165951,2.5993982628704657,Cold start no gate,Cold start,False,full_RL
280,223200,224000,800,-3.9586631250588313,-3166.930500047065,-3.9586631250588313,-3166.930500047065,0.0,0.0,18,0.0225,18,0.0225,0,0.0,0,0,0,0,0,0,4,-68.69402451797384,0.0,0.1562175558422172,2.606690412980072,0.1127746327403378,0.1996604789440965,1.0770300444551937,2.606690412980072,Cold start no gate,Cold start,False,full_RL
281,224000,224800,800,-3.966883503138977,-3173.5068025111814,-3.966883503138977,-3173.5068025111814,0.0,0.0,19,0.02375,19,0.02375,0,0.0,0,0,0,0,0,0,4,-69.41682046599146,0.0,0.1556915514377014,2.587719244392304,0.1129597182875976,0.1984233845878051,1.0734391317312393,2.587719244392304,Cold start no gate,Cold start,False,full_RL
282,224800,225600,800,-3.950028166080787,-3160.0225328646297,-3.950028166080787,-3160.0225328646297,0.0,0.0,50,0.0625,50,0.0625,0,0.0,0,0,0,0,0,0,4,-70.04221721721854,0.0,0.1552737518264892,2.605283384323684,0.1128265756775945,0.1977209279753838,1.0762987369523471,2.605283384323684,Cold start no gate,Cold start,False,full_RL
283,225600,226400,800,-3.928761090435913,-3143.0088723487306,-3.928761090435913,-3143.0088723487306,0.0,0.0,49,0.06125,49,0.06125,0,0.0,0,0,0,0,0,0,4,-68.67497643883712,0.0,0.1543123869175592,2.5746915997115707,0.1127740228245375,0.1958507510105808,1.0759360060444103,2.5746915997115707,Cold start no gate,Cold start,False,full_RL
284,226400,227200,800,-3.990496964593482,-3192.397571674785,-3.990496964593482,-3192.397571674785,0.0,0.0,20,0.025,20,0.025,0,0.0,0,0,0,0,0,0,6,-68.12014670725182,0.0,0.1559897679820938,2.588565821863426,0.1138902765451028,0.1980892594190847,1.0801042128892149,2.588565821863426,Cold start no gate,Cold start,False,full_RL
285,227200,228000,800,-3.987545084085844,-3190.036067268675,-3.987545084085844,-3190.036067268675,0.0,0.0,22,0.0275,22,0.0275,0,0.0,0,0,0,0,0,0,5,-68.0163159243624,0.0,0.1558555934049016,2.5866666343035263,0.1137873635227194,0.1979238232870838,1.0826912221927176,2.5866666343035263,Cold start no gate,Cold start,False,full_RL
286,228000,228800,800,-3.920331470033108,-3136.265176026486,-3.920331470033108,-3136.265176026486,0.0,0.0,15,0.01875,15,0.01875,0,0.0,0,0,0,0,0,0,4,-68.23416575531337,0.0,0.1545294679242251,2.5732643203003818,0.1126945916783508,0.1963643441700993,1.0723361928394763,2.5732643203003818,Cold start no gate,Cold start,False,full_RL
287,228800,229600,800,-3.9791010708699712,-3183.280856695977,-3.9791010708699712,-3183.280856695977,0.0,0.0,29,0.03625,29,0.03625,0,0.0,0,0,0,0,0,0,4,-68.64990812365329,0.0,0.1542597894611334,2.561727868353728,0.1139497366379437,0.1945698422843231,1.0794019521564748,2.561727868353728,Cold start no gate,Cold start,False,full_RL
288,229600,230400,800,-3.912552353161416,-3130.0418825291326,-3.912552353161416,-3130.0418825291326,0.0,0.0,27,0.03375,27,0.03375,0,0.0,0,0,0,0,0,0,3,-67.71253079698249,0.0,0.1545916368593334,2.575035416616004,0.1124244077108422,0.1967588660078245,1.0696204416773338,2.575035416616004,Cold start no gate,Cold start,False,full_RL
289,230400,231200,800,-3.856065147338037,-3084.852117870429,-3.856065147338037,-3084.852117870429,0.0,0.0,21,0.02625,21,0.02625,0,0.0,0,0,0,0,0,0,4,-69.1677660207364,0.0,0.1528061186421211,2.5489422055112527,0.1117991600829488,0.1938130772012933,1.0643632866604142,2.5489422055112527,Cold start no gate,Cold start,False,full_RL
290,231200,232000,800,-3.926034619458057,-3140.827695566446,-3.926034619458057,-3140.827695566446,0.0,0.0,19,0.02375,19,0.02375,0,0.0,0,0,0,0,0,0,4,-68.01243258997806,0.0,0.1540621155711811,2.580356369134733,0.1131636280488691,0.1949606030934931,1.0777131818643366,2.580356369134733,Cold start no gate,Cold start,False,full_RL
291,232000,232800,800,-3.869712459269696,-3095.7699674157566,-3.869712459269696,-3095.7699674157566,0.0,0.0,34,0.0425,34,0.0425,0,0.0,0,0,0,0,0,0,4,-69.68224978167393,0.0,0.1539104297940715,2.579435795645452,0.1120115714682717,0.1958092881198713,1.0691237523945278,2.579435795645452,Cold start no gate,Cold start,False,full_RL
292,232800,233600,800,-3.9426488588205744,-3154.11908705646,-3.9426488588205744,-3154.11908705646,0.0,0.0,30,0.0375,30,0.0375,0,0.0,0,0,0,0,0,0,4,-68.63606119026213,0.0,0.1552286228374792,2.598437704080368,0.113211536693651,0.1972457089813074,1.0802984033436762,2.598437704080368,Cold start no gate,Cold start,False,full_RL
293,233600,234400,800,-3.916455482520152,-3133.1643860161216,-3.916455482520152,-3133.1643860161216,0.0,0.0,22,0.0275,22,0.0275,0,0.0,0,0,0,0,0,0,4,-69.17616827540076,0.0,0.1547752394330586,2.59873889949489,0.1125705926791399,0.1969798861869773,1.0714934996591228,2.59873889949489,Cold start no gate,Cold start,False,full_RL
294,234400,235200,800,-3.899850153126472,-3119.880122501177,-3.899850153126472,-3119.880122501177,0.0,0.0,11,0.01375,11,0.01375,0,0.0,0,0,0,0,0,0,4,-69.68435473115437,0.0,0.1538292837153683,2.564778557773252,0.1126264003013403,0.1950321671293962,1.0716735958013808,2.564778557773252,Cold start no gate,Cold start,False,full_RL
295,235200,236000,800,-3.90530593208432,-3124.2447456674563,-3.90530593208432,-3124.2447456674563,0.0,0.0,37,0.04625,37,0.04625,0,0.0,0,0,0,0,0,0,4,-67.10898568833352,0.0,0.1551719001348819,2.5866291930095717,0.1122597448119849,0.198084055457779,1.0717836622961143,2.5866291930095717,Cold start no gate,Cold start,False,full_RL
296,236000,236800,800,-3.9297159756100632,-3143.7727804880506,-3.9297159756100632,-3143.7727804880506,0.0,0.0,25,0.03125,25,0.03125,0,0.0,0,0,0,0,0,0,4,-68.29227834999779,0.0,0.1553579928941905,2.588515143662619,0.1131281203069024,0.1975878654814786,1.078800741184526,2.588515143662619,Cold start no gate,Cold start,False,full_RL
297,236800,237600,800,-3.855985743724269,-3084.7885949794154,-3.855985743724269,-3084.7885949794154,0.0,0.0,35,0.04375,35,0.04375,0,0.0,0,0,0,0,0,0,4,-68.12008437359941,0.0,0.1543216802837759,2.6067306838062905,0.1118530100356404,0.1967903505319115,1.0669366570318073,2.6067306838062905,Cold start no gate,Cold start,False,full_RL
298,237600,238400,800,-3.9106674448969145,-3128.533955917532,-3.9106674448969145,-3128.533955917532,0.0,0.0,57,0.07125,57,0.07125,0,0.0,0,0,0,0,0,0,4,-68.12769170744662,0.0,0.1533808070427995,2.5720283383379297,0.1129346315276695,0.1938269825579295,1.0760975642643564,2.5720283383379297,Cold start no gate,Cold start,False,full_RL
299,238400,239200,800,-3.9011885485685913,-3120.950838854873,-3.9011885485685913,-3120.950838854873,0.0,0.0,27,0.03375,27,0.03375,0,0.0,0,0,0,0,0,0,4,-67.94617947941504,0.0,0.153656418897914,2.569014427437196,0.112567918937843,0.194744918857985,1.0714184142164425,2.569014427437196,Cold start no gate,Cold start,False,full_RL
300,239200,240000,800,-3.9057261702152863,-3124.580936172229,-3.9057261702152863,-3124.580936172229,0.0,0.0,79,0.09875,79,0.09875,0,0.0,0,0,0,0,0,0,4,-69.48734040095565,0.0,0.1556265378428055,2.6045346994336,0.1124418974938481,0.1988111781917629,1.0708588523107188,2.6045346994336,Cold start no gate,Cold start,False,full_RL
1,0,800,800,-10.188159033079955,-8150.527226463965,-10.113151642079044,-8090.521313663236,0.0750073910009126,60.0059128007301,0,0.0,0,0.0,6,0.0075,794,6,6,0,0,0,0,-14.322865088763422,0.035300133811142,0.3348445863288457,2.95537718084654,0.1724803285167463,0.497208844140945,1.1066135393251444,2.95537718084654,OF-MPC pretrained + gate,OF-MPC pretrained,True,BC
2,800,1600,800,-12.636022385396643,-10108.817908317316,-12.586021142265029,-10068.81691381202,0.0500012431316186,40.0009945052949,0,0.0,0,0.0,4,0.005,796,4,4,0,0,0,0,-15.536502294643157,0.0106510222742568,0.3804456672981714,3.018697105406659,0.1913416390895569,0.5695496955067859,1.09738016210482,3.018697105406659,OF-MPC pretrained + gate,OF-MPC pretrained,True,BC
3,1600,2400,800,-14.077037661859286,-11261.630129487428,-13.98951224826515,-11191.60979861212,0.0875254135941353,70.0203308753083,0,0.0,0,0.0,7,0.00875,793,7,7,0,0,0,0,-15.51930070635666,0.0460328507913042,0.413349546857174,2.9868642505489333,0.1974173175499868,0.6292817761643613,1.113599555286839,2.9868642505489333,OF-MPC pretrained + gate,OF-MPC pretrained,True,BC
4,2400,3200,800,-13.985694706761125,-11188.5557654089,-13.935690927175669,-11148.552741740536,0.0500037795854519,40.00302366836154,0,0.0,0,0.0,4,0.005,796,4,4,0,0,0,0,-14.98623784458357,0.0226730816199096,0.3981220011603531,2.8718774067168624,0.2015742564696341,0.594669745851072,1.147527304602297,2.8718774067168624,OF-MPC pretrained + gate,OF-MPC pretrained,True,BC
5,3200,4000,800,-11.224871090261068,-8979.896872208854,-11.199864509873024,-8959.891607898418,0.025006580388044,20.00526431043526,0,0.0,0,0.0,2,0.0025,798,2,2,0,0,0,0,-15.277305731853488,0.0385658382069076,0.3628407696473822,2.982101985426709,0.1788436736520416,0.546837865642723,1.10620953573916,2.982101985426709,OF-MPC pretrained + gate,OF-MPC pretrained,True,BC
6,4000,4800,800,-12.383869000560402,-9907.095200448322,-12.333860182729346,-9867.088146183476,0.0500088178310563,40.00705426484505,0,0.0,0,0.0,4,0.005,796,4,4,0,0,0,0,-14.810626451607362,0.0381348020022436,0.3793242925215753,2.895203724803025,0.1876046268894672,0.5710439581536834,1.073686402692858,2.895203724803025,OF-MPC pretrained + gate,OF-MPC pretrained,True,BC
7,4800,5600,800,-9.675664828375211,-7740.531862700169,-9.625657379021488,-7700.525903217191,0.0500074493537235,40.00595948297887,0,0.0,0,0.0,4,0.005,796,4,4,0,0,0,0,-15.30203583700748,0.021406621284353,0.332133609580747,3.009145438751659,0.1664073563267157,0.4978598628347783,1.0907231073358887,3.009145438751659,OF-MPC pretrained + gate,OF-MPC pretrained,True,BC
8,5600,6400,800,-15.786387500145963,-12629.110000116772,-15.69887174102612,-12559.097392820897,0.0875157591198467,70.01260729587742,0,0.0,0,0.0,7,0.00875,793,6,6,0,0,0,1,-15.619252664459252,0.0431883979802013,0.4282007525776975,3.099497880195088,0.210682186012536,0.6457193191428591,1.0934577326145811,3.099497880195088,OF-MPC pretrained + gate,OF-MPC pretrained,True,BC
9,6400,7200,800,-13.95685480537528,-11165.483844300225,-13.919349333199404,-11135.479466559522,0.0375054721758795,30.004377740703603,0,0.0,0,0.0,3,0.00375,797,3,3,0,0,0,0,-15.42982606139583,0.0276395360267415,0.4492402345669688,4.544777174993328,0.1840424186867667,0.7144380504471709,1.0904021688222296,4.544777174993328,OF-MPC pretrained + gate,OF-MPC pretrained,True,BC
10,7200,8000,800,-14.570862563224992,-11656.690050579991,-14.508349579307604,-11606.679663446084,0.0625129839173878,50.01038713391029,0,0.0,0,0.0,5,0.00625,795,4,4,0,0,0,1,-15.080390925119673,0.0324462275232351,0.4001710583765788,2.984220977259781,0.2018272091631772,0.5985149075899804,1.094619835314238,2.984220977259781,OF-MPC pretrained + gate,OF-MPC pretrained,True,BC
11,8000,8800,800,-55.92621385424058,-44740.97108339246,-55.813676813914434,-44650.94145113155,0.112537040326131,90.02963226090486,0,0.0,0,0.0,9,0.01125,791,8,8,0,0,0,1,-52.518476595365314,0.0527380145532729,0.9609823449814788,6.935426893863792,0.3536026239053655,1.568362066057592,1.301308388253367,6.935426893863792,OF-MPC pretrained + gate,OF-MPC pretrained,True,BC
12,8800,9600,800,-20.40551869789204,-16324.414958313631,-20.330497584212228,-16264.398067369782,0.0750211136798145,60.01689094385162,0,0.0,0,0.0,6,0.0075,794,6,6,0,0,0,0,-15.35220214233908,0.0468601878975425,0.4691388587415177,3.937333141212605,0.2463477825666586,0.6919299349163767,1.0546541485730168,3.937333141212605,OF-MPC pretrained + gate,OF-MPC pretrained,True,BC
13,9600,10400,800,-37.39385742446597,-29915.08593957277,-37.34384969510646,-29875.079756085164,0.0500077293595069,40.00618348760552,0,0.0,0,0.0,4,0.005,796,4,4,0,0,0,0,-16.880505896273434,0.0224933907871678,0.675129209272036,4.716197974697536,0.3282892940886854,1.0219691244553866,2.0273115526755854,4.716197974697536,OF-MPC pretrained + gate,OF-MPC pretrained,True,BC
14,10400,11200,800,-12.811105783330156,-10248.884626664125,-12.786101283558686,-10228.88102684695,0.0250044997714708,20.00359981717667,0,0.0,0,0.0,2,0.0025,798,2,2,0,0,0,0,-15.83863554621314,0.023516595171396,0.3841250426304911,3.1021061215047325,0.1927630668851486,0.5754870183758336,1.1202326633512616,3.1021061215047325,OF-MPC pretrained + gate,OF-MPC pretrained,True,BC
15,11200,12000,800,-13.786227583876538,-11028.982067101231,-13.723723176665398,-10978.97854133232,0.0625044072111404,50.00352576891238,0,0.0,0,0.0,5,0.00625,795,5,5,0,0,0,0,-14.866014859384933,0.019950086619878,0.3987484723405765,3.013322968490911,0.1988319234537209,0.598665021227432,1.0940545536719926,3.013322968490911,OF-MPC pretrained + gate,OF-MPC pretrained,True,BC
16,12000,12800,800,-14.303759978080306,-11443.007982464243,-14.291248998441064,-11432.999198752852,0.0125109796392411,10.008783711392953,0,0.0,0,0.0,1,0.00125,799,1,1,0,0,0,0,-15.3348648572736,0.0525269866422664,0.420151715548791,3.32378205371225,0.1986229115019228,0.6416805195956593,1.095032487240538,3.32378205371225,OF-MPC pretrained + gate,OF-MPC pretrained,True,BC
17,12800,13600,800,-13.144250981514396,-10515.400785211516,-13.119248759251272,-10495.399007401018,0.0250022222631202,20.001777810496232,0,0.0,0,0.0,2,0.0025,798,2,2,0,0,0,0,-15.308219360679658,0.0186672275353352,0.3836995220952111,2.999358434341332,0.196525672392188,0.5708733717982342,1.156880941652643,2.999358434341332,OF-MPC pretrained + gate,OF-MPC pretrained,True,BC
18,13600,14400,800,-12.75556394082405,-10204.45115265924,-12.718056636695854,-10174.445309356684,0.0375073041281978,30.005843302558272,0,0.0,0,0.0,3,0.00375,797,3,3,0,0,0,0,-15.39264713477479,0.0360227183881041,0.3825460508028032,3.0355285785113324,0.1920388548872296,0.5730532467183768,1.103977885397447,3.0355285785113324,OF-MPC pretrained + gate,OF-MPC pretrained,True,BC
19,14400,15200,800,-13.968576807798318,-11174.861446238654,-13.956075136619422,-11164.860109295538,0.0125016711788956,10.001336943116549,0,0.0,0,0.0,1,0.00125,799,1,1,0,0,0,0,-13.72641650631175,0.0211024564614257,0.3971832631582684,2.9793267028476293,0.2018132511176044,0.5925532751989324,1.1643051988780306,2.9793267028476293,OF-MPC pretrained + gate,OF-MPC pretrained,True,BC
20,15200,16000,800,-12.879464120779003,-10303.571296623204,-12.791948800224208,-10233.559040179369,0.0875153205547964,70.01225644383717,0,0.0,0,0.0,7,0.00875,793,7,7,0,0,0,0,-16.349803575806476,0.0370751437230278,0.387501031276406,3.168036777668874,0.1912526005310899,0.5837494620217221,1.1052480865762797,3.168036777668874,OF-MPC pretrained + gate,OF-MPC pretrained,True,BC
21,16000,16800,800,-12.841486665340035,-10273.189332272028,-12.841486665340035,-10273.189332272028,0.0,0.0,0,0.0,0,0.0,0,0.0,800,0,0,0,0,0,0,-15.329235674313225,0.0,0.3820632932993534,2.980119266284305,0.1941759907095458,0.5699505958891611,1.120120948852406,2.980119266284305,OF-MPC pretrained + gate,OF-MPC pretrained,True,handoff
22,16800,17600,800,-12.58751541424466,-10070.012331395728,-12.58751541424466,-10070.012331395728,0.0,0.0,0,0.0,0,0.0,0,0.0,800,0,0,0,0,0,0,-15.374487711126989,0.0,0.3799474698542914,2.983005792414417,0.1917505386835841,0.5681444010249986,1.0983258565504754,2.983005792414417,OF-MPC pretrained + gate,OF-MPC pretrained,True,handoff
23,17600,18400,800,-12.680953671028233,-10144.762936822584,-12.643412937742363,-10114.730350193891,0.037540733285867,30.032586628693625,0,0.0,0,0.0,3,0.00375,797,3,3,0,0,0,0,-15.459117521840597,0.0826600438524201,0.3805958606762613,2.990365699962922,0.1920957339178037,0.5690959874347189,1.1010819755162014,2.990365699962922,OF-MPC pretrained + gate,OF-MPC pretrained,True,handoff
24,18400,19200,800,-12.833190974956356,-10266.552779965084,-12.742211164012955,-10193.768931210365,0.0909798109433988,72.78384875471906,0,0.0,0,0.0,7,0.00875,793,7,7,0,0,0,0,-15.12902414693167,0.7865324343564655,0.3803691421177636,2.9711482223654,0.193250074131658,0.5674882101038692,1.097982578164173,2.9711482223654,OF-MPC pretrained + gate,OF-MPC pretrained,True,handoff
25,19200,20000,800,-11.225103335350648,-8980.082668280518,-11.145521487341425,-8916.41718987314,0.0795818480092204,63.66547840737634,0,0.0,0,0.0,6,0.0075,794,6,6,0,0,0,0,-15.213908569671275,0.7401103771281834,0.3437293189888667,2.984594354970966,0.183041127744396,0.5044175102333375,1.0951225731666692,2.984594354970966,OF-MPC pretrained + gate,OF-MPC pretrained,True,handoff
26,20000,20800,800,-46.99170932051568,-37593.36745641254,-46.35640821857832,-37085.12657486266,0.6353011019373406,508.2408815498725,0,0.0,0,0.0,7,0.00875,793,5,5,0,0,0,2,-75.15563987084363,7.284865713269157,0.9109851724961652,9.238692223095711,0.2996244091291633,1.5223459358631672,1.1114820634864135,9.238692223095711,OF-MPC pretrained + gate,OF-MPC pretrained,True,handoff
27,20800,21600,800,-104.39167647586432,-83513.34118069147,-103.7878369689313,-83030.26957514504,0.6038395069330124,483.0716055464099,0,0.0,0,0.0,14,0.0175,786,8,8,0,0,0,6,-150.55151789919705,6.453999924672,1.3282692699873049,10.934445848561836,0.4720919459584631,2.1844465940161464,1.7533262478867786,10.934445848561836,OF-MPC pretrained + gate,OF-MPC pretrained,True,handoff
28,21600,22400,800,-30.835772520877363,-24668.61801670189,-30.03066887238394,-24024.53509790715,0.8051036484934261,644.0829187947409,0,0.0,0,0.0,26,0.0325,774,17,17,0,0,0,9,-54.88759967690066,8.180856895438517,0.6034496345438719,3.690906134260956,0.2880974215786178,0.918801847509126,1.340593170880518,3.690906134260956,OF-MPC pretrained + gate,OF-MPC pretrained,True,handoff
29,22400,23200,800,-60.8039229019036,-48643.13832152288,-58.39234074322612,-46713.8725945809,2.411582158677478,1929.2657269419824,0,0.0,0,0.0,41,0.05125,759,23,23,0,0,0,18,-105.00832219539323,9.624146858952926,0.8591922701939746,5.236903272904897,0.3982340850102867,1.3201504553776624,1.6475808335417437,5.236903272904897,OF-MPC pretrained + gate,OF-MPC pretrained,True,handoff
30,23200,24000,800,-10.951046896045254,-8760.837516836204,-10.882745923136351,-8706.196738509081,0.0683009729089039,54.64077832712314,0,0.0,0,0.0,5,0.00625,795,5,5,0,0,0,0,-12.278588130989334,0.8537671803299096,0.3659730642727349,2.890684616589965,0.1728267852697717,0.559119343275698,1.007833093448252,2.890684616589965,OF-MPC pretrained + gate,OF-MPC pretrained,True,handoff
31,24000,24800,800,-16.276619007402857,-13021.295205922286,-15.02094863592392,-12016.758908739135,1.2556703714789383,1004.5362971831509,0,0.0,0,0.0,41,0.05125,759,39,39,0,0,0,2,-16.096007652063207,7.321077812092875,0.3725055824907105,2.70618610109068,0.2133652283390799,0.5316459366423412,1.1016782485365506,2.70618610109068,OF-MPC pretrained + gate,OF-MPC pretrained,True,full_RL
32,24800,25600,800,-10.578845170521626,-8463.076136417301,-9.946605192607448,-7957.284154085959,0.6322399779141774,505.791982331342,0,0.0,0,0.0,19,0.02375,781,13,13,0,0,0,6,-23.20365130937472,6.580530791129542,0.3334612116200703,2.895218684893848,0.1553691445886118,0.5115532786515289,1.1395268051632983,2.895218684893848,OF-MPC pretrained + gate,OF-MPC pretrained,True,full_RL
33,25600,26400,800,-11.016162576400207,-8812.930061120165,-7.182417615436195,-5745.934092348956,3.833744960964009,3066.995968771207,0,0.0,0,0.0,26,0.0325,774,17,17,0,0,0,9,-50.75353265923417,17.23042151643131,0.2468597423149828,2.683971752676939,0.1266637329940248,0.3670557516359409,1.0742304674994223,2.683971752676939,OF-MPC pretrained + gate,OF-MPC pretrained,True,full_RL
34,26400,27200,800,-10.871815607083851,-8697.452485667083,-8.56263140081392,-6850.1051206511365,2.3091842062699324,1847.3473650159456,0,0.0,0,0.0,32,0.04,768,25,25,0,0,0,7,-65.08585066641524,8.731076145081898,0.2918825187484962,2.996076472375478,0.1506863051690454,0.433078732327947,1.121087700616274,2.996076472375478,OF-MPC pretrained + gate,OF-MPC pretrained,True,full_RL
35,27200,28000,800,-8.892221302869073,-7113.777042295258,-6.7922380291999325,-5433.790423359946,2.09998327366914,1679.9866189353118,0,0.0,0,0.0,45,0.05625,755,39,39,0,0,0,6,-58.11812324479422,9.453215751935955,0.2018790961749679,3.1451281265554485,0.1360366835581278,0.267721508791808,1.100422372915819,3.1451281265554485,OF-MPC pretrained + gate,OF-MPC pretrained,True,full_RL
36,28000,28800,800,-6.736382019791793,-5389.105615833434,-5.6009551238302695,-4480.764099064216,1.1354268959615237,908.341516769219,0,0.0,0,0.0,36,0.045,764,32,32,0,0,0,4,-46.40527283717535,5.446285242457408,0.2065482752477991,2.8405685150021327,0.1255584685605242,0.2875380819350741,1.101699367975923,2.8405685150021327,OF-MPC pretrained + gate,OF-MPC pretrained,True,full_RL
37,28800,29600,800,-12.41920758652094,-9935.36606921675,-7.85725337839698,-6285.802702717584,4.561954208123957,3649.5633664991656,0,0.0,0,0.0,36,0.045,764,33,33,0,0,0,3,-57.330892809746615,17.223834068089,0.2374859871945148,2.901813733900781,0.1387882816778957,0.3361836927111339,1.0793124284316544,2.901813733900781,OF-MPC pretrained + gate,OF-MPC pretrained,True,full_RL
38,29600,30400,800,-8.073863701682619,-6459.090961346095,-6.177125142203868,-4941.700113763094,1.8967385594787496,1517.390847583,0,0.0,0,0.0,24,0.03,776,23,23,0,0,0,1,-80.57858939443202,14.74600521316305,0.2415713232266607,2.6126688517373395,0.1167077585669142,0.3664348878864071,1.0641521557298117,2.6126688517373395,OF-MPC pretrained + gate,OF-MPC pretrained,True,full_RL
39,30400,31200,800,-6.165382443969848,-4932.305955175878,-5.226346610963109,-4181.077288770487,0.9390358330067384,751.2286664053909,0,0.0,0,0.0,25,0.03125,775,21,21,0,0,0,3,-78.00006984074616,8.471823785174651,0.1779322331193878,2.697081489967616,0.1219493718607692,0.2339150943780065,1.0756792795689938,2.697081489967616,OF-MPC pretrained + gate,OF-MPC pretrained,True,full_RL
40,31200,32000,800,-8.185824354053699,-6548.659483242958,-6.257595293526919,-5006.076234821535,1.9282290605267791,1542.5832484214234,0,0.0,0,0.0,24,0.03,776,19,19,0,0,0,5,-80.79438036004433,10.057573210397962,0.2082110375936273,3.0043508891204738,0.1321280607023363,0.2842940144849183,1.1107554147083718,3.0043508891204738,OF-MPC pretrained + gate,OF-MPC pretrained,True,full_RL
41,32000,32800,800,-6.920600959783095,-5536.480767826476,-5.628917793211151,-4503.134234568921,1.2916831665719446,1033.3465332575556,0,0.0,0,0.0,28,0.035,772,24,24,0,0,0,4,-81.73481733787969,9.246315737642544,0.1993072505358273,2.959629987895425,0.1267137395216331,0.2719007615500214,1.0975808650130086,2.959629987895425,OF-MPC pretrained + gate,OF-MPC pretrained,True,full_RL
42,32800,33600,800,-7.30522549466014,-5844.180395728112,-5.932061020757987,-4745.64881660639,1.373164473902151,1098.5315791217206,0,0.0,0,0.0,26,0.0325,774,24,24,0,0,0,2,-82.85462329542213,8.253471902570492,0.2113989208132784,2.9636062596156307,0.1318378059012774,0.2909600357252794,1.102746728151936,2.9636062596156307,OF-MPC pretrained + gate,OF-MPC pretrained,True,full_RL
43,33600,34400,800,-9.226270623094896,-7381.016498475917,-6.551401807042882,-5241.121445634305,2.6748688160520158,2139.895052841612,0,0.0,0,0.0,29,0.03625,771,25,25,0,0,0,4,-78.87030080400189,10.426990404387126,0.2270169440393431,3.0512291795184865,0.1393959507939761,0.3146379372847102,1.0898681893996964,3.0512291795184865,OF-MPC pretrained + gate,OF-MPC pretrained,True,full_RL
44,34400,35200,800,-9.736967599982256,-7789.574079985805,-6.587189884016619,-5269.751907213295,3.149777715965638,2519.8221727725104,0,0.0,0,0.0,32,0.04,768,29,29,0,0,0,3,-78.98304145973441,11.456903623508708,0.2186271715595512,3.082023268215039,0.1350948432008861,0.3021594999182164,1.0865846440847808,3.082023268215039,OF-MPC pretrained + gate,OF-MPC pretrained,True,full_RL
45,35200,36000,800,-6.588345074935776,-5270.676059948621,-5.443372789680048,-4354.698231744038,1.1449722852557278,915.9778282045822,0,0.0,0,0.0,35,0.04375,765,32,32,0,0,0,3,-83.48879375758827,5.500557246783716,0.1828786527154557,2.7662118384928363,0.1253938672888702,0.2403634381420412,1.1223965010613894,2.7662118384928363,OF-MPC pretrained + gate,OF-MPC pretrained,True,full_RL
46,36000,36800,800,-8.117854418703464,-6494.283534962771,-6.104806891234684,-4883.845512987748,2.01304752746878,1610.4380219750242,0,0.0,0,0.0,40,0.05,760,37,37,0,0,0,3,-79.63996323396998,8.979888226363338,0.2086237254749855,2.858841922766487,0.1303282574826049,0.2869191934673661,1.0956982777643804,2.858841922766487,OF-MPC pretrained + gate,OF-MPC pretrained,True,full_RL
47,36800,37600,800,-8.286334447056937,-6629.067557645551,-5.952864492535809,-4762.291594028648,2.3334699545211293,1866.7759636169037,0,0.0,0,0.0,43,0.05375,757,40,40,0,0,0,3,-78.42358389425488,9.519659210059611,0.2086506593288319,3.100342316969545,0.1294858167402969,0.2878155019173669,1.0845872306278426,3.100342316969545,OF-MPC pretrained + gate,OF-MPC pretrained,True,full_RL
48,37600,38400,800,-7.131440781291814,-5705.152625033451,-5.664297668939593,-4531.438135151674,1.4671431123522214,1173.7144898817771,0,0.0,0,0.0,38,0.0475,762,35,35,0,0,0,3,-79.60142180608841,6.884018478418241,0.1831190084211663,2.6099383546291506,0.1262650193655231,0.2399729974768094,1.087853477579301,2.6099383546291506,OF-MPC pretrained + gate,OF-MPC pretrained,True,full_RL
49,38400,39200,800,-8.156395371039014,-6525.116296831211,-5.575866816526412,-4460.69345322113,2.5805285545126004,2064.42284361008,0,0.0,0,0.0,40,0.05,760,37,37,0,0,0,3,-80.9250865028605,16.013920755995258,0.1837407756999925,2.656129652024504,0.1197308803673565,0.2477506710326285,1.082794405364795,2.656129652024504,OF-MPC pretrained + gate,OF-MPC pretrained,True,full_RL
50,39200,40000,800,-8.58426076172662,-6867.408609381296,-5.954302436023259,-4763.441948818607,2.6299583257033605,2103.9666605626885,0,0.0,0,0.0,41,0.05125,759,38,38,0,0,0,3,-78.96630933971221,17.204051670732625,0.1956872978644582,2.773797620973085,0.1231463106803146,0.2682282850486018,1.098674023301943,2.773797620973085,OF-MPC pretrained + gate,OF-MPC pretrained,True,full_RL
51,40000,40800,800,-7.533881595589949,-6027.105276471959,-5.624522594960796,-4499.618075968637,1.9093590006291528,1527.487200503322,0,0.0,0,0.0,39,0.04875,761,36,36,0,0,0,3,-60.80370388877327,13.20736572861146,0.1993504825289668,2.8377565267513774,0.1173781903294043,0.2813227747285293,1.08835086892218,2.8377565267513774,OF-MPC pretrained + gate,OF-MPC pretrained,True,full_RL
52,40800,41600,800,-6.213720494970085,-4970.976395976068,-4.990279239307931,-3992.223391446345,1.223441255662154,978.7530045297232,0,0.0,0,0.0,38,0.0475,762,34,34,0,0,0,4,-69.5791375291659,4.992409667957665,0.1781629495296635,2.754081432397811,0.1200682245028363,0.2362576745564908,1.0855221782995996,2.754081432397811,OF-MPC pretrained + gate,OF-MPC pretrained,True,full_RL
53,41600,42400,800,-7.618193163746969,-6094.554530997575,-5.682754605042778,-4546.203684034223,1.93543855870419,1548.350846963352,0,0.0,0,0.0,42,0.0525,758,39,39,0,0,0,3,-74.70712353366059,9.79119302625202,0.2079485192585247,3.1950628471327605,0.1279161393202693,0.2879808991967801,1.083322370889864,3.1950628471327605,OF-MPC pretrained + gate,OF-MPC pretrained,True,full_RL
54,42400,43200,800,-6.364249682822036,-5091.399746257629,-5.188433298224866,-4150.7466385798925,1.17581638459717,940.653107677736,0,0.0,0,0.0,45,0.05625,755,41,41,0,0,0,4,-77.76519243440225,5.759026738524949,0.1851012339605171,2.722176222680389,0.1230452570404282,0.2471572108806059,1.0986580656773923,2.722176222680389,OF-MPC pretrained + gate,OF-MPC pretrained,True,full_RL
55,43200,44000,800,-6.181625711630577,-4945.3005693044615,-5.171539884482746,-4137.231907586197,1.01008582714783,808.0686617182641,0,0.0,0,0.0,33,0.04125,767,30,30,0,0,0,3,-77.68644587903145,6.712851223733744,0.1844880785454986,2.6598165003206304,0.1221054898398498,0.2468706672511474,1.0876708546975609,2.6598165003206304,OF-MPC pretrained + gate,OF-MPC pretrained,True,full_RL
56,44000,44800,800,-7.858079966236621,-6286.463972989297,-5.89329628844393,-4714.637030755144,1.9647836777926933,1571.8269422341546,0,0.0,0,0.0,46,0.0575,754,43,43,0,0,0,3,-73.90304224597526,9.787237321385192,0.2109584461169875,3.12162495169747,0.1302225529120669,0.2916943393219081,1.10264041159857,3.12162495169747,OF-MPC pretrained + gate,OF-MPC pretrained,True,full_RL
57,44800,45600,800,-7.777539641753406,-6222.031713402725,-5.831699926140669,-4665.359940912535,1.945839715612738,1556.6717724901905,0,0.0,0,0.0,43,0.05375,757,41,41,0,0,0,2,-64.93452682169925,9.729325931031887,0.2034916435894586,3.190195802478001,0.1274894739922742,0.279493813186643,1.089237383452903,3.190195802478001,OF-MPC pretrained + gate,OF-MPC pretrained,True,full_RL
58,45600,46400,800,-5.872004596084796,-4697.603676867837,-4.8363687486172005,-3869.09499889376,1.035635847467596,828.5086779740767,0,0.0,0,0.0,38,0.0475,762,34,34,0,0,0,4,-68.9588228392646,6.06271375672055,0.1758590509904025,2.655776454299769,0.1189164902052155,0.2328016117755894,1.0692826812309997,2.655776454299769,OF-MPC pretrained + gate,OF-MPC pretrained,True,full_RL
59,46400,47200,800,-9.11477701113234,-7291.821608905871,-6.626058855727925,-5300.84708458234,2.4887181554044138,1990.974524323531,0,0.0,0,0.0,41,0.05125,759,38,38,0,0,0,3,-74.93454875794737,9.804439551569873,0.2284946403837759,3.1458185335747544,0.1401361473775804,0.3168531333899714,1.0924903256421152,3.1458185335747544,OF-MPC pretrained + gate,OF-MPC pretrained,True,full_RL
60,47200,48000,800,-6.761111054165972,-5408.8888433327775,-5.38445358885175,-4307.5628710814,1.3766574653142234,1101.3259722513787,0,0.0,0,0.0,47,0.05875,753,43,43,0,0,0,4,-77.27386366883059,6.462303622057611,0.1870378601299956,2.636876467845127,0.1250309723550446,0.2490447479049467,1.0865004368219977,2.636876467845127,OF-MPC pretrained + gate,OF-MPC pretrained,True,full_RL
61,48000,48800,800,-5.780259663366759,-4624.207730693407,-4.738910776673857,-3791.128621339086,1.0413488866929022,833.0791093543218,0,0.0,0,0.0,46,0.0575,754,43,43,0,0,0,3,-75.28384831188828,4.141349743458975,0.1775927460827072,2.6156315673235326,0.1179248867892766,0.2372606053761378,1.086521828123113,2.6156315673235326,OF-MPC pretrained + gate,OF-MPC pretrained,True,full_RL
62,48800,49600,800,-8.925134191131917,-7140.107352905534,-6.378653147076206,-5102.922517660965,2.546481044055711,2037.1848352445688,0,0.0,0,0.0,40,0.05,760,38,38,0,0,0,2,-77.57236467831092,10.249812907877756,0.2252881510712597,3.2172789549729828,0.1353170831404215,0.3152592190020979,1.0952263461613474,3.2172789549729828,OF-MPC pretrained + gate,OF-MPC pretrained,True,full_RL
63,49600,50400,800,-6.3086231342903485,-5046.898507432279,-5.022981169632897,-4018.384935706317,1.2856419646574522,1028.5135717259618,0,0.0,0,0.0,49,0.06125,751,46,46,0,0,0,3,-62.19233847544399,5.440910294057625,0.1867879692792853,2.6504813708027086,0.1184844588923201,0.2550914796662504,1.0769250081808406,2.6504813708027086,OF-MPC pretrained + gate,OF-MPC pretrained,True,full_RL
64,50400,51200,800,-6.044902133018586,-4835.921706414869,-5.025569541865264,-4020.455633492211,1.0193325911533213,815.4660729226571,0,0.0,0,0.0,42,0.0525,758,38,38,0,0,0,4,-65.91842648193551,5.493479730304963,0.1847611241196309,2.7301434313885693,0.1208767935492911,0.2486454546899707,1.0833399113369135,2.7301434313885693,OF-MPC pretrained + gate,OF-MPC pretrained,True,full_RL
65,51200,52000,800,-6.422775947201773,-5138.220757761418,-5.213325217427366,-4170.660173941893,1.2094507297744046,967.5605838195236,0,0.0,0,0.0,44,0.055,756,41,41,0,0,0,3,-62.306350359368935,5.493471728735667,0.1853166637450663,2.6486263980291938,0.1219547583995806,0.248678569090552,1.073171528015577,2.6486263980291938,OF-MPC pretrained + gate,OF-MPC pretrained,True,full_RL
66,52000,52800,800,-7.573725904454235,-6058.980723563388,-5.310980014915162,-4248.78401193213,2.262745889539073,1810.1967116312585,0,0.0,0,0.0,44,0.055,756,42,42,0,0,0,2,-61.53332171684463,13.16151140230432,0.1786109765748939,2.598868583024114,0.1192958286774202,0.2379261244723675,1.081626003377384,2.598868583024114,OF-MPC pretrained + gate,OF-MPC pretrained,True,full_RL
67,52800,53600,800,-6.737805408950895,-5390.244327160716,-5.249625746702029,-4199.700597361623,1.4881796622488666,1190.5437297990932,0,0.0,0,0.0,31,0.03875,769,28,28,0,0,0,3,-60.459001821925085,9.265112088593472,0.1772293452838042,2.484940656735091,0.1214727933179483,0.2329858972496601,1.077850258423685,2.484940656735091,OF-MPC pretrained + gate,OF-MPC pretrained,True,full_RL
68,53600,54400,800,-5.614341107130445,-4491.4728857043565,-4.679666495523441,-3743.733196418753,0.9346746116070054,747.7396892856043,0,0.0,0,0.0,36,0.045,764,33,33,0,0,0,3,-58.51245610860974,6.6034883713271775,0.1699983235398745,2.533776345635715,0.1183980647256619,0.2215985823540871,1.083486395646299,2.533776345635715,OF-MPC pretrained + gate,OF-MPC pretrained,True,full_RL
69,54400,55200,800,-5.781383903145127,-4625.107122516101,-4.731078692829254,-3784.8629542634026,1.0503052103158736,840.2441682526988,0,0.0,0,0.0,43,0.05375,757,41,41,0,0,0,2,-66.51997363390535,4.27529548100036,0.1652402037070016,2.50165128293861,0.1194512825855426,0.2110291248284606,1.0874895265564208,2.50165128293861,OF-MPC pretrained + gate,OF-MPC pretrained,True,full_RL
70,55200,56000,800,-8.963936931988165,-7171.149545590532,-6.375378728588736,-5100.302982870989,2.588558203399429,2070.8465627195437,0,0.0,0,0.0,53,0.06625,747,50,50,0,0,0,3,-69.28891101460067,10.766697837647392,0.2164496905176368,2.959144163388487,0.1401142548096933,0.2927851262255803,1.0979624616737935,2.959144163388487,OF-MPC pretrained + gate,OF-MPC pretrained,True,full_RL
71,56000,56800,800,-5.838872139510626,-4671.097711608501,-4.685781305151695,-3748.625044121356,1.1530908343589332,922.4726674871466,0,0.0,0,0.0,47,0.05875,753,44,44,0,0,0,3,-60.753332578291406,6.284817454106872,0.1687131909749399,2.43585934484139,0.1186225193332623,0.2188038626166174,1.0778172936303134,2.43585934484139,OF-MPC pretrained + gate,OF-MPC pretrained,True,full_RL
72,56800,57600,800,-5.4419629039352095,-4353.570323148168,-4.801222424819895,-3840.977939855916,0.6407404791153144,512.5923832922515,0,0.0,0,0.0,34,0.0425,766,31,31,0,0,0,3,-71.35980497406149,3.779606244561595,0.1682853944792087,2.5309573704831223,0.121124232590393,0.2154465563680243,1.1066893834573404,2.5309573704831223,OF-MPC pretrained + gate,OF-MPC pretrained,True,full_RL
73,57600,58400,800,-8.841426339158625,-7073.1410713269,-6.721981982264283,-5377.585585811426,2.1194443568943417,1695.5554855154733,0,0.0,0,0.0,24,0.03,776,21,21,0,0,0,3,-71.96157124747106,10.096686463611263,0.2297814680701232,3.046401635660516,0.1450082976753766,0.3145546384648698,1.1066678705643622,3.046401635660516,OF-MPC pretrained + gate,OF-MPC pretrained,True,full_RL
74,58400,59200,800,-6.290960179754542,-5032.768143803633,-5.258065490433673,-4206.452392346939,1.0328946893208697,826.3157514566958,0,0.0,0,0.0,20,0.025,780,17,17,0,0,0,3,-58.00066726122509,9.952259672607823,0.1917811709089925,2.9583166451008083,0.1288787802003577,0.2546835616176274,1.1039338017260871,2.9583166451008083,OF-MPC pretrained + gate,OF-MPC pretrained,True,full_RL
75,59200,60000,800,-6.718967861814975,-5375.17428945198,-5.590376536351682,-4472.301229081346,1.128591325463294,902.8730603706352,0,0.0,0,0.0,23,0.02875,777,19,19,0,0,0,4,-59.3535661805854,9.082502977159916,0.202620320667757,2.997757768818417,0.1308993372136115,0.2743413041219025,1.0999694558449633,2.997757768818417,OF-MPC pretrained + gate,OF-MPC pretrained,True,full_RL
76,60000,60800,800,-8.185223614536579,-6548.178891629263,-6.344514677796014,-5075.611742236812,1.8407089367405645,1472.5671493924517,0,0.0,0,0.0,20,0.025,780,17,17,0,0,0,3,-58.22644748733478,9.777168924052502,0.2188135755407219,3.022184586478886,0.140853698041109,0.2967734530403347,1.1097094564645382,3.022184586478886,OF-MPC pretrained + gate,OF-MPC pretrained,True,full_RL
77,60800,61600,800,-4.58056778770162,-3664.454230161296,-4.419778402564975,-3535.82272205198,0.1607893851366431,128.6315081093145,0,0.0,0,0.0,10,0.0125,790,6,6,0,0,0,4,-63.5970637465864,1.6556616890455371,0.1691080409990413,2.612362807145473,0.1174697443090774,0.2207463376890051,1.0749164860826297,2.612362807145473,OF-MPC pretrained + gate,OF-MPC pretrained,True,full_RL
78,61600,62400,800,-5.02083231810474,-4016.665854483792,-4.4761665218044016,-3580.933217443521,0.5446657963003385,435.7326370402708,0,0.0,0,0.0,23,0.02875,777,19,19,0,0,0,4,-61.75446017703791,4.410730449661017,0.1683586158581216,2.6117276947599635,0.1171898172576736,0.2195274144585696,1.0760272871736434,2.6117276947599635,OF-MPC pretrained + gate,OF-MPC pretrained,True,full_RL
79,62400,63200,800,-7.327531238632032,-5862.024990905626,-5.764611164236677,-4611.688931389342,1.5629200743953549,1250.336059516284,0,0.0,0,0.0,20,0.025,780,16,16,0,0,0,4,-61.13716573675947,10.194793518528796,0.2067282165454491,2.976721226764255,0.1342700374576932,0.2791863956332051,1.097702238188068,2.976721226764255,OF-MPC pretrained + gate,OF-MPC pretrained,True,full_RL
80,63200,64000,800,-8.270578649209273,-6616.462919367418,-6.183347919871734,-4946.678335897387,2.087230729337538,1669.7845834700304,0,0.0,0,0.0,29,0.03625,771,26,26,0,0,0,3,-59.11634321781992,9.991276767733044,0.2121546349084487,2.9640921264015105,0.1363865944414972,0.2879226753754001,1.112242112888134,2.9640921264015105,OF-MPC pretrained + gate,OF-MPC pretrained,True,full_RL
81,64000,64800,800,-4.857160314807093,-3885.728251845674,-4.498371631856116,-3598.6973054848927,0.3587886829509769,287.0309463607815,0,0.0,0,0.0,17,0.02125,783,14,14,0,0,0,3,-61.26228525987722,2.7042742627763943,0.1723929085077206,2.624329320970162,0.1177335549116148,0.2270522621038263,1.0823718932321396,2.624329320970162,OF-MPC pretrained + gate,OF-MPC pretrained,True,full_RL
82,64800,65600,800,-6.213120096203695,-4970.496076962956,-5.25757584073903,-4206.060672591224,0.9555442554646664,764.4354043717331,0,0.0,0,0.0,20,0.025,780,17,17,0,0,0,3,-64.30947711378144,8.819381553143362,0.1884699801473155,2.951095115042392,0.1264672076684596,0.2504727526261716,1.1092644396834943,2.951095115042392,OF-MPC pretrained + gate,OF-MPC pretrained,True,full_RL
83,65600,66400,800,-5.493655851743865,-4394.924681395092,-4.941268891671093,-3953.0151133368745,0.5523869600727719,441.9095680582175,0,0.0,0,0.0,14,0.0175,786,11,11,0,0,0,3,-62.58601245772229,8.979341947448534,0.1860343481129467,3.0020696057661667,0.1235954638526523,0.2484732323732412,1.0910516151933458,3.0020696057661667,OF-MPC pretrained + gate,OF-MPC pretrained,True,full_RL
84,66400,67200,800,-8.72995334605472,-6983.962676843775,-6.1606516962584825,-4928.521357006786,2.569301649796236,2055.4413198369884,0,0.0,0,0.0,29,0.03625,771,25,25,0,0,0,3,-64.44066772332872,11.918288727432136,0.204162025850959,2.912502777877023,0.1328489816076772,0.2754750700942408,1.1124670682937805,2.912502777877023,OF-MPC pretrained + gate,OF-MPC pretrained,True,full_RL
85,67200,68000,800,-5.269763760070618,-4215.811008056495,-4.645364168445045,-3716.291334756036,0.6243995916255735,499.5196733004588,0,0.0,0,0.0,25,0.03125,775,22,22,0,0,0,3,-64.03604854822731,6.512764676696654,0.1677237825688423,2.558259397434881,0.119353451564837,0.2160941135728477,1.0829894272062233,2.558259397434881,OF-MPC pretrained + gate,OF-MPC pretrained,True,full_RL
86,68000,68800,800,-4.932981528324438,-3946.385222659551,-4.4473597853320745,-3557.88782826566,0.4856217429923641,388.49739439389134,0,0.0,0,0.0,20,0.025,780,15,15,0,0,0,4,-61.94862976063848,4.233613316297381,0.1690154358507607,2.652845286001309,0.1169975475610175,0.2210333241405039,1.0816353944561032,2.652845286001309,OF-MPC pretrained + gate,OF-MPC pretrained,True,full_RL
87,68800,69600,800,-8.516157049066129,-6812.925639252903,-5.85112828286803,-4680.902626294424,2.6650287661981,2132.02301295848,0,0.0,0,0.0,24,0.03,776,21,21,0,0,0,3,-61.79741007326834,16.321368708363778,0.1936253418957689,2.818879611792568,0.1269688925183285,0.2602817912732093,1.1094871673903333,2.818879611792568,OF-MPC pretrained + gate,OF-MPC pretrained,True,full_RL
88,69600,70400,800,-7.446728407106447,-5957.382725685157,-5.849020696628227,-4679.216557302582,1.5977077104782171,1278.1661683825737,0,0.0,0,0.0,27,0.03375,773,23,23,0,0,0,4,-63.05375623291116,10.212991562166785,0.2123000913466539,3.0987379655858263,0.1345038490575614,0.2900963336357465,1.1038826854682229,3.0987379655858263,OF-MPC pretrained + gate,OF-MPC pretrained,True,full_RL
89,70400,71200,800,-6.59465852036109,-5275.726816288872,-5.393435159019679,-4314.748127215744,1.2012233613414092,960.9786890731272,0,0.0,0,0.0,28,0.035,772,25,25,0,0,0,3,-68.50802302838099,9.76122852530585,0.2018106565159305,3.1243138850811647,0.1282870015090247,0.2753343115228364,1.0864956392242795,3.1243138850811647,OF-MPC pretrained + gate,OF-MPC pretrained,True,full_RL
90,71200,72000,800,-9.816454183214532,-7853.163346571626,-7.037447830652602,-5629.958264522082,2.779006352561932,2223.2050820495456,0,0.0,0,0.0,25,0.03125,775,22,22,0,0,0,3,-61.11497896294839,11.168124416385318,0.2321617575735763,3.133332119987699,0.1407917911204766,0.3235317240266761,1.1032059213822327,3.133332119987699,OF-MPC pretrained + gate,OF-MPC pretrained,True,full_RL
91,72000,72800,800,-7.188023151844502,-5750.418521475602,-5.5808840459999605,-4464.707236799968,1.607139105844543,1285.7112846756345,0,0.0,0,0.0,34,0.0425,766,31,31,0,0,0,3,-65.84319996054376,9.845375936203189,0.2037075579617426,3.022067750164922,0.1282784060986871,0.2791367098247981,1.084447847054835,3.022067750164922,OF-MPC pretrained + gate,OF-MPC pretrained,True,full_RL
92,72800,73600,800,-4.972599384633632,-3978.0795077069056,-4.457983138647727,-3566.386510918181,0.5146162459859052,411.69299678872414,0,0.0,0,0.0,28,0.035,772,24,24,0,0,0,4,-57.21736432817215,3.121640291169621,0.1727732032735715,2.5064614516750794,0.1163757507916855,0.2291706557554576,1.0845497195692515,2.5064614516750794,OF-MPC pretrained + gate,OF-MPC pretrained,True,full_RL
93,73600,74400,800,-7.349822986074447,-5879.858388859558,-5.876123262807718,-4700.898610246174,1.4736997232667302,1178.959778613384,0,0.0,0,0.0,22,0.0275,778,18,18,0,0,0,4,-54.65137390068446,9.937664576574754,0.2160825212042905,3.1154780943570586,0.1342771410247781,0.2978879013838029,1.0921082784335794,3.1154780943570586,OF-MPC pretrained + gate,OF-MPC pretrained,True,full_RL
94,74400,75200,800,-6.630094499347171,-5304.075599477737,-5.294033552485712,-4235.2268419885695,1.3360609468614597,1068.8487574891678,0,0.0,0,0.0,26,0.0325,774,22,22,0,0,0,4,-60.81992762207801,9.598996228162097,0.1922923275248396,2.900589812707836,0.1275651516341889,0.2570195034154904,1.121418680515884,2.900589812707836,OF-MPC pretrained + gate,OF-MPC pretrained,True,full_RL
95,75200,76000,800,-6.487175352727945,-5189.740282182356,-5.297059932330346,-4237.647945864277,1.1901154203976,952.09233631808,0,0.0,0,0.0,22,0.0275,778,18,18,0,0,0,4,-60.62825828302164,9.52781479199633,0.1943555171035166,2.859740133056505,0.1281104255970098,0.2606006086100235,1.1043634358519796,2.859740133056505,OF-MPC pretrained + gate,OF-MPC pretrained,True,full_RL
96,76000,76800,800,-5.565592597353144,-4452.474077882515,-4.653649615970831,-3722.919692776664,0.9119429813823132,729.5543851058505,0,0.0,0,0.0,33,0.04125,767,29,29,0,0,0,4,-66.15251837984044,6.574557927452473,0.1687952932820756,2.4836114886458063,0.1188498784050356,0.2187407081591155,1.102722160260965,2.4836114886458063,OF-MPC pretrained + gate,OF-MPC pretrained,True,full_RL
97,76800,77600,800,-7.58299235784813,-6066.393886278504,-5.79773965456666,-4638.191723653328,1.7852527032814711,1428.202162625177,0,0.0,0,0.0,26,0.0325,774,23,23,0,0,0,3,-60.10610808325964,9.628889806331792,0.1963872466246903,2.8791754362264896,0.131070933854317,0.2617035593950637,1.1059094988138505,2.8791754362264896,OF-MPC pretrained + gate,OF-MPC pretrained,True,full_RL
98,77600,78400,800,-7.21928214306892,-5775.425714455136,-5.37174161437994,-4297.393291503952,1.8475405286889783,1478.0324229511828,0,0.0,0,0.0,21,0.02625,779,18,18,0,0,0,3,-62.561602940716966,11.195186133421789,0.1823759723239274,2.589648528791713,0.1186116928034407,0.2461402518444141,1.0709038737226768,2.589648528791713,OF-MPC pretrained + gate,OF-MPC pretrained,True,full_RL
99,78400,79200,800,-5.156332611000264,-4125.066088800211,-4.644198247605615,-3715.3585980844914,0.5121343633946492,409.70749071571936,0,0.0,0,0.0,16,0.02,784,12,12,0,0,0,4,-71.12204456639472,4.388199289170771,0.1679826767166209,2.533244526580233,0.1201180572120436,0.2158472962211982,1.1004101593391051,2.533244526580233,OF-MPC pretrained + gate,OF-MPC pretrained,True,full_RL
100,79200,80000,800,-6.79408803247911,-5435.270425983288,-5.323031328882943,-4258.425063106354,1.471056703596168,1176.8453628769344,0,0.0,0,0.0,20,0.025,780,18,18,0,0,0,2,-56.05774893856881,12.72439235646048,0.1822459526392785,2.495989706787612,0.1213972600519585,0.2430946452265986,1.0919692900686004,2.495989706787612,OF-MPC pretrained + gate,OF-MPC pretrained,True,full_RL
101,80000,80800,800,-7.30381992076995,-5843.05593661596,-5.522683952461361,-4418.147161969089,1.781135968308588,1424.9087746468704,0,0.0,0,0.0,20,0.025,780,17,17,0,0,0,3,-61.30620932199543,10.522641358066622,0.2019530377622783,3.023013701230866,0.1260169163217082,0.2778891592028484,1.0882807840127993,3.023013701230866,OF-MPC pretrained + gate,OF-MPC pretrained,True,full_RL
102,80800,81600,800,-4.804548762901985,-3843.639010321588,-4.356097718866109,-3484.8781750928874,0.4484510440358753,358.7608352287003,0,0.0,0,0.0,16,0.02,784,12,12,0,0,0,4,-60.38260855241106,3.4403599806842964,0.1676827725755715,2.7224371634990234,0.1151790857689238,0.2201864593822192,1.0772956177579365,2.7224371634990234,OF-MPC pretrained + gate,OF-MPC pretrained,True,full_RL
103,81600,82400,800,-5.827974416639694,-4662.379533311755,-4.788876766175273,-3831.101412940218,1.0390976504644214,831.278120371537,0,0.0,0,0.0,23,0.02875,777,20,20,0,0,0,3,-62.04095153568392,9.52562906584298,0.1770544900731479,2.934335682441201,0.1207017875964924,0.2334071925498034,1.083087137286539,2.934335682441201,OF-MPC pretrained + gate,OF-MPC pretrained,True,full_RL
104,82400,83200,800,-5.781101655451355,-4624.881324361084,-4.807209925055084,-3845.767940044067,0.9738917303962722,779.1133843170178,0,0.0,0,0.0,12,0.015,788,11,11,0,0,0,1,-62.176709109601234,9.55886204075288,0.1735193526506458,2.635039505448219,0.1178893220409063,0.2291493832603854,1.0928373480287177,2.635039505448219,OF-MPC pretrained + gate,OF-MPC pretrained,True,full_RL
105,83200,84000,800,-7.991400127024669,-6393.120101619735,-5.829385559086528,-4663.508447269222,2.162014567938139,1729.6116543505111,0,0.0,0,0.0,29,0.03625,771,27,27,0,0,0,2,-64.38649046000648,10.054528382611148,0.2075092052131987,3.016644282930997,0.1308455759109363,0.2841728345154612,1.0747878052601627,3.016644282930997,OF-MPC pretrained + gate,OF-MPC pretrained,True,full_RL
106,84000,84800,800,-7.33575345473815,-5868.60276379052,-5.66509271379088,-4532.074171032704,1.6706607409472716,1336.5285927578173,0,0.0,0,0.0,20,0.025,780,18,18,0,0,0,2,-56.718705715052806,9.824876876084536,0.194557760637285,2.855311069516233,0.1314894355902009,0.2576260856843692,1.1242467018670923,2.855311069516233,OF-MPC pretrained + gate,OF-MPC pretrained,True,full_RL
107,84800,85600,800,-5.49313332549948,-4394.506660399584,-4.709720236075701,-3767.776188860561,0.7834130894237791,626.7304715390233,0,0.0,0,0.0,25,0.03125,775,23,23,0,0,0,2,-62.34519638617439,9.52092060559487,0.1782625388203406,3.0229556019605752,0.1217145291022159,0.2348105485384653,1.0943363483396982,3.0229556019605752,OF-MPC pretrained + gate,OF-MPC pretrained,True,full_RL
108,85600,86400,800,-7.802798358469349,-6242.238686775479,-5.902793008485617,-4722.234406788493,1.900005349983732,1520.0042799869857,0,0.0,0,0.0,30,0.0375,770,28,28,0,0,0,2,-59.67743266054436,9.667943745814089,0.2112589878389142,2.966196981916198,0.1362071685162612,0.2863108071615673,1.1001516770616426,2.966196981916198,OF-MPC pretrained + gate,OF-MPC pretrained,True,full_RL
109,86400,87200,800,-5.665700658757919,-4532.560527006335,-4.8264242724445285,-3861.139417955623,0.839276386313392,671.4211090507135,0,0.0,0,0.0,17,0.02125,783,16,16,0,0,0,1,-61.63695713376615,9.425754514532947,0.1780727933356942,2.8848933062785704,0.1225749803213576,0.2335706063500308,1.096001142904221,2.8848933062785704,OF-MPC pretrained + gate,OF-MPC pretrained,True,full_RL
110,87200,88000,800,-6.741106090486419,-5392.884872389135,-5.351338972877629,-4281.071178302103,1.3897671176087898,1111.8136940870318,0,0.0,0,0.0,20,0.025,780,18,18,0,0,0,2,-61.55399002483114,9.900827226255153,0.188817776015369,2.982509574165192,0.1281408324305366,0.2494947196002013,1.0996970791903626,2.982509574165192,OF-MPC pretrained + gate,OF-MPC pretrained,True,full_RL
111,88000,88800,800,-5.464954132385258,-4371.963305908206,-4.507626557380465,-3606.1012459043714,0.9573275750047936,765.8620600038349,0,0.0,0,0.0,17,0.02125,783,14,14,0,0,0,3,-62.726132326011,10.208526070825096,0.1617003293438192,2.528284339194329,0.1165859934185716,0.2068146652690668,1.0750216992373764,2.528284339194329,OF-MPC pretrained + gate,OF-MPC pretrained,True,full_RL
112,88800,89600,800,-8.445615744400767,-6756.492595520614,-6.393232253788001,-5114.585803030401,2.052383490612767,1641.9067924902135,0,0.0,0,0.0,19,0.02375,781,17,17,0,0,0,2,-62.720438204546895,10.611032717084631,0.2198466234594975,2.943576966644798,0.1398157622905799,0.2998774846284152,1.0962906909919634,2.943576966644798,OF-MPC pretrained + gate,OF-MPC pretrained,True,full_RL
113,89600,90400,800,-7.121141717389118,-5696.913373911294,-5.639491356804772,-4511.5930854438175,1.4816503605843443,1185.3202884674756,0,0.0,0,0.0,19,0.02375,781,18,18,0,0,0,1,-61.275907922573765,9.71001913052992,0.2052170857182772,2.998595137448376,0.1322776446535793,0.2781565267829751,1.0847401129149108,2.998595137448376,OF-MPC pretrained + gate,OF-MPC pretrained,True,full_RL
114,90400,91200,800,-4.540560222370366,-3632.4481778962927,-4.225806608290679,-3380.6452866325426,0.3147536140796874,251.80289126374996,0,0.0,0,0.0,18,0.0225,782,16,16,0,0,0,2,-59.87858206102624,3.2266540648844177,0.159771328135791,2.553232636674011,0.1159601190270299,0.2035825372445522,1.075188437821156,2.553232636674011,OF-MPC pretrained + gate,OF-MPC pretrained,True,full_RL
115,91200,92000,800,-7.264627951980264,-5811.702361584212,-5.584304903247917,-4467.443922598333,1.6803230487323475,1344.258438985878,0,0.0,0,0.0,24,0.03,776,22,22,0,0,0,2,-66.82362903118894,12.542152431635872,0.1988907669604626,3.2193896918519727,0.1310729906665969,0.2667085432543282,1.111127777321577,3.2193896918519727,OF-MPC pretrained + gate,OF-MPC pretrained,True,full_RL
116,92000,92800,800,-6.091942511926752,-4873.554009541402,-4.982647029339989,-3986.117623471992,1.1092954825867636,887.4363860694109,0,0.0,0,0.0,23,0.02875,777,21,21,0,0,0,2,-62.28153300117447,9.568096374302964,0.1912704186128356,3.0721023193485166,0.1240791928465997,0.2584616443790716,1.0998712187316009,3.0721023193485166,OF-MPC pretrained + gate,OF-MPC pretrained,True,full_RL
117,92800,93600,800,-10.243453303783708,-8194.762643026967,-7.117939563811039,-5694.351651048832,3.1255137399726687,2500.410991978135,0,0.0,0,0.0,39,0.04875,761,35,35,0,0,0,3,-61.886225364554775,10.429429748743395,0.2359228654897824,2.973701730127516,0.1475966932472399,0.324249037732325,1.1041245955330423,2.973701730127516,OF-MPC pretrained + gate,OF-MPC pretrained,True,full_RL
118,93600,94400,800,-7.840457535078055,-6272.3660280624445,-5.98540117416526,-4788.320939332209,1.8550563609127944,1484.0450887302354,0,0.0,0,0.0,16,0.02,784,13,13,0,0,0,3,-62.1619831985862,9.841156289755997,0.2116781629962305,2.949371382297386,0.1369447268899181,0.286411599102543,1.1032453355251888,2.949371382297386,OF-MPC pretrained + gate,OF-MPC pretrained,True,full_RL
119,94400,95200,800,-4.717901004116267,-3774.320803293013,-4.281653288229882,-3425.3226305839057,0.4362477158863839,348.9981727091072,0,0.0,0,0.0,16,0.02,784,14,14,0,0,0,2,-63.254170457077294,6.248382826970886,0.159496533156245,2.506118767496787,0.1155979803428966,0.2033950859695934,1.0755722163935868,2.506118767496787,OF-MPC pretrained + gate,OF-MPC pretrained,True,full_RL
120,95200,96000,800,-5.105883939608381,-4084.707151686705,-4.492678535995712,-3594.14282879657,0.6132054036126673,490.5643228901338,0,0.0,0,0.0,26,0.0325,774,23,23,0,0,0,3,-59.77556054645311,5.846843387960506,0.1675854047545467,2.576658995787397,0.1178882798953899,0.2172825296137035,1.093035369157104,2.576658995787397,OF-MPC pretrained + gate,OF-MPC pretrained,True,full_RL
121,96000,96800,800,-6.764780050871425,-5411.82404069714,-5.5424210453617615,-4433.936836289409,1.2223590055096645,977.8872044077314,0,0.0,0,0.0,15,0.01875,785,13,13,0,0,0,2,-61.60192647577537,9.943703935933542,0.2026320330054555,2.98050174148608,0.1329849148013276,0.2722791512095834,1.0953259917220426,2.98050174148608,OF-MPC pretrained + gate,OF-MPC pretrained,True,full_RL
122,96800,97600,800,-7.677085090399101,-6141.66807231928,-5.857562740184133,-4686.050192147307,1.8195223502149676,1455.617880171974,0,0.0,0,0.0,18,0.0225,782,15,15,0,0,0,3,-61.71466403735337,9.672300664770276,0.2107980649050721,2.9701362529571043,0.1356343512756388,0.2859617785345055,1.0925945407572502,2.9701362529571043,OF-MPC pretrained + gate,OF-MPC pretrained,True,full_RL
123,97600,98400,800,-5.941458202525036,-4753.166562020028,-5.010833889209247,-4008.667111367398,0.9306243133157884,744.4994506526308,0,0.0,0,0.0,12,0.015,788,10,10,0,0,0,2,-63.63547442103868,9.723643332538837,0.1887353636567457,2.950705507228065,0.1260822457165699,0.2513884815969215,1.1059814485285782,2.950705507228065,OF-MPC pretrained + gate,OF-MPC pretrained,True,full_RL
124,98400,99200,800,-5.952344638389285,-4761.875710711428,-4.949451011267659,-3959.560809014127,1.0028936271216269,802.3149016973013,0,0.0,0,0.0,19,0.02375,781,17,17,0,0,0,2,-63.7632932633137,9.649130902817635,0.1917980627759214,3.01912444912324,0.1243382417394735,0.2592578838123692,1.0837459448421298,3.01912444912324,OF-MPC pretrained + gate,OF-MPC pretrained,True,full_RL
125,99200,100000,800,-6.788174653055032,-5430.539722444026,-5.289198254030649,-4231.358603224519,1.498976399024383,1199.1811192195064,0,0.0,0,0.0,21,0.02625,779,19,19,0,0,0,2,-63.515038490241295,9.677457534183674,0.1916005845855214,2.977910732933367,0.1264946570776274,0.2567065120934154,1.1055058203008792,2.977910732933367,OF-MPC pretrained + gate,OF-MPC pretrained,True,full_RL
126,100000,100800,800,-7.858846344039396,-6287.077075231517,-5.986526088560094,-4789.220870848075,1.872320255479302,1497.8562043834415,0,0.0,0,0.0,26,0.0325,774,24,24,0,0,0,2,-60.25892414581551,10.441215027044535,0.2153999203939342,2.928106219886274,0.1369822064253734,0.293817634362495,1.1099198006501705,2.928106219886274,OF-MPC pretrained + gate,OF-MPC pretrained,True,full_RL
127,100800,101600,800,-6.256253922831183,-5005.003138264947,-5.189117320389821,-4151.293856311857,1.0671366024413624,853.7092819530899,0,0.0,0,0.0,15,0.01875,785,13,13,0,0,0,2,-65.21034816901863,9.674680411632853,0.1915858575972504,2.954220592986473,0.1272583361659179,0.2559133790285829,1.1022768718951128,2.954220592986473,OF-MPC pretrained + gate,OF-MPC pretrained,True,full_RL
128,101600,102400,800,-5.031402472009325,-4025.12197760746,-4.484420618773079,-3587.536495018463,0.546981853236246,437.58548258899685,0,0.0,0,0.0,17,0.02125,783,15,15,0,0,0,2,-64.58041001581182,5.787281895839586,0.1699233005539373,2.6281780615001367,0.1166913518054604,0.2231552493024142,1.0721797924495582,2.6281780615001367,OF-MPC pretrained + gate,OF-MPC pretrained,True,full_RL
129,102400,103200,800,-5.603882772190816,-4483.106217752653,-4.740959369940434,-3792.767495952347,0.8629234022503829,690.3387218003063,0,0.0,0,0.0,18,0.0225,782,16,16,0,0,0,2,-63.110784788956266,9.460544263849828,0.1754496998389807,2.904607765734568,0.1214606463845734,0.2294387532933879,1.1072806168611589,2.904607765734568,OF-MPC pretrained + gate,OF-MPC pretrained,True,full_RL
130,103200,104000,800,-4.955465605539234,-3964.3724844313874,-4.4508238053156335,-3560.659044252506,0.5046418002236008,403.7134401788807,0,0.0,0,0.0,22,0.0275,778,18,18,0,0,0,4,-55.61985417369419,4.643187546725014,0.1656871644582593,2.515536079975732,0.1172732460047882,0.2141010829117304,1.075601158236693,2.515536079975732,OF-MPC pretrained + gate,OF-MPC pretrained,True,full_RL
131,104000,104800,800,-7.096979910191505,-5677.583928153204,-5.471763698438736,-4377.410958750988,1.6252162117527704,1300.1729694022165,0,0.0,0,0.0,22,0.0275,778,19,19,0,0,0,3,-65.65498781142844,9.922424924337111,0.2019395247813509,2.988035501905358,0.130005019216932,0.2738740303457698,1.092426297878696,2.988035501905358,OF-MPC pretrained + gate,OF-MPC pretrained,True,full_RL
132,104800,105600,800,-5.051082215936053,-4040.8657727488426,-4.437840444330622,-3550.272355464497,0.6132417716054319,490.5934172843456,0,0.0,0,0.0,11,0.01375,789,8,8,0,0,0,2,-66.40090454973574,10.134620704576658,0.1642230547538485,2.597072970654324,0.115384963656486,0.2130611458512109,1.0773860390656167,2.597072970654324,OF-MPC pretrained + gate,OF-MPC pretrained,True,full_RL
133,105600,106400,800,-5.145264803443175,-4116.21184275454,-4.434789553344896,-3547.831642675917,0.710475250098278,568.3802000786225,0,0.0,0,0.0,15,0.01875,785,13,13,0,0,0,1,-66.41741889903255,10.771803767789242,0.163202765339911,2.566250083869022,0.1153829842683427,0.2110225464114793,1.0800888721004631,2.566250083869022,OF-MPC pretrained + gate,OF-MPC pretrained,True,full_RL
134,106400,107200,800,-6.7969990877327096,-5437.599270186168,-5.2626533514154925,-4210.122681132394,1.5343457363172162,1227.4765890537728,0,0.0,0,0.0,27,0.03375,773,25,25,0,0,0,2,-63.39359055067007,9.668546159041062,0.1944833571897293,2.990117091982881,0.126014233919896,0.2629524804595626,1.1039905135993946,2.990117091982881,OF-MPC pretrained + gate,OF-MPC pretrained,True,full_RL
135,107200,108000,800,-4.645937195335884,-3716.7497562687063,-4.315970293402147,-3452.7762347217176,0.3299669019337367,263.97352154698933,0,0.0,0,0.0,15,0.01875,785,13,13,0,0,0,2,-66.47841730518951,4.588792027404311,0.1653462598080303,2.569437008775082,0.1161679890571434,0.2145245305589172,1.0761945795097252,2.569437008775082,OF-MPC pretrained + gate,OF-MPC pretrained,True,full_RL
136,108000,108800,800,-8.080209640680309,-6464.167712544248,-5.839886649241557,-4671.909319393246,2.240322991438754,1792.2583931510037,0,0.0,0,0.0,21,0.02625,779,19,19,0,0,0,2,-67.65465794836996,9.952530540357127,0.2050856601002175,2.948604905841421,0.1316788679497443,0.2784924522506908,1.0977032999124652,2.948604905841421,OF-MPC pretrained + gate,OF-MPC pretrained,True,full_RL
137,108800,109600,800,-8.088423378487272,-6470.7387027898185,-6.083991060457992,-4867.192848366393,2.00443231802928,1603.5458544234243,0,0.0,0,0.0,12,0.015,788,9,9,0,0,0,3,-66.3867797881245,11.085970586474598,0.2186089008412255,3.1004906874202334,0.1378399981695659,0.2993778035128851,1.098171267314099,3.1004906874202334,OF-MPC pretrained + gate,OF-MPC pretrained,True,full_RL
138,109600,110400,800,-6.073046651952762,-4858.437321562209,-5.089042775781226,-4071.234220624981,0.9840038761715356,787.2031009372286,0,0.0,0,0.0,11,0.01375,789,8,8,0,0,0,3,-66.01965404824625,9.247889016895696,0.1903237477159286,2.9620433818997185,0.1263458821619408,0.2543016132699164,1.1051204048610144,2.9620433818997185,OF-MPC pretrained + gate,OF-MPC pretrained,True,full_RL
139,110400,111200,800,-7.2123811009682175,-5769.904880774574,-5.524050401974501,-4419.2403215796,1.688330698993717,1350.6645591949737,0,0.0,0,0.0,21,0.02625,779,19,19,0,0,0,2,-67.3781040244163,9.433283925974706,0.1988622085674598,3.0482391447576447,0.1284435859562233,0.2692808311786963,1.10480371416405,3.0482391447576447,OF-MPC pretrained + gate,OF-MPC pretrained,True,full_RL
140,111200,112000,800,-6.45807049034251,-5166.456392274008,-5.250645404112406,-4200.516323289925,1.2074250862301037,965.940068984083,0,0.0,0,0.0,21,0.02625,779,19,19,0,0,0,2,-64.99752728945987,9.467633431445156,0.1950514190459291,2.9802290114539005,0.127041625462781,0.2630612126290772,1.1034770609747828,2.9802290114539005,OF-MPC pretrained + gate,OF-MPC pretrained,True,full_RL
141,112000,112800,800,-6.365892714020497,-5092.7141712163975,-4.793801775318286,-3835.041420254629,1.5720909387022113,1257.672750961769,0,0.0,0,0.0,22,0.0275,778,19,19,0,0,0,2,-66.81929864526,11.329286509495583,0.1729531675832837,2.572887524463624,0.1143712941615877,0.2315350410049796,1.0723466828014296,2.572887524463624,OF-MPC pretrained + gate,OF-MPC pretrained,True,full_RL
142,112800,113600,800,-6.0270448127774685,-4821.635850221975,-4.997589021484857,-3998.071217187886,1.0294557912926117,823.5646330340894,0,0.0,0,0.0,18,0.0225,782,14,14,0,0,0,4,-65.22244158250555,9.801399003652184,0.1896633937823843,2.997001062020217,0.1255302869555602,0.2537965006092085,1.0936206346519677,2.997001062020217,OF-MPC pretrained + gate,OF-MPC pretrained,True,full_RL
143,113600,114400,800,-7.782515722573453,-6226.012578058762,-6.002486323436619,-4801.989058749296,1.780029399136833,1424.0235193094663,0,0.0,0,0.0,21,0.02625,779,18,18,0,0,0,3,-63.2433064275948,10.073323177289865,0.2162218190640086,3.0526153828267297,0.1374320188097101,0.2950116193183071,1.1045902879720342,3.0526153828267297,OF-MPC pretrained + gate,OF-MPC pretrained,True,full_RL
144,114400,115200,800,-8.784783279329659,-7027.826623463728,-5.990034744140233,-4792.027795312186,2.794748535189427,2235.7988281515413,0,0.0,0,0.0,18,0.0225,782,15,15,0,0,0,2,-64.44146124924646,16.19882494368252,0.1985159420052699,2.9455301952189643,0.1275407775505975,0.2694911064599424,1.10381342490632,2.9455301952189643,OF-MPC pretrained + gate,OF-MPC pretrained,True,full_RL
145,115200,116000,800,-6.918447289533713,-5534.75783162697,-5.587305272301012,-4469.8442178408095,1.3311420172327018,1064.9136137861617,0,0.0,0,0.0,20,0.025,780,17,17,0,0,0,3,-67.90949748889363,9.970243384556978,0.2070393714583654,3.0054847249271006,0.1328000680836432,0.2812786748330877,1.105246418213159,3.0054847249271006,OF-MPC pretrained + gate,OF-MPC pretrained,True,full_RL
146,116000,116800,800,-4.517684823599158,-3614.147858879327,-4.142789693918024,-3314.2317551344195,0.3748951296811338,299.9161037449071,0,0.0,0,0.0,12,0.015,788,10,10,0,0,0,2,-65.8375150690332,5.653741692161477,0.1631166015618767,2.609740895649168,0.1125772946743733,0.2136559084493801,1.0646414621099258,2.609740895649168,OF-MPC pretrained + gate,OF-MPC pretrained,True,full_RL
147,116800,117600,800,-6.960899896071964,-5568.719916857571,-5.478134872352092,-4382.507897881674,1.4827650237198708,1186.2120189758966,0,0.0,0,0.0,25,0.03125,775,22,22,0,0,0,3,-65.08282875727753,9.714039487013322,0.2045794305490207,3.021468775780363,0.130851498787291,0.2783073623107504,1.098368645987878,3.021468775780363,OF-MPC pretrained + gate,OF-MPC pretrained,True,full_RL
148,117600,118400,800,-7.890217484449181,-6312.173987559345,-5.847824427988733,-4678.259542390986,2.042393056460448,1633.914445168358,0,0.0,0,0.0,16,0.02,784,13,13,0,0,0,3,-64.26173321666624,10.93096245529971,0.2040299642860089,3.003718394813859,0.1328339538110366,0.2752259747609811,1.1118530385632497,3.003718394813859,OF-MPC pretrained + gate,OF-MPC pretrained,True,full_RL
149,118400,119200,800,-6.393204952136457,-5114.563961709166,-4.799428101079382,-3839.5424808635057,1.5937768510570738,1275.021480845659,0,0.0,0,0.0,27,0.03375,773,24,24,0,0,0,3,-65.65463733411843,13.798992616433322,0.1735491263659248,2.680649854143269,0.1159656927595506,0.2311325599722989,1.0931915132172754,2.680649854143269,OF-MPC pretrained + gate,OF-MPC pretrained,True,full_RL
150,119200,120000,800,-5.8205102615090265,-4656.408209207221,-4.651242039859206,-3720.993631887364,1.169268221649821,935.4145773198568,0,0.0,0,0.0,13,0.01625,787,11,11,0,0,0,2,-65.77320151320373,11.454122238244228,0.1788281195777671,2.714426443580692,0.1143837637976744,0.2432724753578599,1.077770024830262,2.714426443580692,OF-MPC pretrained + gate,OF-MPC pretrained,True,full_RL
151,120000,120800,800,-7.24464565946015,-5795.71652756812,-5.388898290191568,-4311.118632153254,1.8557473692685815,1484.5978954148654,0,0.0,0,0.0,30,0.0375,770,28,28,0,0,0,2,-66.76969153972902,10.452321863446087,0.1886019797313329,2.9725045915464534,0.1268446450416763,0.2503593144209896,1.0948065072064663,2.9725045915464534,OF-MPC pretrained + gate,OF-MPC pretrained,True,full_RL
152,120800,121600,800,-6.510070481729249,-5208.056385383399,-5.168368904055808,-4134.695123244646,1.341701577673441,1073.3612621387526,0,0.0,0,0.0,30,0.0375,770,27,27,0,0,0,3,-67.4843656554998,9.732751789009216,0.1969186716985096,3.076779775719274,0.1257906356918905,0.2680467077051288,1.0937550193933236,3.076779775719274,OF-MPC pretrained + gate,OF-MPC pretrained,True,full_RL
153,121600,122400,800,-5.470116982590948,-4376.093586072759,-4.400208922845622,-3520.167138276498,1.0699080597453252,855.9264477962602,0,0.0,0,0.0,22,0.0275,778,20,20,0,0,0,2,-66.11540770018655,8.813840785700547,0.1645259235373616,2.564282522881456,0.1140386113065553,0.2150132357681678,1.0713680284883034,2.564282522881456,OF-MPC pretrained + gate,OF-MPC pretrained,True,full_RL
154,122400,123200,800,-7.9700380909393855,-6376.030472751509,-5.783961199643489,-4627.168959714792,2.186076891295897,1748.8615130367173,0,0.0,0,0.0,17,0.02125,783,15,15,0,0,0,2,-64.98359323947079,11.375004577634348,0.1950407434924185,2.9372477811113527,0.1278681759191233,0.2622133110657137,1.095711365453099,2.9372477811113527,OF-MPC pretrained + gate,OF-MPC pretrained,True,full_RL
155,123200,124000,800,-9.073627903950294,-7258.902323160236,-6.312398840478221,-5049.919072382577,2.761229063472073,2208.9832507776587,0,0.0,0,0.0,29,0.03625,771,27,27,0,0,0,2,-65.34565955339224,11.310062992564225,0.2121999036204573,3.056577540806188,0.1327651868365759,0.2916346204043387,1.108483130337914,3.056577540806188,OF-MPC pretrained + gate,OF-MPC pretrained,True,full_RL
156,124000,124800,800,-8.753364622178555,-7002.691697742844,-6.240242633070271,-4992.194106456217,2.513121989108283,2010.4975912866264,0,0.0,0,0.0,29,0.03625,771,26,26,0,0,0,3,-65.45317506417689,9.71948517843724,0.2139795674313783,2.9831739124674077,0.1374982712380441,0.2904608636247126,1.1180513497089168,2.9831739124674077,OF-MPC pretrained + gate,OF-MPC pretrained,True,full_RL
157,124800,125600,800,-7.865892910176995,-6292.714328141597,-5.737013032920507,-4589.610426336406,2.128879877256491,1703.103901805193,0,0.0,0,0.0,29,0.03625,771,25,25,0,0,0,4,-63.31551998724444,9.673377675196644,0.2007290290530919,2.9324930623878345,0.1302176765715666,0.2712403815346173,1.1021538973193463,2.9324930623878345,OF-MPC pretrained + gate,OF-MPC pretrained,True,full_RL
158,125600,126400,800,-5.908336374687201,-4726.669099749761,-4.770004486210755,-3816.003588968604,1.1383318884764455,910.6655107811564,0,0.0,0,0.0,21,0.02625,779,18,18,0,0,0,3,-68.35650618850207,10.008781684365598,0.1787140031816536,3.034958389143412,0.1195631036707596,0.2378649026925477,1.0920197729071943,3.034958389143412,OF-MPC pretrained + gate,OF-MPC pretrained,True,full_RL
159,126400,127200,800,-5.692901748763135,-4554.321399010508,-4.861068806216839,-3888.855044973471,0.8318329425462969,665.4663540370375,0,0.0,0,0.0,21,0.02625,779,17,17,0,0,0,4,-62.21076128553477,8.270664213870601,0.1725431209299525,2.549716806774711,0.1211145084348229,0.2239717334250822,1.1074634152307143,2.549716806774711,OF-MPC pretrained + gate,OF-MPC pretrained,True,full_RL
160,127200,128000,800,-10.097869162608594,-8078.295330086876,-6.933133792993606,-5546.507034394885,3.16473536961499,2531.788295691992,0,0.0,0,0.0,27,0.03375,773,24,24,0,0,0,3,-68.12191121168473,11.677112854258004,0.2253286633394755,3.015499985378256,0.1435021469459313,0.3071551797330197,1.1100836247499308,3.015499985378256,OF-MPC pretrained + gate,OF-MPC pretrained,True,full_RL
161,128000,128800,800,-9.611016585894424,-7688.813268715539,-6.665870484962799,-5332.696387970239,2.9451461009316278,2356.116880745302,0,0.0,0,0.0,27,0.03375,773,25,25,0,0,0,2,-68.39127428008453,10.087604525118158,0.2284808746744046,3.0405273451105472,0.1405794917946517,0.3163822575541575,1.0976864777962456,3.0405273451105472,OF-MPC pretrained + gate,OF-MPC pretrained,True,full_RL
162,128800,129600,800,-7.149671331996277,-5719.737065597022,-5.594654743795059,-4475.723795036047,1.5550165882012192,1244.0132705609751,0,0.0,0,0.0,17,0.02125,783,12,12,0,0,0,4,-64.84231570061263,8.986033584986039,0.2009440965483451,3.009571328992536,0.13111112901111,0.2707770640855803,1.0930647147000965,3.009571328992536,OF-MPC pretrained + gate,OF-MPC pretrained,True,full_RL
163,129600,130400,800,-8.732962996409329,-6986.370397127463,-6.304646187898977,-5043.716950319182,2.428316808510351,1942.6534468082805,0,0.0,0,0.0,29,0.03625,771,26,26,0,0,0,3,-63.27500291704405,9.512197107667768,0.2198237551049582,2.982135125553384,0.1396291943678068,0.3000183158421096,1.0913480848832244,2.982135125553384,OF-MPC pretrained + gate,OF-MPC pretrained,True,full_RL
164,130400,131200,800,-7.090651666035808,-5672.521332828646,-5.290454351489124,-4232.363481191299,1.800197314546685,1440.157851637348,0,0.0,0,0.0,28,0.035,772,26,26,0,0,0,2,-68.75213917954488,9.695693558150522,0.1913997129515344,3.0509715963831923,0.1250800775607214,0.2577193483423474,1.0815727304001812,3.0509715963831923,OF-MPC pretrained + gate,OF-MPC pretrained,True,full_RL
165,131200,132000,800,-4.85288907591316,-3882.311260730528,-4.260763515597823,-3408.6108124782586,0.5921255603153359,473.7004482522688,0,0.0,0,0.0,24,0.03,776,22,22,0,0,0,2,-67.1868450391803,5.470204108634441,0.1586608378879327,2.490682312799322,0.1151564471346964,0.202165228641169,1.082531276671547,2.490682312799322,OF-MPC pretrained + gate,OF-MPC pretrained,True,full_RL
166,132000,132800,800,-6.54444577080023,-5235.556616640184,-5.309510700307308,-4247.608560245846,1.234935070492921,987.9480563943368,0,0.0,0,0.0,14,0.0175,786,11,11,0,0,0,3,-64.5718018321254,9.472301857530413,0.1928737806668604,2.932739977291533,0.127446878701519,0.2583006826322019,1.0874663941398586,2.932739977291533,OF-MPC pretrained + gate,OF-MPC pretrained,True,full_RL
167,132800,133600,800,-5.980987488850876,-4784.789991080701,-4.897738917439863,-3918.19113395189,1.0832485714110136,866.5988571288109,0,0.0,0,0.0,25,0.03125,775,21,21,0,0,0,4,-68.3328170250951,9.980686853803451,0.1796624425643253,3.0983780203865194,0.1226741896498989,0.2366506954787516,1.1045466005174682,3.0983780203865194,OF-MPC pretrained + gate,OF-MPC pretrained,True,full_RL
168,133600,134400,800,-8.765408839806824,-7012.32707184546,-5.941291566591543,-4753.033253273235,2.8241172732152795,2259.293818572224,0,0.0,0,0.0,22,0.0275,778,21,21,0,0,0,1,-67.70367649323873,15.36041778442946,0.1961300764368478,2.946315799823424,0.1275764774428692,0.2646836754308265,1.0954100349730718,2.946315799823424,OF-MPC pretrained + gate,OF-MPC pretrained,True,full_RL
169,134400,135200,800,-5.19326747780996,-4154.613982247968,-4.296619790141669,-3437.295832113335,0.8966476876682917,717.3181501346334,0,0.0,0,0.0,33,0.04125,767,31,31,0,0,0,2,-67.54485148814013,7.927420999986701,0.1623747485218684,2.6093382984302025,0.1137898952880619,0.2109596017556748,1.0802756989563052,2.6093382984302025,OF-MPC pretrained + gate,OF-MPC pretrained,True,full_RL
170,135200,136000,800,-9.292177327042502,-7433.741861634001,-6.477133056204175,-5181.70644496334,2.8150442708383263,2252.035416670661,0,0.0,0,0.0,26,0.0325,774,24,24,0,0,0,2,-67.98035257710751,9.904686522652904,0.2201605948768592,3.020237965630713,0.1373762582581098,0.3029449314956086,1.100543093845673,3.020237965630713,OF-MPC pretrained + gate,OF-MPC pretrained,True,full_RL
171,136000,136800,800,-8.351558677118655,-6681.246941694924,-6.319358080786969,-5055.486464629576,2.0322005963316867,1625.7604770653495,0,0.0,0,0.0,21,0.02625,779,18,18,0,0,0,3,-64.38795807388965,9.99443838230395,0.222894658496216,2.9830335467344185,0.1415620348777438,0.3042272821146882,1.1029611155231422,2.9830335467344185,OF-MPC pretrained + gate,OF-MPC pretrained,True,full_RL
172,136800,137600,800,-7.311093751267366,-5848.875001013893,-5.481455849017118,-4385.164679213694,1.829637902250248,1463.7103218001985,0,0.0,0,0.0,34,0.0425,766,31,31,0,0,0,3,-66.83875863786375,9.514214599626149,0.1901169860343169,2.9468139825411868,0.1284498909046644,0.2517840811639695,1.1010816524543254,2.9468139825411868,OF-MPC pretrained + gate,OF-MPC pretrained,True,full_RL
173,137600,138400,800,-6.002427223107994,-4801.941778486395,-4.971205401864243,-3976.9643214913945,1.0312218212437512,824.9774569950009,0,0.0,0,0.0,20,0.025,780,18,18,0,0,0,2,-68.89807559999724,8.409808053088636,0.1870762360258203,2.9153217696010074,0.1250312584428638,0.2491212136087768,1.10200593692313,2.9153217696010074,OF-MPC pretrained + gate,OF-MPC pretrained,True,full_RL
174,138400,139200,800,-6.743286064880055,-5394.6288519040445,-5.202357109539141,-4161.885687631313,1.540928955340916,1232.7431642727329,0,0.0,0,0.0,27,0.03375,773,23,23,0,0,0,4,-67.45167910657551,9.69215616449019,0.1849927129123135,2.944440171731572,0.127476787666129,0.242508638158498,1.1057770243568164,2.944440171731572,OF-MPC pretrained + gate,OF-MPC pretrained,True,full_RL
175,139200,140000,800,-5.532032142372059,-4425.625713897647,-4.705399953236122,-3764.3199625888974,0.8266321891359376,661.3057513087501,0,0.0,0,0.0,24,0.03,776,21,21,0,0,0,3,-75.21242689329745,8.102339296519208,0.1686783295349941,2.655440998896097,0.1191667309737468,0.2181899280962415,1.0998494546507898,2.655440998896097,OF-MPC pretrained + gate,OF-MPC pretrained,True,full_RL
176,140000,140800,800,-5.913962078777695,-4731.169663022156,-4.721504303870188,-3777.203443096151,1.1924577749075072,953.9662199260058,0,0.0,0,0.0,21,0.02625,779,17,17,0,0,0,4,-65.74523026123302,9.600339864973042,0.1721060196359642,2.939589004534753,0.1197987956871646,0.2244132435847639,1.095062564547582,2.939589004534753,OF-MPC pretrained + gate,OF-MPC pretrained,True,full_RL
177,140800,141600,800,-6.480849949854036,-5184.6799598832295,-5.125374325020473,-4100.299460016378,1.3554756248335644,1084.3804998668516,0,0.0,0,0.0,14,0.0175,786,10,10,0,0,0,4,-67.26265517998843,9.877209161334273,0.18545533894614,2.968492701416324,0.125528897239465,0.245381780652815,1.0975538943599408,2.968492701416324,OF-MPC pretrained + gate,OF-MPC pretrained,True,full_RL
178,141600,142400,800,-7.623559269957832,-6098.8474159662655,-5.759902920081916,-4607.922336065532,1.8636563498759164,1490.9250799007332,0,0.0,0,0.0,31,0.03875,769,27,27,0,0,0,4,-64.66428447106716,9.77637919029386,0.2102702498019105,3.001552403068331,0.1354955255088116,0.2850449740950093,1.0984799624758297,3.001552403068331,OF-MPC pretrained + gate,OF-MPC pretrained,True,full_RL
179,142400,143200,800,-7.916236279876589,-6332.989023901271,-5.923388391506917,-4738.7107132055335,1.9928478883696727,1594.278310695738,0,0.0,0,0.0,23,0.02875,777,18,18,0,0,0,5,-62.976081126064855,9.636596204242911,0.2127357692908469,3.0226996117960425,0.1354592995949475,0.2900122389867463,1.0991803924644254,3.0226996117960425,OF-MPC pretrained + gate,OF-MPC pretrained,True,full_RL
180,143200,144000,800,-8.251705022240833,-6601.364017792666,-6.097283020537444,-4877.826416429955,2.154422001703389,1723.537601362711,0,0.0,0,0.0,20,0.025,780,16,16,0,0,0,4,-62.97584613562492,10.585850242313114,0.2097037778256181,2.944585397539015,0.1373714576596783,0.2820360979915579,1.0977858957523878,2.944585397539015,OF-MPC pretrained + gate,OF-MPC pretrained,True,full_RL
181,144000,144800,800,-8.919908183203274,-7135.92654656262,-5.830068089009317,-4664.054471207453,3.0898400941939594,2471.8720753551675,0,0.0,0,0.0,24,0.03,776,21,21,0,0,0,3,-66.39915862579448,12.093794268065908,0.1925829368550372,2.9467774194208687,0.1271955107447699,0.2579703629653044,1.100175105620147,2.9467774194208687,OF-MPC pretrained + gate,OF-MPC pretrained,True,full_RL
182,144800,145600,800,-5.147456461333133,-4117.965169066506,-4.489166992753073,-3591.3335942024582,0.6582894685800593,526.6315748640475,0,0.0,0,0.0,29,0.03625,771,25,25,0,0,0,4,-56.35312815565851,5.74553396794743,0.1639966338061283,2.555565098830584,0.1183872783481435,0.2096059892641132,1.090894545637768,2.555565098830584,OF-MPC pretrained + gate,OF-MPC pretrained,True,full_RL
183,145600,146400,800,-6.139536527889458,-4911.629222311566,-4.970050469265078,-3976.040375412063,1.1694860586243798,935.5888468995038,0,0.0,0,0.0,22,0.0275,778,19,19,0,0,0,3,-68.42647495176107,9.825874846451622,0.1863762173978926,3.0083827613233893,0.1257179392686923,0.247034495527093,1.087511849657944,3.0083827613233893,OF-MPC pretrained + gate,OF-MPC pretrained,True,full_RL
184,146400,147200,800,-8.098220189343683,-6478.5761514749465,-5.969949687512958,-4775.959750010366,2.128270501830724,1702.6164014645792,0,0.0,0,0.0,28,0.035,772,25,25,0,0,0,3,-64.89679137124165,9.73645162096375,0.2100111164030257,3.0183697245093413,0.1364291334607853,0.2835930993452662,1.103266355948628,3.0183697245093413,OF-MPC pretrained + gate,OF-MPC pretrained,True,full_RL
185,147200,148000,800,-7.789501025874711,-6231.6008206997685,-5.872281081675324,-4697.824865340259,1.917219944199386,1533.7759553595088,0,0.0,0,0.0,22,0.0275,778,19,19,0,0,0,3,-65.75191269837478,9.730271720773995,0.2091462194981613,2.9708515990502065,0.1362460322518376,0.2820464067444849,1.0977726973765125,2.9708515990502065,OF-MPC pretrained + gate,OF-MPC pretrained,True,full_RL
186,148000,148800,800,-4.761277839344185,-3809.022271475348,-4.207707186163007,-3366.165748930405,0.5535706531811786,442.8565225449429,0,0.0,0,0.0,21,0.02625,779,19,19,0,0,0,2,-67.85403540351854,5.248503234077064,0.1573988204806799,2.514485036801034,0.1151666804669051,0.1996309604944547,1.0779803617334889,2.514485036801034,OF-MPC pretrained + gate,OF-MPC pretrained,True,full_RL
187,148800,149600,800,-7.087490649471596,-5669.992519577277,-5.372029603936113,-4297.62368314889,1.7154610455354822,1372.3688364283855,0,0.0,0,0.0,31,0.03875,769,28,28,0,0,0,3,-63.05321142383275,9.79516005674302,0.1923767383356748,2.986869588216109,0.1279269260214124,0.2568265506499371,1.106388119801616,2.986869588216109,OF-MPC pretrained + gate,OF-MPC pretrained,True,full_RL
188,149600,150400,800,-7.076511183266113,-5661.208946612891,-5.214089357761176,-4171.271486208941,1.8624218255049363,1489.9374604039492,0,0.0,0,0.0,30,0.0375,770,26,26,0,0,0,3,-63.719949066776735,9.52420346667868,0.1910132174340107,3.023363000322547,0.1247207165884682,0.2573057182795532,1.0958710786228294,3.023363000322547,OF-MPC pretrained + gate,OF-MPC pretrained,True,full_RL
189,150400,151200,800,-7.075002980682422,-5660.002384545937,-5.320099125001077,-4256.079300000862,1.754903855681344,1403.9230845450752,0,0.0,0,0.0,24,0.03,776,21,21,0,0,0,3,-70.22516696269702,9.626907213314794,0.1862839172232995,2.9380746651014533,0.1263466464894197,0.2462211879571792,1.1064450587248902,2.9380746651014533,OF-MPC pretrained + gate,OF-MPC pretrained,True,full_RL
190,151200,152000,800,-9.456514997308828,-7565.211997847063,-6.503889892997463,-5203.11191439797,2.9526251043113656,2362.1000834490924,0,0.0,0,0.0,29,0.03625,771,25,25,0,0,0,4,-77.28587938996804,13.612785150784545,0.2208880658850267,3.295846963415784,0.1404269596343885,0.301349172135665,1.1052338721854054,3.295846963415784,OF-MPC pretrained + gate,OF-MPC pretrained,True,full_RL
191,152000,152800,800,-6.557286989818823,-5245.829591855058,-5.229092764518223,-4183.274211614578,1.3281942253006005,1062.5553802404804,0,0.0,0,0.0,25,0.03125,775,20,20,0,0,0,5,-60.609450741021874,9.83769924592201,0.1916824277190832,3.03206450174622,0.1275835494676143,0.255781305970552,1.0973264253966648,3.03206450174622,OF-MPC pretrained + gate,OF-MPC pretrained,True,full_RL
192,152800,153600,800,-9.92706560966402,-7941.652487731215,-6.375992920558053,-5100.794336446443,3.5510726891059647,2840.858151284772,0,0.0,0,0.0,31,0.03875,769,28,28,0,0,0,3,-64.35545462865582,15.62161260451608,0.2146774124625229,3.014547563904728,0.1361367430921533,0.2932180818328925,1.0966732889102615,3.014547563904728,OF-MPC pretrained + gate,OF-MPC pretrained,True,full_RL
193,153600,154400,800,-8.876722798235955,-7101.378238588764,-6.025593356792256,-4820.474685433805,2.851129441443701,2280.9035531549607,0,0.0,0,0.0,26,0.0325,774,23,23,0,0,0,3,-69.01745595500347,11.505675623134668,0.2019512579682881,2.9897699339135784,0.1324670739191573,0.2714354420174188,1.1032601195416594,2.9897699339135784,OF-MPC pretrained + gate,OF-MPC pretrained,True,full_RL
194,154400,155200,800,-7.459887189253369,-5967.909751402695,-5.639095119915389,-4511.276095932311,1.8207920693379795,1456.6336554703837,0,0.0,0,0.0,18,0.0225,782,14,14,0,0,0,4,-66.19420013675835,9.803681793909892,0.2004952170135606,2.9887231241320364,0.131644783311083,0.2693456507160382,1.0981368892848562,2.9887231241320364,OF-MPC pretrained + gate,OF-MPC pretrained,True,full_RL
195,155200,156000,800,-4.52994868214561,-3623.958945716488,-4.158022055651953,-3326.4176445215626,0.3719266264936574,297.5413011949259,0,0.0,0,0.0,21,0.02625,779,17,17,0,0,0,4,-66.90148804638761,2.8698932240204966,0.1661222227272133,2.5712215052186598,0.1139253522161569,0.2183190932382697,1.0751850237887894,2.5712215052186598,OF-MPC pretrained + gate,OF-MPC pretrained,True,full_RL
196,156000,156800,800,-5.201394022374189,-4161.115217899352,-4.448564894931834,-3558.851915945467,0.7528291274423556,602.2633019538845,0,0.0,0,0.0,22,0.0275,778,19,19,0,0,0,3,-66.48911616371072,9.431262194748406,0.16114088830696,2.5596204366684105,0.1167972021616168,0.2054845744523032,1.084622035324564,2.5596204366684105,OF-MPC pretrained + gate,OF-MPC pretrained,True,full_RL
197,156800,157600,800,-6.1639440613225815,-4931.155249058065,-5.002755181364432,-4002.204145091546,1.161188879958149,928.9511039665192,0,0.0,0,0.0,18,0.0225,782,14,14,0,0,0,4,-65.63593983653755,9.722296793407468,0.1851813119979576,2.9722855464109443,0.1256691651600686,0.2446934588358465,1.0964249157212875,2.9722855464109443,OF-MPC pretrained + gate,OF-MPC pretrained,True,full_RL
198,157600,158400,800,-5.945763734462555,-4756.610987570044,-4.90971731158504,-3927.773849268032,1.0360464228775148,828.8371383020118,0,0.0,0,0.0,16,0.02,784,12,12,0,0,0,4,-66.59244987048032,9.736247093547044,0.1854695990271844,2.983076500656012,0.1248426910073366,0.2460965070470322,1.0966990472995517,2.983076500656012,OF-MPC pretrained + gate,OF-MPC pretrained,True,full_RL
199,158400,159200,800,-6.205256930543073,-4964.205544434459,-5.0235100979610365,-4018.808078368829,1.181746832582037,945.3974660656296,0,0.0,0,0.0,22,0.0275,778,18,18,0,0,0,4,-66.86367078730541,9.691305212104869,0.186074117015462,2.9398911714671385,0.1261313138585038,0.2460169201724202,1.099957598831269,2.9398911714671385,OF-MPC pretrained + gate,OF-MPC pretrained,True,full_RL
200,159200,160000,800,-5.927952860410631,-4742.362288328505,-4.835043131563908,-3868.034505251127,1.092909728846723,874.3277830773787,0,0.0,0,0.0,25,0.03125,775,21,21,0,0,0,4,-57.73934899313849,8.592522942238727,0.1716684646117918,2.598152643880894,0.1187657945000113,0.2245711347235724,1.0744900360601526,2.598152643880894,OF-MPC pretrained + gate,OF-MPC pretrained,True,full_RL
201,160000,160800,800,-5.030105231604551,-4024.0841852836406,-4.24444139964465,-3395.55311971572,0.7856638319599014,628.5310655679211,0,0.0,0,0.0,25,0.03125,775,21,21,0,0,0,4,-66.31522117841655,7.622985940241091,0.1572957485177713,2.570278481162859,0.1143210543330701,0.2002704427024724,1.0758685500833685,2.570278481162859,OF-MPC pretrained + gate,OF-MPC pretrained,True,full_RL
202,160800,161600,800,-6.293484936222538,-5034.787948978031,-5.047394470780772,-4037.9155766246176,1.2460904654417666,996.8723723534132,0,0.0,0,0.0,21,0.02625,779,18,18,0,0,0,3,-67.24304108411309,9.54562350289332,0.1860428844618715,3.0005802468042475,0.1253448886923452,0.2467408802313978,1.092154343836602,3.0005802468042475,OF-MPC pretrained + gate,OF-MPC pretrained,True,full_RL
203,161600,162400,800,-6.157565690198712,-4926.05255215897,-5.056193585978247,-4044.9548687825977,1.1013721042204652,881.0976833763722,0,0.0,0,0.0,18,0.0225,782,14,14,0,0,0,4,-56.97376345273983,9.738363907908226,0.186698722429023,2.9526872161811752,0.1265256176956221,0.246871827162424,1.092162716418991,2.9526872161811752,OF-MPC pretrained + gate,OF-MPC pretrained,True,full_RL
204,162400,163200,800,-5.855667059475832,-4684.533647580665,-4.537530872989995,-3630.024698391997,1.3181361864858354,1054.5089491886683,0,0.0,0,0.0,17,0.02125,783,14,14,0,0,0,3,-67.59161542931281,13.71710057649479,0.1573635379436487,2.588086312254632,0.1145298260738342,0.2001972498134631,1.0774676127462093,2.588086312254632,OF-MPC pretrained + gate,OF-MPC pretrained,True,full_RL
205,163200,164000,800,-6.562726581666944,-5250.181265333556,-5.248683401964613,-4198.94672157169,1.3140431797023322,1051.2345437618658,0,0.0,0,0.0,25,0.03125,775,21,21,0,0,0,4,-59.59898132035266,9.650835732545804,0.1900744645550053,2.9670791663589853,0.1281012951282736,0.2520476339817371,1.0961344244238318,2.9670791663589853,OF-MPC pretrained + gate,OF-MPC pretrained,True,full_RL
206,164000,164800,800,-6.322752837653619,-5058.202270122895,-5.067801040187325,-4054.24083214986,1.254951797466293,1003.9614379730344,0,0.0,0,0.0,17,0.02125,783,13,13,0,0,0,4,-65.51312864852275,9.631350243769692,0.1850528006445026,2.971948066153459,0.1261292662592944,0.2439763350297109,1.1008967861060817,2.971948066153459,OF-MPC pretrained + gate,OF-MPC pretrained,True,full_RL
207,164800,165600,800,-5.542273706214139,-4433.818964971311,-4.6682801263216485,-3734.6241010573194,0.8739935798924908,699.1948639139927,0,0.0,0,0.0,17,0.02125,783,13,13,0,0,0,4,-65.49360451162363,9.878941981615,0.1743644582443235,3.0076861632032887,0.1214761910357856,0.2272527254528614,1.107195366875485,3.0076861632032887,OF-MPC pretrained + gate,OF-MPC pretrained,True,full_RL
208,165600,166400,800,-7.11723014243508,-5693.784113948064,-5.552885530131559,-4442.308424105248,1.564344612303522,1251.4756898428177,0,0.0,0,0.0,18,0.0225,782,15,15,0,0,0,3,-65.9848244108606,9.77774927776676,0.1983601202918658,2.987969568116114,0.1323224434124007,0.2643977971713309,1.1078285339393652,2.987969568116114,OF-MPC pretrained + gate,OF-MPC pretrained,True,full_RL
209,166400,167200,800,-6.269887305234395,-5015.909844187516,-5.060827870267874,-4048.662296214299,1.2090594349665205,967.2475479732165,0,0.0,0,0.0,20,0.025,780,17,17,0,0,0,3,-63.81873013670474,10.016881867318354,0.1859692229957926,2.954094104083538,0.1262429040209277,0.2456955419706576,1.093799927335248,2.954094104083538,OF-MPC pretrained + gate,OF-MPC pretrained,True,full_RL
210,167200,168000,800,-6.037816211291743,-4830.252969033394,-4.989636901764687,-3991.70952141175,1.0481793095270555,838.5434476216445,0,0.0,0,0.0,13,0.01625,787,9,9,0,0,0,4,-62.26387499300904,9.658645298191493,0.1848190491945749,2.9681412007998915,0.1254001563143522,0.2442379420747976,1.0974015816529183,2.9681412007998915,OF-MPC pretrained + gate,OF-MPC pretrained,True,full_RL
211,168000,168800,800,-6.828551898463173,-5462.841518770539,-5.354498583524563,-4283.5988668196505,1.47405331493861,1179.242651950888,0,0.0,0,0.0,14,0.0175,786,11,11,0,0,0,3,-66.24830051631739,9.994710729929748,0.1885497466667169,3.017752350485466,0.1282289994571642,0.2488704938762697,1.1225539063013534,3.017752350485466,OF-MPC pretrained + gate,OF-MPC pretrained,True,full_RL
212,168800,169600,800,-8.533939092258914,-6827.151273807131,-6.168002456056606,-4934.401964845285,2.3659366362023064,1892.7493089618447,0,0.0,0,0.0,22,0.0275,778,19,19,0,0,0,3,-62.49368507885413,10.23899442791836,0.2126413476497889,2.9432988655175905,0.1375485725407121,0.2877341227588657,1.0948919806408015,2.9432988655175905,OF-MPC pretrained + gate,OF-MPC pretrained,True,full_RL
213,169600,170400,800,-7.962052695437121,-6369.642156349697,-5.878116224166735,-4702.492979333389,2.0839364712703854,1667.1491770163084,0,0.0,0,0.0,25,0.03125,775,22,22,0,0,0,3,-62.8043552082861,9.748904863160316,0.2087258826180726,2.9806424303152426,0.1355335030578883,0.281918262178257,1.094162269797017,2.9806424303152426,OF-MPC pretrained + gate,OF-MPC pretrained,True,full_RL
214,170400,171200,800,-6.856482690295723,-5485.186152236579,-5.2915059168790535,-4233.204733503243,1.56497677341667,1251.981418733336,0,0.0,0,0.0,18,0.0225,782,14,14,0,0,0,4,-62.8765720730521,9.875160760837506,0.1876192667033817,2.9608930875952524,0.1269783554538752,0.2482601779528881,1.096602588575323,2.9608930875952524,OF-MPC pretrained + gate,OF-MPC pretrained,True,full_RL
215,171200,172000,800,-5.034018843142571,-4027.215074514057,-4.385148654178327,-3508.118923342661,0.6488701889642445,519.0961511713956,0,0.0,0,0.0,26,0.0325,774,21,21,0,0,0,5,-64.7160195008945,4.486479234360774,0.1645944391729977,2.614782962445531,0.1169422432665096,0.2122466350794858,1.0835549395834358,2.614782962445531,OF-MPC pretrained + gate,OF-MPC pretrained,True,full_RL
216,172000,172800,800,-5.757270751422997,-4605.816601138397,-4.903152448172432,-3922.5219585379455,0.8541183032505641,683.2946426004513,0,0.0,0,0.0,8,0.01,792,3,3,0,0,0,4,-62.74569534458476,9.640806703327282,0.1840161633940754,2.933604077436996,0.1260441088191969,0.241988217968954,1.1064185713321248,2.933604077436996,OF-MPC pretrained + gate,OF-MPC pretrained,True,full_RL
217,172800,173600,800,-6.525595012331859,-5220.476009865487,-5.112695870774336,-4090.1566966194687,1.4128991415575232,1130.3193132460185,0,0.0,0,0.0,23,0.02875,777,20,20,0,0,0,3,-63.62099520219999,9.729315553182648,0.1871773977221166,2.952309145438335,0.1257889539468396,0.2485658414973937,1.1036844294793062,2.952309145438335,OF-MPC pretrained + gate,OF-MPC pretrained,True,full_RL
218,173600,174400,800,-7.780406963646285,-6224.325570917028,-5.476898281607975,-4381.5186252863805,2.3035086820383084,1842.8069456306469,0,0.0,0,0.0,20,0.025,780,16,16,0,0,0,4,-61.96903446255226,16.36812511386698,0.1869112264436588,2.965849841301804,0.1255706920535793,0.2482517608337382,1.1027398032958278,2.965849841301804,OF-MPC pretrained + gate,OF-MPC pretrained,True,full_RL
219,174400,175200,800,-9.197339213224,-7357.8713705792015,-6.418668491931421,-5134.934793545137,2.778670721292582,2222.936577034065,0,0.0,0,0.0,24,0.03,776,22,22,0,0,0,2,-62.53087906033704,11.794495480022556,0.2161775544398635,3.062357579770264,0.1389542863958587,0.2934008224838682,1.104345789647163,3.062357579770264,OF-MPC pretrained + gate,OF-MPC pretrained,True,full_RL
220,175200,176000,800,-6.9901569419888645,-5592.125553591091,-5.221872753793003,-4177.498203034403,1.7682841881958598,1414.6273505566878,0,0.0,0,0.0,21,0.02625,779,18,18,0,0,0,3,-57.84676616393188,9.531162446065244,0.181198584262485,2.9508116900083223,0.1228380696471432,0.2395590988778269,1.0958231103313056,2.9508116900083223,OF-MPC pretrained + gate,OF-MPC pretrained,True,full_RL
221,176000,176800,800,-4.649494144457472,-3719.595315565978,-4.12381151881164,-3299.049215049312,0.5256826256458325,420.546100516666,0,0.0,0,0.0,21,0.02625,779,17,17,0,0,0,4,-63.75593026703427,3.2339985478373903,0.1575866860640913,2.590266224787797,0.1140065523151936,0.201166819812989,1.0748173996260504,2.590266224787797,OF-MPC pretrained + gate,OF-MPC pretrained,True,full_RL
222,176800,177600,800,-6.779157417908919,-5423.325934327135,-5.3728744105840045,-4298.299528467203,1.4062830073249133,1125.0264058599307,0,0.0,0,0.0,20,0.025,780,16,16,0,0,0,4,-64.55269566601282,9.89193513647549,0.1977633373777217,2.93720376329253,0.1310048158408467,0.2645218589145968,1.0985922474407466,2.93720376329253,OF-MPC pretrained + gate,OF-MPC pretrained,True,full_RL
223,177600,178400,800,-4.617337735614073,-3693.870188491258,-4.216082668238002,-3372.866134590401,0.4012550673760706,321.0040539008565,0,0.0,0,0.0,20,0.025,780,16,16,0,0,0,4,-57.963761146897696,3.33781236454838,0.1637464585950982,2.581038943991075,0.1153325637334966,0.2121603534566998,1.0738713458893696,2.581038943991075,OF-MPC pretrained + gate,OF-MPC pretrained,True,full_RL
224,178400,179200,800,-4.85213153360971,-3881.705226887768,-4.295454151829613,-3436.36332146369,0.5566773817800975,445.3419054240781,0,0.0,0,0.0,13,0.01625,787,9,9,0,0,0,4,-59.14538385899323,8.7791791881717,0.1625279442562927,2.60407994893842,0.1149388224084386,0.2101170661041469,1.074409493850942,2.60407994893842,OF-MPC pretrained + gate,OF-MPC pretrained,True,full_RL
225,179200,180000,800,-5.215385332628602,-4172.308266102882,-4.340637594387604,-3472.510075510083,0.8747477382409989,699.7981905927992,0,0.0,0,0.0,26,0.0325,774,22,22,0,0,0,4,-65.0548820396458,10.376272521467314,0.1617991588536043,2.587899320397014,0.1145367236941493,0.2090615940130593,1.079792104691322,2.587899320397014,OF-MPC pretrained + gate,OF-MPC pretrained,True,full_RL
226,180000,180800,800,-5.191284517576731,-4153.027614061385,-4.485035067389448,-3588.028053911558,0.7062494501872834,564.9995601498267,0,0.0,0,0.0,13,0.01625,787,10,10,0,0,0,3,-61.44808794883829,9.616406114217591,0.1719000845198098,2.94384876952779,0.1188000672081275,0.225000101831492,1.09913777142749,2.94384876952779,OF-MPC pretrained + gate,OF-MPC pretrained,True,full_RL
227,180800,181600,800,-4.340633377733668,-3472.5067021869345,-4.111105678190614,-3288.884542552491,0.2295276995430545,183.62215963444365,0,0.0,0,0.0,10,0.0125,790,7,7,0,0,0,3,-65.70215445029191,3.2662708227197403,0.1588020195479182,2.5834390447142823,0.1149583887231132,0.2026456503727232,1.0837802981130698,2.5834390447142823,OF-MPC pretrained + gate,OF-MPC pretrained,True,full_RL
228,181600,182400,800,-8.814212063838266,-7051.369651070612,-6.225208115088627,-4980.166492070902,2.589003948749639,2071.203158999711,0,0.0,0,0.0,19,0.02375,781,16,16,0,0,0,3,-62.82731830804801,13.221730001446714,0.2191853069735304,2.974607108813529,0.1360971461246418,0.302273467822419,1.0985135858917685,2.974607108813529,OF-MPC pretrained + gate,OF-MPC pretrained,True,full_RL
229,182400,183200,800,-5.659933770015438,-4527.94701601235,-4.4600900476566245,-3568.0720381252995,1.199843722358812,959.8749778870496,0,0.0,0,0.0,14,0.0175,786,10,10,0,0,0,4,-63.94971851865989,11.333602262086677,0.1677977764254485,2.560740066866458,0.1146383472327213,0.2209572056181757,1.0866790542541995,2.560740066866458,OF-MPC pretrained + gate,OF-MPC pretrained,True,full_RL
230,183200,184000,800,-5.129462697722155,-4103.570158177724,-4.4694265859186215,-3575.541268734897,0.6600361118035346,528.0288894428277,0,0.0,0,0.0,13,0.01625,787,10,10,0,0,0,3,-63.801811652818174,7.516937825145498,0.1642184680808501,2.5812753219531714,0.1166729567072335,0.2117639794544667,1.075489223124944,2.5812753219531714,OF-MPC pretrained + gate,OF-MPC pretrained,True,full_RL
231,184000,184800,800,-6.450320726873851,-5160.256581499081,-5.189106681499566,-4151.2853451996525,1.2612140453742868,1008.9712362994294,0,0.0,0,0.0,18,0.0225,782,14,14,0,0,0,4,-57.909330937058144,9.59473088877496,0.1895041946055586,2.966978219184284,0.1270134890166832,0.2519949001944339,1.0981546215935365,2.966978219184284,OF-MPC pretrained + gate,OF-MPC pretrained,True,full_RL
232,184800,185600,800,-4.843313377940034,-3874.650702352027,-4.346387339833322,-3477.109871866658,0.4969260381067116,397.54083048536927,0,0.0,0,0.0,18,0.0225,782,14,14,0,0,0,4,-63.56127900459023,5.734665410678126,0.1655924138213785,2.591008672527437,0.1162516001252803,0.2149332275174766,1.075295754998789,2.591008672527437,OF-MPC pretrained + gate,OF-MPC pretrained,True,full_RL
233,185600,186400,800,-7.229674204740745,-5783.739363792596,-5.485395757668915,-4388.316606135132,1.7442784470718309,1395.4227576574644,0,0.0,0,0.0,26,0.0325,774,23,23,0,0,0,3,-62.03470803547032,9.70598383655837,0.2013954871452519,2.9853506745981804,0.1304143712847928,0.272376603005711,1.0998201274583943,2.9853506745981804,OF-MPC pretrained + gate,OF-MPC pretrained,True,full_RL
234,186400,187200,800,-7.373783675827469,-5899.026940661976,-5.434854387442291,-4347.883509953833,1.9389292883851776,1551.1434307081422,0,0.0,0,0.0,17,0.02125,783,15,15,0,0,0,2,-61.65450132750152,10.915825426577854,0.1901835397973483,2.93166487421928,0.1258148770732904,0.2545522025214062,1.0924021222673423,2.93166487421928,OF-MPC pretrained + gate,OF-MPC pretrained,True,full_RL
235,187200,188000,800,-4.741199760548487,-3792.95980843879,-4.2546022511160775,-3403.681800892862,0.4865975094324101,389.27800754592806,0,0.0,0,0.0,21,0.02625,779,17,17,0,0,0,4,-57.76382280448741,4.721841075058832,0.1634771621193808,2.602396422620302,0.115369010245767,0.2115853139929946,1.0711518578873922,2.602396422620302,OF-MPC pretrained + gate,OF-MPC pretrained,True,full_RL
236,188000,188800,800,-7.680725277390905,-6144.580221912724,-5.763293015929135,-4610.634412743308,1.91743226146177,1533.945809169416,0,0.0,0,0.0,14,0.0175,786,11,11,0,0,0,3,-61.36761515599187,9.697988675128382,0.2106817312859269,2.969449853262745,0.1343168310503313,0.2870466315215225,1.0924752902429988,2.969449853262745,OF-MPC pretrained + gate,OF-MPC pretrained,True,full_RL
237,188800,189600,800,-8.276980239194236,-6621.584191355389,-5.981330231401674,-4785.064185121339,2.295650007792564,1836.5200062340512,0,0.0,0,0.0,25,0.03125,775,23,23,0,0,0,2,-61.19618816955585,9.863887127009027,0.2136604446107147,3.037567195852432,0.1360661605291846,0.2912547286922449,1.0998385685484258,3.037567195852432,OF-MPC pretrained + gate,OF-MPC pretrained,True,full_RL
238,189600,190400,800,-5.987555530237754,-4790.044424190203,-4.964149171337959,-3971.319337070367,1.023406358899796,818.725087119837,0,0.0,0,0.0,12,0.015,788,9,9,0,0,0,3,-61.76423822600998,9.828501216827425,0.1869245017424121,2.988600025019366,0.1255878122149587,0.2482611912698655,1.102395576395221,2.988600025019366,OF-MPC pretrained + gate,OF-MPC pretrained,True,full_RL
239,190400,191200,800,-8.379720032319433,-6703.776025855547,-6.093716384389809,-4874.973107511847,2.2860036479296277,1828.802918343702,0,0.0,0,0.0,17,0.02125,783,15,15,0,0,0,2,-63.86330151522032,11.033277577134909,0.2162921010914067,3.0167095486254425,0.1355419480708805,0.297042254111933,1.0946530533035443,3.0167095486254425,OF-MPC pretrained + gate,OF-MPC pretrained,True,full_RL
240,191200,192000,800,-5.232673083555048,-4186.138466844039,-4.494947222588519,-3595.957778070815,0.7377258609665293,590.1806887732234,0,0.0,0,0.0,16,0.02,784,13,13,0,0,0,3,-63.60125042529978,9.738295107649288,0.1668011887607867,2.580363901423027,0.1162596177991675,0.2173427597224059,1.0819088727229589,2.580363901423027,OF-MPC pretrained + gate,OF-MPC pretrained,True,full_RL
241,192000,192800,800,-4.349999081311519,-3479.999265049215,-4.041966423583053,-3233.573138866442,0.3080326577284655,246.4261261827724,0,0.0,0,0.0,16,0.02,784,12,12,0,0,0,4,-64.83212450355893,2.635815707445142,0.1571488284212991,2.564054274017053,0.1137719489161068,0.2005257079264913,1.075557146679476,2.564054274017053,OF-MPC pretrained + gate,OF-MPC pretrained,True,full_RL
242,192800,193600,800,-4.571544883276816,-3657.235906621452,-4.137890801058871,-3310.312640847097,0.4336540822179443,346.92326577435546,0,0.0,0,0.0,13,0.01625,787,10,10,0,0,0,3,-62.31014847053905,5.638825950065706,0.1574487614289526,2.595184730303572,0.1141326321650071,0.2007648906928981,1.0805120181791357,2.595184730303572,OF-MPC pretrained + gate,OF-MPC pretrained,True,full_RL
243,193600,194400,800,-5.985103149887129,-4788.082519909704,-4.904449845159635,-3923.559876127708,1.0806533047274944,864.5226437819955,0,0.0,0,0.0,23,0.02875,777,20,20,0,0,0,3,-61.38334980677098,9.833090292222334,0.186887299918452,2.9957618120934058,0.1251541743294782,0.2486204255074257,1.1001006573958805,2.9957618120934058,OF-MPC pretrained + gate,OF-MPC pretrained,True,full_RL
244,194400,195200,800,-7.619396806868275,-6095.51744549462,-5.8025197082284965,-4642.015766582797,1.8168770986397773,1453.501678911822,0,0.0,0,0.0,26,0.0325,774,23,23,0,0,0,3,-63.42966397203247,9.750606720871389,0.2115792154609195,3.0067624402175284,0.1357724938796059,0.2873859370422332,1.1039932523529612,3.0067624402175284,OF-MPC pretrained + gate,OF-MPC pretrained,True,full_RL
245,195200,196000,800,-7.091532896787662,-5673.22631743013,-5.313424492787276,-4250.739594229821,1.7781084040003867,1422.4867232003094,0,0.0,0,0.0,16,0.02,784,13,13,0,0,0,3,-63.65535938803919,10.434028189843534,0.1935491557128935,3.0274495281286136,0.1257791477514558,0.2613191636743312,1.1046940711232045,3.0274495281286136,OF-MPC pretrained + gate,OF-MPC pretrained,True,full_RL
246,196000,196800,800,-6.569572081299644,-5255.657665039716,-5.110216749934114,-4088.173399947292,1.4593553313655303,1167.4842650924245,0,0.0,0,0.0,17,0.02125,783,14,14,0,0,0,3,-63.30172896452791,9.677701318919722,0.1899086126253074,3.007532502098229,0.1248985453158332,0.2549186799347815,1.094045592807062,3.007532502098229,OF-MPC pretrained + gate,OF-MPC pretrained,True,full_RL
247,196800,197600,800,-5.115510535817025,-4092.40842865362,-4.2998589501626,-3439.88716013008,0.8156515856544253,652.5212685235402,0,0.0,0,0.0,16,0.02,784,13,13,0,0,0,3,-63.2846944999111,8.59333900241882,0.1578584321059857,2.5870362281824555,0.114167096976888,0.2015497672350834,1.077790274808438,2.5870362281824555,OF-MPC pretrained + gate,OF-MPC pretrained,True,full_RL
248,197600,198400,800,-6.158694255361256,-4926.955404289005,-4.948372664831132,-3958.698131864906,1.2103215905301234,968.2572724240988,0,0.0,0,0.0,23,0.02875,777,20,20,0,0,0,3,-62.26464650853825,9.87367652481598,0.187800092068533,2.987914171464297,0.1251902776031819,0.2504099065338841,1.0976223053108618,2.987914171464297,OF-MPC pretrained + gate,OF-MPC pretrained,True,full_RL
249,198400,199200,800,-7.114241812101094,-5691.393449680875,-5.33074918721059,-4264.599349768472,1.7834926248905043,1426.7940999124037,0,0.0,0,0.0,17,0.02125,783,14,14,0,0,0,3,-63.222378158854326,11.11184940692749,0.1871107325013854,2.945971301983775,0.1265775240927102,0.2476439409100606,1.1029418428416542,2.945971301983775,OF-MPC pretrained + gate,OF-MPC pretrained,True,full_RL
250,199200,200000,800,-8.45853649625375,-6766.829197003,-6.185864767223733,-4948.691813778986,2.272671729030017,1818.1373832240135,0,0.0,0,0.0,25,0.03125,775,22,22,0,0,0,3,-62.01418763059178,9.766634777261032,0.216884858837186,2.943392827855177,0.140160044894324,0.2936096727800479,1.0960318165782843,2.943392827855177,OF-MPC pretrained + gate,OF-MPC pretrained,True,full_RL
251,200000,200800,800,-6.417996985214547,-5134.397588171638,-5.125759530449144,-4100.607624359315,1.2922374547654032,1033.7899638123226,0,0.0,0,0.0,21,0.02625,779,18,18,0,0,0,3,-64.69372836325851,9.725956685035898,0.1856467835522032,2.956340733124477,0.1274333885886322,0.2438601785157741,1.1094042799625314,2.956340733124477,OF-MPC pretrained + gate,OF-MPC pretrained,True,full_RL
252,200800,201600,800,-7.525304713768219,-6020.243771014575,-5.761210834673448,-4608.968667738758,1.7640938790947711,1411.275103275817,0,0.0,0,0.0,23,0.02875,777,20,20,0,0,0,3,-62.76357931327186,9.675855176163497,0.2103756725435746,2.9849198900280385,0.1357839314257899,0.2849674136613594,1.1035823660211517,2.9849198900280385,OF-MPC pretrained + gate,OF-MPC pretrained,True,full_RL
253,201600,202400,800,-6.274477039060523,-5019.5816312484185,-5.011303807298913,-4009.04304583913,1.26317323176161,1010.538585409288,0,0.0,0,0.0,22,0.0275,778,20,20,0,0,0,2,-61.41058733615023,9.672097843748528,0.1852274104663357,2.9452126263987566,0.1259694278885117,0.2444853930441597,1.094789534074493,2.9452126263987566,OF-MPC pretrained + gate,OF-MPC pretrained,True,full_RL
254,202400,203200,800,-7.763211754364076,-6210.569403491261,-5.587863553868719,-4470.290843094976,2.175348200495358,1740.2785603962866,0,0.0,0,0.0,20,0.025,780,18,18,0,0,0,2,-64.00926950315625,11.169948343059584,0.1906027011739571,2.9698324024588487,0.1270866743269136,0.2541187280210006,1.1030366043099489,2.9698324024588487,OF-MPC pretrained + gate,OF-MPC pretrained,True,full_RL
255,203200,204000,800,-5.3960930750508025,-4316.874460040642,-4.531860798464755,-3625.488638771804,0.8642322765860468,691.3858212688375,0,0.0,0,0.0,14,0.0175,786,11,11,0,0,0,3,-64.07814394546529,9.169552224667704,0.1664186470732087,2.5765212253377285,0.1158659239815149,0.2169713701649025,1.0758054006635471,2.5765212253377285,OF-MPC pretrained + gate,OF-MPC pretrained,True,full_RL
256,204000,204800,800,-6.894474076773873,-5515.579261419099,-5.366592399208981,-4293.273919367185,1.5278816775648911,1222.305342051913,0,0.0,0,0.0,25,0.03125,775,22,22,0,0,0,3,-63.20600154639476,9.780551478615813,0.1995236691848654,3.019015393669804,0.130890506960325,0.2681568314094059,1.1035135577678346,3.019015393669804,OF-MPC pretrained + gate,OF-MPC pretrained,True,full_RL
257,204800,205600,800,-8.074402990697202,-6459.522392557761,-5.946444116536015,-4757.155293228812,2.127958874161185,1702.367099328948,0,0.0,0,0.0,22,0.0275,778,20,20,0,0,0,2,-61.82100184548915,9.869754170036998,0.2096153598711175,2.962043081798185,0.1362503273279022,0.2829803924143327,1.0975287077756413,2.962043081798185,OF-MPC pretrained + gate,OF-MPC pretrained,True,full_RL
258,205600,206400,800,-7.968751241473151,-6375.000993178521,-5.844144212093454,-4675.315369674763,2.124607029379698,1699.6856235037585,0,0.0,0,0.0,38,0.0475,762,35,35,0,0,0,3,-62.08156939948185,9.820508948838452,0.2100119251595317,2.982262331848574,0.1360125822620708,0.2840112680569925,1.100771024525146,2.982262331848574,OF-MPC pretrained + gate,OF-MPC pretrained,True,full_RL
259,206400,207200,800,-6.588322831363914,-5270.658265091131,-5.054098471789758,-4043.2787774318062,1.5342243595741578,1227.3794876593263,0,0.0,0,0.0,13,0.01625,787,10,10,0,0,0,3,-63.71436049578631,13.045980191421854,0.1775490923209049,3.003634561357672,0.1216981895521614,0.2333999950896483,1.117183769362153,3.003634561357672,OF-MPC pretrained + gate,OF-MPC pretrained,True,full_RL
260,207200,208000,800,-6.667485339598406,-5333.988271678725,-5.158562577885086,-4126.850062308069,1.50892276171332,1207.138209370656,0,0.0,0,0.0,25,0.03125,775,22,22,0,0,0,3,-65.54977544458836,9.67844621855102,0.188497522295674,2.963099385854946,0.1257297414487934,0.2512653031425546,1.0976372682257751,2.963099385854946,OF-MPC pretrained + gate,OF-MPC pretrained,True,full_RL
261,208000,208800,800,-8.086858795283716,-6469.487036226972,-5.970469706844202,-4776.375765475362,2.116389088439511,1693.1112707516088,0,0.0,0,0.0,19,0.02375,781,17,17,0,0,0,2,-63.0093077106435,9.922215590339638,0.2121337161230571,2.9502666595155915,0.1367301465292071,0.2875372857169071,1.099042053831036,2.9502666595155915,OF-MPC pretrained + gate,OF-MPC pretrained,True,full_RL
262,208800,209600,800,-7.90410914796362,-6323.287318370896,-5.868165157523724,-4694.532126018979,2.035943990439898,1628.7551923519186,0,0.0,0,0.0,19,0.02375,781,17,17,0,0,0,2,-61.13523995042203,9.704134746206766,0.2102543884084012,2.9643058631337453,0.1350722825046887,0.2854364943121137,1.1014789171716797,2.9643058631337453,OF-MPC pretrained + gate,OF-MPC pretrained,True,full_RL
263,209600,210400,800,-6.931800285098432,-5545.440228078745,-5.260984082109267,-4208.787265687413,1.670816202989163,1336.6529623913302,0,0.0,0,0.0,18,0.0225,782,16,16,0,0,0,2,-61.52932456914323,9.703542486901313,0.1919595993494396,2.958233950806971,0.1265016001029147,0.2574175985959646,1.1009735592451655,2.958233950806971,OF-MPC pretrained + gate,OF-MPC pretrained,True,full_RL
264,210400,211200,800,-6.524098181753963,-5219.278545403171,-5.060877980786433,-4048.7023846291463,1.4632202009675308,1170.5761607740246,0,0.0,0,0.0,40,0.05,760,36,36,0,0,0,4,-63.56732911299093,9.771401424841844,0.1858976675170819,2.94815180807376,0.1265568628340126,0.2452384722001511,1.1059932744123049,2.94815180807376,OF-MPC pretrained + gate,OF-MPC pretrained,True,full_RL
265,211200,212000,800,-7.763712645539127,-6210.970116431302,-5.8867406841646925,-4709.392547331754,1.8769719613744364,1501.5775690995492,0,0.0,0,0.0,14,0.0175,786,11,11,0,0,0,3,-62.24142559130962,9.85422634715357,0.2121173191396441,3.017753587881657,0.1351607171093342,0.2890739211699539,1.09318840412925,3.017753587881657,OF-MPC pretrained + gate,OF-MPC pretrained,True,full_RL
266,212000,212800,800,-7.392020901137921,-5913.616720910337,-5.728042686680208,-4582.434149344166,1.663978214457713,1331.1825715661707,0,0.0,0,0.0,19,0.02375,781,15,15,0,0,0,4,-63.45619739279334,9.726952211878276,0.2106166700872349,3.035071442012452,0.1356834710766426,0.2855498690978271,1.09995730511412,3.035071442012452,OF-MPC pretrained + gate,OF-MPC pretrained,True,full_RL
267,212800,213600,800,-6.432287067411629,-5145.829653929303,-5.072002194045764,-4057.601755236611,1.360284873365866,1088.2278986926926,0,0.0,0,0.0,25,0.03125,775,21,21,0,0,0,4,-64.42392221197656,9.685598122264809,0.1863515066728162,2.965580146672494,0.1258048061997051,0.2468982071459274,1.1045480058840318,2.965580146672494,OF-MPC pretrained + gate,OF-MPC pretrained,True,full_RL
268,213600,214400,800,-7.467706451686455,-5974.165161349164,-5.77985349973092,-4623.882799784736,1.687852951955536,1350.2823615644288,0,0.0,0,0.0,16,0.02,784,12,12,0,0,0,4,-64.3627778770533,9.77722688686818,0.2110122875708672,3.003512446609648,0.1356328526179063,0.2863917225238281,1.1015913501987795,3.003512446609648,OF-MPC pretrained + gate,OF-MPC pretrained,True,full_RL
269,214400,215200,800,-4.945074856092225,-3956.05988487378,-4.2717932022515255,-3417.4345618012203,0.6732816538406997,538.6253230725598,0,0.0,0,0.0,18,0.0225,782,15,15,0,0,0,3,-66.06853292360233,6.532761019365308,0.1601312164873983,2.593798583832779,0.1148495981368649,0.2054128348379317,1.0874883992024755,2.593798583832779,OF-MPC pretrained + gate,OF-MPC pretrained,True,full_RL
270,215200,216000,800,-7.772531186587234,-6218.024949269788,-5.769005594453378,-4615.204475562702,2.003525592133858,1602.8204737070866,0,0.0,0,0.0,24,0.03,776,21,21,0,0,0,3,-63.05841718887791,9.6594739708641,0.2097156364034431,2.9928445574464035,0.1343421107616115,0.2850891620452748,1.0914239611455994,2.9928445574464035,OF-MPC pretrained + gate,OF-MPC pretrained,True,full_RL
271,216000,216800,800,-8.227552339898846,-6582.0418719190775,-5.99375509316012,-4795.004074528096,2.2337972467387264,1787.0377973909813,0,0.0,0,0.0,33,0.04125,767,30,30,0,0,0,3,-63.0674806496246,9.89702264241843,0.2110522402278047,2.9752250062134635,0.1365045304105827,0.2855999500450268,1.102952332290522,2.9752250062134635,OF-MPC pretrained + gate,OF-MPC pretrained,True,full_RL
272,216800,217600,800,-6.792822978016435,-5434.258382413148,-5.161811028561322,-4129.448822849058,1.631011949455112,1304.8095595640896,0,0.0,0,0.0,27,0.03375,773,25,25,0,0,0,2,-64.13141124282731,9.785794495660342,0.1859188648236446,2.936961042584244,0.1260257727960859,0.2458119568512033,1.1012534021739406,2.936961042584244,OF-MPC pretrained + gate,OF-MPC pretrained,True,full_RL
273,217600,218400,800,-8.063831556827957,-6451.065245462365,-5.961893632031156,-4769.514905624925,2.1019379247968,1681.55033983744,0,0.0,0,0.0,20,0.025,780,18,18,0,0,0,2,-63.976339554586616,10.67290291833442,0.2106900887002416,2.966746133638196,0.1359096068256038,0.2854705705748794,1.1010922787536304,2.966746133638196,OF-MPC pretrained + gate,OF-MPC pretrained,True,full_RL
274,218400,219200,800,-6.121070919991182,-4896.856735992946,-4.922614979076048,-3938.0919832608383,1.1984559409151343,958.7647527321076,0,0.0,0,0.0,19,0.02375,781,16,16,0,0,0,3,-66.92468169401695,9.64593790653102,0.1846756018194559,2.990988264595444,0.1245303688594312,0.2448208347794805,1.0896471450098404,2.990988264595444,OF-MPC pretrained + gate,OF-MPC pretrained,True,full_RL
275,219200,220000,800,-5.017381451038652,-4013.905160830922,-4.41740757239399,-3533.926057915192,0.5999738786446628,479.9791029157302,0,0.0,0,0.0,22,0.0275,778,18,18,0,0,0,4,-54.73531490745859,4.926333364097305,0.1657111731924214,2.599044372201888,0.117376292963056,0.2140460534217869,1.0780429490671106,2.599044372201888,OF-MPC pretrained + gate,OF-MPC pretrained,True,full_RL
276,220000,220800,800,-8.507210529548102,-6805.768423638481,-6.004601268029653,-4803.681014423722,2.502609261518449,2002.0874092147592,0,0.0,0,0.0,19,0.02375,781,11,11,0,0,0,8,-64.2944383481256,13.079258032999444,0.203328490707006,2.9416645716844414,0.1301936600103533,0.2764633214036587,1.1023527632981152,2.9416645716844414,OF-MPC pretrained + gate,OF-MPC pretrained,True,full_RL
277,220800,221600,800,-4.502669709211498,-3602.1357673691987,-4.161686979403503,-3329.3495835228023,0.340982729807996,272.7861838463968,0,0.0,0,0.0,16,0.02,784,13,13,0,0,0,3,-63.65264699030649,3.638004738381907,0.1567622760537767,2.561866807077081,0.116002225509884,0.1975223265976695,1.092384491270804,2.561866807077081,OF-MPC pretrained + gate,OF-MPC pretrained,True,full_RL
278,221600,222400,800,-7.2180170658367,-5774.41365266936,-5.42318629896007,-4338.549039168056,1.7948307668766308,1435.8646135013046,0,0.0,0,0.0,17,0.02125,783,15,15,0,0,0,2,-64.11940265577641,10.590878880018456,0.1925543143555912,2.9895194902034063,0.1260433768904816,0.2590652518207009,1.1004126270340886,2.9895194902034063,OF-MPC pretrained + gate,OF-MPC pretrained,True,full_RL
279,222400,223200,800,-6.9568972399887095,-5565.517791990967,-5.289811700737952,-4231.849360590361,1.6670855392507564,1333.6684314006052,0,0.0,0,0.0,29,0.03625,771,26,26,0,0,0,3,-62.73461494593255,9.65996599056562,0.1927505785578603,2.911447211920688,0.1261544687164278,0.2593466883992928,1.109063757746648,2.911447211920688,OF-MPC pretrained + gate,OF-MPC pretrained,True,full_RL
280,223200,224000,800,-7.865519708863899,-6292.415767091119,-5.901870163216484,-4721.496130573187,1.9636495456474148,1570.9196365179318,0,0.0,0,0.0,27,0.03375,773,23,23,0,0,0,4,-63.40639839046685,9.827860178045189,0.2119992022927527,3.0022160858185885,0.1358211914656663,0.288177213119839,1.1036519889676186,3.0022160858185885,OF-MPC pretrained + gate,OF-MPC pretrained,True,full_RL
281,224000,224800,800,-7.25089429230191,-5800.7154338415285,-5.302322437878949,-4241.85795030316,1.94857185442296,1558.857483538368,0,0.0,0,0.0,35,0.04375,765,32,32,0,0,0,3,-63.01114187667656,9.823915996595492,0.1951087741098248,3.0064885099779985,0.1267047699672359,0.2635127782524137,1.0956138487497271,3.0064885099779985,OF-MPC pretrained + gate,OF-MPC pretrained,True,full_RL
282,224800,225600,800,-6.670062712333854,-5336.050169867083,-5.152907977847552,-4122.326382278042,1.5171547344863006,1213.7237875890405,0,0.0,0,0.0,31,0.03875,769,27,27,0,0,0,4,-61.61008617438256,10.203159677561096,0.1865152757882928,2.90703820833437,0.1265059888470762,0.2465245627295093,1.093331523798312,2.90703820833437,OF-MPC pretrained + gate,OF-MPC pretrained,True,full_RL
283,225600,226400,800,-8.17887360430615,-6543.098883444919,-5.741425635135647,-4593.140508108518,2.437447969170501,1949.9583753364009,0,0.0,0,0.0,16,0.02,784,13,13,0,0,0,3,-64.74071058410004,12.652913706447327,0.2028246088819322,2.926092956041032,0.1313987243109574,0.2742504934529071,1.095037386019396,2.926092956041032,OF-MPC pretrained + gate,OF-MPC pretrained,True,full_RL
284,226400,227200,800,-5.938715607407002,-4750.972485925602,-4.899175241952876,-3919.340193562301,1.0395403654541269,831.6322923633014,0,0.0,0,0.0,23,0.02875,777,19,19,0,0,0,4,-64.9839714463269,9.670299353067382,0.1847671804374134,2.9507194807608244,0.1252732034572262,0.2442611574176006,1.102567095278182,2.9507194807608244,OF-MPC pretrained + gate,OF-MPC pretrained,True,full_RL
285,227200,228000,800,-5.76522214356886,-4612.177714855088,-4.808663714514082,-3846.930971611265,0.9565584290547784,765.2467432438228,0,0.0,0,0.0,19,0.02375,781,16,16,0,0,0,3,-64.31719749852016,9.768716911123226,0.1867207350839297,2.9819350678970977,0.1237595137146726,0.2496819564531867,1.079064486115755,2.9819350678970977,OF-MPC pretrained + gate,OF-MPC pretrained,True,full_RL
286,228000,228800,800,-6.183635466009181,-4946.908372807345,-4.90604598794093,-3924.836790352744,1.2775894780682515,1022.0715824546014,0,0.0,0,0.0,23,0.02875,777,20,20,0,0,0,3,-58.83679480941965,9.56450237721749,0.1695579596617501,2.593074868489225,0.1186455432944126,0.2204703760290876,1.0735546678919454,2.593074868489225,OF-MPC pretrained + gate,OF-MPC pretrained,True,full_RL
287,228800,229600,800,-4.760069307827017,-3808.0554462616137,-4.148762510528192,-3319.0100084225533,0.6113067972988265,489.04543783906126,0,0.0,0,0.0,19,0.02375,781,16,16,0,0,0,3,-66.58678625297603,6.61502572075316,0.1562487743783438,2.574402012825772,0.1136080239038982,0.1988895248527893,1.0733400812908864,2.574402012825772,OF-MPC pretrained + gate,OF-MPC pretrained,True,full_RL
288,229600,230400,800,-4.7005578940962325,-3760.4463152769854,-4.131574414478205,-3305.259531582564,0.5689834796180286,455.18678369442296,0,0.0,0,0.0,26,0.0325,774,23,23,0,0,0,3,-66.75032855519532,4.58534157055271,0.1574434393654873,2.559723753521382,0.1140897614777906,0.200797117253184,1.0781467509604732,2.559723753521382,OF-MPC pretrained + gate,OF-MPC pretrained,True,full_RL
289,230400,231200,800,-7.5541278582551055,-6043.302286604085,-5.812210690621103,-4649.768552496882,1.741917167634004,1393.5337341072031,0,0.0,0,0.0,19,0.02375,781,16,16,0,0,0,3,-64.58616984660694,9.713737593439816,0.2090883946741273,2.948093151713749,0.1361693196081319,0.2820074697401226,1.1031303841038145,2.948093151713749,OF-MPC pretrained + gate,OF-MPC pretrained,True,full_RL
290,231200,232000,800,-8.045161568233539,-6436.129254586831,-5.801121940761493,-4640.8975526091945,2.2440396274720458,1795.2317019776367,0,0.0,0,0.0,25,0.03125,775,22,22,0,0,0,3,-66.24632374094472,10.018149509810636,0.200424540599482,2.9426262512695303,0.1314183214718033,0.2694307597271607,1.1012882042867749,2.9426262512695303,OF-MPC pretrained + gate,OF-MPC pretrained,True,full_RL
291,232000,232800,800,-6.3897493673853605,-5111.799493908288,-4.983792100287697,-3987.033680230157,1.405957267097664,1124.765813678131,0,0.0,0,0.0,27,0.03375,773,24,24,0,0,0,3,-64.39089683266968,9.577510757209764,0.1873277505145998,2.970640405929032,0.1237254856651471,0.2509300153640524,1.084820983724414,2.970640405929032,OF-MPC pretrained + gate,OF-MPC pretrained,True,full_RL
292,232800,233600,800,-6.044998434277868,-4835.998747422294,-4.999186802310148,-3999.349441848118,1.04581163196772,836.649305574176,0,0.0,0,0.0,21,0.02625,779,18,18,0,0,0,3,-65.74070640176421,9.61467988430394,0.1924034001313581,2.9553620430892806,0.1252583142800834,0.2595484859826327,1.0966821104845177,2.9553620430892806,OF-MPC pretrained + gate,OF-MPC pretrained,True,full_RL
293,233600,234400,800,-5.916880356369108,-4733.504285095287,-4.8750989017448605,-3900.0791213958887,1.0417814546242474,833.425163699398,0,0.0,0,0.0,20,0.025,780,17,17,0,0,0,3,-63.30654968308022,9.630182117890904,0.1861165757262528,2.9671121514098218,0.1243393855831795,0.247893765869326,1.0982908771078796,2.9671121514098218,OF-MPC pretrained + gate,OF-MPC pretrained,True,full_RL
294,234400,235200,800,-5.849003438209272,-4679.202750567418,-4.903027548208124,-3922.4220385664994,0.9459758900011472,756.7807120009179,0,0.0,0,0.0,17,0.02125,783,14,14,0,0,0,3,-65.47202552082172,9.864870190637369,0.1881902782885617,2.9950081244051603,0.1251643431718472,0.2512162134052763,1.101970168822722,2.9950081244051603,OF-MPC pretrained + gate,OF-MPC pretrained,True,full_RL
295,235200,236000,800,-7.593539761324032,-6074.831809059226,-5.804619733040818,-4643.695786432654,1.788920028283215,1431.136022626572,0,0.0,0,0.0,30,0.0375,770,27,27,0,0,0,3,-64.79844324894395,9.798878980884576,0.2104311214247249,2.9809273202825466,0.1363845935796421,0.2844776492698078,1.105755155375388,2.9809273202825466,OF-MPC pretrained + gate,OF-MPC pretrained,True,full_RL
296,236000,236800,800,-5.212929922759757,-4170.343938207806,-4.555292491443354,-3644.233993154683,0.6576374313164044,526.1099450531235,0,0.0,0,0.0,18,0.0225,782,16,16,0,0,0,2,-66.42725423801005,9.745107197577878,0.1748564176227973,2.967559086155063,0.1203359558662912,0.2293768793793034,1.1032050236869426,2.967559086155063,OF-MPC pretrained + gate,OF-MPC pretrained,True,full_RL
297,236800,237600,800,-4.305815853241649,-3444.652682593319,-4.01872112499398,-3214.976899995184,0.2870947282476679,229.6757825981343,0,0.0,0,0.0,13,0.01625,787,10,10,0,0,0,3,-66.83019737772076,2.586528217182497,0.1580171951233176,2.5852293566890125,0.1131010685345489,0.2029333217120862,1.0753658158358197,2.5852293566890125,OF-MPC pretrained + gate,OF-MPC pretrained,True,full_RL
298,237600,238400,800,-5.67423261723456,-4539.386093787648,-4.8067064828636825,-3845.365186290946,0.867526134370878,694.0209074967024,0,0.0,0,0.0,11,0.01375,789,8,8,0,0,0,3,-65.78345352795009,9.614843690623813,0.1850513650265156,2.968043124194253,0.1238396731178652,0.2462630569351659,1.0935520608304867,2.968043124194253,OF-MPC pretrained + gate,OF-MPC pretrained,True,full_RL
299,238400,239200,800,-6.517177106008012,-5213.7416848064095,-5.238574368151822,-4190.859494521457,1.27860273785619,1022.882190284952,0,0.0,0,0.0,14,0.0175,786,11,11,0,0,0,3,-64.32014606747953,9.752525810358735,0.1962927743402351,2.955451377703639,0.1256953306458801,0.2668902180345903,1.0858700838890751,2.955451377703639,OF-MPC pretrained + gate,OF-MPC pretrained,True,full_RL
300,239200,240000,800,-6.112312063749413,-4889.84965099953,-4.708538842087317,-3766.8310736698536,1.4037732216620968,1123.0185773296776,0,0.0,0,0.0,19,0.02375,781,17,17,0,0,0,2,-67.1073374156258,12.245265707049406,0.1684988003545168,2.5654719427921577,0.1165807239517874,0.2204168767572462,1.0851033193778186,2.5654719427921577,OF-MPC pretrained + gate,OF-MPC pretrained,True,full_RL
1,0,800,800,-9.794884333281193,-7835.907466624954,-9.794884333281193,-7835.907466624954,0.0,0.0,3,0.00375,3,0.00375,0,0.0,0,0,0,0,0,0,0,-15.058100669990097,0.0,0.331805004996809,2.9550135942543534,0.1689702115865327,0.4946397984070852,1.108223867318205,2.9550135942543534,OF-MPC pretrained no gate,OF-MPC pretrained,False,BC
2,800,1600,800,-12.622732609582622,-10098.186087666098,-12.622732609582622,-10098.186087666098,0.0,0.0,3,0.00375,3,0.00375,0,0.0,0,0,0,0,0,0,0,-15.511337310297478,0.0,0.3807732677390786,3.0211600433087256,0.1916861400160624,0.5698603954620948,1.102043541583584,3.0211600433087256,OF-MPC pretrained no gate,OF-MPC pretrained,False,BC
3,1600,2400,800,-17.02278664129832,-13618.229313038655,-17.02278664129832,-13618.229313038655,0.0,0.0,9,0.01125,9,0.01125,0,0.0,0,0,0,0,0,0,0,-32.08349228060587,0.0,0.4664822358871473,2.9921217464881806,0.2139325519449106,0.719031919829384,1.1127728491077795,2.9921217464881806,OF-MPC pretrained no gate,OF-MPC pretrained,False,BC
4,2400,3200,800,-16.913874700887778,-13531.099760710224,-16.913874700887778,-13531.099760710224,0.0,0.0,5,0.00625,5,0.00625,0,0.0,0,0,0,0,0,0,0,-63.6571691086574,0.0,0.4611339432227017,5.675216128113334,0.216502130536776,0.7057657559086274,1.3007558854423062,5.675216128113334,OF-MPC pretrained no gate,OF-MPC pretrained,False,BC
5,3200,4000,800,-10.03175011169047,-8025.400089352376,-10.03175011169047,-8025.400089352376,0.0,0.0,3,0.00375,3,0.00375,0,0.0,0,0,0,0,0,0,0,-15.841391247033217,0.0,0.342387019352123,3.0743152784567087,0.1690974045875561,0.5156766341166898,1.1050339461918015,3.0743152784567087,OF-MPC pretrained no gate,OF-MPC pretrained,False,BC
6,4000,4800,800,-12.320609537765208,-9856.487630212168,-12.320609537765208,-9856.487630212168,0.0,0.0,4,0.005,4,0.005,0,0.0,0,0,0,0,0,0,0,-14.810528125279376,0.0,0.3791848954791843,2.89836515682282,0.1874875419073448,0.5708822490510238,1.0731374229867638,2.89836515682282,OF-MPC pretrained no gate,OF-MPC pretrained,False,BC
7,4800,5600,800,-9.705649482217671,-7764.519585774139,-9.705649482217671,-7764.519585774139,0.0,0.0,3,0.00375,3,0.00375,0,0.0,0,0,0,0,0,0,0,-15.311755388934728,0.0,0.3331209865259357,2.9937564606168507,0.167254246434586,0.4989877266172854,1.0936949916364722,2.9937564606168507,OF-MPC pretrained no gate,OF-MPC pretrained,False,BC
8,5600,6400,800,-22.505698287536514,-18004.558630029213,-22.505698287536514,-18004.558630029213,0.0,0.0,10,0.0125,10,0.0125,0,0.0,0,0,0,0,0,0,4,-24.37424034515135,0.0,0.4726531201349808,3.2729037959904304,0.2650131763115182,0.6802930639584434,1.169653209793586,3.2729037959904304,OF-MPC pretrained no gate,OF-MPC pretrained,False,BC
9,6400,7200,800,-21.047835301559,-16838.2682412472,-21.047835301559,-16838.2682412472,0.0,0.0,10,0.0125,10,0.0125,0,0.0,0,0,0,0,0,0,4,-21.617751438871977,0.0,0.5485202616433198,5.12980959047735,0.2255573261161673,0.8714831971704722,1.0890846539705543,5.12980959047735,OF-MPC pretrained no gate,OF-MPC pretrained,False,BC
10,7200,8000,800,-14.323879452906404,-11459.103562325125,-14.323879452906404,-11459.103562325125,0.0,0.0,6,0.0075,6,0.0075,0,0.0,0,0,0,0,0,0,3,-15.482319471436114,0.0,0.4037610404133299,3.1830111679146853,0.2035182344779468,0.6040038463487131,1.1461181902723956,3.1830111679146853,OF-MPC pretrained no gate,OF-MPC pretrained,False,BC
11,8000,8800,800,-10.017077875048004,-8013.662300038403,-10.017077875048004,-8013.662300038403,0.0,0.0,6,0.0075,6,0.0075,0,0.0,0,0,0,0,0,0,0,-14.739650619542488,0.0,0.3507629692435576,2.8147730519954166,0.1667103921427595,0.5348155463443557,1.1343524073783118,2.8147730519954166,OF-MPC pretrained no gate,OF-MPC pretrained,False,BC
12,8800,9600,800,-14.803804860784524,-11843.04388862762,-14.803804860784524,-11843.04388862762,0.0,0.0,4,0.005,4,0.005,0,0.0,0,0,0,0,0,0,0,-17.930495140515717,0.0,0.4322630670385938,3.0390815471666883,0.2013514627032917,0.6631746713738959,1.105981212206284,3.0390815471666883,OF-MPC pretrained no gate,OF-MPC pretrained,False,BC
13,9600,10400,800,-12.162341639474969,-9729.873311579977,-12.162341639474969,-9729.873311579977,0.0,0.0,3,0.00375,3,0.00375,0,0.0,0,0,0,0,0,0,0,-15.371723039689217,0.0,0.3744716007232723,3.072592310095729,0.1879106639855692,0.5610325374609754,1.0873510655563092,3.072592310095729,OF-MPC pretrained no gate,OF-MPC pretrained,False,BC
14,10400,11200,800,-12.773736076460644,-10218.988861168516,-12.773736076460644,-10218.988861168516,0.0,0.0,2,0.0025,2,0.0025,0,0.0,0,0,0,0,0,0,0,-15.818361196878698,0.0,0.3839630622097659,3.102014299767859,0.1926639755186164,0.5752621489009153,1.120477766187158,3.102014299767859,OF-MPC pretrained no gate,OF-MPC pretrained,False,BC
15,11200,12000,800,-13.75505189423132,-11004.041515385055,-13.75505189423132,-11004.041515385055,0.0,0.0,5,0.00625,5,0.00625,0,0.0,0,0,0,0,0,0,0,-14.874847234994576,0.0,0.399233197061467,3.013989568174168,0.1990273427988315,0.5994390513241024,1.094054730083466,3.013989568174168,OF-MPC pretrained no gate,OF-MPC pretrained,False,BC
16,12000,12800,800,-14.07928336558622,-11263.426692468976,-14.07928336558622,-11263.426692468976,0.0,0.0,1,0.00125,1,0.00125,0,0.0,0,0,0,0,0,0,0,-15.35540446053716,0.0,0.4184298584210261,3.376875940316268,0.1967138815594637,0.6401458352825884,1.093953803450765,3.376875940316268,OF-MPC pretrained no gate,OF-MPC pretrained,False,BC
17,12800,13600,800,-13.11634521391631,-10493.076171133049,-13.11634521391631,-10493.076171133049,0.0,0.0,2,0.0025,2,0.0025,0,0.0,0,0,0,0,0,0,0,-15.307899080929303,0.0,0.3837075892653569,2.999271054989208,0.1964925153618403,0.5709226631688735,1.1563929430115536,2.999271054989208,OF-MPC pretrained no gate,OF-MPC pretrained,False,BC
18,13600,14400,800,-12.720590002933468,-10176.472002346774,-12.720590002933468,-10176.472002346774,0.0,0.0,3,0.00375,3,0.00375,0,0.0,0,0,0,0,0,0,0,-15.398292433868562,0.0,0.3826642345653426,3.035547470354686,0.1920305634221817,0.5732979057085035,1.1039055000177829,3.035547470354686,OF-MPC pretrained no gate,OF-MPC pretrained,False,BC
19,14400,15200,800,-13.95617049571214,-11164.936396569712,-13.95617049571214,-11164.936396569712,0.0,0.0,1,0.00125,1,0.00125,0,0.0,0,0,0,0,0,0,0,-13.726445570888387,0.0,0.3971813434336119,2.979411861527751,0.2018158670430448,0.5925468198241789,1.1643052383684531,2.979411861527751,OF-MPC pretrained no gate,OF-MPC pretrained,False,BC
20,15200,16000,800,-12.944552233300646,-10355.641786640515,-12.944552233300646,-10355.641786640515,0.0,0.0,6,0.0075,6,0.0075,0,0.0,0,0,0,0,0,0,0,-16.207950609418305,0.0,0.3904291668786079,3.157456387089155,0.1920710994188804,0.5887872343383354,1.100507282368047,3.157456387089155,OF-MPC pretrained no gate,OF-MPC pretrained,False,BC
21,16000,16800,800,-12.914325036494288,-10331.46002919543,-12.914325036494288,-10331.46002919543,0.0,0.0,0,0.0,0,0.0,0,0.0,0,0,0,0,0,0,0,-15.358882834135784,0.0,0.3827270939572287,2.9804536974031635,0.1948612983799791,0.5705928895344783,1.1255017791040085,2.9804536974031635,OF-MPC pretrained no gate,OF-MPC pretrained,False,handoff
22,16800,17600,800,-12.621409469134546,-10097.127575307635,-12.621409469134546,-10097.127575307635,0.0,0.0,0,0.0,0,0.0,0,0.0,0,0,0,0,0,0,0,-15.5750845196753,0.0,0.3806943650213961,2.984056634777573,0.1920013468887368,0.5693873831540552,1.0995188225232622,2.984056634777573,OF-MPC pretrained no gate,OF-MPC pretrained,False,handoff
23,17600,18400,800,-12.6414636267452,-10113.17090139616,-12.6414636267452,-10113.17090139616,0.0,0.0,2,0.0025,2,0.0025,0,0.0,0,0,0,0,0,0,0,-15.573627260397814,0.0,0.379951972593853,2.983701268187417,0.1922800475744091,0.5676238976132969,1.1012435387679989,2.983701268187417,OF-MPC pretrained no gate,OF-MPC pretrained,False,handoff
24,18400,19200,800,-12.432241525614504,-9945.793220491603,-12.432241525614504,-9945.793220491603,0.0,0.0,3,0.00375,3,0.00375,0,0.0,0,0,0,0,0,0,0,-15.130119682507654,0.0,0.3759697137122285,2.9863211219074515,0.1908605735925061,0.5610788538319509,1.0961503448749652,2.9863211219074515,OF-MPC pretrained no gate,OF-MPC pretrained,False,handoff
25,19200,20000,800,-14.443778549980216,-11555.022839984173,-14.443778549980216,-11555.022839984173,0.0,0.0,5,0.00625,5,0.00625,0,0.0,0,0,0,0,0,0,0,-15.40211785684653,0.0,0.4160172501429632,2.993002555218709,0.2018566463009135,0.630177853985013,1.095014377712649,2.993002555218709,OF-MPC pretrained no gate,OF-MPC pretrained,False,handoff
26,20000,20800,800,-27.32921942336089,-21863.37553868871,-27.32921942336089,-21863.37553868871,0.0,0.0,26,0.0325,26,0.0325,0,0.0,0,0,0,0,0,0,12,-16.918151821496508,0.0,0.5641560282094489,3.3494075956614324,0.2799383793082839,0.8483736771106138,1.1023005399793973,3.3494075956614324,OF-MPC pretrained no gate,OF-MPC pretrained,False,handoff
27,20800,21600,800,-21.43119115133405,-17144.95292106724,-21.43119115133405,-17144.95292106724,0.0,0.0,28,0.035,28,0.035,0,0.0,0,0,0,0,0,0,7,-13.265419621947188,0.0,0.5546426198729553,3.703379920132704,0.2296622607715082,0.8796229789744023,1.0806700073633588,3.703379920132704,OF-MPC pretrained no gate,OF-MPC pretrained,False,handoff
28,21600,22400,800,-20.04606891333421,-16036.855130667367,-20.04606891333421,-16036.855130667367,0.0,0.0,37,0.04625,37,0.04625,0,0.0,0,0,0,0,0,0,15,-15.1551124642001,0.0,0.4926054766159875,3.018814891073476,0.2364084098716296,0.7488025433603454,1.1084743287434846,3.018814891073476,OF-MPC pretrained no gate,OF-MPC pretrained,False,handoff
29,22400,23200,800,-22.87252637672059,-18298.02110137647,-22.87252637672059,-18298.02110137647,0.0,0.0,44,0.055,44,0.055,0,0.0,0,0,0,0,0,0,9,-20.826823883915665,0.0,0.5345592497330952,2.912050166456652,0.2497013670294565,0.8194171324367339,1.178560370095203,2.912050166456652,OF-MPC pretrained no gate,OF-MPC pretrained,False,handoff
30,23200,24000,800,-20.371999051114766,-16297.599240891814,-20.371999051114766,-16297.599240891814,0.0,0.0,37,0.04625,37,0.04625,0,0.0,0,0,0,0,0,0,11,-15.84249719217442,0.0,0.5125904230164956,3.9992403375997583,0.2331420411411646,0.7920388048918265,1.2380663115889106,3.9992403375997583,OF-MPC pretrained no gate,OF-MPC pretrained,False,handoff
31,24000,24800,800,-42.26374134412605,-33810.993075300845,-42.26374134412605,-33810.993075300845,0.0,0.0,99,0.12375,99,0.12375,0,0.0,0,0,0,0,0,0,1,-20.37871135835724,0.0,0.6987559905423812,4.500589222695169,0.3454923994828832,1.0520195816018794,1.4938503726972765,4.500589222695169,OF-MPC pretrained no gate,OF-MPC pretrained,False,full_RL
32,24800,25600,800,-6.20867810494032,-4966.942483952256,-6.20867810494032,-4966.942483952256,0.0,0.0,33,0.04125,33,0.04125,0,0.0,0,0,0,0,0,0,5,-43.92464822653125,0.0,0.1998856154670865,2.610611076950363,0.1373550256433934,0.2624162052907796,1.0958857859261766,2.610611076950363,OF-MPC pretrained no gate,OF-MPC pretrained,False,full_RL
33,25600,26400,800,-7.736263726594328,-6189.010981275463,-7.736263726594328,-6189.010981275463,0.0,0.0,40,0.05,40,0.05,0,0.0,0,0,0,0,0,0,1,-59.19479287792012,0.0,0.3095610450630598,2.898688541697254,0.13300451630296,0.4861175738231597,1.096354410420228,2.898688541697254,OF-MPC pretrained no gate,OF-MPC pretrained,False,full_RL
34,26400,27200,800,-5.5810450665574205,-4464.8360532459365,-5.5810450665574205,-4464.8360532459365,0.0,0.0,47,0.05875,47,0.05875,0,0.0,0,0,0,0,0,0,3,-60.87923003903825,0.0,0.2330139971783131,2.688775725615983,0.1223997438428056,0.3436282505138207,1.0898918263835435,2.688775725615983,OF-MPC pretrained no gate,OF-MPC pretrained,False,full_RL
35,27200,28000,800,-6.470925337883589,-5176.740270306871,-6.470925337883589,-5176.740270306871,0.0,0.0,64,0.08,64,0.08,0,0.0,0,0,0,0,0,0,3,-63.44868315741826,0.0,0.2374079307465477,2.6632541870334308,0.1325554738925483,0.3422603876005472,1.0880145364415037,2.6632541870334308,OF-MPC pretrained no gate,OF-MPC pretrained,False,full_RL
36,28000,28800,800,-4.852486975043827,-3881.989580035061,-4.852486975043827,-3881.989580035061,0.0,0.0,62,0.0775,62,0.0775,0,0.0,0,0,0,0,0,0,4,-60.34824816141486,0.0,0.2027132001831967,2.650693409145447,0.1169409918632004,0.2884854085031931,1.0834057014676577,2.650693409145447,OF-MPC pretrained no gate,OF-MPC pretrained,False,full_RL
37,28800,29600,800,-4.933810956460898,-3947.048765168719,-4.933810956460898,-3947.048765168719,0.0,0.0,69,0.08625,69,0.08625,0,0.0,0,0,0,0,0,0,4,-61.249510064488845,0.0,0.2124648623689902,2.703156935036361,0.1164844617198763,0.3084452630181042,1.1000414811206245,2.703156935036361,OF-MPC pretrained no gate,OF-MPC pretrained,False,full_RL
38,29600,30400,800,-4.5983027546254025,-3678.642203700322,-4.5983027546254025,-3678.642203700322,0.0,0.0,70,0.0875,70,0.0875,0,0.0,0,0,0,0,0,0,3,-61.55344348578672,0.0,0.1798182845186779,2.7186776253097946,0.1168916421874084,0.2427449268499473,1.077938097992821,2.7186776253097946,OF-MPC pretrained no gate,OF-MPC pretrained,False,full_RL
39,30400,31200,800,-4.568490027998639,-3654.7920223989113,-4.568490027998639,-3654.7920223989113,0.0,0.0,65,0.08125,65,0.08125,0,0.0,0,0,0,0,0,0,4,-60.63480010201249,0.0,0.1791982151764842,2.664356423304014,0.1171813736713029,0.2412150566816654,1.0851137795465453,2.664356423304014,OF-MPC pretrained no gate,OF-MPC pretrained,False,full_RL
40,31200,32000,800,-4.775632704167446,-3820.506163333957,-4.775632704167446,-3820.506163333957,0.0,0.0,70,0.0875,70,0.0875,0,0.0,0,0,0,0,0,0,4,-75.13779798225755,0.0,0.1867570357968354,2.7445858971090047,0.1192825764680346,0.2542314951256362,1.0986662629313404,2.7445858971090047,OF-MPC pretrained no gate,OF-MPC pretrained,False,full_RL
41,32000,32800,800,-4.742146951166696,-3793.717560933356,-4.742146951166696,-3793.717560933356,0.0,0.0,48,0.06,48,0.06,0,0.0,0,0,0,0,0,0,3,-57.97701460694475,0.0,0.1888165746334033,2.6375594935441318,0.1176430965765166,0.25999005269029,1.0907974932370772,2.6375594935441318,OF-MPC pretrained no gate,OF-MPC pretrained,False,full_RL
42,32800,33600,800,-4.651373006978019,-3721.098405582415,-4.651373006978019,-3721.098405582415,0.0,0.0,52,0.065,52,0.065,0,0.0,0,0,0,0,0,0,3,-58.992654546719,0.0,0.190524698752848,2.761238229258879,0.116438194060701,0.264611203444995,1.091597230223006,2.761238229258879,OF-MPC pretrained no gate,OF-MPC pretrained,False,full_RL
43,33600,34400,800,-4.694988064254456,-3755.9904514035647,-4.694988064254456,-3755.9904514035647,0.0,0.0,71,0.08875,71,0.08875,0,0.0,0,0,0,0,0,0,3,-59.33333917578523,0.0,0.1985015507869693,2.743241951064192,0.1155422364892951,0.2814608650846434,1.075070472309568,2.743241951064192,OF-MPC pretrained no gate,OF-MPC pretrained,False,full_RL
44,34400,35200,800,-4.740999962537124,-3792.7999700297,-4.740999962537124,-3792.7999700297,0.0,0.0,64,0.08,64,0.08,0,0.0,0,0,0,0,0,0,3,-60.09531307514112,0.0,0.1969121746163182,2.7305764665404126,0.116857531337435,0.2769668178952014,1.080960484289036,2.7305764665404126,OF-MPC pretrained no gate,OF-MPC pretrained,False,full_RL
45,35200,36000,800,-4.70872830947516,-3766.982647580128,-4.70872830947516,-3766.982647580128,0.0,0.0,69,0.08625,69,0.08625,0,0.0,0,0,0,0,0,0,3,-58.44418481116088,0.0,0.1932754390876502,2.7932433916743094,0.1171185567314366,0.2694323214438638,1.0810883959320292,2.7932433916743094,OF-MPC pretrained no gate,OF-MPC pretrained,False,full_RL
46,36000,36800,800,-4.780773865042838,-3824.619092034271,-4.780773865042838,-3824.619092034271,0.0,0.0,58,0.0725,58,0.0725,0,0.0,0,0,0,0,0,0,3,-57.94541612820126,0.0,0.1969136119738359,2.716743777114914,0.1173398920557801,0.2764873318918917,1.0867153670022032,2.716743777114914,OF-MPC pretrained no gate,OF-MPC pretrained,False,full_RL
47,36800,37600,800,-4.742343765629787,-3793.87501250383,-4.742343765629787,-3793.87501250383,0.0,0.0,63,0.07875,63,0.07875,0,0.0,0,0,0,0,0,0,3,-61.053530808371306,0.0,0.2005342195074981,2.734560191024457,0.1163385495966253,0.2847298894183709,1.095709103993468,2.734560191024457,OF-MPC pretrained no gate,OF-MPC pretrained,False,full_RL
48,37600,38400,800,-4.830940589608704,-3864.752471686963,-4.830940589608704,-3864.752471686963,0.0,0.0,51,0.06375,51,0.06375,0,0.0,0,0,0,0,0,0,3,-58.233918971929256,0.0,0.2032879619869806,2.767351525429717,0.1167289651294359,0.2898469588445254,1.0812098914048445,2.767351525429717,OF-MPC pretrained no gate,OF-MPC pretrained,False,full_RL
49,38400,39200,800,-4.742957666174281,-3794.366132939425,-4.742957666174281,-3794.366132939425,0.0,0.0,115,0.14375,115,0.14375,0,0.0,0,0,0,0,0,0,2,-58.1670389868882,0.0,0.1994919978395164,2.7094192439793687,0.1159474048357169,0.2830365908433159,1.093284360651209,2.7094192439793687,OF-MPC pretrained no gate,OF-MPC pretrained,False,full_RL
50,39200,40000,800,-4.784151882734558,-3827.3215061876463,-4.784151882734558,-3827.3215061876463,0.0,0.0,45,0.05625,45,0.05625,0,0.0,0,0,0,0,0,0,3,-60.92426609680865,0.0,0.2042016455074113,2.788827848085816,0.115816185093009,0.2925871059218136,1.090299970435892,2.788827848085816,OF-MPC pretrained no gate,OF-MPC pretrained,False,full_RL
51,40000,40800,800,-4.732707425403721,-3786.165940322977,-4.732707425403721,-3786.165940322977,0.0,0.0,84,0.105,84,0.105,0,0.0,0,0,0,0,0,0,2,-59.284720694650446,0.0,0.2025281797125019,2.785177598248765,0.1157557007209448,0.2893006587040589,1.0746086873430571,2.785177598248765,OF-MPC pretrained no gate,OF-MPC pretrained,False,full_RL
52,40800,41600,800,-4.863506640672394,-3890.805312537916,-4.863506640672394,-3890.805312537916,0.0,0.0,78,0.0975,78,0.0975,0,0.0,0,0,0,0,0,0,2,-60.2101266967652,0.0,0.2123004274610901,2.879091886084609,0.1160296942481447,0.3085711606740356,1.0880248754218238,2.879091886084609,OF-MPC pretrained no gate,OF-MPC pretrained,False,full_RL
53,41600,42400,800,-4.8269356133240695,-3861.548490659256,-4.8269356133240695,-3861.548490659256,0.0,0.0,74,0.0925,74,0.0925,0,0.0,0,0,0,0,0,0,3,-59.23542033411081,0.0,0.2096353410538255,2.785833305030337,0.1154774060626165,0.3037932760450345,1.0824752697976834,2.785833305030337,OF-MPC pretrained no gate,OF-MPC pretrained,False,full_RL
54,42400,43200,800,-4.905300517504483,-3924.240414003587,-4.905300517504483,-3924.240414003587,0.0,0.0,90,0.1125,90,0.1125,0,0.0,0,0,0,0,0,0,2,-62.21634588108236,0.0,0.2142259129267933,2.7976697399793125,0.1161074598840571,0.3123443659695295,1.0900974072301408,2.7976697399793125,OF-MPC pretrained no gate,OF-MPC pretrained,False,full_RL
55,43200,44000,800,-4.852094062914938,-3881.675250331951,-4.852094062914938,-3881.675250331951,0.0,0.0,67,0.08375,67,0.08375,0,0.0,0,0,0,0,0,0,2,-61.11985799338629,0.0,0.2085902078231609,2.879906544910682,0.1163132883947172,0.3008671272516047,1.0902296589667055,2.879906544910682,OF-MPC pretrained no gate,OF-MPC pretrained,False,full_RL
56,44000,44800,800,-4.890229302618589,-3912.183442094871,-4.890229302618589,-3912.183442094871,0.0,0.0,63,0.07875,63,0.07875,0,0.0,0,0,0,0,0,0,2,-58.42778462827232,0.0,0.2115098907618738,2.832543867228935,0.1166779515269377,0.3063418299968099,1.0847040926568527,2.832543867228935,OF-MPC pretrained no gate,OF-MPC pretrained,False,full_RL
57,44800,45600,800,-4.892963260161381,-3914.3706081291048,-4.892963260161381,-3914.3706081291048,0.0,0.0,99,0.12375,99,0.12375,0,0.0,0,0,0,0,0,0,2,-59.77997520831639,0.0,0.21356437990564,2.800243185293368,0.1161424291946306,0.3109863306166494,1.087319492669688,2.800243185293368,OF-MPC pretrained no gate,OF-MPC pretrained,False,full_RL
58,45600,46400,800,-4.8943104644904585,-3915.448371592367,-4.8943104644904585,-3915.448371592367,0.0,0.0,98,0.1225,98,0.1225,0,0.0,0,0,0,0,0,0,1,-60.433667459379535,0.0,0.2121437093902853,2.837946959214321,0.1164016514005707,0.3078857673799999,1.0825477076152548,2.837946959214321,OF-MPC pretrained no gate,OF-MPC pretrained,False,full_RL
59,46400,47200,800,-4.848317776041536,-3878.654220833229,-4.848317776041536,-3878.654220833229,0.0,0.0,100,0.125,100,0.125,0,0.0,0,0,0,0,0,0,2,-59.35610802001816,0.0,0.2152053880003388,2.8410346863368545,0.1147000521048231,0.3157107238958545,1.0720126949525055,2.8410346863368545,OF-MPC pretrained no gate,OF-MPC pretrained,False,full_RL
60,47200,48000,800,-4.880051356390918,-3904.041085112734,-4.880051356390918,-3904.041085112734,0.0,0.0,130,0.1625,130,0.1625,0,0.0,0,0,0,0,0,0,2,-60.376123500888525,0.0,0.2148064323866184,2.8531751608405784,0.1152329582743149,0.3143799064989219,1.0644207915308672,2.8531751608405784,OF-MPC pretrained no gate,OF-MPC pretrained,False,full_RL
61,48000,48800,800,-5.058647587547592,-4046.918070038073,-5.058647587547592,-4046.918070038073,0.0,0.0,155,0.19375,155,0.19375,0,0.0,0,0,0,0,0,0,3,-60.97016301472195,0.0,0.2215596098893757,2.8478465028161963,0.1170997942142373,0.3260194255645142,1.0879562426723508,2.8478465028161963,OF-MPC pretrained no gate,OF-MPC pretrained,False,full_RL
62,48800,49600,800,-5.10299838651848,-4082.398709214784,-5.10299838651848,-4082.398709214784,0.0,0.0,135,0.16875,135,0.16875,0,0.0,0,0,0,0,0,0,2,-62.859412205068566,0.0,0.2179482311338824,2.875112610025326,0.1189341973194829,0.316962264948282,1.098867860131072,2.875112610025326,OF-MPC pretrained no gate,OF-MPC pretrained,False,full_RL
63,49600,50400,800,-4.969047069263947,-3975.237655411158,-4.969047069263947,-3975.237655411158,0.0,0.0,75,0.09375,75,0.09375,0,0.0,0,0,0,0,0,0,3,-59.6727102325857,0.0,0.2170309579133174,2.81449434073744,0.1165279051443411,0.3175340106822937,1.081436123330076,2.81449434073744,OF-MPC pretrained no gate,OF-MPC pretrained,False,full_RL
64,50400,51200,800,-4.831955475267928,-3865.5643802143422,-4.831955475267928,-3865.5643802143422,0.0,0.0,65,0.08125,65,0.08125,0,0.0,0,0,0,0,0,0,3,-61.60955457929026,0.0,0.2072790450982401,2.7508701892580234,0.1165622752560861,0.2979958149403941,1.086699342207481,2.7508701892580234,OF-MPC pretrained no gate,OF-MPC pretrained,False,full_RL
65,51200,52000,800,-4.683272209139244,-3746.617767311396,-4.683272209139244,-3746.617767311396,0.0,0.0,71,0.08875,71,0.08875,0,0.0,0,0,0,0,0,0,3,-59.74699407781452,0.0,0.2071621634159165,2.7669897206707788,0.113679783395081,0.3006445434367521,1.0730040997683197,2.7669897206707788,OF-MPC pretrained no gate,OF-MPC pretrained,False,full_RL
66,52000,52800,800,-4.793333037487519,-3834.666429990016,-4.793333037487519,-3834.666429990016,0.0,0.0,125,0.15625,125,0.15625,0,0.0,0,0,0,0,0,0,3,-62.65895713259158,0.0,0.2127020211601299,2.7678514492970976,0.114262784735205,0.3111412575850549,1.0735611879211202,2.7678514492970976,OF-MPC pretrained no gate,OF-MPC pretrained,False,full_RL
67,52800,53600,800,-4.877174694252616,-3901.739755402093,-4.877174694252616,-3901.739755402093,0.0,0.0,95,0.11875,95,0.11875,0,0.0,0,0,0,0,0,0,4,-58.41472943556698,0.0,0.2130698380363349,2.779438724899592,0.1156654156333972,0.3104742604392725,1.0735169372815778,2.779438724899592,OF-MPC pretrained no gate,OF-MPC pretrained,False,full_RL
68,53600,54400,800,-4.82544287870622,-3860.354302964976,-4.82544287870622,-3860.354302964976,0.0,0.0,102,0.1275,102,0.1275,0,0.0,0,0,0,0,0,0,4,-63.16420149740998,0.0,0.2035393324079115,2.6914047778458894,0.1169308965198941,0.2901477682959288,1.0936707410308153,2.6914047778458894,OF-MPC pretrained no gate,OF-MPC pretrained,False,full_RL
69,54400,55200,800,-4.708620956948755,-3766.896765559004,-4.708620956948755,-3766.896765559004,0.0,0.0,64,0.08,64,0.08,0,0.0,0,0,0,0,0,0,4,-60.87561694709802,0.0,0.2016305052233901,2.674244426719042,0.115570438981346,0.2876905714654342,1.0953061094253855,2.674244426719042,OF-MPC pretrained no gate,OF-MPC pretrained,False,full_RL
70,55200,56000,800,-4.897749248742091,-3918.1993989936727,-4.897749248742091,-3918.1993989936727,0.0,0.0,83,0.10375,83,0.10375,0,0.0,0,0,0,0,0,0,4,-62.59615941274853,0.0,0.2135361571391012,2.6964018031868022,0.1163511454126182,0.3107211688655842,1.0936678845210597,2.6964018031868022,OF-MPC pretrained no gate,OF-MPC pretrained,False,full_RL
71,56000,56800,800,-4.783935223395613,-3827.1481787164894,-4.783935223395613,-3827.1481787164894,0.0,0.0,85,0.10625,85,0.10625,0,0.0,0,0,0,0,0,0,2,-63.38856462694298,0.0,0.2058682174837192,2.6769527206348016,0.1157313907317979,0.2960050442356404,1.0880318452092936,2.6769527206348016,OF-MPC pretrained no gate,OF-MPC pretrained,False,full_RL
72,56800,57600,800,-4.884379058317781,-3907.5032466542248,-4.884379058317781,-3907.5032466542248,0.0,0.0,83,0.10375,83,0.10375,0,0.0,0,0,0,0,0,0,2,-64.00845743006039,0.0,0.2122075220307051,2.675181421708146,0.1160680544639612,0.3083469895974489,1.0975337635628466,2.675181421708146,OF-MPC pretrained no gate,OF-MPC pretrained,False,full_RL
73,57600,58400,800,-4.8346410279992975,-3867.7128223994378,-4.8346410279992975,-3867.7128223994378,0.0,0.0,83,0.10375,83,0.10375,0,0.0,0,0,0,0,0,0,4,-61.84506319199829,0.0,0.2040573625562578,2.6679581002809414,0.1169919716166398,0.2911227534958758,1.0949628847468929,2.6679581002809414,OF-MPC pretrained no gate,OF-MPC pretrained,False,full_RL
74,58400,59200,800,-4.790442713493037,-3832.3541707944296,-4.790442713493037,-3832.3541707944296,0.0,0.0,95,0.11875,95,0.11875,0,0.0,0,0,0,0,0,0,3,-62.9390179320111,0.0,0.2010333815848495,2.6515174075830714,0.1169832133080636,0.2850835498616355,1.0940870030617158,2.6515174075830714,OF-MPC pretrained no gate,OF-MPC pretrained,False,full_RL
75,59200,60000,800,-4.451804906506853,-3561.443925205482,-4.451804906506853,-3561.443925205482,0.0,0.0,88,0.11,88,0.11,0,0.0,0,0,0,0,0,0,3,-63.53890128956846,0.0,0.1805571825288339,2.5982231303330536,0.1155116823695139,0.2456026826881538,1.0902485280301426,2.5982231303330536,OF-MPC pretrained no gate,OF-MPC pretrained,False,full_RL
76,60000,60800,800,-4.535428043367349,-3628.342434693879,-4.535428043367349,-3628.342434693879,0.0,0.0,32,0.04,32,0.04,0,0.0,0,0,0,0,0,0,4,-69.29824916193627,0.0,0.1863842664829656,2.6189096664438125,0.1160039485463396,0.2567645844195915,1.093448354797061,2.6189096664438125,OF-MPC pretrained no gate,OF-MPC pretrained,False,full_RL
77,60800,61600,800,-4.44132606238994,-3553.0608499119526,-4.44132606238994,-3553.0608499119526,0.0,0.0,35,0.04375,35,0.04375,0,0.0,0,0,0,0,0,0,4,-64.90882885948304,0.0,0.1821145499733018,2.643626458100641,0.1150309262620543,0.2491981736845493,1.0703982578949405,2.643626458100641,OF-MPC pretrained no gate,OF-MPC pretrained,False,full_RL
78,61600,62400,800,-4.333263638328633,-3466.6109106629065,-4.333263638328633,-3466.6109106629065,0.0,0.0,95,0.11875,95,0.11875,0,0.0,0,0,0,0,0,0,3,-65.47938706164473,0.0,0.1777767488866904,2.5969512072353496,0.1143308429178851,0.2412226548554958,1.0664492294436378,2.5969512072353496,OF-MPC pretrained no gate,OF-MPC pretrained,False,full_RL
79,62400,63200,800,-4.324396035471909,-3459.5168283775274,-4.324396035471909,-3459.5168283775274,0.0,0.0,115,0.14375,115,0.14375,0,0.0,0,0,0,0,0,0,3,-63.522702859857645,0.0,0.1732228992835247,2.5964156544758907,0.1148692144114249,0.2315765841556244,1.0640365982452011,2.5964156544758907,OF-MPC pretrained no gate,OF-MPC pretrained,False,full_RL
80,63200,64000,800,-4.355159153751453,-3484.127323001162,-4.355159153751453,-3484.127323001162,0.0,0.0,87,0.10875,87,0.10875,0,0.0,0,0,0,0,0,0,3,-65.1789941331624,0.0,0.1782018557385852,2.6139340843861305,0.1145795943474653,0.2418241171297052,1.0698799013421412,2.6139340843861305,OF-MPC pretrained no gate,OF-MPC pretrained,False,full_RL
81,64000,64800,800,-4.334161581736261,-3467.3292653890085,-4.334161581736261,-3467.3292653890085,0.0,0.0,100,0.125,100,0.125,0,0.0,0,0,0,0,0,0,3,-62.703151859706736,0.0,0.1773608385329715,2.624412983160994,0.1144591995427661,0.2402624775231769,1.0685048238591324,2.624412983160994,OF-MPC pretrained no gate,OF-MPC pretrained,False,full_RL
82,64800,65600,800,-4.343903206797702,-3475.122565438161,-4.343903206797702,-3475.122565438161,0.0,0.0,85,0.10625,85,0.10625,0,0.0,0,0,0,0,0,0,3,-67.03032611512424,0.0,0.1773170255957161,2.612183770217314,0.1150445540756281,0.2395894971158042,1.071831597416082,2.612183770217314,OF-MPC pretrained no gate,OF-MPC pretrained,False,full_RL
83,65600,66400,800,-4.357035873500904,-3485.628698800724,-4.357035873500904,-3485.628698800724,0.0,0.0,85,0.10625,85,0.10625,0,0.0,0,0,0,0,0,0,2,-64.72717907052868,0.0,0.1829019279005901,2.5895904172894006,0.1137491909164082,0.2520546648847721,1.06296742083593,2.5895904172894006,OF-MPC pretrained no gate,OF-MPC pretrained,False,full_RL
84,66400,67200,800,-4.287162178256036,-3429.729742604829,-4.287162178256036,-3429.729742604829,0.0,0.0,70,0.0875,70,0.0875,0,0.0,0,0,0,0,0,0,2,-66.13603867763538,0.0,0.1777041844529073,2.572942604002094,0.113768940150538,0.2416394287552766,1.0611396867199132,2.572942604002094,OF-MPC pretrained no gate,OF-MPC pretrained,False,full_RL
85,67200,68000,800,-4.254912667678626,-3403.930134142901,-4.254912667678626,-3403.930134142901,0.0,0.0,77,0.09625,77,0.09625,0,0.0,0,0,0,0,0,0,2,-65.59778218904205,0.0,0.1754751153325684,2.571916309397352,0.1136231260598309,0.2373271046053059,1.0671265879637932,2.571916309397352,OF-MPC pretrained no gate,OF-MPC pretrained,False,full_RL
86,68000,68800,800,-4.243739930579716,-3394.9919444637726,-4.243739930579716,-3394.9919444637726,0.0,0.0,65,0.08125,65,0.08125,0,0.0,0,0,0,0,0,0,2,-67.77750940719557,0.0,0.1769037664076528,2.5762441980638187,0.1129284292676403,0.2408791035476654,1.0621650887356928,2.5762441980638187,OF-MPC pretrained no gate,OF-MPC pretrained,False,full_RL
87,68800,69600,800,-4.249079794128907,-3399.263835303125,-4.249079794128907,-3399.263835303125,0.0,0.0,58,0.0725,58,0.0725,0,0.0,0,0,0,0,0,0,2,-68.43444231145497,0.0,0.1701861217774722,2.6389563936096465,0.1145494817477538,0.2258227618071905,1.0710232074776025,2.6389563936096465,OF-MPC pretrained no gate,OF-MPC pretrained,False,full_RL
88,69600,70400,800,-4.301118927839708,-3440.8951422717664,-4.301118927839708,-3440.8951422717664,0.0,0.0,92,0.115,92,0.115,0,0.0,0,0,0,0,0,0,2,-64.71623936753326,0.0,0.1726854597738697,2.663690970033485,0.1150890623868555,0.2302818571608838,1.07218952374398,2.663690970033485,OF-MPC pretrained no gate,OF-MPC pretrained,False,full_RL
89,70400,71200,800,-4.308587815580778,-3446.8702524646224,-4.308587815580778,-3446.8702524646224,0.0,0.0,68,0.085,68,0.085,0,0.0,0,0,0,0,0,0,2,-65.01083974850383,0.0,0.1702220341498153,2.687135835789036,0.115422286858543,0.2250217814410875,1.0727720657026183,2.687135835789036,OF-MPC pretrained no gate,OF-MPC pretrained,False,full_RL
90,71200,72000,800,-4.223227388301564,-3378.581910641251,-4.223227388301564,-3378.581910641251,0.0,0.0,91,0.11375,91,0.11375,0,0.0,0,0,0,0,0,0,2,-65.96496779448148,0.0,0.1649601691480501,2.630454852643709,0.1149178214266882,0.215002516869412,1.0747385362232982,2.630454852643709,OF-MPC pretrained no gate,OF-MPC pretrained,False,full_RL
91,72000,72800,800,-4.262506923474264,-3410.0055387794114,-4.262506923474264,-3410.0055387794114,0.0,0.0,96,0.12,96,0.12,0,0.0,0,0,0,0,0,0,3,-62.44465054021862,0.0,0.1705239112179868,2.6044876969365305,0.1146567931008824,0.2263910293350912,1.0760094960923925,2.6044876969365305,OF-MPC pretrained no gate,OF-MPC pretrained,False,full_RL
92,72800,73600,800,-4.22321273771518,-3378.570190172144,-4.22321273771518,-3378.570190172144,0.0,0.0,78,0.0975,78,0.0975,0,0.0,0,0,0,0,0,0,2,-63.42409366127458,0.0,0.1684798172958581,2.555567125123389,0.1157162544518102,0.221243380139906,1.0771587342421127,2.555567125123389,OF-MPC pretrained no gate,OF-MPC pretrained,False,full_RL
93,73600,74400,800,-4.085149193914831,-3268.1193551318647,-4.085149193914831,-3268.1193551318647,0.0,0.0,50,0.0625,50,0.0625,0,0.0,0,0,0,0,0,0,3,-64.56168336492169,0.0,0.1610646186839806,2.556471163121671,0.1133732191873826,0.2087560181805786,1.0728035207094275,2.556471163121671,OF-MPC pretrained no gate,OF-MPC pretrained,False,full_RL
94,74400,75200,800,-4.14894033953614,-3319.152271628912,-4.14894033953614,-3319.152271628912,0.0,0.0,66,0.0825,66,0.0825,0,0.0,0,0,0,0,0,0,3,-65.38853741211653,0.0,0.1627805329211988,2.595292003731288,0.1147298958095325,0.2108311700328652,1.0780826460760111,2.595292003731288,OF-MPC pretrained no gate,OF-MPC pretrained,False,full_RL
95,75200,76000,800,-4.08451480367669,-3267.611842941352,-4.08451480367669,-3267.611842941352,0.0,0.0,81,0.10125,81,0.10125,0,0.0,0,0,0,0,0,0,4,-64.56039554353208,0.0,0.1627375381918628,2.557606361310945,0.1132480621324226,0.2122270142513029,1.064615765901253,2.557606361310945,OF-MPC pretrained no gate,OF-MPC pretrained,False,full_RL
96,76000,76800,800,-4.168651254364438,-3334.9210034915504,-4.168651254364438,-3334.9210034915504,0.0,0.0,51,0.06375,51,0.06375,0,0.0,0,0,0,0,0,0,2,-65.89289800272297,0.0,0.1635314260159422,2.595181844782303,0.114721273752839,0.2123415782790455,1.085058733400612,2.595181844782303,OF-MPC pretrained no gate,OF-MPC pretrained,False,full_RL
97,76800,77600,800,-4.249520284456424,-3399.6162275651395,-4.249520284456424,-3399.6162275651395,0.0,0.0,59,0.07375,59,0.07375,0,0.0,0,0,0,0,0,0,3,-68.10307331343608,0.0,0.1671506058640703,2.723197465254429,0.1164069718043818,0.2178942399237587,1.0898206343663437,2.723197465254429,OF-MPC pretrained no gate,OF-MPC pretrained,False,full_RL
98,77600,78400,800,-4.1405733612373785,-3312.458688989903,-4.1405733612373785,-3312.458688989903,0.0,0.0,30,0.0375,30,0.0375,0,0.0,0,0,0,0,0,0,3,-62.850294147277054,0.0,0.1585560485151455,2.5393137265762107,0.114629099792362,0.2024829972379291,1.0776475342792708,2.5393137265762107,OF-MPC pretrained no gate,OF-MPC pretrained,False,full_RL
99,78400,79200,800,-4.073420925329207,-3258.7367402633654,-4.073420925329207,-3258.7367402633654,0.0,0.0,17,0.02125,17,0.02125,0,0.0,0,0,0,0,0,0,4,-63.66091669493551,0.0,0.1583276900289733,2.5193488149830614,0.113650640961129,0.2030047390968176,1.076465678337518,2.5193488149830614,OF-MPC pretrained no gate,OF-MPC pretrained,False,full_RL
100,79200,80000,800,-4.067913205677454,-3254.330564541963,-4.067913205677454,-3254.330564541963,0.0,0.0,14,0.0175,14,0.0175,0,0.0,0,0,0,0,0,0,2,-63.7552212696844,0.0,0.1605550720802331,2.557073381349824,0.1133774245904583,0.207732719570008,1.073484870776888,2.557073381349824,OF-MPC pretrained no gate,OF-MPC pretrained,False,full_RL
101,80000,80800,800,-4.098597257140572,-3278.8778057124573,-4.098597257140572,-3278.8778057124573,0.0,0.0,34,0.0425,34,0.0425,0,0.0,0,0,0,0,0,0,4,-65.42952479746214,0.0,0.1605381389031909,2.581010264628219,0.1139374057740448,0.2071388720323369,1.07765725115178,2.581010264628219,OF-MPC pretrained no gate,OF-MPC pretrained,False,full_RL
102,80800,81600,800,-4.015203568632959,-3212.162854906368,-4.015203568632959,-3212.162854906368,0.0,0.0,21,0.02625,21,0.02625,0,0.0,0,0,0,0,0,0,2,-65.8714812761898,0.0,0.1606733187979775,2.592759000698095,0.1123379930193087,0.2090086445766462,1.062327757560578,2.592759000698095,OF-MPC pretrained no gate,OF-MPC pretrained,False,full_RL
103,81600,82400,800,-4.094695383549136,-3275.7563068393088,-4.094695383549136,-3275.7563068393088,0.0,0.0,30,0.0375,30,0.0375,0,0.0,0,0,0,0,0,0,3,-67.71868350724003,0.0,0.1595804519108471,2.580740126533499,0.1137520397189967,0.2054088641026975,1.074095722756509,2.580740126533499,OF-MPC pretrained no gate,OF-MPC pretrained,False,full_RL
104,82400,83200,800,-4.191750633723324,-3353.4005069786585,-4.191750633723324,-3353.4005069786585,0.0,0.0,27,0.03375,27,0.03375,0,0.0,0,0,0,0,0,0,3,-63.73034912897219,0.0,0.1634853300657589,2.645099375651341,0.1155605868791355,0.2114100732523824,1.0897920378948576,2.645099375651341,OF-MPC pretrained no gate,OF-MPC pretrained,False,full_RL
105,83200,84000,800,-4.190762165189558,-3352.6097321516468,-4.190762165189558,-3352.6097321516468,0.0,0.0,33,0.04125,33,0.04125,0,0.0,0,0,0,0,0,0,4,-69.52883026885615,0.0,0.1622644612166751,2.621309729671509,0.115363108225882,0.2091658142074682,1.0843622723251705,2.621309729671509,OF-MPC pretrained no gate,OF-MPC pretrained,False,full_RL
106,84000,84800,800,-4.146880930672305,-3317.504744537844,-4.146880930672305,-3317.504744537844,0.0,0.0,16,0.02,16,0.02,0,0.0,0,0,0,0,0,0,3,-67.01373034738674,0.0,0.1617941685927679,2.593321054573778,0.1143661674508463,0.2092221697346896,1.0767683722004588,2.593321054573778,OF-MPC pretrained no gate,OF-MPC pretrained,False,full_RL
107,84800,85600,800,-4.162277491570596,-3329.821993256477,-4.162277491570596,-3329.821993256477,0.0,0.0,33,0.04125,33,0.04125,0,0.0,0,0,0,0,0,0,2,-64.7877012027983,0.0,0.1635184149167412,2.643498845632905,0.1146462396361694,0.2123905901973131,1.080341727179626,2.643498845632905,OF-MPC pretrained no gate,OF-MPC pretrained,False,full_RL
108,85600,86400,800,-4.028638487703076,-3222.910790162461,-4.028638487703076,-3222.910790162461,0.0,0.0,16,0.02,16,0.02,0,0.0,0,0,0,0,0,0,4,-65.17489492001755,0.0,0.1600417528673687,2.601288911178756,0.1127779301527534,0.2073055755819839,1.0732125727687531,2.601288911178756,OF-MPC pretrained no gate,OF-MPC pretrained,False,full_RL
109,86400,87200,800,-4.214229402273212,-3371.383521818569,-4.214229402273212,-3371.383521818569,0.0,0.0,28,0.035,28,0.035,0,0.0,0,0,0,0,0,0,3,-67.64384438008119,0.0,0.1639125285107761,2.6668905600556627,0.1156027736013659,0.2122222834201864,1.0860410760919934,2.6668905600556627,OF-MPC pretrained no gate,OF-MPC pretrained,False,full_RL
110,87200,88000,800,-4.092509194211077,-3274.0073553688617,-4.092509194211077,-3274.0073553688617,0.0,0.0,27,0.03375,27,0.03375,0,0.0,0,0,0,0,0,0,5,-64.64847293535217,0.0,0.1649847634539018,2.6747974383700357,0.112735455644025,0.2172340712637786,1.0702426930104014,2.6747974383700357,OF-MPC pretrained no gate,OF-MPC pretrained,False,full_RL
111,88000,88800,800,-3.979112017566103,-3183.289614052882,-3.979112017566103,-3183.289614052882,0.0,0.0,47,0.05875,47,0.05875,0,0.0,0,0,0,0,0,0,5,-63.93155932441903,0.0,0.1594797377585606,2.5905553338084246,0.1119199011787236,0.2070395743383976,1.0704976763374603,2.5905553338084246,OF-MPC pretrained no gate,OF-MPC pretrained,False,full_RL
112,88800,89600,800,-4.139596987001924,-3311.6775896015392,-4.139596987001924,-3311.6775896015392,0.0,0.0,28,0.035,28,0.035,0,0.0,0,0,0,0,0,0,4,-65.59171283869921,0.0,0.1641305580751536,2.6825611614247578,0.1139728385883789,0.2142882775619283,1.0777481506603546,2.6825611614247578,OF-MPC pretrained no gate,OF-MPC pretrained,False,full_RL
113,89600,90400,800,-4.146012062852972,-3316.8096502823773,-4.146012062852972,-3316.8096502823773,0.0,0.0,66,0.0825,66,0.0825,0,0.0,0,0,0,0,0,0,4,-64.06002216825448,0.0,0.1634406159988108,2.6591140682818377,0.1142911204782727,0.2125901115193489,1.072535244004877,2.6591140682818377,OF-MPC pretrained no gate,OF-MPC pretrained,False,full_RL
114,90400,91200,800,-4.105695747377853,-3284.556597902282,-4.105695747377853,-3284.556597902282,0.0,0.0,49,0.06125,49,0.06125,0,0.0,0,0,0,0,0,0,3,-64.38862489726534,0.0,0.1602096594815931,2.5727022300751514,0.1138827252353692,0.2065365937278171,1.074760588262305,2.5727022300751514,OF-MPC pretrained no gate,OF-MPC pretrained,False,full_RL
115,91200,92000,800,-4.104692204737852,-3283.753763790281,-4.104692204737852,-3283.753763790281,0.0,0.0,51,0.06375,51,0.06375,0,0.0,0,0,0,0,0,0,4,-64.69373067226286,0.0,0.1588579677775654,2.5686594941030307,0.1140086378470785,0.2037072977080522,1.071707521043471,2.5686594941030307,OF-MPC pretrained no gate,OF-MPC pretrained,False,full_RL
116,92000,92800,800,-4.158425890439528,-3326.7407123516223,-4.158425890439528,-3326.7407123516223,0.0,0.0,31,0.03875,31,0.03875,0,0.0,0,0,0,0,0,0,4,-65.07841537054207,0.0,0.160765894909337,2.644953623862193,0.114661236600654,0.2068705532180199,1.083344052525696,2.644953623862193,OF-MPC pretrained no gate,OF-MPC pretrained,False,full_RL
117,92800,93600,800,-4.159100538366948,-3327.280430693558,-4.159100538366948,-3327.280430693558,0.0,0.0,43,0.05375,43,0.05375,0,0.0,0,0,0,0,0,0,3,-66.29416634101642,0.0,0.1608843525443032,2.5935625151641943,0.1146640838292271,0.2071046212593794,1.0825427379371997,2.5935625151641943,OF-MPC pretrained no gate,OF-MPC pretrained,False,full_RL
118,93600,94400,800,-4.0440706558449815,-3235.256524675985,-4.0440706558449815,-3235.256524675985,0.0,0.0,33,0.04125,33,0.04125,0,0.0,0,0,0,0,0,0,4,-67.43633285827343,0.0,0.1573131638161969,2.6110920921608454,0.1131547212619949,0.2014716063703988,1.0751842549826045,2.6110920921608454,OF-MPC pretrained no gate,OF-MPC pretrained,False,full_RL
119,94400,95200,800,-4.139890735252369,-3311.9125882018952,-4.139890735252369,-3311.9125882018952,0.0,0.0,21,0.02625,21,0.02625,0,0.0,0,0,0,0,0,0,5,-68.16667132919702,0.0,0.1590897644919153,2.587289728115138,0.1148996480891032,0.2032798808947274,1.087848577797356,2.587289728115138,OF-MPC pretrained no gate,OF-MPC pretrained,False,full_RL
120,95200,96000,800,-4.1613773441772,-3329.1018753417607,-4.1613773441772,-3329.1018753417607,0.0,0.0,33,0.04125,33,0.04125,0,0.0,0,0,0,0,0,0,3,-62.79573079142415,0.0,0.1604361105882796,2.5801053573365493,0.1151949059383112,0.205677315238248,1.0865790836038438,2.5801053573365493,OF-MPC pretrained no gate,OF-MPC pretrained,False,full_RL
121,96000,96800,800,-4.164162398834645,-3331.3299190677158,-4.164162398834645,-3331.3299190677158,0.0,0.0,35,0.04375,35,0.04375,0,0.0,0,0,0,0,0,0,3,-67.039411901152,0.0,0.1609704460674548,2.5934836117653504,0.1148279075630352,0.2071129845718744,1.080445188571716,2.5934836117653504,OF-MPC pretrained no gate,OF-MPC pretrained,False,full_RL
122,96800,97600,800,-4.111979050072283,-3289.5832400578265,-4.111979050072283,-3289.5832400578265,0.0,0.0,60,0.075,60,0.075,0,0.0,0,0,0,0,0,0,3,-63.60111323718672,0.0,0.1659835428239709,2.7274296557067146,0.1131905900432698,0.2187764956046721,1.068865598721572,2.7274296557067146,OF-MPC pretrained no gate,OF-MPC pretrained,False,full_RL
123,97600,98400,800,-4.302225903547699,-3441.780722838159,-4.302225903547699,-3441.780722838159,0.0,0.0,57,0.07125,57,0.07125,0,0.0,0,0,0,0,0,0,4,-62.426144774882346,0.0,0.1682332204818455,2.6215986892094065,0.1162634746184043,0.2202029663452868,1.0877922356947152,2.6215986892094065,OF-MPC pretrained no gate,OF-MPC pretrained,False,full_RL
124,98400,99200,800,-4.138045829283661,-3310.436663426929,-4.138045829283661,-3310.436663426929,0.0,0.0,47,0.05875,47,0.05875,0,0.0,0,0,0,0,0,0,4,-66.79234796502044,0.0,0.1630460934002923,2.6540446113326084,0.1141344575273208,0.2119577292732638,1.0707571576019674,2.6540446113326084,OF-MPC pretrained no gate,OF-MPC pretrained,False,full_RL
125,99200,100000,800,-4.135412399886446,-3308.329919909157,-4.135412399886446,-3308.329919909157,0.0,0.0,21,0.02625,21,0.02625,0,0.0,0,0,0,0,0,0,5,-64.72641299554289,0.0,0.166592753398624,2.735607361478401,0.1134025271478453,0.2197829796494026,1.0950949611285443,2.735607361478401,OF-MPC pretrained no gate,OF-MPC pretrained,False,full_RL
126,100000,100800,800,-4.2331169456090345,-3386.493556487228,-4.2331169456090345,-3386.493556487228,0.0,0.0,35,0.04375,35,0.04375,0,0.0,0,0,0,0,0,0,5,-68.89155879615669,0.0,0.1689953626181644,2.6802972939008214,0.1148044829948571,0.2231862422414717,1.0874291031059045,2.6802972939008214,OF-MPC pretrained no gate,OF-MPC pretrained,False,full_RL
127,100800,101600,800,-4.542368578648024,-3633.89486291842,-4.542368578648024,-3633.89486291842,0.0,0.0,15,0.01875,15,0.01875,0,0.0,0,0,0,0,0,0,3,-50.91445852595939,0.0,0.1740817209855197,2.7483858404506805,0.1191020007883267,0.2290614411827126,1.0856792963526345,2.7483858404506805,OF-MPC pretrained no gate,OF-MPC pretrained,False,full_RL
128,101600,102400,800,-4.15687244629779,-3325.497957038232,-4.15687244629779,-3325.497957038232,0.0,0.0,31,0.03875,31,0.03875,0,0.0,0,0,0,0,0,0,5,-63.58670958298512,0.0,0.1634339124040555,2.6230029384961995,0.1139814122940175,0.2128864125140936,1.0831643078105402,2.6230029384961995,OF-MPC pretrained no gate,OF-MPC pretrained,False,full_RL
129,102400,103200,800,-4.154839935637809,-3323.8719485102474,-4.154839935637809,-3323.8719485102474,0.0,0.0,46,0.0575,46,0.0575,0,0.0,0,0,0,0,0,0,5,-67.46517308072976,0.0,0.1614762013146626,2.578674300545458,0.1143513748438202,0.208601027785505,1.0789047336758757,2.578674300545458,OF-MPC pretrained no gate,OF-MPC pretrained,False,full_RL
130,103200,104000,800,-4.042589576920945,-3234.0716615367564,-4.042589576920945,-3234.0716615367564,0.0,0.0,31,0.03875,31,0.03875,0,0.0,0,0,0,0,0,0,6,-62.362422341060096,0.0,0.1610056430571442,2.574448187893722,0.1123837690683236,0.2096275170459648,1.06893465636721,2.574448187893722,OF-MPC pretrained no gate,OF-MPC pretrained,False,full_RL
131,104000,104800,800,-4.057164483101541,-3245.7315864812326,-4.057164483101541,-3245.7315864812326,0.0,0.0,26,0.0325,26,0.0325,0,0.0,0,0,0,0,0,0,6,-63.82362981467463,0.0,0.1619239424357407,2.583506479897665,0.1123474696732155,0.2115004151982659,1.06539085152854,2.583506479897665,OF-MPC pretrained no gate,OF-MPC pretrained,False,full_RL
132,104800,105600,800,-4.050516314698714,-3240.413051758971,-4.050516314698714,-3240.413051758971,0.0,0.0,25,0.03125,25,0.03125,0,0.0,0,0,0,0,0,0,5,-63.19571612569666,0.0,0.1635504050596351,2.690245778927874,0.1121796535711915,0.2149211565480787,1.063443258860601,2.690245778927874,OF-MPC pretrained no gate,OF-MPC pretrained,False,full_RL
133,105600,106400,800,-4.09722787904375,-3277.782303235,-4.09722787904375,-3277.782303235,0.0,0.0,71,0.08875,71,0.08875,0,0.0,0,0,0,0,0,0,4,-66.96646627105667,0.0,0.1682097807781839,2.6647649567561302,0.1121809516158952,0.2242386099404726,1.06926863184523,2.6647649567561302,OF-MPC pretrained no gate,OF-MPC pretrained,False,full_RL
134,106400,107200,800,-4.116673577026828,-3293.3388616214625,-4.116673577026828,-3293.3388616214625,0.0,0.0,34,0.0425,34,0.0425,0,0.0,0,0,0,0,0,0,5,-65.63966206582847,0.0,0.1642312719969949,2.663550939096524,0.1134389825369014,0.2150235614570884,1.0777475506755576,2.663550939096524,OF-MPC pretrained no gate,OF-MPC pretrained,False,full_RL
135,107200,108000,800,-4.12523744537288,-3300.1899562983044,-4.12523744537288,-3300.1899562983044,0.0,0.0,17,0.02125,17,0.02125,0,0.0,0,0,0,0,0,0,4,-64.70463704051303,0.0,0.1573602479791241,2.533062196814342,0.1148223624159865,0.1998981335422618,1.0756128881930342,2.533062196814342,OF-MPC pretrained no gate,OF-MPC pretrained,False,full_RL
136,108000,108800,800,-4.258355426610533,-3406.684341288426,-4.258355426610533,-3406.684341288426,0.0,0.0,39,0.04875,39,0.04875,0,0.0,0,0,0,0,0,0,4,-68.98979552911874,0.0,0.1638997518829505,2.6142705809972995,0.1155594513228835,0.2122400524430175,1.074713871846814,2.6142705809972995,OF-MPC pretrained no gate,OF-MPC pretrained,False,full_RL
137,108800,109600,800,-4.028315526201576,-3222.6524209612603,-4.028315526201576,-3222.6524209612603,0.0,0.0,20,0.025,20,0.025,0,0.0,0,0,0,0,0,0,5,-68.58150309854398,0.0,0.1592223591964622,2.60436317343698,0.1125210275589341,0.2059236908339904,1.0668379022406411,2.60436317343698,OF-MPC pretrained no gate,OF-MPC pretrained,False,full_RL
138,109600,110400,800,-4.016634370674215,-3213.307496539372,-4.016634370674215,-3213.307496539372,0.0,0.0,17,0.02125,17,0.02125,0,0.0,0,0,0,0,0,0,5,-66.57316486849379,0.0,0.1573660782770784,2.576378715018109,0.1128483676091682,0.2018837889449885,1.0735417427934966,2.576378715018109,OF-MPC pretrained no gate,OF-MPC pretrained,False,full_RL
139,110400,111200,800,-4.05368643038634,-3242.949144309072,-4.05368643038634,-3242.949144309072,0.0,0.0,13,0.01625,13,0.01625,0,0.0,0,0,0,0,0,0,5,-63.70502544776468,0.0,0.1590140740207728,2.5324740618650026,0.1134085054276253,0.2046196426139203,1.0715489949999264,2.5324740618650026,OF-MPC pretrained no gate,OF-MPC pretrained,False,full_RL
140,111200,112000,800,-4.242740847548463,-3394.1926780387703,-4.242740847548463,-3394.1926780387703,0.0,0.0,34,0.0425,34,0.0425,0,0.0,0,0,0,0,0,0,5,-64.77023356497773,0.0,0.1572229505009174,2.526369065785275,0.116962640824734,0.1974832601771008,1.1022045699067102,2.526369065785275,OF-MPC pretrained no gate,OF-MPC pretrained,False,full_RL
141,112000,112800,800,-4.069946360834249,-3255.9570886674,-4.069946360834249,-3255.9570886674,0.0,0.0,24,0.03,24,0.03,0,0.0,0,0,0,0,0,0,4,-64.70013818234088,0.0,0.1576770524611106,2.5639864974559146,0.1137815505275153,0.2015725543947058,1.0769313786327772,2.5639864974559146,OF-MPC pretrained no gate,OF-MPC pretrained,False,full_RL
142,112800,113600,800,-4.052341526011611,-3241.873220809289,-4.052341526011611,-3241.873220809289,0.0,0.0,36,0.045,36,0.045,0,0.0,0,0,0,0,0,0,4,-63.82023328497837,0.0,0.1602264128530691,2.606121074372709,0.1131577929127685,0.2072950327933697,1.0735407062995326,2.606121074372709,OF-MPC pretrained no gate,OF-MPC pretrained,False,full_RL
143,113600,114400,800,-4.100067286649195,-3280.053829319356,-4.100067286649195,-3280.053829319356,0.0,0.0,16,0.02,16,0.02,0,0.0,0,0,0,0,0,0,4,-64.355019136068,0.0,0.1587762313516319,2.58061249246498,0.1145163750450797,0.2030360876581841,1.0836176425777952,2.58061249246498,OF-MPC pretrained no gate,OF-MPC pretrained,False,full_RL
144,114400,115200,800,-4.091385134930157,-3273.108107944125,-4.091385134930157,-3273.108107944125,0.0,0.0,45,0.05625,45,0.05625,0,0.0,0,0,0,0,0,0,4,-65.01705447416123,0.0,0.1559175919244743,2.538872362141092,0.1145830191691827,0.1972521646797659,1.0783350710772228,2.538872362141092,OF-MPC pretrained no gate,OF-MPC pretrained,False,full_RL
145,115200,116000,800,-3.988376708185693,-3190.7013665485542,-3.988376708185693,-3190.7013665485542,0.0,0.0,22,0.0275,22,0.0275,0,0.0,0,0,0,0,0,0,4,-64.79483594015915,0.0,0.1542803469823071,2.4822319631283563,0.113157993597078,0.1954027003675362,1.0739918911066226,2.4822319631283563,OF-MPC pretrained no gate,OF-MPC pretrained,False,full_RL
146,116000,116800,800,-4.053198724482814,-3242.558979586252,-4.053198724482814,-3242.558979586252,0.0,0.0,15,0.01875,15,0.01875,0,0.0,0,0,0,0,0,0,5,-70.04362687737046,0.0,0.1566022334250413,2.5860846366621786,0.113689207734829,0.1995152591152535,1.075302347097372,2.5860846366621786,OF-MPC pretrained no gate,OF-MPC pretrained,False,full_RL
147,116800,117600,800,-4.035951381283434,-3228.761105026747,-4.035951381283434,-3228.761105026747,0.0,0.0,19,0.02375,19,0.02375,0,0.0,0,0,0,0,0,0,4,-65.23183602015877,0.0,0.1568965189412174,2.5659325157008084,0.1136757515856552,0.2001172862967795,1.0779154331182157,2.5659325157008084,OF-MPC pretrained no gate,OF-MPC pretrained,False,full_RL
148,117600,118400,800,-4.123986479197125,-3299.1891833577,-4.123986479197125,-3299.1891833577,0.0,0.0,37,0.04625,37,0.04625,0,0.0,0,0,0,0,0,0,4,-69.95919168777266,0.0,0.1576538737168962,2.5662048991508755,0.1145755339269555,0.2007322135068369,1.0829623373891608,2.5662048991508755,OF-MPC pretrained no gate,OF-MPC pretrained,False,full_RL
149,118400,119200,800,-4.06428424009903,-3251.427392079224,-4.06428424009903,-3251.427392079224,0.0,0.0,29,0.03625,29,0.03625,0,0.0,0,0,0,0,0,0,4,-63.82266130912501,0.0,0.1602810405802884,2.6146915541463613,0.113811699782375,0.2067503813782018,1.077178274527666,2.6146915541463613,OF-MPC pretrained no gate,OF-MPC pretrained,False,full_RL
150,119200,120000,800,-4.039572153355233,-3231.6577226841864,-4.039572153355233,-3231.6577226841864,0.0,0.0,36,0.045,36,0.045,0,0.0,0,0,0,0,0,0,4,-64.72763967477215,0.0,0.1561310129624153,2.5593521643101558,0.1140987379440141,0.1981632879808166,1.0809897007450324,2.5593521643101558,OF-MPC pretrained no gate,OF-MPC pretrained,False,full_RL
151,120000,120800,800,-4.017348470243162,-3213.8787761945296,-4.017348470243162,-3213.8787761945296,0.0,0.0,30,0.0375,30,0.0375,0,0.0,0,0,0,0,0,0,4,-67.35808779130434,0.0,0.1555388264712158,2.559198827173134,0.1132370482289804,0.1978406047134511,1.0720858337468893,2.559198827173134,OF-MPC pretrained no gate,OF-MPC pretrained,False,full_RL
152,120800,121600,800,-3.9744922598413255,-3179.5938078730605,-3.9744922598413255,-3179.5938078730605,0.0,0.0,27,0.03375,27,0.03375,0,0.0,0,0,0,0,0,0,5,-68.60622305196932,0.0,0.1554957419519035,2.495882502301868,0.1122206956734812,0.1987707882303257,1.0715680214121788,2.495882502301868,OF-MPC pretrained no gate,OF-MPC pretrained,False,full_RL
153,121600,122400,800,-3.9818552461960217,-3185.4841969568174,-3.9818552461960217,-3185.4841969568174,0.0,0.0,18,0.0225,18,0.0225,0,0.0,0,0,0,0,0,0,4,-65.79948029755656,0.0,0.1572780205838906,2.584729514275068,0.1126507801117197,0.2019052610560615,1.071453385846524,2.584729514275068,OF-MPC pretrained no gate,OF-MPC pretrained,False,full_RL
154,122400,123200,800,-4.0817962425938354,-3265.4369940750685,-4.0817962425938354,-3265.4369940750685,0.0,0.0,25,0.03125,25,0.03125,0,0.0,0,0,0,0,0,0,5,-66.06542105566155,0.0,0.1584792784259196,2.580117245350152,0.1140890885065086,0.2028694683453306,1.0810499884309128,2.580117245350152,OF-MPC pretrained no gate,OF-MPC pretrained,False,full_RL
155,123200,124000,800,-4.004175108512369,-3203.340086809895,-4.004175108512369,-3203.340086809895,0.0,0.0,19,0.02375,19,0.02375,0,0.0,0,0,0,0,0,0,5,-64.52140941980224,0.0,0.1562855699446056,2.5624791129925484,0.112963666972671,0.1996074729165403,1.0675877297750975,2.5624791129925484,OF-MPC pretrained no gate,OF-MPC pretrained,False,full_RL
156,124000,124800,800,-4.078571623616484,-3262.857298893188,-4.078571623616484,-3262.857298893188,0.0,0.0,44,0.055,44,0.055,0,0.0,0,0,0,0,0,0,5,-67.86407259171278,0.0,0.1580216578628603,2.5897054280480347,0.1143305995550947,0.201712716170626,1.079224228077026,2.5897054280480347,OF-MPC pretrained no gate,OF-MPC pretrained,False,full_RL
157,124800,125600,800,-4.072652456516758,-3258.121965213407,-4.072652456516758,-3258.121965213407,0.0,0.0,39,0.04875,39,0.04875,0,0.0,0,0,0,0,0,0,4,-69.10586124347515,0.0,0.1566137734617874,2.56386343524764,0.1144390022995041,0.1987885446240708,1.0794314483447258,2.56386343524764,OF-MPC pretrained no gate,OF-MPC pretrained,False,full_RL
158,125600,126400,800,-4.002671677993368,-3202.1373423946943,-4.002671677993368,-3202.1373423946943,0.0,0.0,28,0.035,28,0.035,0,0.0,0,0,0,0,0,0,5,-66.20508261109364,0.0,0.1557793955376123,2.555392198434049,0.113165537589101,0.1983932534861236,1.0758649217441634,2.555392198434049,OF-MPC pretrained no gate,OF-MPC pretrained,False,full_RL
159,126400,127200,800,-4.078343932247053,-3262.6751457976425,-4.078343932247053,-3262.6751457976425,0.0,0.0,78,0.0975,78,0.0975,0,0.0,0,0,0,0,0,0,5,-64.7663039714862,0.0,0.15650335551005,2.548086657016256,0.1143671477488277,0.1986395632712723,1.082219856591013,2.548086657016256,OF-MPC pretrained no gate,OF-MPC pretrained,False,full_RL
160,127200,128000,800,-4.03875532587332,-3231.0042606986563,-4.03875532587332,-3231.0042606986563,0.0,0.0,41,0.05125,41,0.05125,0,0.0,0,0,0,0,0,0,6,-65.15905431319823,0.0,0.1585065425702074,2.586599378337837,0.1135961730168103,0.2034169121236045,1.0815107179770602,2.586599378337837,OF-MPC pretrained no gate,OF-MPC pretrained,False,full_RL
161,128000,128800,800,-4.079377963378234,-3263.5023707025875,-4.079377963378234,-3263.5023707025875,0.0,0.0,70,0.0875,70,0.0875,0,0.0,0,0,0,0,0,0,6,-65.57485548919544,0.0,0.1573837464800104,2.6011814888045137,0.1144027141539072,0.2003647788061135,1.078305941096136,2.6011814888045137,OF-MPC pretrained no gate,OF-MPC pretrained,False,full_RL
162,128800,129600,800,-4.048339481561768,-3238.6715852494144,-4.048339481561768,-3238.6715852494144,0.0,0.0,75,0.09375,75,0.09375,0,0.0,0,0,0,0,0,0,5,-63.88012173494053,0.0,0.1566705263508336,2.5232439492672256,0.1139595936922995,0.1993814590093678,1.0794540059051454,2.5232439492672256,OF-MPC pretrained no gate,OF-MPC pretrained,False,full_RL
163,129600,130400,800,-4.03904804801543,-3231.238438412344,-4.03904804801543,-3231.238438412344,0.0,0.0,48,0.06,48,0.06,0,0.0,0,0,0,0,0,0,5,-63.36362286442636,0.0,0.1582014531763899,2.6186985948870074,0.113743738124902,0.2026591682278777,1.0769137646114109,2.6186985948870074,OF-MPC pretrained no gate,OF-MPC pretrained,False,full_RL
164,130400,131200,800,-4.063874312353787,-3251.0994498830296,-4.063874312353787,-3251.0994498830296,0.0,0.0,36,0.045,36,0.045,0,0.0,0,0,0,0,0,0,5,-65.89017572925525,0.0,0.1573280885498077,2.6011559417469243,0.114379746876704,0.2002764302229114,1.0774855065117204,2.6011559417469243,OF-MPC pretrained no gate,OF-MPC pretrained,False,full_RL
165,131200,132000,800,-3.958654427236776,-3166.9235417894206,-3.958654427236776,-3166.9235417894206,0.0,0.0,52,0.065,52,0.065,0,0.0,0,0,0,0,0,0,5,-62.697014812319935,0.0,0.1574966007676563,2.574087547207,0.1124050897487747,0.202588111786538,1.0680262674633003,2.574087547207,OF-MPC pretrained no gate,OF-MPC pretrained,False,full_RL
166,132000,132800,800,-13.356388482225206,-10685.110785780163,-13.356388482225206,-10685.110785780163,0.0,0.0,42,0.0525,42,0.0525,0,0.0,0,0,0,0,0,0,9,-63.65340573101901,0.0,0.3624663587591898,2.5020813471804786,0.1631700148068879,0.5617627027114918,1.0840359460772375,2.5020813471804786,OF-MPC pretrained no gate,OF-MPC pretrained,False,full_RL
167,132800,133600,800,-4.166625703310919,-3333.300562648735,-4.166625703310919,-3333.300562648735,0.0,0.0,67,0.08375,67,0.08375,0,0.0,0,0,0,0,0,0,4,-65.60037949714558,0.0,0.1599489057540976,2.5876640419184582,0.1163784241202187,0.2035193873879766,1.0836071566983525,2.5876640419184582,OF-MPC pretrained no gate,OF-MPC pretrained,False,full_RL
168,133600,134400,800,-4.082257321202953,-3265.8058569623627,-4.082257321202953,-3265.8058569623627,0.0,0.0,41,0.05125,41,0.05125,0,0.0,0,0,0,0,0,0,4,-64.21879507845688,0.0,0.1576208137640442,2.5949310955361966,0.1144621734556137,0.2007794540724747,1.085980852172439,2.5949310955361966,OF-MPC pretrained no gate,OF-MPC pretrained,False,full_RL
169,134400,135200,800,-4.062193900665581,-3249.755120532465,-4.062193900665581,-3249.755120532465,0.0,0.0,45,0.05625,45,0.05625,0,0.0,0,0,0,0,0,0,5,-65.50746915522734,0.0,0.1579024664408276,2.5530430327513614,0.1139050306882099,0.2018999021934452,1.0762177640232786,2.5530430327513614,OF-MPC pretrained no gate,OF-MPC pretrained,False,full_RL
170,135200,136000,800,-4.486772353746895,-3589.417882997516,-4.486772353746895,-3589.417882997516,0.0,0.0,60,0.075,60,0.075,0,0.0,0,0,0,0,0,0,5,-65.0214068360068,0.0,0.1852233799766783,2.5098629982528,0.1162878798508354,0.2541588801025212,1.076579563763604,2.5098629982528,OF-MPC pretrained no gate,OF-MPC pretrained,False,full_RL
171,136000,136800,800,-4.062461820234826,-3249.9694561878605,-4.062461820234826,-3249.9694561878605,0.0,0.0,30,0.0375,30,0.0375,0,0.0,0,0,0,0,0,0,4,-63.36761696437611,0.0,0.1589992920993256,2.622211694248392,0.1138861748085571,0.2041124093900942,1.0734828269079522,2.622211694248392,OF-MPC pretrained no gate,OF-MPC pretrained,False,full_RL
172,136800,137600,800,-4.054987596033941,-3243.9900768271527,-4.054987596033941,-3243.9900768271527,0.0,0.0,66,0.0825,66,0.0825,0,0.0,0,0,0,0,0,0,5,-65.39302786409155,0.0,0.1572538513257855,2.5699712812615303,0.1140976162180145,0.2004100864335565,1.0765371970192184,2.5699712812615303,OF-MPC pretrained no gate,OF-MPC pretrained,False,full_RL
173,137600,138400,800,-4.01549617159859,-3212.396937278872,-4.01549617159859,-3212.396937278872,0.0,0.0,53,0.06625,53,0.06625,0,0.0,0,0,0,0,0,0,5,-65.5676503973441,0.0,0.1564997629826342,2.5810486500194543,0.1135408055734865,0.1994587203917818,1.0790599180864766,2.5810486500194543,OF-MPC pretrained no gate,OF-MPC pretrained,False,full_RL
174,138400,139200,800,-3.9934709988922408,-3194.7767991137925,-3.9934709988922408,-3194.7767991137925,0.0,0.0,56,0.07,56,0.07,0,0.0,0,0,0,0,0,0,5,-65.52368421538358,0.0,0.1544155860612455,2.553968075442981,0.113219642264841,0.19561152985765,1.0742710365610455,2.553968075442981,OF-MPC pretrained no gate,OF-MPC pretrained,False,full_RL
175,139200,140000,800,-4.104064679485088,-3283.25174358807,-4.104064679485088,-3283.25174358807,0.0,0.0,50,0.0625,50,0.0625,0,0.0,0,0,0,0,0,0,5,-65.43820647464884,0.0,0.1589634575724937,2.568638284853762,0.1146061431828664,0.203320771962121,1.0845591498660396,2.568638284853762,OF-MPC pretrained no gate,OF-MPC pretrained,False,full_RL
176,140000,140800,800,-4.0113366697947175,-3209.069335835774,-4.0113366697947175,-3209.069335835774,0.0,0.0,43,0.05375,43,0.05375,0,0.0,0,0,0,0,0,0,5,-63.95254369923123,0.0,0.1546381976488035,2.558817141546342,0.1139388375414712,0.1953375577561358,1.0855101887305154,2.558817141546342,OF-MPC pretrained no gate,OF-MPC pretrained,False,full_RL
177,140800,141600,800,-3.9900961627428257,-3192.0769301942605,-3.9900961627428257,-3192.0769301942605,0.0,0.0,55,0.06875,55,0.06875,0,0.0,0,0,0,0,0,0,4,-65.0231847216719,0.0,0.1566035235979656,2.5867792291646765,0.1131349807380611,0.20007206645787,1.0741537960560907,2.5867792291646765,OF-MPC pretrained no gate,OF-MPC pretrained,False,full_RL
178,141600,142400,800,-4.129003346890857,-3303.202677512686,-4.129003346890857,-3303.202677512686,0.0,0.0,45,0.05625,45,0.05625,0,0.0,0,0,0,0,0,0,4,-65.6495357654403,0.0,0.1573391878697372,2.5633397736312418,0.1154797968886876,0.1991985788507868,1.0952184488142298,2.5633397736312418,OF-MPC pretrained no gate,OF-MPC pretrained,False,full_RL
179,142400,143200,800,-4.02933207593797,-3223.465660750376,-4.02933207593797,-3223.465660750376,0.0,0.0,60,0.075,60,0.075,0,0.0,0,0,0,0,0,0,4,-64.74185352362292,0.0,0.1575863709866746,2.5686867270482026,0.1134787237583161,0.2016940182150332,1.0800395012737174,2.5686867270482026,OF-MPC pretrained no gate,OF-MPC pretrained,False,full_RL
180,143200,144000,800,-4.010927078937763,-3208.74166315021,-4.010927078937763,-3208.74166315021,0.0,0.0,56,0.07,56,0.07,0,0.0,0,0,0,0,0,0,4,-66.47738313623995,0.0,0.1558805992340527,2.495290395850077,0.1134143789533227,0.1983468195147827,1.075719638843664,2.495290395850077,OF-MPC pretrained no gate,OF-MPC pretrained,False,full_RL
181,144000,144800,800,-3.992739370223624,-3194.191496178899,-3.992739370223624,-3194.191496178899,0.0,0.0,43,0.05375,43,0.05375,0,0.0,0,0,0,0,0,0,4,-64.51228473059655,0.0,0.1568805401557165,2.5922206331667894,0.1132971528232648,0.2004639274881682,1.0736859520151394,2.5922206331667894,OF-MPC pretrained no gate,OF-MPC pretrained,False,full_RL
182,144800,145600,800,-4.023505999370947,-3218.8047994967574,-4.023505999370947,-3218.8047994967574,0.0,0.0,63,0.07875,63,0.07875,0,0.0,0,0,0,0,0,0,3,-65.25470735136037,0.0,0.1560457024343707,2.6031990076861007,0.1138869460026185,0.1982044588661229,1.082343816458646,2.6031990076861007,OF-MPC pretrained no gate,OF-MPC pretrained,False,full_RL
183,145600,146400,800,-4.053457552728905,-3242.766042183124,-4.053457552728905,-3242.766042183124,0.0,0.0,63,0.07875,63,0.07875,0,0.0,0,0,0,0,0,0,3,-65.13801386134082,0.0,0.1579261857729684,2.6096221443493164,0.1140425664935358,0.2018098050524009,1.0819804130588442,2.6096221443493164,OF-MPC pretrained no gate,OF-MPC pretrained,False,full_RL
184,146400,147200,800,-4.111073918682682,-3288.859134946146,-4.111073918682682,-3288.859134946146,0.0,0.0,28,0.035,28,0.035,0,0.0,0,0,0,0,0,0,2,-64.8524014894607,0.0,0.1577748681870913,2.5874266357686224,0.1152666731632851,0.2002830632108975,1.0937903373359208,2.5874266357686224,OF-MPC pretrained no gate,OF-MPC pretrained,False,full_RL
185,147200,148000,800,-3.993027645670722,-3194.422116536577,-3.993027645670722,-3194.422116536577,0.0,0.0,45,0.05625,45,0.05625,0,0.0,0,0,0,0,0,0,4,-65.80873371397615,0.0,0.1549774248249557,2.525890141601735,0.1134714552849748,0.1964833943649366,1.0717365066735305,2.525890141601735,OF-MPC pretrained no gate,OF-MPC pretrained,False,full_RL
186,148000,148800,800,-4.050259850575052,-3240.207880460041,-4.050259850575052,-3240.207880460041,0.0,0.0,31,0.03875,31,0.03875,0,0.0,0,0,0,0,0,0,4,-65.74541694599225,0.0,0.1579831071291854,2.6125224678224868,0.1140141220287422,0.2019520922296286,1.0806171940614695,2.6125224678224868,OF-MPC pretrained no gate,OF-MPC pretrained,False,full_RL
187,148800,149600,800,-3.972346728629925,-3177.87738290394,-3.972346728629925,-3177.87738290394,0.0,0.0,44,0.055,44,0.055,0,0.0,0,0,0,0,0,0,3,-64.72884776477656,0.0,0.159829330003258,2.657500336754481,0.1123886255684986,0.2072700344380174,1.0665278638237692,2.657500336754481,OF-MPC pretrained no gate,OF-MPC pretrained,False,full_RL
188,149600,150400,800,-4.03581906560295,-3228.65525248236,-4.03581906560295,-3228.65525248236,0.0,0.0,66,0.0825,66,0.0825,0,0.0,0,0,0,0,0,0,5,-60.421459376910434,0.0,0.1584704112917498,2.5542878272694907,0.1135463218558799,0.2033945007276197,1.076560650577139,2.5542878272694907,OF-MPC pretrained no gate,OF-MPC pretrained,False,full_RL
189,150400,151200,800,-4.038527544467423,-3230.8220355739377,-4.038527544467423,-3230.8220355739377,0.0,0.0,54,0.0675,54,0.0675,0,0.0,0,0,0,0,0,0,3,-66.88927507041706,0.0,0.1559061908181395,2.539721919950182,0.1141099284954451,0.1977024531408339,1.0752965365821407,2.539721919950182,OF-MPC pretrained no gate,OF-MPC pretrained,False,full_RL
190,151200,152000,800,-3.93884633669809,-3151.0770693584723,-3.93884633669809,-3151.0770693584723,0.0,0.0,37,0.04625,37,0.04625,0,0.0,0,0,0,0,0,0,3,-68.27566428557361,0.0,0.1552477283014166,2.515869820384239,0.1123823982644847,0.1981130583383485,1.0650994366711442,2.515869820384239,OF-MPC pretrained no gate,OF-MPC pretrained,False,full_RL
191,152000,152800,800,-4.011345236173489,-3209.076188938792,-4.011345236173489,-3209.076188938792,0.0,0.0,34,0.0425,34,0.0425,0,0.0,0,0,0,0,0,0,4,-66.88815210486473,0.0,0.1566547503079043,2.6112111852404496,0.1135745111021876,0.1997349895136209,1.074060890104631,2.6112111852404496,OF-MPC pretrained no gate,OF-MPC pretrained,False,full_RL
192,152800,153600,800,-4.009970580524977,-3207.9764644199813,-4.009970580524977,-3207.9764644199813,0.0,0.0,31,0.03875,31,0.03875,0,0.0,0,0,0,0,0,0,5,-64.23463424593547,0.0,0.1548729223179389,2.5552648842347594,0.1136136893937959,0.1961321552420819,1.0763978348670071,2.5552648842347594,OF-MPC pretrained no gate,OF-MPC pretrained,False,full_RL
193,153600,154400,800,-4.1038750884400335,-3283.100070752027,-4.1038750884400335,-3283.100070752027,0.0,0.0,33,0.04125,33,0.04125,0,0.0,0,0,0,0,0,0,4,-66.08276940792916,0.0,0.1574238702450403,2.5828052955644694,0.115152867695835,0.1996948727942455,1.0937886685556353,2.5828052955644694,OF-MPC pretrained no gate,OF-MPC pretrained,False,full_RL
194,154400,155200,800,-4.050518988810236,-3240.4151910481887,-4.050518988810236,-3240.4151910481887,0.0,0.0,29,0.03625,29,0.03625,0,0.0,0,0,0,0,0,0,4,-63.22632543986481,0.0,0.1593095930294391,2.675600095244306,0.1138246419244765,0.2047945441344017,1.07622563314844,2.675600095244306,OF-MPC pretrained no gate,OF-MPC pretrained,False,full_RL
195,155200,156000,800,-4.00751911960463,-3206.015295683704,-4.00751911960463,-3206.015295683704,0.0,0.0,11,0.01375,11,0.01375,0,0.0,0,0,0,0,0,0,4,-64.16294996383476,0.0,0.1567465129577736,2.5904036445219845,0.1135018582665785,0.1999911676489687,1.0719341135830445,2.5904036445219845,OF-MPC pretrained no gate,OF-MPC pretrained,False,full_RL
196,156000,156800,800,-4.027033190872551,-3221.626552698041,-4.027033190872551,-3221.626552698041,0.0,0.0,34,0.0425,34,0.0425,0,0.0,0,0,0,0,0,0,5,-65.80855978740442,0.0,0.1569898676413919,2.554025669610496,0.1136154859837885,0.2003642492989953,1.0738218789705996,2.554025669610496,OF-MPC pretrained no gate,OF-MPC pretrained,False,full_RL
197,156800,157600,800,-4.047852751239507,-3238.2822009916054,-4.047852751239507,-3238.2822009916054,0.0,0.0,28,0.035,28,0.035,0,0.0,0,0,0,0,0,0,4,-63.83822831772238,0.0,0.1606460416674062,2.577688271024954,0.1132685244919877,0.2080235588428246,1.0745077884203869,2.577688271024954,OF-MPC pretrained no gate,OF-MPC pretrained,False,full_RL
198,157600,158400,800,-3.978291180864803,-3182.6329446918426,-3.978291180864803,-3182.6329446918426,0.0,0.0,36,0.045,36,0.045,0,0.0,0,0,0,0,0,0,4,-64.97588358866358,0.0,0.1578917420345975,2.644167588160883,0.1127540784108609,0.2030294056583341,1.0701475936207294,2.644167588160883,OF-MPC pretrained no gate,OF-MPC pretrained,False,full_RL
199,158400,159200,800,-4.095301549715286,-3276.2412397722287,-4.095301549715286,-3276.2412397722287,0.0,0.0,30,0.0375,30,0.0375,0,0.0,0,0,0,0,0,0,4,-67.96423012650018,0.0,0.1559175249611674,2.508378582355021,0.1150803463071417,0.196754703615193,1.0837370071472905,2.508378582355021,OF-MPC pretrained no gate,OF-MPC pretrained,False,full_RL
200,159200,160000,800,-4.063089828089544,-3250.471862471635,-4.063089828089544,-3250.471862471635,0.0,0.0,44,0.055,44,0.055,0,0.0,0,0,0,0,0,0,3,-64.43181981454143,0.0,0.16016409157871,2.594220354035656,0.1135027051116303,0.2068254780457897,1.0736666462373168,2.594220354035656,OF-MPC pretrained no gate,OF-MPC pretrained,False,full_RL
201,160000,160800,800,-3.9652408257813647,-3172.192660625092,-3.9652408257813647,-3172.192660625092,0.0,0.0,63,0.07875,63,0.07875,0,0.0,0,0,0,0,0,0,5,-65.96335211133737,0.0,0.1564617306699389,2.597716616067828,0.1126888965122207,0.200234564827657,1.0751264891274972,2.597716616067828,OF-MPC pretrained no gate,OF-MPC pretrained,False,full_RL
202,160800,161600,800,-3.9605639890681767,-3168.4511912545413,-3.9605639890681767,-3168.4511912545413,0.0,0.0,20,0.025,20,0.025,0,0.0,0,0,0,0,0,0,4,-62.038316448431374,0.0,0.1553072886675255,2.553548940583425,0.1125589828605317,0.1980555944745193,1.0702364169803809,2.553548940583425,OF-MPC pretrained no gate,OF-MPC pretrained,False,full_RL
203,161600,162400,800,-4.006057991013507,-3204.846392810806,-4.006057991013507,-3204.846392810806,0.0,0.0,28,0.035,28,0.035,0,0.0,0,0,0,0,0,0,5,-65.7433326677982,0.0,0.1562862068569382,2.60987019806987,0.1135147842226516,0.1990576294912247,1.0707883461527286,2.60987019806987,OF-MPC pretrained no gate,OF-MPC pretrained,False,full_RL
204,162400,163200,800,-4.066010342997829,-3252.808274398263,-4.066010342997829,-3252.808274398263,0.0,0.0,29,0.03625,29,0.03625,0,0.0,0,0,0,0,0,0,4,-66.16210118791139,0.0,0.1564929349916346,2.584349827034373,0.1149549229674466,0.1980309470158226,1.0863682933825598,2.584349827034373,OF-MPC pretrained no gate,OF-MPC pretrained,False,full_RL
205,163200,164000,800,-4.0648215947299455,-3251.8572757839565,-4.0648215947299455,-3251.8572757839565,0.0,0.0,25,0.03125,25,0.03125,0,0.0,0,0,0,0,0,0,4,-66.65506317571851,0.0,0.1575486163572291,2.618815297430785,0.1143430190511175,0.2007542136633407,1.0834837602563332,2.618815297430785,OF-MPC pretrained no gate,OF-MPC pretrained,False,full_RL
206,164000,164800,800,-4.043571434032241,-3234.857147225793,-4.043571434032241,-3234.857147225793,0.0,0.0,46,0.0575,46,0.0575,0,0.0,0,0,0,0,0,0,4,-65.40711486215821,0.0,0.1567262022929136,2.6313501657868983,0.1142310138722691,0.1992213907135581,1.084970784114749,2.6313501657868983,OF-MPC pretrained no gate,OF-MPC pretrained,False,full_RL
207,164800,165600,800,-4.006802864283615,-3205.442291426892,-4.006802864283615,-3205.442291426892,0.0,0.0,27,0.03375,27,0.03375,0,0.0,0,0,0,0,0,0,5,-64.91013454625374,0.0,0.156374328240986,2.616462406705182,0.113647082513768,0.1991015739682041,1.0766707484963232,2.616462406705182,OF-MPC pretrained no gate,OF-MPC pretrained,False,full_RL
208,165600,166400,800,-3.9730626323114273,-3178.450105849142,-3.9730626323114273,-3178.450105849142,0.0,0.0,17,0.02125,17,0.02125,0,0.0,0,0,0,0,0,0,5,-66.23750630767847,0.0,0.1565998319404467,2.600647304413826,0.1131060381472398,0.2000936257336536,1.07428922610644,2.600647304413826,OF-MPC pretrained no gate,OF-MPC pretrained,False,full_RL
209,166400,167200,800,-3.9704008448040486,-3176.320675843239,-3.9704008448040486,-3176.320675843239,0.0,0.0,38,0.0475,38,0.0475,0,0.0,0,0,0,0,0,0,4,-65.71497928043118,0.0,0.1537647898133372,2.52784068658508,0.1134362207383369,0.1940933588883374,1.0761409760098188,2.52784068658508,OF-MPC pretrained no gate,OF-MPC pretrained,False,full_RL
210,167200,168000,800,-4.038501656212017,-3230.801324969614,-4.038501656212017,-3230.801324969614,0.0,0.0,18,0.0225,18,0.0225,0,0.0,0,0,0,0,0,0,4,-68.30980404801755,0.0,0.1553953025973008,2.5825864139326318,0.1145676870538197,0.196222918140782,1.0850025010908886,2.5825864139326318,OF-MPC pretrained no gate,OF-MPC pretrained,False,full_RL
211,168000,168800,800,-3.993807098176286,-3195.045678541029,-3.993807098176286,-3195.045678541029,0.0,0.0,39,0.04875,39,0.04875,0,0.0,0,0,0,0,0,0,5,-66.4687291449585,0.0,0.155802828069359,2.590705185148636,0.1135832312439902,0.1980224248947278,1.0771521349730535,2.590705185148636,OF-MPC pretrained no gate,OF-MPC pretrained,False,full_RL
212,168800,169600,800,-3.970482919561008,-3176.3863356488064,-3.970482919561008,-3176.3863356488064,0.0,0.0,15,0.01875,15,0.01875,0,0.0,0,0,0,0,0,0,4,-66.8433328484814,0.0,0.1541134086912187,2.548430170484949,0.113297949844575,0.1949288675378624,1.0738319902131503,2.548430170484949,OF-MPC pretrained no gate,OF-MPC pretrained,False,full_RL
213,169600,170400,800,-3.97202862066674,-3177.622896533392,-3.97202862066674,-3177.622896533392,0.0,0.0,31,0.03875,31,0.03875,0,0.0,0,0,0,0,0,0,4,-66.37672241437292,0.0,0.1548678768667875,2.5569461720390336,0.1133677288999451,0.19636802483363,1.0792920726852837,2.5569461720390336,OF-MPC pretrained no gate,OF-MPC pretrained,False,full_RL
214,170400,171200,800,-4.006530241505609,-3205.224193204487,-4.006530241505609,-3205.224193204487,0.0,0.0,42,0.0525,42,0.0525,0,0.0,0,0,0,0,0,0,6,-66.84397444794206,0.0,0.1564450711821948,2.5983384980087862,0.113590692453901,0.1992994499104885,1.0737870719695537,2.5983384980087862,OF-MPC pretrained no gate,OF-MPC pretrained,False,full_RL
215,171200,172000,800,-4.003422456917152,-3202.7379655337213,-4.003422456917152,-3202.7379655337213,0.0,0.0,26,0.0325,26,0.0325,0,0.0,0,0,0,0,0,0,5,-64.79979946874982,0.0,0.1544515718432295,2.535827635713076,0.113839229843618,0.195063913842841,1.0748246729430415,2.535827635713076,OF-MPC pretrained no gate,OF-MPC pretrained,False,full_RL
216,172000,172800,800,-3.973470819794589,-3178.776655835672,-3.973470819794589,-3178.776655835672,0.0,0.0,24,0.03,24,0.03,0,0.0,0,0,0,0,0,0,5,-65.90149982565993,0.0,0.1548725925640451,2.592099948899545,0.1134365999290886,0.1963085851990015,1.0736582013705085,2.592099948899545,OF-MPC pretrained no gate,OF-MPC pretrained,False,full_RL
217,172800,173600,800,-3.9548396728759614,-3163.8717383007697,-3.9548396728759614,-3163.8717383007697,0.0,0.0,14,0.0175,14,0.0175,0,0.0,0,0,0,0,0,0,4,-68.60537130372825,0.0,0.1548146719498185,2.5849572269239047,0.1131708447644068,0.1964584991352302,1.077069277673544,2.5849572269239047,OF-MPC pretrained no gate,OF-MPC pretrained,False,full_RL
218,173600,174400,800,-4.00943149780896,-3207.545198247168,-4.00943149780896,-3207.545198247168,0.0,0.0,11,0.01375,11,0.01375,0,0.0,0,0,0,0,0,0,5,-65.36145930403313,0.0,0.1555076696266378,2.6123892894758,0.1141067104568855,0.1969086287963901,1.0823672866805336,2.6123892894758,OF-MPC pretrained no gate,OF-MPC pretrained,False,full_RL
219,174400,175200,800,-3.954796559670687,-3163.837247736549,-3.954796559670687,-3163.837247736549,0.0,0.0,15,0.01875,15,0.01875,0,0.0,0,0,0,0,0,0,4,-66.04531357677536,0.0,0.1542844339307931,2.517582354412582,0.1132150845823585,0.1953537832792277,1.07436850133735,2.517582354412582,OF-MPC pretrained no gate,OF-MPC pretrained,False,full_RL
220,175200,176000,800,-3.891555240705725,-3113.24419256458,-3.891555240705725,-3113.24419256458,0.0,0.0,19,0.02375,19,0.02375,0,0.0,0,0,0,0,0,0,4,-66.21269133845328,0.0,0.153658220029655,2.528072982661513,0.1119136098029493,0.1954028302563607,1.07172004503062,2.528072982661513,OF-MPC pretrained no gate,OF-MPC pretrained,False,full_RL
221,176000,176800,800,-4.135885079515528,-3308.708063612423,-4.135885079515528,-3308.708063612423,0.0,0.0,25,0.03125,25,0.03125,0,0.0,0,0,0,0,0,0,4,-65.89831747915616,0.0,0.1646277513057069,2.778816520556063,0.1159984556232,0.2132570469882137,1.0817769516898528,2.778816520556063,OF-MPC pretrained no gate,OF-MPC pretrained,False,full_RL
222,176800,177600,800,-4.000534101737503,-3200.4272813900025,-4.000534101737503,-3200.4272813900025,0.0,0.0,30,0.0375,30,0.0375,0,0.0,0,0,0,0,0,0,4,-64.43590168442597,0.0,0.1573839724368574,2.601714709851649,0.1132789341987133,0.2014890106750016,1.0804977020876705,2.601714709851649,OF-MPC pretrained no gate,OF-MPC pretrained,False,full_RL
223,177600,178400,800,-3.999538174912922,-3199.630539930338,-3.999538174912922,-3199.630539930338,0.0,0.0,39,0.04875,39,0.04875,0,0.0,0,0,0,0,0,0,3,-66.95535874813834,0.0,0.1569514640461047,2.571977582996851,0.112991939236696,0.2009109888555134,1.073608316718563,2.571977582996851,OF-MPC pretrained no gate,OF-MPC pretrained,False,full_RL
224,178400,179200,800,-4.037020673287908,-3229.6165386303264,-4.037020673287908,-3229.6165386303264,0.0,0.0,31,0.03875,31,0.03875,0,0.0,0,0,0,0,0,0,3,-66.81184607506498,0.0,0.1588676409103393,2.6019121387603263,0.1136723618357024,0.2040629199849762,1.07842617962906,2.6019121387603263,OF-MPC pretrained no gate,OF-MPC pretrained,False,full_RL
225,179200,180000,800,-3.920272471739521,-3136.217977391617,-3.920272471739521,-3136.217977391617,0.0,0.0,30,0.0375,30,0.0375,0,0.0,0,0,0,0,0,0,4,-63.32004193709133,0.0,0.1555738794433507,2.602192402316348,0.1120705616593391,0.1990771972273624,1.0698093456328794,2.602192402316348,OF-MPC pretrained no gate,OF-MPC pretrained,False,full_RL
226,180000,180800,800,-3.996880638711685,-3197.5045109693483,-3.996880638711685,-3197.5045109693483,0.0,0.0,21,0.02625,21,0.02625,0,0.0,0,0,0,0,0,0,4,-66.44585368287312,0.0,0.1544779265950877,2.530199019887561,0.1139502924874925,0.1950055607026829,1.0809584500601417,2.530199019887561,OF-MPC pretrained no gate,OF-MPC pretrained,False,full_RL
227,180800,181600,800,-3.995636111188042,-3196.5088889504336,-3.995636111188042,-3196.5088889504336,0.0,0.0,12,0.015,12,0.015,0,0.0,0,0,0,0,0,0,5,-65.74204053816118,0.0,0.1549149028510144,2.576259583416117,0.1138601510072997,0.1959696546947291,1.082909188672962,2.576259583416117,OF-MPC pretrained no gate,OF-MPC pretrained,False,full_RL
228,181600,182400,800,-3.9609900519927583,-3168.7920415942067,-3.9609900519927583,-3168.7920415942067,0.0,0.0,12,0.015,12,0.015,0,0.0,0,0,0,0,0,0,5,-65.54877580630762,0.0,0.1562874065771358,2.606187758645092,0.1131372939438584,0.1994375192104132,1.072298433186169,2.606187758645092,OF-MPC pretrained no gate,OF-MPC pretrained,False,full_RL
229,182400,183200,800,-3.9645387575352617,-3171.6310060282094,-3.9645387575352617,-3171.6310060282094,0.0,0.0,22,0.0275,22,0.0275,0,0.0,0,0,0,0,0,0,4,-66.26976593989878,0.0,0.1566538295424987,2.618919334257214,0.1130565896706417,0.2002510694143557,1.0716293852416467,2.618919334257214,OF-MPC pretrained no gate,OF-MPC pretrained,False,full_RL
230,183200,184000,800,-3.964699848093036,-3171.759878474429,-3.964699848093036,-3171.759878474429,0.0,0.0,29,0.03625,29,0.03625,0,0.0,0,0,0,0,0,0,5,-67.15613686191898,0.0,0.1558966911292065,2.5714905749811123,0.1129856828669085,0.1988076993915045,1.0715969554181035,2.5714905749811123,OF-MPC pretrained no gate,OF-MPC pretrained,False,full_RL
231,184000,184800,800,-3.958414576733901,-3166.7316613871208,-3.958414576733901,-3166.7316613871208,0.0,0.0,19,0.02375,19,0.02375,0,0.0,0,0,0,0,0,0,5,-66.3566633548586,0.0,0.1539679069808041,2.54029331951034,0.1133634924083619,0.1945723215532463,1.0751607904804603,2.54029331951034,OF-MPC pretrained no gate,OF-MPC pretrained,False,full_RL
232,184800,185600,800,-4.009548734446157,-3207.6389875569257,-4.009548734446157,-3207.6389875569257,0.0,0.0,24,0.03,24,0.03,0,0.0,0,0,0,0,0,0,5,-67.59561511961783,0.0,0.1568496830233645,2.590405688125884,0.1139464085922145,0.1997529574545144,1.0849427444403887,2.590405688125884,OF-MPC pretrained no gate,OF-MPC pretrained,False,full_RL
233,185600,186400,800,-3.981641293851668,-3185.3130350813344,-3.981641293851668,-3185.3130350813344,0.0,0.0,18,0.0225,18,0.0225,0,0.0,0,0,0,0,0,0,4,-67.11362355638528,0.0,0.1565558435093596,2.602153331950035,0.113341923653117,0.1997697633656023,1.0748688849868304,2.602153331950035,OF-MPC pretrained no gate,OF-MPC pretrained,False,full_RL
234,186400,187200,800,-3.9561256843283337,-3164.900547462667,-3.9561256843283337,-3164.900547462667,0.0,0.0,9,0.01125,9,0.01125,0,0.0,0,0,0,0,0,0,4,-66.24244986325755,0.0,0.1564659603151623,2.5847965264056256,0.113096258463575,0.1998356621667496,1.0748643113986267,2.5847965264056256,OF-MPC pretrained no gate,OF-MPC pretrained,False,full_RL
235,187200,188000,800,-3.9422847904721694,-3153.8278323777354,-3.9422847904721694,-3153.8278323777354,0.0,0.0,28,0.035,28,0.035,0,0.0,0,0,0,0,0,0,4,-67.0987328025791,0.0,0.1553746058810267,2.559356188206948,0.1126980631828725,0.198051148579181,1.0706362880794975,2.559356188206948,OF-MPC pretrained no gate,OF-MPC pretrained,False,full_RL
236,188000,188800,800,-3.9192775560140114,-3135.422044811209,-3.9192775560140114,-3135.422044811209,0.0,0.0,20,0.025,20,0.025,0,0.0,0,0,0,0,0,0,5,-64.54381217122932,0.0,0.1548202838935163,2.557881281388348,0.1126129169988323,0.1970276507882004,1.0719107703165407,2.557881281388348,OF-MPC pretrained no gate,OF-MPC pretrained,False,full_RL
237,188800,189600,800,-3.993463359440004,-3194.7706875520034,-3.993463359440004,-3194.7706875520034,0.0,0.0,15,0.01875,15,0.01875,0,0.0,0,0,0,0,0,0,4,-64.91982158747999,0.0,0.1573632160893708,2.561483359838292,0.1133151612254309,0.2014112709533106,1.0782684313304451,2.561483359838292,OF-MPC pretrained no gate,OF-MPC pretrained,False,full_RL
238,189600,190400,800,-3.976803876907589,-3181.443101526071,-3.976803876907589,-3181.443101526071,0.0,0.0,20,0.025,20,0.025,0,0.0,0,0,0,0,0,0,3,-63.22609131024922,0.0,0.1579042841403154,2.58870219024152,0.1127593925186094,0.2030491757620213,1.0761467714711954,2.58870219024152,OF-MPC pretrained no gate,OF-MPC pretrained,False,full_RL
239,190400,191200,800,-3.9317657361345977,-3145.412588907678,-3.9317657361345977,-3145.412588907678,0.0,0.0,28,0.035,28,0.035,0,0.0,0,0,0,0,0,0,4,-65.52785076650935,0.0,0.1553353029287066,2.5834691931486877,0.1127521818832,0.1979184239742132,1.073242985625145,2.5834691931486877,OF-MPC pretrained no gate,OF-MPC pretrained,False,full_RL
240,191200,192000,800,-3.938275303305978,-3150.6202426447826,-3.938275303305978,-3150.6202426447826,0.0,0.0,10,0.0125,10,0.0125,0,0.0,0,0,0,0,0,0,5,-66.29629561832087,0.0,0.1546260517818144,2.5694706465627064,0.1129356042532468,0.196316499310382,1.0765527199139917,2.5694706465627064,OF-MPC pretrained no gate,OF-MPC pretrained,False,full_RL
241,192000,192800,800,-3.944711656346214,-3155.769325076971,-3.944711656346214,-3155.769325076971,0.0,0.0,16,0.02,16,0.02,0,0.0,0,0,0,0,0,0,4,-66.42909404162845,0.0,0.1561847251380349,2.587771045408488,0.1127276659174212,0.1996417843586485,1.0738627672345014,2.587771045408488,OF-MPC pretrained no gate,OF-MPC pretrained,False,full_RL
242,192800,193600,800,-3.868585915389805,-3094.8687323118443,-3.868585915389805,-3094.8687323118443,0.0,0.0,11,0.01375,11,0.01375,0,0.0,0,0,0,0,0,0,4,-66.56149196258161,0.0,0.1546056619531801,2.5609797606496727,0.111828794106163,0.1973825298001971,1.070424863097818,2.5609797606496727,OF-MPC pretrained no gate,OF-MPC pretrained,False,full_RL
243,193600,194400,800,-3.9767213610013696,-3181.377088801096,-3.9767213610013696,-3181.377088801096,0.0,0.0,14,0.0175,14,0.0175,0,0.0,0,0,0,0,0,0,5,-66.54553254145753,0.0,0.1541906013637432,2.5620322664390187,0.1136620956630471,0.1947191070644393,1.076467050454471,2.5620322664390187,OF-MPC pretrained no gate,OF-MPC pretrained,False,full_RL
244,194400,195200,800,-4.017504546522132,-3214.003637217705,-4.017504546522132,-3214.003637217705,0.0,0.0,7,0.00875,7,0.00875,0,0.0,0,0,0,0,0,0,4,-66.46688225712683,0.0,0.158160812031978,2.6047501271053197,0.1139827900657138,0.2023388339982422,1.0851353561851451,2.6047501271053197,OF-MPC pretrained no gate,OF-MPC pretrained,False,full_RL
245,195200,196000,800,-4.017596416748087,-3214.0771333984694,-4.017596416748087,-3214.0771333984694,0.0,0.0,23,0.02875,23,0.02875,0,0.0,0,0,0,0,0,0,5,-65.72293620577193,0.0,0.1549144131554082,2.56937479123701,0.1142757537688845,0.195553072541932,1.0833250146773836,2.56937479123701,OF-MPC pretrained no gate,OF-MPC pretrained,False,full_RL
246,196000,196800,800,-3.901013602872822,-3120.8108822982576,-3.901013602872822,-3120.8108822982576,0.0,0.0,20,0.025,20,0.025,0,0.0,0,0,0,0,0,0,3,-67.62753402101055,0.0,0.1547449534374236,2.580270274815234,0.1121665618388182,0.197323345036029,1.0668523641076324,2.580270274815234,OF-MPC pretrained no gate,OF-MPC pretrained,False,full_RL
247,196800,197600,800,-3.950328112029673,-3160.262489623738,-3.950328112029673,-3160.262489623738,0.0,0.0,24,0.03,24,0.03,0,0.0,0,0,0,0,0,0,4,-66.47572365982842,0.0,0.1574259687786151,2.5769701480763274,0.1124653821756397,0.2023865553815903,1.0744196971426647,2.5769701480763274,OF-MPC pretrained no gate,OF-MPC pretrained,False,full_RL
248,197600,198400,800,-3.961965720205867,-3169.5725761646936,-3.961965720205867,-3169.5725761646936,0.0,0.0,18,0.0225,18,0.0225,0,0.0,0,0,0,0,0,0,3,-67.48299870159065,0.0,0.1559284388252597,2.5575214999319087,0.1129669957850234,0.198889881865496,1.0751944826193425,2.5575214999319087,OF-MPC pretrained no gate,OF-MPC pretrained,False,full_RL
249,198400,199200,800,-3.940760348555884,-3152.6082788447075,-3.940760348555884,-3152.6082788447075,0.0,0.0,29,0.03625,29,0.03625,0,0.0,0,0,0,0,0,0,5,-65.8727555282635,0.0,0.1557409103253873,2.5894100899973296,0.1128589991517986,0.198622821498976,1.074211863023224,2.5894100899973296,OF-MPC pretrained no gate,OF-MPC pretrained,False,full_RL
250,199200,200000,800,-3.9114289882146895,-3129.143190571752,-3.9114289882146895,-3129.143190571752,0.0,0.0,17,0.02125,17,0.02125,0,0.0,0,0,0,0,0,0,5,-65.95980687836607,0.0,0.1557307890792926,2.5771203511886256,0.1120748210407262,0.1993867571178589,1.0707404284038669,2.5771203511886256,OF-MPC pretrained no gate,OF-MPC pretrained,False,full_RL
251,200000,200800,800,-3.979342702684005,-3183.474162147204,-3.979342702684005,-3183.474162147204,0.0,0.0,24,0.03,24,0.03,0,0.0,0,0,0,0,0,0,4,-68.45545872117452,0.0,0.155308939064736,2.6045964371958803,0.1138454061007036,0.1967724720287685,1.0847199606146298,2.6045964371958803,OF-MPC pretrained no gate,OF-MPC pretrained,False,full_RL
252,200800,201600,800,-4.116377653896702,-3293.1021231173618,-4.116377653896702,-3293.1021231173618,0.0,0.0,6,0.0075,6,0.0075,0,0.0,0,0,0,0,0,0,5,-64.33291650895694,0.0,0.1619819251245119,2.6817977017573185,0.1165862722755548,0.2073775779734691,1.087191636504036,2.6817977017573185,OF-MPC pretrained no gate,OF-MPC pretrained,False,full_RL
253,201600,202400,800,-3.9130040747484767,-3130.403259798781,-3.9130040747484767,-3130.403259798781,0.0,0.0,12,0.015,12,0.015,0,0.0,0,0,0,0,0,0,4,-66.6776577569774,0.0,0.1544548516452004,2.561029618247914,0.1127212397264547,0.1961884635639459,1.0738333523308137,2.561029618247914,OF-MPC pretrained no gate,OF-MPC pretrained,False,full_RL
254,202400,203200,800,-3.977767581879154,-3182.2140655033227,-3.977767581879154,-3182.2140655033227,0.0,0.0,35,0.04375,35,0.04375,0,0.0,0,0,0,0,0,0,5,-67.07285324845009,0.0,0.1555306197909159,2.5762073076874685,0.1136521289568568,0.1974091106249751,1.079467363147114,2.5762073076874685,OF-MPC pretrained no gate,OF-MPC pretrained,False,full_RL
255,203200,204000,800,-3.9654223760535614,-3172.337900842849,-3.9654223760535614,-3172.337900842849,0.0,0.0,12,0.015,12,0.015,0,0.0,0,0,0,0,0,0,5,-67.07980740961182,0.0,0.15689283451518,2.588045767788856,0.1129424815910196,0.2008431874393403,1.0748849375448877,2.588045767788856,OF-MPC pretrained no gate,OF-MPC pretrained,False,full_RL
256,204000,204800,800,-3.938817846995787,-3151.0542775966296,-3.938817846995787,-3151.0542775966296,0.0,0.0,15,0.01875,15,0.01875,0,0.0,0,0,0,0,0,0,4,-65.25817540089963,0.0,0.1533228684021208,2.553809879891673,0.1133572206023657,0.1932885162018759,1.0760369491423796,2.553809879891673,OF-MPC pretrained no gate,OF-MPC pretrained,False,full_RL
257,204800,205600,800,-4.030878478970411,-3224.702783176329,-4.030878478970411,-3224.702783176329,0.0,0.0,27,0.03375,27,0.03375,0,0.0,0,0,0,0,0,0,5,-67.60616964651672,0.0,0.1569421923732949,2.614194126731832,0.1142039846025529,0.1996804001440368,1.0812707925076004,2.614194126731832,OF-MPC pretrained no gate,OF-MPC pretrained,False,full_RL
258,205600,206400,800,-3.9787909204145935,-3183.032736331676,-3.9787909204145935,-3183.032736331676,0.0,0.0,14,0.0175,14,0.0175,0,0.0,0,0,0,0,0,0,4,-68.44692093153549,0.0,0.1534388989352071,2.549907770696564,0.1138530095693854,0.1930247883010289,1.0785232495777892,2.549907770696564,OF-MPC pretrained no gate,OF-MPC pretrained,False,full_RL
259,206400,207200,800,-3.962309035443805,-3169.847228355044,-3.962309035443805,-3169.847228355044,0.0,0.0,15,0.01875,15,0.01875,0,0.0,0,0,0,0,0,0,4,-69.82571827863592,0.0,0.1561118480294203,2.5739445257595435,0.1130501993423138,0.1991734967165267,1.0766816801968742,2.5739445257595435,OF-MPC pretrained no gate,OF-MPC pretrained,False,full_RL
260,207200,208000,800,-3.944782984839045,-3155.8263878712364,-3.944782984839045,-3155.8263878712364,0.0,0.0,18,0.0225,18,0.0225,0,0.0,0,0,0,0,0,0,4,-69.4356238732181,0.0,0.1553691393200731,2.517181429347488,0.1127889455591737,0.1979493330809726,1.0772183255931225,2.517181429347488,OF-MPC pretrained no gate,OF-MPC pretrained,False,full_RL
261,208000,208800,800,-3.9153137110254863,-3132.250968820389,-3.9153137110254863,-3132.250968820389,0.0,0.0,15,0.01875,15,0.01875,0,0.0,0,0,0,0,0,0,4,-67.40197551235212,0.0,0.1559421687550203,2.590946363075261,0.1124592202716712,0.1994251172383693,1.0747064376869724,2.590946363075261,OF-MPC pretrained no gate,OF-MPC pretrained,False,full_RL
262,208800,209600,800,-3.93856423432134,-3150.851387457072,-3.93856423432134,-3150.851387457072,0.0,0.0,7,0.00875,7,0.00875,0,0.0,0,0,0,0,0,0,4,-68.7333328065863,0.0,0.1558093511993501,2.5755486677567774,0.1127810856995112,0.198837616699189,1.0765370182522278,2.5755486677567774,OF-MPC pretrained no gate,OF-MPC pretrained,False,full_RL
263,209600,210400,800,-3.9177496866668458,-3134.1997493334766,-3.9177496866668458,-3134.1997493334766,0.0,0.0,13,0.01625,13,0.01625,0,0.0,0,0,0,0,0,0,4,-66.50823551393773,0.0,0.1562554500414834,2.595475937316792,0.1123123422251701,0.2001985578577967,1.0733077534790838,2.595475937316792,OF-MPC pretrained no gate,OF-MPC pretrained,False,full_RL
264,210400,211200,800,-3.9588384160146712,-3167.070732811737,-3.9588384160146712,-3167.070732811737,0.0,0.0,15,0.01875,15,0.01875,0,0.0,0,0,0,0,0,0,5,-68.35342171010382,0.0,0.1541690360213034,2.562116595380587,0.1133175298998032,0.1950205421428036,1.0784450059815387,2.562116595380587,OF-MPC pretrained no gate,OF-MPC pretrained,False,full_RL
265,211200,212000,800,-3.9467572032011264,-3157.405762560901,-3.9467572032011264,-3157.405762560901,0.0,0.0,19,0.02375,19,0.02375,0,0.0,0,0,0,0,0,0,4,-69.49365427143482,0.0,0.1559338735564352,2.5587531737526774,0.1128051147623303,0.1990626323505401,1.076634682835667,2.5587531737526774,OF-MPC pretrained no gate,OF-MPC pretrained,False,full_RL
266,212000,212800,800,-3.929184500575701,-3143.347600460561,-3.929184500575701,-3143.347600460561,0.0,0.0,20,0.025,20,0.025,0,0.0,0,0,0,0,0,0,4,-67.09189447790823,0.0,0.1539258095141108,2.5542759127937984,0.1130258497345925,0.1948257692936291,1.0808079190856197,2.5542759127937984,OF-MPC pretrained no gate,OF-MPC pretrained,False,full_RL
267,212800,213600,800,-3.9001567352442272,-3120.1253881953817,-3.9001567352442272,-3120.1253881953817,0.0,0.0,20,0.025,20,0.025,0,0.0,0,0,0,0,0,0,4,-69.324063645406,0.0,0.1547984888751118,2.585389331018064,0.1122637601353737,0.1973332176148499,1.0701628974973847,2.585389331018064,OF-MPC pretrained no gate,OF-MPC pretrained,False,full_RL
268,213600,214400,800,-3.926564387937451,-3141.251510349961,-3.926564387937451,-3141.251510349961,0.0,0.0,23,0.02875,23,0.02875,0,0.0,0,0,0,0,0,0,4,-69.48869709904932,0.0,0.1553683048525455,2.593185243089408,0.1125508183018781,0.1981857914032128,1.077758590242849,2.593185243089408,OF-MPC pretrained no gate,OF-MPC pretrained,False,full_RL
269,214400,215200,800,-3.9415449864900816,-3153.235989192066,-3.9415449864900816,-3153.235989192066,0.0,0.0,16,0.02,16,0.02,0,0.0,0,0,0,0,0,0,4,-69.76027308083701,0.0,0.1564125357363635,2.5892605688971457,0.1125425447224149,0.2002825267503121,1.0766352728711612,2.5892605688971457,OF-MPC pretrained no gate,OF-MPC pretrained,False,full_RL
270,215200,216000,800,-3.95762850852854,-3166.102806822832,-3.95762850852854,-3166.102806822832,0.0,0.0,10,0.0125,10,0.0125,0,0.0,0,0,0,0,0,0,4,-66.69462503373734,0.0,0.1582441713913286,2.619888893539155,0.1125467374662064,0.2039416053164507,1.0762696864293804,2.619888893539155,OF-MPC pretrained no gate,OF-MPC pretrained,False,full_RL
271,216000,216800,800,-3.888227521574749,-3110.5820172597987,-3.888227521574749,-3110.5820172597987,0.0,0.0,8,0.01,8,0.01,0,0.0,0,0,0,0,0,0,4,-69.33127886451473,0.0,0.1544331333186858,2.5780363133007427,0.1120416613273259,0.1968246053100457,1.074120614155455,2.5780363133007427,OF-MPC pretrained no gate,OF-MPC pretrained,False,full_RL
272,216800,217600,800,-3.937182871071888,-3149.74629685751,-3.937182871071888,-3149.74629685751,0.0,0.0,16,0.02,16,0.02,0,0.0,0,0,0,0,0,0,4,-69.73525966526313,0.0,0.1538013266274135,2.56410982105848,0.1131644929909169,0.1944381602639101,1.08117971228701,2.56410982105848,OF-MPC pretrained no gate,OF-MPC pretrained,False,full_RL
273,217600,218400,800,-3.98255563166501,-3186.044505332008,-3.98255563166501,-3186.044505332008,0.0,0.0,13,0.01625,13,0.01625,0,0.0,0,0,0,0,0,0,4,-69.82686893648963,0.0,0.1563149664732261,2.5706504888439667,0.1130865617482397,0.1995433711982126,1.0796620780913186,2.5706504888439667,OF-MPC pretrained no gate,OF-MPC pretrained,False,full_RL
274,218400,219200,800,-3.9141686954823065,-3131.334956385845,-3.9141686954823065,-3131.334956385845,0.0,0.0,14,0.0175,14,0.0175,0,0.0,0,0,0,0,0,0,4,-67.84570603879331,0.0,0.1553317393116293,2.5913234573802697,0.1126350962020111,0.1980283824212474,1.0746726246405598,2.5913234573802697,OF-MPC pretrained no gate,OF-MPC pretrained,False,full_RL
275,219200,220000,800,-3.952118925580505,-3161.695140464404,-3.952118925580505,-3161.695140464404,0.0,0.0,16,0.02,16,0.02,0,0.0,0,0,0,0,0,0,4,-66.37267666339369,0.0,0.1548363788915117,2.5693313808857283,0.1129216437760932,0.1967511140069301,1.0762899183431327,2.5693313808857283,OF-MPC pretrained no gate,OF-MPC pretrained,False,full_RL
276,220000,220800,800,-3.95306241448305,-3162.4499315864405,-3.95306241448305,-3162.4499315864405,0.0,0.0,28,0.035,28,0.035,0,0.0,0,0,0,0,0,0,4,-70.1667917571948,0.0,0.1535528431441687,2.573975102865006,0.113303660319659,0.1938020259686783,1.079777979424374,2.573975102865006,OF-MPC pretrained no gate,OF-MPC pretrained,False,full_RL
277,220800,221600,800,-3.963158085072436,-3170.526468057949,-3.963158085072436,-3170.526468057949,0.0,0.0,19,0.02375,19,0.02375,0,0.0,0,0,0,0,0,0,4,-67.73720245527102,0.0,0.155123810926462,2.5691005837378498,0.1132236191682997,0.1970240026846243,1.0849566491880105,2.5691005837378498,OF-MPC pretrained no gate,OF-MPC pretrained,False,full_RL
278,221600,222400,800,-3.935622069305986,-3148.4976554447885,-3.935622069305986,-3148.4976554447885,0.0,0.0,23,0.02875,23,0.02875,0,0.0,0,0,0,0,0,0,5,-66.54883669897765,0.0,0.1549459182479273,2.579218196324007,0.1132046145891885,0.1966872219066661,1.0839469601938236,2.579218196324007,OF-MPC pretrained no gate,OF-MPC pretrained,False,full_RL
279,222400,223200,800,-3.915116691642343,-3132.0933533138746,-3.915116691642343,-3132.0933533138746,0.0,0.0,21,0.02625,21,0.02625,0,0.0,0,0,0,0,0,0,4,-65.38234233615992,0.0,0.155113997741711,2.5866672925006355,0.1126952384956361,0.1975327569877859,1.081387513074363,2.5866672925006355,OF-MPC pretrained no gate,OF-MPC pretrained,False,full_RL
280,223200,224000,800,-3.9286800940864826,-3142.944075269186,-3.9286800940864826,-3142.944075269186,0.0,0.0,22,0.0275,22,0.0275,0,0.0,0,0,0,0,0,0,4,-66.32234057310802,0.0,0.1542559572382867,2.559829409203701,0.1129668012698508,0.1955451132067225,1.0773582460883433,2.559829409203701,OF-MPC pretrained no gate,OF-MPC pretrained,False,full_RL
281,224000,224800,800,-4.001899883072663,-3201.51990645813,-4.001899883072663,-3201.51990645813,0.0,0.0,28,0.035,28,0.035,0,0.0,0,0,0,0,0,0,4,-65.91815070988525,0.0,0.1581579783176778,2.5908839690750938,0.1133496552146212,0.2029663014207345,1.0813073387841663,2.5908839690750938,OF-MPC pretrained no gate,OF-MPC pretrained,False,full_RL
282,224800,225600,800,-3.916703447356293,-3133.362757885034,-3.916703447356293,-3133.362757885034,0.0,0.0,22,0.0275,22,0.0275,0,0.0,0,0,0,0,0,0,4,-66.44332365506557,0.0,0.1551271849860737,2.573296254458569,0.1124358733472426,0.1978184966249047,1.0780241636787191,2.573296254458569,OF-MPC pretrained no gate,OF-MPC pretrained,False,full_RL
283,225600,226400,800,-3.925413235431852,-3140.3305883454814,-3.925413235431852,-3140.3305883454814,0.0,0.0,20,0.025,20,0.025,0,0.0,0,0,0,0,0,0,4,-67.31942042097148,0.0,0.1579765087068231,2.5762255885690597,0.1119970693683428,0.2039559480453033,1.0751690271369276,2.5762255885690597,OF-MPC pretrained no gate,OF-MPC pretrained,False,full_RL
284,226400,227200,800,-3.9359382439374633,-3148.75059514997,-3.9359382439374633,-3148.75059514997,0.0,0.0,13,0.01625,13,0.01625,0,0.0,0,0,0,0,0,0,3,-66.75053282120768,0.0,0.1559760524624673,2.6061360879566,0.1128991914187906,0.1990529135061439,1.0788277229739944,2.6061360879566,OF-MPC pretrained no gate,OF-MPC pretrained,False,full_RL
285,227200,228000,800,-3.946816947056557,-3157.453557645246,-3.946816947056557,-3157.453557645246,0.0,0.0,17,0.02125,17,0.02125,0,0.0,0,0,0,0,0,0,5,-67.31600180374664,0.0,0.1564449729273587,2.5919737518442503,0.1128778883739182,0.2000120574807991,1.0779488974759404,2.5919737518442503,OF-MPC pretrained no gate,OF-MPC pretrained,False,full_RL
286,228000,228800,800,-3.9306565549388974,-3144.5252439511187,-3.9306565549388974,-3144.5252439511187,0.0,0.0,10,0.0125,10,0.0125,0,0.0,0,0,0,0,0,0,4,-64.70093457799203,0.0,0.1539192806387858,2.5432175880109757,0.1130109261835997,0.1948276350939718,1.0768852716076762,2.5432175880109757,OF-MPC pretrained no gate,OF-MPC pretrained,False,full_RL
287,228800,229600,800,-3.942576842709552,-3154.061474167642,-3.942576842709552,-3154.061474167642,0.0,0.0,17,0.02125,17,0.02125,0,0.0,0,0,0,0,0,0,5,-64.86514994393644,0.0,0.156294618720579,2.5918893745313767,0.113033374090243,0.199555863350915,1.0784818520114672,2.5918893745313767,OF-MPC pretrained no gate,OF-MPC pretrained,False,full_RL
288,229600,230400,800,-3.887342386208493,-3109.8739089667943,-3.887342386208493,-3109.8739089667943,0.0,0.0,9,0.01125,9,0.01125,0,0.0,0,0,0,0,0,0,4,-64.96738848142775,0.0,0.1544619962237434,2.574852564360356,0.1122943444758893,0.1966296479715975,1.0719657504757518,2.574852564360356,OF-MPC pretrained no gate,OF-MPC pretrained,False,full_RL
289,230400,231200,800,-3.9227868829788632,-3138.2295063830907,-3.9227868829788632,-3138.2295063830907,0.0,0.0,17,0.02125,17,0.02125,0,0.0,0,0,0,0,0,0,4,-65.68977112280652,0.0,0.1559977836082136,2.5798419209277768,0.1126041338797594,0.1993914333366678,1.0766221577514492,2.5798419209277768,OF-MPC pretrained no gate,OF-MPC pretrained,False,full_RL
290,231200,232000,800,-3.8953524898859473,-3116.281991908758,-3.8953524898859473,-3116.281991908758,0.0,0.0,7,0.00875,7,0.00875,0,0.0,0,0,0,0,0,0,4,-65.22165603086466,0.0,0.1550676093478151,2.5895318895087485,0.1122753339325015,0.1978598847631286,1.073751795891749,2.5895318895087485,OF-MPC pretrained no gate,OF-MPC pretrained,False,full_RL
291,232000,232800,800,-3.935058649581571,-3148.0469196652566,-3.935058649581571,-3148.0469196652566,0.0,0.0,14,0.0175,14,0.0175,0,0.0,0,0,0,0,0,0,5,-68.89631624588594,0.0,0.1547581375431604,2.577380195207468,0.1129804948037081,0.1965357802826126,1.0761327119829156,2.577380195207468,OF-MPC pretrained no gate,OF-MPC pretrained,False,full_RL
292,232800,233600,800,-3.90440592589541,-3123.524740716328,-3.90440592589541,-3123.524740716328,0.0,0.0,39,0.04875,39,0.04875,0,0.0,0,0,0,0,0,0,5,-64.39457358531968,0.0,0.1551675455214633,2.5627713349393275,0.1123859689196059,0.1979491221233207,1.0748308017735764,2.5627713349393275,OF-MPC pretrained no gate,OF-MPC pretrained,False,full_RL
293,233600,234400,800,-4.009681874894821,-3207.745499915857,-4.009681874894821,-3207.745499915857,0.0,0.0,10,0.0125,10,0.0125,0,0.0,0,0,0,0,0,0,6,-63.15994757674207,0.0,0.1548424358694,2.564163187787244,0.1142907137679964,0.1953941579708037,1.0927735620154944,2.564163187787244,OF-MPC pretrained no gate,OF-MPC pretrained,False,full_RL
294,234400,235200,800,-3.953787785233029,-3163.030228186423,-3.953787785233029,-3163.030228186423,0.0,0.0,19,0.02375,19,0.02375,0,0.0,0,0,0,0,0,0,5,-64.28657707381353,0.0,0.1556427617473852,2.5846600465576444,0.1128435972022003,0.1984419262925701,1.078752993890299,2.5846600465576444,OF-MPC pretrained no gate,OF-MPC pretrained,False,full_RL
295,235200,236000,800,-3.954111991824409,-3163.289593459527,-3.954111991824409,-3163.289593459527,0.0,0.0,38,0.0475,38,0.0475,0,0.0,0,0,0,0,0,0,4,-66.50710062201563,0.0,0.1568014932005236,2.586620303237737,0.1128905080052517,0.2007124783957955,1.0786389175498088,2.586620303237737,OF-MPC pretrained no gate,OF-MPC pretrained,False,full_RL
296,236000,236800,800,-3.9960095587968,-3196.80764703744,-3.9960095587968,-3196.80764703744,0.0,0.0,8,0.01,8,0.01,0,0.0,0,0,0,0,0,0,5,-65.61029020718047,0.0,0.1566248473824252,2.583808616599072,0.1138214505543243,0.199428244210526,1.0893809258915703,2.583808616599072,OF-MPC pretrained no gate,OF-MPC pretrained,False,full_RL
297,236800,237600,800,-3.933551148756868,-3146.8409190054945,-3.933551148756868,-3146.8409190054945,0.0,0.0,22,0.0275,22,0.0275,0,0.0,0,0,0,0,0,0,6,-62.898385486720485,0.0,0.155321400784149,2.578827255667022,0.113071477342602,0.1975713242256959,1.0799384622461097,2.578827255667022,OF-MPC pretrained no gate,OF-MPC pretrained,False,full_RL
298,237600,238400,800,-3.942110909312543,-3153.688727450034,-3.942110909312543,-3153.688727450034,0.0,0.0,16,0.02,16,0.02,0,0.0,0,0,0,0,0,0,5,-64.11849808306647,0.0,0.1563586581017088,2.580865008956323,0.1128849916805363,0.1998323245228813,1.0822701038408398,2.580865008956323,OF-MPC pretrained no gate,OF-MPC pretrained,False,full_RL
299,238400,239200,800,-3.9602809954315377,-3168.22479634523,-3.9602809954315377,-3168.22479634523,0.0,0.0,7,0.00875,7,0.00875,0,0.0,0,0,0,0,0,0,5,-66.05742850589809,0.0,0.1570811370637245,2.6049040841002693,0.1131472002875617,0.2010150738398873,1.0776446493847955,2.6049040841002693,OF-MPC pretrained no gate,OF-MPC pretrained,False,full_RL
300,239200,240000,800,-3.8692223922616025,-3095.377913809282,-3.8692223922616025,-3095.377913809282,0.0,0.0,21,0.02625,21,0.02625,0,0.0,0,0,0,0,0,0,6,-64.43182871880515,0.0,0.1549349071332361,2.596182369945496,0.1117993260989975,0.1980704881674748,1.0699222451171972,2.596182369945496,OF-MPC pretrained no gate,OF-MPC pretrained,False,full_RL
