case_key,case,short_label,execution,run_id,episode,step_start,step_stop_exclusive,n_steps,reward_mean,reward_sum,reward_no_penalty_mean,reward_no_penalty_sum,fallback_penalty_mean,fallback_penalty_sum,diagnostic_unsafe_count,diagnostic_unsafe_rate,diagnostic_unstable_count,diagnostic_unstable_rate,actual_intervention_count,actual_intervention_rate,projection_count,projection_rate,accepted_candidate_count,section16_projection_count,fallback_count,fallback_verified_count,fallback_unverified_count,target_fail_hold_prev_count,solver_fail_hold_prev_count,target_hold_prev_count,solver_hold_prev_count,gart_target_hold_prev_count,gart_solver_hold_prev_count,target_failure_count,min_contraction_margin,max_executed_action_gap_inf,output_rmse_mean,output_max_abs_error,output0_rmse,output1_rmse,output0_max_abs_error,output1_max_abs_error,phase,gate_activity_rate
cold_gate,Cold start + gate,Cold gate,1,20260619_131645,1,0,800,800,-9.601462556978658,-7681.170045582927,-9.601462556978658,-7681.170045582927,0.0,0.0,0,0.0,0,0.0,0,0.0,0,0.0,800,0,0,0,0,0,0,0,0,0,0,0,-15.463494494453217,0.0,0.3316832001089158,2.9821420030287413,0.166554611254495,0.4968117889633366,1.1007910670445606,2.9821420030287413,teacher critic,0.0
cold_gate,Cold start + gate,Cold gate,1,20260619_131645,2,800,1600,800,-12.552211505021596,-10041.769204017275,-12.552211505021596,-10041.769204017275,0.0,0.0,0,0.0,0,0.0,0,0.0,0,0.0,800,0,0,0,0,0,0,0,0,0,0,0,-15.56817795838927,0.0,0.3789783764291748,2.982237696539812,0.1915827642435292,0.5663739886148204,1.0992230932827782,2.982237696539812,teacher critic,0.0
cold_gate,Cold start + gate,Cold gate,1,20260619_131645,3,1600,2400,800,-12.52247679247104,-10017.98143397683,-12.52247679247104,-10017.98143397683,0.0,0.0,0,0.0,0,0.0,0,0.0,0,0.0,800,0,0,0,0,0,0,0,0,0,0,0,-15.460908491108682,0.0,0.3785104610846727,2.980680979299507,0.1914350511294635,0.5655858710398819,1.101511496003908,2.980680979299507,teacher critic,0.0
cold_gate,Cold start + gate,Cold gate,1,20260619_131645,4,2400,3200,800,-12.62888154131262,-10103.105233050095,-12.62888154131262,-10103.105233050095,0.0,0.0,0,0.0,0,0.0,0,0.0,0,0.0,800,0,0,0,0,0,0,0,0,0,0,0,-15.364282572992863,0.0,0.3805419596565275,2.975963211959595,0.1919624944280647,0.5691214248849903,1.100828041816523,2.975963211959595,teacher critic,0.0
cold_gate,Cold start + gate,Cold gate,1,20260619_131645,5,3200,4000,800,-12.609332847438315,-10087.466277950654,-12.609332847438315,-10087.466277950654,0.0,0.0,0,0.0,0,0.0,0,0.0,0,0.0,800,0,0,0,0,0,0,0,0,0,0,0,-15.623118958637264,0.0,0.3807828908256671,3.0039445097096973,0.1917950652437041,0.56977071640763,1.0989485457611017,3.0039445097096973,teacher critic,0.0
cold_gate,Cold start + gate,Cold gate,1,20260619_131645,6,4000,4800,800,-12.53455033860183,-10027.640270881464,-12.53455033860183,-10027.640270881464,0.0,0.0,0,0.0,0,0.0,0,0.0,0,0.0,800,0,0,0,0,0,0,0,0,0,0,0,-15.49954640183779,0.0,0.3783461704540842,2.97493622445478,0.1915687708511927,0.5651235700569758,1.1018185594675032,2.97493622445478,teacher critic,0.0
cold_gate,Cold start + gate,Cold gate,1,20260619_131645,7,4800,5600,800,-12.592846859758522,-10074.277487806818,-12.592846859758522,-10074.277487806818,0.0,0.0,0,0.0,0,0.0,0,0.0,0,0.0,800,0,0,0,0,0,0,0,0,0,0,0,-15.366957124907287,0.0,0.3800458221495617,2.969092563325546,0.1917970340368014,0.5682946102623221,1.1003729505567112,2.969092563325546,teacher critic,0.0
cold_gate,Cold start + gate,Cold gate,1,20260619_131645,8,5600,6400,800,-12.549979933023025,-10039.98394641842,-12.549979933023025,-10039.98394641842,0.0,0.0,0,0.0,0,0.0,0,0.0,0,0.0,800,0,0,0,0,0,0,0,0,0,0,0,-15.664323197679437,0.0,0.3802652000671914,2.984456256548242,0.191157579362642,0.5693728207717409,1.1001773808201745,2.984456256548242,teacher critic,0.0
cold_gate,Cold start + gate,Cold gate,1,20260619_131645,9,6400,7200,800,-12.702217109633922,-10161.773687707138,-12.702217109633922,-10161.773687707138,0.0,0.0,0,0.0,0,0.0,0,0.0,0,0.0,800,0,0,0,0,0,0,0,0,0,0,0,-15.72760744894427,0.0,0.38148473063897,2.994193136966089,0.1926489245020671,0.5703205367758728,1.103930576405991,2.994193136966089,teacher critic,0.0
cold_gate,Cold start + gate,Cold gate,1,20260619_131645,10,7200,8000,800,-12.618781632405316,-10095.025305924251,-12.618781632405316,-10095.025305924251,0.0,0.0,0,0.0,0,0.0,0,0.0,0,0.0,800,0,0,0,0,0,0,0,0,0,0,0,-15.3689014507718,0.0,0.3805178250038961,2.967297464070498,0.1919501220379849,0.5690855279698073,1.1005615044462136,2.967297464070498,teacher critic,0.0
cold_gate,Cold start + gate,Cold gate,1,20260619_131645,11,8000,8800,800,-22.03701262850041,-17629.610102800325,-21.486532113636,-17189.225690908803,0.5504805148644006,440.3844118915205,0,0.0,0,0.0,43,0.05375,0,0.0,757,0,27,27,0,0,0,16,0,16,0,16,-49.151358532569134,0.6296444114285737,0.4669725294949471,3.183523900308842,0.2510023064030263,0.6829427525868681,1.0993367947240156,3.183523900308842,handoff,0.05375
cold_gate,Cold start + gate,Cold gate,1,20260619_131645,12,8800,9600,800,-20.22010918484872,-16176.087347878973,-19.43089464762633,-15544.715718101066,0.7892145372223811,631.3716297779049,0,0.0,0,0.0,49,0.06125,0,0.0,751,0,46,46,0,0,0,3,0,3,0,3,-36.26325138502324,1.9042189633398383,0.4415769508436904,2.712699045089778,0.2300588166311638,0.6530950850562169,0.947730551672274,2.712699045089778,handoff,0.06125
cold_gate,Cold start + gate,Cold gate,1,20260619_131645,13,9600,10400,800,-26.48809319597482,-21190.474556779856,-25.81292460017148,-20650.339680137185,0.6751685958033457,540.1348766426765,0,0.0,0,0.0,41,0.05125,0,0.0,759,0,36,36,0,0,0,5,0,5,0,5,-50.746968672083085,3.023110547216957,0.653284699052319,2.2314919335917693,0.2253657940299057,1.0812036040747324,0.9326395603872086,2.2314919335917693,handoff,0.05125
cold_gate,Cold start + gate,Cold gate,1,20260619_131645,14,10400,11200,800,-16.84552416408587,-13476.419331268697,-15.987875995182243,-12790.300796145795,0.8576481689036285,686.1185351229028,0,0.0,0,0.0,45,0.05625,0,0.0,755,0,35,35,0,0,0,10,0,10,0,10,-69.6667862413218,4.862097878979214,0.4746772066411901,2.828993994328016,0.1879802173700605,0.7613741959123197,1.1772592873350587,2.828993994328016,handoff,0.05625
cold_gate,Cold start + gate,Cold gate,1,20260619_131645,15,11200,12000,800,-10.116709508332574,-8093.367606666059,-9.26664143022453,-7413.313144179623,0.8500680781080436,680.0544624864349,0,0.0,0,0.0,49,0.06125,0,0.0,751,0,44,44,0,0,0,5,0,5,0,5,-57.2755732560787,3.3093994188756515,0.3328931655273339,2.6842649323118053,0.1527670698696276,0.5130192611850402,1.144560629572212,2.6842649323118053,handoff,0.06125
cold_gate,Cold start + gate,Cold gate,1,20260619_131645,16,12000,12800,800,-8.82802799540528,-7062.422396324224,-8.031304421369736,-6425.043537095789,0.7967235740355443,637.3788592284354,0,0.0,0,0.0,41,0.05125,0,0.0,759,0,40,40,0,0,0,1,0,1,0,1,-48.72857532291988,5.179781902575309,0.2806635284844799,2.780588916269778,0.1480699754568298,0.4132570815121301,1.0769678413202757,2.780588916269778,handoff,0.05125
cold_gate,Cold start + gate,Cold gate,1,20260619_131645,17,12800,13600,800,-8.29124217506959,-6632.993740055671,-7.60436201164116,-6083.489609312928,0.6868801634284284,549.5041307427427,0,0.0,0,0.0,32,0.04,0,0.0,768,0,32,32,0,0,0,0,0,0,0,0,-44.58209471459617,4.684778486770647,0.3030414469658845,2.745352088430252,0.1388420547008222,0.4672408392309466,1.063330069223959,2.745352088430252,handoff,0.04
cold_gate,Cold start + gate,Cold gate,1,20260619_131645,18,13600,14400,800,-8.652979793334858,-6922.383834667887,-7.635917361251642,-6108.733889001313,1.0170624320832156,813.6499456665724,0,0.0,0,0.0,36,0.045,0,0.0,764,0,36,36,0,0,0,0,0,0,0,0,-43.21070193078941,7.277751558538709,0.2952921220650895,2.983195559458238,0.1429989434162721,0.447585300713907,1.0825755556730337,2.983195559458238,handoff,0.045
cold_gate,Cold start + gate,Cold gate,1,20260619_131645,19,14400,15200,800,-7.878468470453772,-6302.774776363018,-7.171100591427876,-5736.880473142301,0.7073678790258953,565.8943032207162,0,0.0,0,0.0,12,0.015,0,0.0,788,0,12,12,0,0,0,0,0,0,0,0,-41.19225664404081,8.318961467372448,0.278309294028683,3.00104471498986,0.1416119181684194,0.4150066698889465,1.0872794576946672,3.00104471498986,handoff,0.015
cold_gate,Cold start + gate,Cold gate,1,20260619_131645,20,15200,16000,800,-8.014546872863216,-6411.637498290573,-7.2890111864901534,-5831.208949192122,0.7255356863730619,580.4285490984495,0,0.0,0,0.0,17,0.02125,0,0.0,783,0,17,17,0,0,0,0,0,0,0,0,-41.21824816474697,8.04525005433178,0.2825379932912946,2.89422694812896,0.1421510901464427,0.4229248964361464,1.09318174494332,2.89422694812896,handoff,0.02125
cold_gate,Cold start + gate,Cold gate,1,20260619_131645,21,16000,16800,800,-8.263536346856936,-6610.829077485549,-7.240300648731252,-5792.2405189850015,1.0232356981256847,818.5885585005477,0,0.0,0,0.0,32,0.04,0,0.0,768,0,32,32,0,0,0,0,0,0,0,0,-39.24616009648042,8.933926464195638,0.2792838737384301,2.933895234198417,0.1406541416288303,0.4179136058480299,1.0952421825997,2.933895234198417,full RL,0.04
cold_gate,Cold start + gate,Cold gate,1,20260619_131645,22,16800,17600,800,-7.795996272166929,-6236.797017733543,-6.812765001722347,-5450.212001377878,0.983231270444582,786.5850163556657,0,0.0,0,0.0,49,0.06125,0,0.0,751,0,49,49,0,0,0,0,0,0,0,0,-39.57875198629182,2.58837715156963,0.2582330021335604,2.786462120009219,0.1353444178177494,0.3811215864493714,1.0801501914509313,2.786462120009219,full RL,0.06125
cold_gate,Cold start + gate,Cold gate,1,20260619_131645,23,17600,18400,800,-9.85976591320565,-7887.812730564519,-8.099255170808533,-6479.404136646826,1.760510742397116,1408.4085939176928,0,0.0,0,0.0,43,0.05375,0,0.0,757,0,43,43,0,0,0,0,0,0,0,0,-37.6420115113234,11.688067161611272,0.285238529314573,3.0859182282237043,0.1498646360710115,0.4206124225581346,1.1163478972853031,3.0859182282237043,full RL,0.05375
cold_gate,Cold start + gate,Cold gate,1,20260619_131645,24,18400,19200,800,-8.13459410257197,-6507.675282057577,-7.277911197446127,-5822.328957956902,0.8566829051258434,685.3463241006748,0,0.0,0,0.0,39,0.04875,0,0.0,761,0,37,37,0,0,0,2,0,2,0,2,-37.00826897234532,3.801620012106063,0.2639435622136327,2.694100160445032,0.1423385598753908,0.3855485645518745,1.101228673174516,2.694100160445032,full RL,0.04875
cold_gate,Cold start + gate,Cold gate,1,20260619_131645,25,19200,20000,800,-9.207940228640672,-7366.352182912538,-7.921763326256192,-6337.410661004954,1.2861769023844822,1028.941521907586,0,0.0,0,0.0,30,0.0375,0,0.0,770,0,27,27,0,0,0,3,0,3,0,3,-39.319357446547485,9.459164027112283,0.2867132859179939,2.845661732078213,0.1475957121011863,0.4258308597348015,1.111244535162931,2.845661732078213,full RL,0.0375
cold_gate,Cold start + gate,Cold gate,1,20260619_131645,26,20000,20800,800,-9.979761674339898,-7983.809339471918,-8.469735339242142,-6775.788271393714,1.5100263350977554,1208.0210680782045,0,0.0,0,0.0,38,0.0475,0,0.0,762,0,36,36,0,0,0,2,0,2,0,2,-43.14858501326404,9.291073069076074,0.2859777747538413,2.905637840285749,0.152544383762373,0.4194111657453095,1.116760961981022,2.905637840285749,full RL,0.0475
cold_gate,Cold start + gate,Cold gate,1,20260619_131645,27,20800,21600,800,-10.337671237971712,-8270.13699037737,-8.436587621725284,-6749.270097380228,1.9010836162464293,1520.8668929971434,0,0.0,0,0.0,39,0.04875,0,0.0,761,0,38,38,0,0,0,1,0,1,0,1,-44.67908097105425,7.899970617088204,0.2710658927974004,2.935723002810789,0.1488096194988217,0.3933221660959791,1.1006223726363094,2.935723002810789,full RL,0.04875
cold_gate,Cold start + gate,Cold gate,1,20260619_131645,28,21600,22400,800,-11.65392360486599,-9323.138883892792,-9.116329019265386,-7293.06321541231,2.5375945856006017,2030.0756684804812,0,0.0,0,0.0,52,0.065,0,0.0,748,0,52,52,0,0,0,0,0,0,0,0,-44.59229600430905,9.116482631226374,0.2907185002248609,3.009971622122066,0.1558650262098691,0.4255719742398526,1.1259809304977093,3.009971622122066,full RL,0.065
cold_gate,Cold start + gate,Cold gate,1,20260619_131645,29,22400,23200,800,-9.615431423036364,-7692.345138429091,-8.091239151575289,-6472.991321260231,1.5241922714610732,1219.3538171688583,0,0.0,0,0.0,40,0.05,0,0.0,760,0,40,40,0,0,0,0,0,0,0,0,-41.63675537355118,5.777276954224076,0.2719119431945919,2.855907441780232,0.1475392199062157,0.396284666482968,1.1019886903299598,2.855907441780232,full RL,0.05
cold_gate,Cold start + gate,Cold gate,1,20260619_131645,30,23200,24000,800,-8.275588021402339,-6620.470417121871,-6.780469247057535,-5424.375397646028,1.4951187743448038,1196.095019475843,0,0.0,0,0.0,60,0.075,0,0.0,740,0,59,59,0,0,0,1,0,1,0,1,-39.47876253182466,4.33257269404737,0.2404393723360288,2.7224239993675496,0.1361046157049535,0.3447741289671042,1.097339857780938,2.7224239993675496,full RL,0.075
cold_gate,Cold start + gate,Cold gate,1,20260619_131645,31,24000,24800,800,-9.998981688217762,-7999.18535057421,-7.917208029245121,-6333.766423396097,2.0817736589726428,1665.4189271781142,0,0.0,0,0.0,62,0.0775,0,0.0,738,0,61,61,0,0,0,1,0,1,0,1,-39.91658027897131,8.225306969176362,0.2611335565904987,2.8928733638639983,0.146662143142421,0.3756049700385764,1.123118203757759,2.8928733638639983,full RL,0.0775
cold_gate,Cold start + gate,Cold gate,1,20260619_131645,32,24800,25600,800,-10.795947731598323,-8636.75818527866,-8.016494111970475,-6413.195289576381,2.779453619627851,2223.562895702281,0,0.0,0,0.0,67,0.08375,0,0.0,733,0,66,66,0,0,0,1,0,1,0,1,-44.90806918221858,9.275865647150098,0.2546394885109186,2.948759835584553,0.1437499065755518,0.3655290704462854,1.1624037201172848,2.948759835584553,full RL,0.08375
cold_gate,Cold start + gate,Cold gate,1,20260619_131645,33,25600,26400,800,-11.847067694456776,-9477.654155565422,-8.439259961584575,-6751.40796926766,3.407807732872204,2726.246186297763,0,0.0,0,0.0,71,0.08875,0,0.0,729,0,68,68,0,0,0,3,0,3,0,3,-36.69538619017669,11.05325552700633,0.2569482010862274,2.9972126657758054,0.1462261618350519,0.367670240337403,1.0835250288623195,2.9972126657758054,full RL,0.08875
cold_gate,Cold start + gate,Cold gate,1,20260619_131645,34,26400,27200,800,-10.827842114217802,-8662.273691374241,-7.980734997008549,-6384.587997606839,2.8471071172092537,2277.685693767403,0,0.0,0,0.0,81,0.10125,0,0.0,719,0,75,75,0,0,0,5,1,5,1,5,-40.54273336710793,6.609160776030333,0.2477144741579455,2.6459297865649773,0.140987877057426,0.3544410712584649,1.098223782739526,2.6459297865649773,full RL,0.10125
cold_gate,Cold start + gate,Cold gate,1,20260619_131645,35,27200,28000,800,-13.427584950056971,-10742.067960045575,-8.836795838711435,-7069.436670969148,4.590789111345538,3672.63128907643,0,0.0,0,0.0,67,0.08375,0,0.0,733,0,63,63,0,0,0,4,0,4,0,4,-42.397241182400535,15.904739390829192,0.2574206166685231,2.9052353803221536,0.1423609289427634,0.3724803043942828,1.1063536704450798,2.9052353803221536,full RL,0.08375
cold_gate,Cold start + gate,Cold gate,1,20260619_131645,36,28000,28800,800,-13.873284864861262,-11098.62789188901,-9.088057757210333,-7270.446205768267,4.785227107650926,3828.181686120741,0,0.0,0,0.0,62,0.0775,0,0.0,738,0,58,58,0,0,0,4,0,4,0,4,-43.41248124212956,13.023421347925606,0.2881246340314988,3.0993142949807293,0.1420390347791164,0.4342102332838813,1.1248186080719735,3.0993142949807293,full RL,0.0775
cold_gate,Cold start + gate,Cold gate,1,20260619_131645,37,28800,29600,800,-12.018527741251471,-9614.82219300118,-7.696128764824142,-6156.903011859314,4.3223989764273325,3457.919181141866,0,0.0,0,0.0,68,0.085,0,0.0,732,0,64,64,0,0,0,4,0,4,0,4,-38.74964161127952,15.404460893556054,0.2516867053306033,2.800238813859039,0.1336205025873672,0.3697529080738393,1.0526299226873397,2.800238813859039,full RL,0.085
cold_gate,Cold start + gate,Cold gate,1,20260619_131645,38,29600,30400,800,-13.483317840257593,-10786.654272206071,-9.004256260051001,-7203.4050080408015,4.479061580206589,3583.249264165272,0,0.0,0,0.0,67,0.08375,0,0.0,733,0,62,62,0,0,0,5,0,5,0,5,-43.32525208632893,12.2538058908353,0.2774305331084317,3.110698952598,0.1390110482059341,0.4158500180109294,1.1082667989718078,3.110698952598,full RL,0.08375
cold_gate,Cold start + gate,Cold gate,1,20260619_131645,39,30400,31200,800,-12.858718675766454,-10286.974940613163,-9.06873662663826,-7254.989301310607,3.789982049128196,3031.9856393025566,0,0.0,0,0.0,65,0.08125,0,0.0,735,0,58,58,0,0,0,7,0,7,0,7,-42.23304716260191,9.875749553945733,0.298537859632469,3.166007139750434,0.1439261460665645,0.4531495731983735,1.1142804117957832,3.166007139750434,full RL,0.08125
cold_gate,Cold start + gate,Cold gate,1,20260619_131645,40,31200,32000,800,-11.769030563614944,-9415.224450891956,-8.354184684394433,-6683.347747515546,3.4148458792205134,2731.8767033764107,0,0.0,0,0.0,67,0.08375,0,0.0,733,0,61,61,0,0,0,6,0,6,0,6,-43.013249300278574,8.500649893701693,0.2782320459985394,3.146988969426218,0.1365180153548664,0.4199460766422124,1.114304456609695,3.146988969426218,full RL,0.08375
cold_gate,Cold start + gate,Cold gate,1,20260619_131645,41,32000,32800,800,-12.035383463152993,-9628.306770522397,-8.173073621842818,-6538.458897474254,3.862309841310176,3089.847873048141,0,0.0,0,0.0,69,0.08625,0,0.0,731,0,62,62,0,0,0,7,0,7,0,7,-48.304651741667726,9.759726278818077,0.2569471534862225,2.4189244777671206,0.1374793532456899,0.3764149537267552,1.148122842181185,2.4189244777671206,full RL,0.08625
cold_gate,Cold start + gate,Cold gate,1,20260619_131645,42,32800,33600,800,-13.51776569594722,-10814.212556757777,-9.13807523882017,-7310.460191056136,4.379690457127051,3503.752365701641,0,0.0,0,0.0,65,0.08125,0,0.0,735,0,59,59,0,0,0,6,0,6,0,6,-37.15686184684375,16.459687907230197,0.2863322774519308,3.088820098294093,0.1415397610527173,0.4311247938511443,1.1029939801228377,3.088820098294093,full RL,0.08125
cold_gate,Cold start + gate,Cold gate,1,20260619_131645,43,33600,34400,800,-13.312412197073916,-10649.929757659133,-9.136973280098813,-7309.578624079049,4.175438916975104,3340.351133580083,0,0.0,0,0.0,67,0.08375,0,0.0,733,0,63,63,0,0,0,4,0,4,0,4,-45.38414552693604,10.317871753391646,0.2886388362386445,3.000757939490427,0.1480589369312366,0.4292187355460525,1.1294387143844862,3.000757939490427,full RL,0.08375
cold_gate,Cold start + gate,Cold gate,1,20260619_131645,44,34400,35200,800,-14.235895483954767,-11388.716387163817,-9.633439704539995,-7706.751763631997,4.602455779414772,3681.964623531817,0,0.0,0,0.0,85,0.10625,0,0.0,715,0,78,78,0,0,0,7,0,7,0,7,-46.6507907304877,10.047387146845717,0.2863328369774418,2.980169934693606,0.1527506383607148,0.4199150355941687,1.133818552588846,2.980169934693606,full RL,0.10625
cold_gate,Cold start + gate,Cold gate,1,20260619_131645,45,35200,36000,800,-12.80518416911525,-10244.1473352922,-8.179954821265621,-6543.963857012497,4.625229347849631,3700.183478279705,0,0.0,0,0.0,61,0.07625,0,0.0,739,0,57,57,0,0,0,3,1,3,1,3,-48.5553135216058,17.812267128619645,0.2669428962262184,3.137824393387234,0.13060251119932,0.4032832812531168,1.1009210594167236,3.137824393387234,full RL,0.07625
cold_gate,Cold start + gate,Cold gate,1,20260619_131645,46,36000,36800,800,-11.39044874766459,-9112.358998131673,-8.021723157630786,-6417.378526104629,3.3687255900338062,2694.980472027045,0,0.0,0,0.0,71,0.08875,0,0.0,729,0,64,64,0,0,0,7,0,7,0,7,-44.341970534636175,10.547457414189836,0.268509045276699,2.915719595397036,0.1418496249194087,0.3951684656339893,1.1356806279598746,2.915719595397036,full RL,0.08875
cold_gate,Cold start + gate,Cold gate,1,20260619_131645,47,36800,37600,800,-9.305018025466348,-7444.014420373079,-6.94148705540175,-5553.1896443214,2.3635309700645992,1890.8247760516797,0,0.0,0,0.0,64,0.08,0,0.0,736,0,56,56,0,0,0,7,1,7,1,7,-49.80436794689541,10.141215908527377,0.2420466228062871,2.9489926195481075,0.1354387481786123,0.3486544974339619,1.156499360445033,2.9489926195481075,full RL,0.08
cold_gate,Cold start + gate,Cold gate,1,20260619_131645,48,37600,38400,800,-8.217490172733067,-6573.992138186453,-6.117073788084481,-4893.659030467585,2.100416384648585,1680.3331077188682,0,0.0,0,0.0,75,0.09375,0,0.0,725,0,68,68,0,0,0,7,0,7,0,7,-47.66085218377697,9.963897699563702,0.2253373071697847,2.8194359795755304,0.1252958641975518,0.3253787501420176,1.124858717657511,2.8194359795755304,full RL,0.09375
cold_gate,Cold start + gate,Cold gate,1,20260619_131645,49,38400,39200,800,-7.999273886292186,-6399.419109033749,-6.002846197757735,-4802.276958206188,1.996427688534452,1597.1421508275616,0,0.0,0,0.0,79,0.09875,0,0.0,721,0,72,72,0,0,0,7,0,7,0,7,-47.596796821010685,8.595844111211019,0.2254750365196074,2.8025337741194107,0.1237766714372285,0.3271734016019862,1.110085974159472,2.8025337741194107,full RL,0.09875
cold_gate,Cold start + gate,Cold gate,1,20260619_131645,50,39200,40000,800,-7.516680688601037,-6013.344550880829,-5.750097431899108,-4600.077945519286,1.7665832567019315,1413.266605361545,0,0.0,0,0.0,75,0.09375,0,0.0,725,0,68,68,0,0,0,6,1,6,1,6,-45.58169218342528,4.301447290529706,0.2236232206649809,2.767460851988517,0.1224574056556472,0.3247890356743147,1.1032882646075255,2.767460851988517,full RL,0.09375
cold_gate,Cold start + gate,Cold gate,1,20260619_131645,51,40000,40800,800,-10.650186528096036,-8520.149222476828,-7.156823889478843,-5725.459111583074,3.493362638617192,2794.6901108937536,0,0.0,0,0.0,90,0.1125,0,0.0,710,0,82,82,0,0,0,8,0,8,0,8,-47.43191364732769,9.713767674257976,0.241993092240462,2.7696660217987983,0.1314262571305673,0.3525599273503567,1.1146350087204104,2.7696660217987983,full RL,0.1125
cold_gate,Cold start + gate,Cold gate,1,20260619_131645,52,40800,41600,800,-10.072930445019365,-8058.34435601549,-6.943596344513839,-5554.877075611072,3.129334100505523,2503.4672804044185,0,0.0,0,0.0,75,0.09375,0,0.0,725,0,66,66,0,0,0,9,0,9,0,9,-48.41084672325656,11.71594732022114,0.2477072608053423,3.011811965941604,0.1343348775366578,0.3610796440740268,1.1433965817256655,3.011811965941604,full RL,0.09375
cold_gate,Cold start + gate,Cold gate,1,20260619_131645,53,41600,42400,800,-9.262137041762587,-7409.709633410072,-6.598235823160917,-5278.5886585287335,2.6639012186016724,2131.120974881338,0,0.0,0,0.0,80,0.1,0,0.0,720,0,71,71,0,0,0,9,0,9,0,9,-34.5625289244349,9.836459951977538,0.2430043070782041,2.8649292866830933,0.1300350105987669,0.3559736035576414,1.1168328023221452,2.8649292866830933,full RL,0.1
cold_gate,Cold start + gate,Cold gate,1,20260619_131645,54,42400,43200,800,-8.601433370982313,-6881.1466967858505,-6.30838935019603,-5046.711480156824,2.2930440207862817,1834.4352166290253,0,0.0,0,0.0,68,0.085,0,0.0,732,0,62,62,0,0,0,6,0,6,0,6,-48.07188825682039,5.775299168622913,0.2360909895921629,2.796855106006604,0.1225953003908188,0.349586678793507,1.0816646441661115,2.796855106006604,full RL,0.085
cold_gate,Cold start + gate,Cold gate,1,20260619_131645,55,43200,44000,800,-8.922345552772464,-7137.876442217972,-6.481087392658398,-5184.869914126718,2.4412581601140686,1953.006528091255,0,0.0,0,0.0,75,0.09375,0,0.0,725,0,66,66,0,0,0,9,0,9,0,9,-58.9670079155112,4.5625290950297135,0.2372313146701063,2.711479060990257,0.1264618980981395,0.3480007312420731,1.165038019238477,2.711479060990257,full RL,0.09375
cold_gate,Cold start + gate,Cold gate,1,20260619_131645,56,44000,44800,800,-12.43656883031047,-9949.255064248377,-7.733776986253405,-6187.021589002724,4.702791844057066,3762.233475245653,0,0.0,0,0.0,78,0.0975,0,0.0,722,0,71,71,0,0,0,7,0,7,0,7,-49.22900924183887,15.212503804486936,0.2479153967309683,2.891693702069574,0.1357951802277468,0.3600356132341898,1.1208668425342014,2.891693702069574,full RL,0.0975
cold_gate,Cold start + gate,Cold gate,1,20260619_131645,57,44800,45600,800,-9.029747500089115,-7223.798000071294,-6.262458566001978,-5009.966852801583,2.76728893408714,2213.831147269712,0,0.0,0,0.0,72,0.09,0,0.0,728,0,63,63,0,0,0,9,0,9,0,9,-48.75951652364376,6.558244972542922,0.2283620734520212,2.799634096581656,0.1228596020886443,0.3338645448153981,1.0984371174855934,2.799634096581656,full RL,0.09
cold_gate,Cold start + gate,Cold gate,1,20260619_131645,58,45600,46400,800,-11.604237218850384,-9283.389775080308,-7.869060782150789,-6295.248625720631,3.735176436699596,2988.1411493596765,0,0.0,0,0.0,76,0.095,0,0.0,724,0,67,67,0,0,0,9,0,9,0,9,-37.865591101751306,10.438055953737596,0.253654781918405,2.813749426225684,0.1405319818145213,0.3667775820222887,1.1313655933094218,2.813749426225684,full RL,0.095
cold_gate,Cold start + gate,Cold gate,1,20260619_131645,59,46400,47200,800,-9.220621250543251,-7376.497000434602,-6.078930006054407,-4863.144004843525,3.1416912444888463,2513.352995591077,0,0.0,0,0.0,81,0.10125,0,0.0,719,0,72,72,0,0,0,9,0,9,0,9,-45.57800121340978,7.683272057505024,0.2160941658691544,2.594642236883942,0.119187659693033,0.3130006720452758,1.1042670564611492,2.594642236883942,full RL,0.10125
cold_gate,Cold start + gate,Cold gate,1,20260619_131645,60,47200,48000,800,-10.534217759839276,-8427.37420787142,-7.0886108224789925,-5670.888657983194,3.445606937360283,2756.485549888226,0,0.0,0,0.0,73,0.09125,0,0.0,727,0,65,65,0,0,0,8,0,8,0,8,-52.519331050488745,9.793132895729402,0.2361368218532422,2.801132164423052,0.1337341206521981,0.3385395230542863,1.133706268979684,2.801132164423052,full RL,0.09125
cold_gate,Cold start + gate,Cold gate,1,20260619_131645,61,48000,48800,800,-8.409094322186634,-6727.275457749307,-5.788813140846987,-4631.05051267759,2.620281181339646,2096.224945071717,0,0.0,0,0.0,79,0.09875,0,0.0,721,0,71,71,0,0,0,8,0,8,0,8,-50.487354479455234,5.281853081488539,0.2046049598245142,2.8204358849307027,0.1194605017272396,0.2897494179217887,1.0884505967027729,2.8204358849307027,full RL,0.09875
cold_gate,Cold start + gate,Cold gate,1,20260619_131645,62,48800,49600,800,-10.224819927522784,-8179.855942018227,-6.967157404110028,-5573.725923288022,3.2576625234127565,2606.1300187302054,0,0.0,0,0.0,79,0.09875,0,0.0,721,0,72,72,0,0,0,7,0,7,0,7,-51.818081000759264,11.256673949418278,0.2250559818059987,2.8893404472295288,0.1335911617683524,0.3165208018436451,1.1317351141666556,2.8893404472295288,full RL,0.09875
cold_gate,Cold start + gate,Cold gate,1,20260619_131645,63,49600,50400,800,-9.980544850510414,-7984.435880408331,-6.644375599915411,-5315.500479932329,3.336169250595002,2668.9354004760016,0,0.0,0,0.0,74,0.0925,0,0.0,726,0,67,67,0,0,0,7,0,7,0,7,-52.12012420528095,11.22973452806214,0.2098882513145337,2.703159752689203,0.1251878488433732,0.2945886537856941,1.1092301305233223,2.703159752689203,full RL,0.0925
cold_gate,Cold start + gate,Cold gate,1,20260619_131645,64,50400,51200,800,-10.304554002484586,-8243.643201987668,-6.683589225376095,-5346.871380300876,3.620964777108491,2896.771821686793,0,0.0,0,0.0,69,0.08625,0,0.0,731,0,61,61,0,0,0,8,0,8,0,8,-51.1747504810686,11.050518732867989,0.2125108710070512,2.723198105754875,0.1236425967917436,0.3013791452223589,1.0941225797166778,2.723198105754875,full RL,0.08625
cold_gate,Cold start + gate,Cold gate,1,20260619_131645,65,51200,52000,800,-11.163570718897851,-8930.856575118283,-7.222631805978799,-5778.105444783039,3.9409389129190537,3152.751130335243,0,0.0,0,0.0,78,0.0975,0,0.0,722,0,70,70,0,0,0,8,0,8,0,8,-53.499102618391134,9.695153834624069,0.2304596389182853,2.7591499856881114,0.1338734331647796,0.3270458446717911,1.1335623363756229,2.7591499856881114,full RL,0.0975
cold_gate,Cold start + gate,Cold gate,1,20260619_131645,66,52000,52800,800,-9.525517930757314,-7620.4143446058515,-6.490888616425557,-5192.7108931404455,3.0346293143317564,2427.703451465405,0,0.0,0,0.0,74,0.0925,0,0.0,726,0,70,70,0,0,0,4,0,4,0,4,-53.61788423397991,9.126359566633074,0.2120027010692192,2.7227292094332256,0.1254508933390627,0.2985545087993758,1.1144076936272609,2.7227292094332256,full RL,0.0925
cold_gate,Cold start + gate,Cold gate,1,20260619_131645,67,52800,53600,800,-9.765050820982594,-7812.0406567860755,-6.548133734182255,-5238.506987345803,3.2169170868003385,2573.533669440271,0,0.0,0,0.0,75,0.09375,0,0.0,725,0,67,67,0,0,0,8,0,8,0,8,-53.4186100219124,6.6826904802001055,0.2173095878583361,2.8639458503814126,0.1255085028818829,0.3091106728347892,1.1109508461023707,2.8639458503814126,full RL,0.09375
cold_gate,Cold start + gate,Cold gate,1,20260619_131645,68,53600,54400,800,-9.93576009821654,-7948.608078573232,-6.330742648204336,-5064.594118563469,3.6050174500122014,2884.013960009762,0,0.0,0,0.0,83,0.10375,0,0.0,717,0,74,74,0,0,0,8,1,8,1,8,-52.89133618326582,10.110923249266415,0.211133385274995,2.7821964468353144,0.1242059098017386,0.2980608607482515,1.1254243571716267,2.7821964468353144,full RL,0.10375
cold_gate,Cold start + gate,Cold gate,1,20260619_131645,69,54400,55200,800,-9.992544591758664,-7994.035673406931,-6.727876320108489,-5382.301056086792,3.2646682716501743,2611.7346173201395,0,0.0,0,0.0,74,0.0925,0,0.0,726,0,65,65,0,0,0,9,0,9,0,9,-52.05698118879008,11.361329948843354,0.2134457158803054,2.73247520437252,0.126644591290899,0.3002468404697119,1.1123768847359288,2.73247520437252,full RL,0.0925
cold_gate,Cold start + gate,Cold gate,1,20260619_131645,70,55200,56000,800,-8.468967515549885,-6775.174012439908,-6.009177785199556,-4807.342228159645,2.459789730350328,1967.8317842802624,0,0.0,0,0.0,79,0.09875,0,0.0,721,0,70,70,0,0,0,9,0,9,0,9,-52.79444155244357,5.005402358653803,0.2041391181830042,2.6883306471158903,0.1242400343250025,0.2840382020410059,1.1181843409541137,2.6883306471158903,full RL,0.09875
cold_gate,Cold start + gate,Cold gate,1,20260619_131645,71,56000,56800,800,-13.276859324279314,-10621.487459423452,-8.443027199111993,-6754.421759289595,4.833832125167322,3867.065700133857,0,0.0,0,0.0,86,0.1075,0,0.0,714,0,77,77,0,0,0,9,0,9,0,9,-42.80716494241199,10.62729270303622,0.2539192723384823,2.830746574245836,0.1487660796606698,0.3590724650162949,1.1242263486086896,2.830746574245836,full RL,0.1075
cold_gate,Cold start + gate,Cold gate,1,20260619_131645,72,56800,57600,800,-10.717713895305096,-8574.171116244077,-7.1288750064542095,-5703.100005163367,3.588838888850887,2871.0711110807097,0,0.0,0,0.0,76,0.095,0,0.0,724,0,67,67,0,0,0,9,0,9,0,9,-52.17502626058428,9.620650943092214,0.2266545068198248,2.701692341790704,0.1346316520601474,0.3186773615795022,1.1172085871988844,2.701692341790704,full RL,0.095
cold_gate,Cold start + gate,Cold gate,1,20260619_131645,73,57600,58400,800,-8.750948763389133,-7000.759010711306,-6.117176201717009,-4893.740961373607,2.6337725616721217,2107.018049337697,0,0.0,0,0.0,76,0.095,0,0.0,724,0,69,69,0,0,0,7,0,7,0,7,-56.60800141315451,5.845409885457934,0.2089401466269332,2.746388406057463,0.1244884934924694,0.293391799761397,1.1242163644326455,2.746388406057463,full RL,0.095
cold_gate,Cold start + gate,Cold gate,1,20260619_131645,74,58400,59200,800,-8.946733489008066,-7157.386791206453,-6.266180034495867,-5012.944027596694,2.680553454512201,2144.4427636097607,0,0.0,0,0.0,69,0.08625,0,0.0,731,0,61,61,0,0,0,8,0,8,0,8,-55.182945023125626,7.743644024130675,0.2129377351935159,2.7435840805629823,0.1253744518407192,0.3005010185463126,1.1206048195728768,2.7435840805629823,full RL,0.08625
cold_gate,Cold start + gate,Cold gate,1,20260619_131645,75,59200,60000,800,-10.913653524659845,-8730.922819727874,-6.982711474762486,-5586.169179809989,3.930942049897357,3144.7536399178853,0,0.0,0,0.0,80,0.1,0,0.0,720,0,71,71,0,0,0,9,0,9,0,9,-41.742684384788106,11.12201534494888,0.2229084212100535,2.737277294949933,0.1256316922841737,0.3201851501359332,1.113016017756705,2.737277294949933,full RL,0.1
cold_gate,Cold start + gate,Cold gate,1,20260619_131645,76,60000,60800,800,-9.138169566180164,-7310.535652944131,-6.185886429169733,-4948.709143335786,2.95228313701043,2361.826509608344,0,0.0,0,0.0,76,0.095,0,0.0,724,0,67,67,0,0,0,9,0,9,0,9,-55.14073451733736,6.690068514107745,0.2094969253463069,2.603530328638385,0.1229905606171717,0.2960032900754422,1.129411833820798,2.603530328638385,full RL,0.095
cold_gate,Cold start + gate,Cold gate,1,20260619_131645,77,60800,61600,800,-11.952730902108383,-9562.184721686706,-7.486857955325488,-5989.486364260391,4.465872946782896,3572.6983574263163,0,0.0,0,0.0,81,0.10125,0,0.0,719,0,73,73,0,0,0,8,0,8,0,8,-54.52019539971559,10.820368969083283,0.2405343481780331,2.919616554273261,0.1378840341319041,0.343184662224162,1.1461595673743656,2.919616554273261,full RL,0.10125
cold_gate,Cold start + gate,Cold gate,1,20260619_131645,78,61600,62400,800,-10.889742102077134,-8711.793681661708,-7.058395642229462,-5646.716513783569,3.831346459847673,3065.0771678781384,0,0.0,0,0.0,71,0.08875,0,0.0,729,0,63,63,0,0,0,8,0,8,0,8,-47.24147085140709,9.09812620645246,0.2183961169426747,2.7525423426539533,0.127133748811223,0.3096584850741265,1.100566372134586,2.7525423426539533,full RL,0.08875
cold_gate,Cold start + gate,Cold gate,1,20260619_131645,79,62400,63200,800,-10.976089365732916,-8780.871492586333,-7.164888250619215,-5731.910600495372,3.811201115113701,3048.9608920909604,0,0.0,0,0.0,75,0.09375,0,0.0,725,0,66,66,0,0,0,9,0,9,0,9,-52.45692863483947,9.811342722273055,0.2255379559670051,2.775636079744117,0.1330428408296175,0.3180330711043927,1.13338675671592,2.775636079744117,full RL,0.09375
cold_gate,Cold start + gate,Cold gate,1,20260619_131645,80,63200,64000,800,-10.30157178183065,-8241.257425464519,-6.845605699096434,-5476.484559277147,3.455966082734216,2764.7728661873725,0,0.0,0,0.0,74,0.0925,0,0.0,726,0,65,65,0,0,0,9,0,9,0,9,-52.75547845093587,7.457627099139463,0.2196822511432957,2.7410372142210804,0.1281649627054455,0.311199539581146,1.1295693297497746,2.7410372142210804,full RL,0.0925
cold_gate,Cold start + gate,Cold gate,1,20260619_131645,81,64000,64800,800,-10.000895755314057,-8000.716604251244,-6.549862139673096,-5239.889711738477,3.4510336156409576,2760.826892512766,0,0.0,0,0.0,76,0.095,0,0.0,724,0,67,67,0,0,0,9,0,9,0,9,-55.02569615673406,7.385404115638012,0.22126278409036,2.683910400068214,0.122405518261262,0.320120049919458,1.131817770111453,2.683910400068214,full RL,0.095
cold_gate,Cold start + gate,Cold gate,1,20260619_131645,82,64800,65600,800,-12.402647922993706,-9922.118338394965,-7.884266793268289,-6307.413434614631,4.518381129725419,3614.704903780335,0,0.0,0,0.0,80,0.1,0,0.0,720,0,72,72,0,0,0,8,0,8,0,8,-53.63077873264217,9.710291637446474,0.2456978952354196,2.7777921664261958,0.1418913437244212,0.349504446746418,1.1216672842144102,2.7777921664261958,full RL,0.1
cold_gate,Cold start + gate,Cold gate,1,20260619_131645,83,65600,66400,800,-9.625383275679058,-7700.306620543246,-6.654216844222333,-5323.373475377866,2.9711664314567243,2376.9331451653798,0,0.0,0,0.0,71,0.08875,0,0.0,729,0,64,64,0,0,0,7,0,7,0,7,-55.50493681968248,7.345602130595129,0.2264112323824986,2.7152925434948543,0.1264371818751827,0.3263852828898145,1.1147487628382322,2.7152925434948543,full RL,0.08875
cold_gate,Cold start + gate,Cold gate,1,20260619_131645,84,66400,67200,800,-9.264034177723824,-7411.22734217906,-5.912077116294397,-4729.661693035518,3.3519570614294287,2681.565649143543,0,0.0,0,0.0,69,0.08625,0,0.0,731,0,61,61,0,0,0,8,0,8,0,8,-51.912266049082575,8.689176710533992,0.2099082806069444,2.24218188928603,0.1134515126077346,0.3063650486061541,1.1113245531938651,2.24218188928603,full RL,0.08625
cold_gate,Cold start + gate,Cold gate,1,20260619_131645,85,67200,68000,800,-8.76056230416032,-7008.449843328256,-6.10752063369973,-4886.016506959784,2.653041670460589,2122.433336368471,0,0.0,0,0.0,89,0.11125,0,0.0,711,0,80,80,0,0,0,8,1,8,1,8,-54.63382518134415,5.187834491924136,0.2312783402643761,2.940743946401483,0.1199284863132008,0.3426281942155515,1.0937578707664803,2.940743946401483,full RL,0.11125
cold_gate,Cold start + gate,Cold gate,1,20260619_131645,86,68000,68800,800,-10.460689886621166,-8368.551909296933,-6.458290668789207,-5166.6325350313655,4.002399217831959,3201.9193742655675,0,0.0,0,0.0,69,0.08625,0,0.0,731,0,62,62,0,0,0,7,0,7,0,7,-53.5580528006426,7.642465329857672,0.2177958782468587,2.273811939397433,0.1202025974142925,0.3153891590794249,1.104284613800126,2.273811939397433,full RL,0.08625
cold_gate,Cold start + gate,Cold gate,1,20260619_131645,87,68800,69600,800,-13.3099250806719,-10647.94006453752,-8.058566391520882,-6446.853113216705,5.251358689151016,4201.086951320813,0,0.0,0,0.0,75,0.09375,0,0.0,725,0,68,68,0,0,0,6,1,6,1,6,-54.76386127578735,11.587163139582556,0.2555959839476408,2.9403720824584525,0.1405072830385038,0.3706846848567778,1.1433098319095685,2.9403720824584525,full RL,0.09375
cold_gate,Cold start + gate,Cold gate,1,20260619_131645,88,69600,70400,800,-10.180340106943571,-8144.272085554858,-6.462158620665679,-5169.726896532544,3.718181486277891,2974.545189022313,0,0.0,0,0.0,81,0.10125,0,0.0,719,0,73,73,0,0,0,8,0,8,0,8,-53.6553164462714,8.36942325089965,0.2115713181449507,2.734831438069307,0.1217155337392808,0.3014271025506206,1.110585872862516,2.734831438069307,full RL,0.10125
cold_gate,Cold start + gate,Cold gate,1,20260619_131645,89,70400,71200,800,-9.814506171670866,-7851.604937336693,-6.371672527595588,-5097.33802207647,3.4428336440752783,2754.2669152602225,0,0.0,0,0.0,80,0.1,0,0.0,720,0,72,72,0,0,0,8,0,8,0,8,-58.78359318434207,6.754428032077021,0.2146319278734214,2.799612173347441,0.1225048531137981,0.3067590026330447,1.1644192814547614,2.799612173347441,full RL,0.1
cold_gate,Cold start + gate,Cold gate,1,20260619_131645,90,71200,72000,800,-8.72965493400626,-6983.723947205009,-5.99308158251683,-4794.465266013464,2.7365733514894317,2189.258681191545,0,0.0,0,0.0,69,0.08625,0,0.0,731,0,60,60,0,0,0,9,0,9,0,9,-56.25381375019492,7.328333055751028,0.2119232548467003,2.8726387150044275,0.1216359278327768,0.3022105818606239,1.127289515798064,2.8726387150044275,full RL,0.08625
cold_gate,Cold start + gate,Cold gate,1,20260619_131645,91,72000,72800,800,-11.646548133394305,-9317.238506715445,-7.2860463409880625,-5828.83707279045,4.36050179240624,3488.4014339249925,0,0.0,0,0.0,81,0.10125,0,0.0,719,0,74,74,0,0,0,7,0,7,0,7,-55.71815389884068,12.345696716746763,0.2344171910863702,2.9592847116182384,0.1361421064126257,0.3326922757601147,1.1438695406423445,2.9592847116182384,full RL,0.10125
cold_gate,Cold start + gate,Cold gate,1,20260619_131645,92,72800,73600,800,-13.165510334057164,-10532.408267245732,-7.244543327760689,-5795.634662208551,5.920967006296476,4736.773605037181,0,0.0,0,0.0,78,0.0975,0,0.0,722,0,71,71,0,0,0,7,0,7,0,7,-54.19408220192224,14.83309163685876,0.2198046116242479,2.862643460888592,0.1283904127607205,0.3112188104877754,1.1217861184040223,2.862643460888592,full RL,0.0975
cold_gate,Cold start + gate,Cold gate,1,20260619_131645,93,73600,74400,800,-11.39514379380537,-9116.115035044297,-7.370564795619077,-5896.451836495262,4.024578998186295,3219.663198549036,0,0.0,0,0.0,69,0.08625,0,0.0,731,0,62,62,0,0,0,7,0,7,0,7,-54.29118767571276,9.80945900741585,0.2334874202980436,2.868669552582276,0.1382053570334435,0.3287694835626437,1.1142286839016622,2.868669552582276,full RL,0.08625
cold_gate,Cold start + gate,Cold gate,1,20260619_131645,94,74400,75200,800,-10.334768095073011,-8267.81447605841,-6.417401564556136,-5133.921251644909,3.917366530516877,3133.893224413501,0,0.0,0,0.0,74,0.0925,0,0.0,726,0,68,68,0,0,0,6,0,6,0,6,-57.02570675805259,9.799915218921118,0.2165693328719105,2.92269659758324,0.125973234134882,0.3071654316089389,1.1139006314374176,2.92269659758324,full RL,0.0925
cold_gate,Cold start + gate,Cold gate,1,20260619_131645,95,75200,76000,800,-10.33606399536742,-8268.851196293936,-6.343382518956385,-5074.706015165108,3.9926814764110343,3194.145181128828,0,0.0,0,0.0,61,0.07625,0,0.0,739,0,58,58,0,0,0,3,0,3,0,3,-46.95128027526857,10.403409919982629,0.2085758244349736,2.557636842671513,0.1192235881807046,0.2979280606892427,1.0724737754661793,2.557636842671513,full RL,0.07625
cold_gate,Cold start + gate,Cold gate,1,20260619_131645,96,76000,76800,800,-14.108406008210432,-11286.724806568343,-7.40586410183658,-5924.691281469264,6.702541906373852,5362.033525099081,0,0.0,0,0.0,70,0.0875,0,0.0,730,0,66,66,0,0,0,4,0,4,0,4,-56.08197670850495,19.416264454031012,0.2144613501334811,2.890070974023274,0.1257634604281018,0.3031592398388603,1.105905732152907,2.890070974023274,full RL,0.0875
cold_gate,Cold start + gate,Cold gate,1,20260619_131645,97,76800,77600,800,-13.07583073829096,-10460.664590632769,-8.156547089948887,-6525.237671959109,4.919283648342075,3935.42691867366,0,0.0,0,0.0,65,0.08125,0,0.0,735,0,60,60,0,0,0,4,1,4,1,4,-52.87666892982065,10.396164172887802,0.2525695117081143,2.902231726515481,0.1431692870906978,0.3619697363255307,1.098594164028476,2.902231726515481,full RL,0.08125
cold_gate,Cold start + gate,Cold gate,1,20260619_131645,98,77600,78400,800,-10.955981411838817,-8764.785129471053,-6.887954778361404,-5510.363822689124,4.0680266334774124,3254.42130678193,0,0.0,0,0.0,63,0.07875,0,0.0,737,0,58,58,0,0,0,5,0,5,0,5,-54.57632785812928,10.277047613718484,0.2339962318107739,2.911734384266026,0.1331681792506063,0.3348242843709414,1.0970738007120937,2.911734384266026,full RL,0.07875
cold_gate,Cold start + gate,Cold gate,1,20260619_131645,99,78400,79200,800,-8.120146727235353,-6496.117381788283,-5.61966440150203,-4495.731521201624,2.5004823257333246,2000.38586058666,0,0.0,0,0.0,48,0.06,0,0.0,752,0,43,43,0,0,0,5,0,5,0,5,-54.86743758311172,6.901557455220309,0.2014655833874306,2.687568680478421,0.1170312302394646,0.2858999365353965,1.0665519123412084,2.687568680478421,full RL,0.06
cold_gate,Cold start + gate,Cold gate,1,20260619_131645,100,79200,80000,800,-9.609828560937142,-7687.8628487497135,-6.231833475867779,-4985.466780694223,3.377995085069362,2702.3960680554896,0,0.0,0,0.0,47,0.05875,0,0.0,753,0,43,43,0,0,0,4,0,4,0,4,-55.890206943307135,9.560059591561886,0.2160473983282015,2.932566082590938,0.1235808447350869,0.3085139519213162,1.0838317608621817,2.932566082590938,full RL,0.05875
cold_gate,Cold start + gate,Cold gate,1,20260619_131645,101,80000,80800,800,-13.253610187457618,-10602.888149966097,-7.711561535885969,-6169.249228708775,5.5420486515716485,4433.638921257319,0,0.0,0,0.0,44,0.055,0,0.0,756,0,41,41,0,0,0,3,0,3,0,3,-57.36694824795825,19.5570093738865,0.226141335230374,2.972865578949495,0.1336797986260605,0.3186028718346876,1.1019691249689632,2.972865578949495,full RL,0.055
cold_gate,Cold start + gate,Cold gate,1,20260619_131645,102,80800,81600,800,-9.171117597787624,-7336.894078230098,-5.950540675431021,-4760.4325403448165,3.220576922356604,2576.461537885283,0,0.0,0,0.0,51,0.06375,0,0.0,749,0,47,47,0,0,0,4,0,4,0,4,-58.17026336748313,8.619053964799141,0.2067477710829068,2.86771793438254,0.1164476710322969,0.2970478711335166,1.071327042791648,2.86771793438254,full RL,0.06375
cold_gate,Cold start + gate,Cold gate,1,20260619_131645,103,81600,82400,800,-8.567889038562756,-6854.311230850205,-5.648454738946069,-4518.763791156855,2.919434299616688,2335.5474396933505,0,0.0,0,0.0,52,0.065,0,0.0,748,0,47,47,0,0,0,5,0,5,0,5,-58.923199263118136,7.0797630547076,0.1973725684453535,2.625022350907784,0.1155913532445195,0.2791537836461874,1.0524864823927622,2.625022350907784,full RL,0.065
cold_gate,Cold start + gate,Cold gate,1,20260619_131645,104,82400,83200,800,-9.643025011558144,-7714.420009246516,-5.931629633437532,-4745.303706750025,3.711395378120612,2969.11630249649,0,0.0,0,0.0,57,0.07125,0,0.0,743,0,53,53,0,0,0,4,0,4,0,4,-57.04614532956532,9.58512920363205,0.2116701948422109,2.997664945341853,0.1194904072239128,0.3038499824605091,1.077821133813719,2.997664945341853,full RL,0.07125
cold_gate,Cold start + gate,Cold gate,1,20260619_131645,105,83200,84000,800,-8.941702884482156,-7153.362307585725,-5.673952145369899,-4539.161716295919,3.267750739112257,2614.2005912898057,0,0.0,0,0.0,62,0.0775,0,0.0,738,0,58,58,0,0,0,4,0,4,0,4,-56.96981570896173,7.885056658924216,0.1983079600441226,2.584208099263037,0.1134809278736693,0.283134992214576,1.0518319239197051,2.584208099263037,full RL,0.0775
cold_gate,Cold start + gate,Cold gate,1,20260619_131645,106,84000,84800,800,-10.075326633068505,-8060.261306454802,-6.4242014194025145,-5139.361135522012,3.651125213665989,2920.900170932791,0,0.0,0,0.0,62,0.0775,0,0.0,738,0,57,57,0,0,0,5,0,5,0,5,-57.33766355186003,9.533535609574631,0.2245081790830923,3.00602105629099,0.1248474174983131,0.3241689406678715,1.0753053573903415,3.00602105629099,full RL,0.0775
cold_gate,Cold start + gate,Cold gate,1,20260619_131645,107,84800,85600,800,-8.119763976839542,-6495.811181471633,-5.520420112929489,-4416.336090343591,2.599343863910052,2079.4750911280416,0,0.0,0,0.0,57,0.07125,0,0.0,743,0,52,52,0,0,0,5,0,5,0,5,-57.8347846704512,5.433513932092597,0.1973845747238341,2.7480737499928978,0.11591040302299,0.2788587464246782,1.064272952668619,2.7480737499928978,full RL,0.07125
cold_gate,Cold start + gate,Cold gate,1,20260619_131645,108,85600,86400,800,-7.770005369109363,-6216.00429528749,-5.288163143588622,-4230.530514870898,2.4818422255207384,1985.473780416591,0,0.0,0,0.0,64,0.08,0,0.0,736,0,60,60,0,0,0,4,0,4,0,4,-60.498620095913225,6.573468703860333,0.1973345378643861,2.7174007238533022,0.1145760340353174,0.2800930416934549,1.068776269865356,2.7174007238533022,full RL,0.08
cold_gate,Cold start + gate,Cold gate,1,20260619_131645,109,86400,87200,800,-8.133774571307484,-6507.019657045987,-5.602251143694028,-4481.800914955223,2.5315234276134544,2025.2187420907635,0,0.0,0,0.0,66,0.0825,0,0.0,734,0,60,60,0,0,0,6,0,6,0,6,-58.369181029323954,5.999932975639839,0.2023497967541863,2.773555713477151,0.1190924930931957,0.2856071004151769,1.1082290522999654,2.773555713477151,full RL,0.0825
cold_gate,Cold start + gate,Cold gate,1,20260619_131645,110,87200,88000,800,-7.1066092866339154,-5685.287429307133,-5.026643295377948,-4021.314636302358,2.0799659912559685,1663.9727930047748,0,0.0,0,0.0,73,0.09125,0,0.0,727,0,67,67,0,0,0,6,0,6,0,6,-60.31378476339341,5.013241312320382,0.1937609639541505,2.6974484571871926,0.1146025209986835,0.2729194069096175,1.0638847460473937,2.6974484571871926,full RL,0.09125
cold_gate,Cold start + gate,Cold gate,1,20260619_131645,111,88000,88800,800,-6.291119214858465,-5032.895371886772,-4.717547262140609,-3774.037809712487,1.573571952717857,1258.8575621742857,0,0.0,0,0.0,69,0.08625,0,0.0,731,0,64,64,0,0,0,5,0,5,0,5,-58.99927106373116,4.776294116429583,0.1905548350957201,2.6953179222107337,0.1124763849026501,0.26863328528879,1.0490716810566316,2.6953179222107337,full RL,0.08625
cold_gate,Cold start + gate,Cold gate,1,20260619_131645,112,88800,89600,800,-6.531622403705927,-5225.297922964742,-4.780561878211628,-3824.4495025693022,1.7510605254943,1400.84842039544,0,0.0,0,0.0,68,0.085,0,0.0,732,0,62,62,0,0,0,6,0,6,0,6,-58.96059295096643,7.723715965761323,0.1925212346846189,2.665675337925336,0.1122440954621454,0.2727983739070925,1.0529506145376204,2.665675337925336,full RL,0.085
cold_gate,Cold start + gate,Cold gate,1,20260619_131645,113,89600,90400,800,-8.654000049643631,-6923.200039714905,-5.968127769725743,-4774.502215780594,2.685872279917888,2148.6978239343107,0,0.0,0,0.0,64,0.08,0,0.0,736,0,58,58,0,0,0,6,0,6,0,6,-68.53490942300607,12.827239516361104,0.2220130289863874,3.2674246729193896,0.1281151873700878,0.3159108706026871,1.0768035503404,3.2674246729193896,full RL,0.08
cold_gate,Cold start + gate,Cold gate,1,20260619_131645,114,90400,91200,800,-6.181622332421175,-4945.29786593694,-4.808280323868844,-3846.624259095075,1.3733420085523316,1098.6736068418652,0,0.0,0,0.0,62,0.0775,0,0.0,738,0,54,54,0,0,0,7,1,7,1,7,-61.52895769000668,6.277969371047025,0.1911090704557827,2.642076147600619,0.1145588863028986,0.2676592546086668,1.057772465762854,2.642076147600619,full RL,0.0775
cold_gate,Cold start + gate,Cold gate,1,20260619_131645,115,91200,92000,800,-5.675671451283367,-4540.537161026693,-4.563079268730963,-3650.46341498477,1.1125921825524026,890.073746041922,0,0.0,0,0.0,54,0.0675,0,0.0,746,0,48,48,0,0,0,6,0,6,0,6,-57.76656279309725,6.420739664586501,0.1837937545226658,2.670429868754354,0.1129927740713109,0.2545947349740207,1.0589526258642947,2.670429868754354,full RL,0.0675
cold_gate,Cold start + gate,Cold gate,1,20260619_131645,116,92000,92800,800,-6.878239960894769,-5502.591968715815,-5.303575262099449,-4242.860209679559,1.5746646987953212,1259.731759036257,0,0.0,0,0.0,55,0.06875,0,0.0,745,0,48,48,0,0,0,6,1,6,1,6,-59.41799294175496,9.670704691878656,0.2122026673408167,3.023521864121278,0.1236547421464424,0.300750592535191,1.0709524638300765,3.023521864121278,full RL,0.06875
cold_gate,Cold start + gate,Cold gate,1,20260619_131645,117,92800,93600,800,-8.63226455859303,-6905.811646874425,-6.367887164892945,-5094.309731914356,2.264377393700086,1811.501914960069,0,0.0,0,0.0,41,0.05125,0,0.0,759,0,34,34,0,0,0,7,0,7,0,7,-58.10779833088077,11.00161929482758,0.2317315468439675,3.031518218782537,0.1365821975288135,0.3268808961591216,1.071811968676498,3.031518218782537,full RL,0.05125
cold_gate,Cold start + gate,Cold gate,1,20260619_131645,118,93600,94400,800,-5.756541144126709,-4605.232915301367,-4.9593995065193965,-3967.5196052155175,0.7971416376073117,637.7133100858493,0,0.0,0,0.0,22,0.0275,0,0.0,778,0,15,15,0,0,0,7,0,7,0,7,-56.4172627542946,7.314581284671054,0.1901211300430398,2.6022848733673527,0.1171395402731469,0.2631027198129328,1.0495733154177898,2.6022848733673527,full RL,0.0275
cold_gate,Cold start + gate,Cold gate,1,20260619_131645,119,94400,95200,800,-8.7203564167309,-6976.285133384719,-6.482721650492499,-5186.177320393999,2.2376347662383997,1790.1078129907194,0,0.0,0,0.0,36,0.045,0,0.0,764,0,29,29,0,0,0,7,0,7,0,7,-56.82916854291955,10.23926279881017,0.2307488154293542,2.961937060488026,0.1377887393951121,0.3237088914635964,1.0942555364005746,2.961937060488026,full RL,0.045
cold_gate,Cold start + gate,Cold gate,1,20260619_131645,120,95200,96000,800,-5.663474835211819,-4530.779868169455,-4.640369987464579,-3712.295989971664,1.02310484774724,818.483878197792,0,0.0,0,0.0,43,0.05375,0,0.0,757,0,38,38,0,0,0,5,0,5,0,5,-59.21448846179169,8.106450613981265,0.1805153039356158,2.5838408074341714,0.1136210972751644,0.2474095105960672,1.065520185234841,2.5838408074341714,full RL,0.05375
cold_gate,Cold start + gate,Cold gate,1,20260619_131645,121,96000,96800,800,-6.667436647491811,-5333.949317993449,-5.323762036527367,-4259.009629221894,1.3436746109644444,1074.9396887715554,0,0.0,0,0.0,33,0.04125,0,0.0,767,0,26,26,0,0,0,7,0,7,0,7,-59.17220140074187,9.81426160688437,0.2039028018441585,3.0647524498961616,0.1251918225460227,0.2826137811422942,1.0996516628094066,3.0647524498961616,full RL,0.04125
cold_gate,Cold start + gate,Cold gate,1,20260619_131645,122,96800,97600,800,-5.269375049751088,-4215.500039800871,-4.495249107761202,-3596.199286208962,0.7741259419898873,619.3007535919098,0,0.0,0,0.0,34,0.0425,0,0.0,766,0,28,28,0,0,0,6,0,6,0,6,-59.43362262279948,7.131901695145244,0.1808870226424928,2.600712693375669,0.113337382819017,0.2484366624659686,1.0649529417020434,2.600712693375669,full RL,0.0425
cold_gate,Cold start + gate,Cold gate,1,20260619_131645,123,97600,98400,800,-6.411421223064406,-5129.136978451525,-5.242259081977377,-4193.807265581901,1.169162141087028,935.3297128696224,0,0.0,0,0.0,24,0.03,0,0.0,776,0,18,18,0,0,0,6,0,6,0,6,-53.35023827049008,9.79874349233133,0.19239465675416,2.6534392420947484,0.1193870704976673,0.2654022430106528,1.0775985844668674,2.6534392420947484,full RL,0.03
cold_gate,Cold start + gate,Cold gate,1,20260619_131645,124,98400,99200,800,-6.545506499321741,-5236.405199457393,-5.257358432833342,-4205.886746266673,1.2881480664884004,1030.5184531907205,0,0.0,0,0.0,21,0.02625,0,0.0,779,0,14,14,0,0,0,7,0,7,0,7,-58.8615705650318,9.624911829890642,0.1987117644310604,2.972280050133463,0.1241117630420658,0.273311765820055,1.0629808189588292,2.972280050133463,full RL,0.02625
cold_gate,Cold start + gate,Cold gate,1,20260619_131645,125,99200,100000,800,-6.439047545978765,-5151.238036783012,-5.2897156086568025,-4231.772486925442,1.1493319373219633,919.4655498575704,0,0.0,0,0.0,26,0.0325,0,0.0,774,0,19,19,0,0,0,7,0,7,0,7,-58.46477772913215,9.671108228330851,0.2064674975423992,3.027471361150788,0.1253216897654631,0.2876133053193353,1.0929452404633555,3.027471361150788,full RL,0.0325
cold_gate,Cold start + gate,Cold gate,1,20260619_131645,126,100000,100800,800,-5.011337681824657,-4009.0701454597256,-4.493601642301209,-3594.881313840967,0.517736039523448,414.1888316187584,0,0.0,0,0.0,17,0.02125,0,0.0,783,0,10,10,0,0,0,7,0,7,0,7,-59.65361417209522,5.690759357866267,0.1787003161813807,2.6502732912275064,0.1132854757349051,0.2441151566278563,1.0550690261140203,2.6502732912275064,full RL,0.02125
cold_gate,Cold start + gate,Cold gate,1,20260619_131645,127,100800,101600,800,-4.783965005765786,-3827.172004612629,-4.415448049179481,-3532.3584393435854,0.3685169565863045,294.81356526904364,0,0.0,0,0.0,20,0.025,0,0.0,780,0,13,13,0,0,0,7,0,7,0,7,-59.20652970283175,2.063852152228356,0.1800274773039053,2.6630783057190115,0.1141076225797368,0.2459473320280739,1.0592672663122027,2.6630783057190115,full RL,0.025
cold_gate,Cold start + gate,Cold gate,1,20260619_131645,128,101600,102400,800,-6.575367807592877,-5260.294246074302,-5.299491477094201,-4239.593181675361,1.2758763304986762,1020.701064398941,0,0.0,0,0.0,33,0.04125,0,0.0,767,0,25,25,0,0,0,7,1,7,1,7,-59.23326720919693,9.58505867647496,0.2059854178278863,3.0373658187091337,0.1248179277838429,0.2871529078719297,1.0961799371644538,3.0373658187091337,full RL,0.04125
cold_gate,Cold start + gate,Cold gate,1,20260619_131645,129,102400,103200,800,-5.397752371454311,-4318.201897163449,-4.719445798532118,-3775.556638825695,0.678306572922193,542.6452583377544,0,0.0,0,0.0,27,0.03375,0,0.0,773,0,20,20,0,0,0,7,0,7,0,7,-60.71595584576335,6.690108994482614,0.1899015367430097,2.629222042837398,0.1154981848098818,0.2643048886761375,1.0630426788219456,2.629222042837398,full RL,0.03375
cold_gate,Cold start + gate,Cold gate,1,20260619_131645,130,103200,104000,800,-7.794592538124977,-6235.674030499982,-6.054449603116596,-4843.559682493276,1.740142935008383,1392.1143480067065,0,0.0,0,0.0,24,0.03,0,0.0,776,0,18,18,0,0,0,6,0,6,0,6,-57.34677977745537,9.83031830170046,0.2283188888098692,3.1028456978024224,0.13488689974389,0.3217508778758485,1.0889591839206871,3.1028456978024224,full RL,0.03
cold_gate,Cold start + gate,Cold gate,1,20260619_131645,131,104000,104800,800,-4.836256878044377,-3869.0055024355015,-4.381512266509478,-3505.209813207583,0.4547446115348974,363.79568922791793,0,0.0,0,0.0,26,0.0325,0,0.0,774,0,20,20,0,0,0,6,0,6,0,6,-59.01004527844202,4.556915785186398,0.1806459272266022,2.6556425552640235,0.1128708031915122,0.2484210512616922,1.067940034204875,2.6556425552640235,full RL,0.0325
cold_gate,Cold start + gate,Cold gate,1,20260619_131645,132,104800,105600,800,-6.320725649863589,-5056.580519890871,-5.121034062273369,-4096.827249818695,1.1996915875902197,959.7532700721756,0,0.0,0,0.0,32,0.04,0,0.0,768,0,26,26,0,0,0,6,0,6,0,6,-59.39069347455143,9.87411096952122,0.2064981969113513,3.0528575302619743,0.1224498159694454,0.2905465778532571,1.055113820277572,3.0528575302619743,full RL,0.04
cold_gate,Cold start + gate,Cold gate,1,20260619_131645,133,105600,106400,800,-6.285226835104427,-5028.181468083541,-5.151759525975441,-4121.407620780353,1.1334673091289855,906.7738473031886,0,0.0,0,0.0,31,0.03875,0,0.0,769,0,25,25,0,0,0,6,0,6,0,6,-59.865318669841145,9.793529152027372,0.2073036339673689,3.080853251232895,0.1231690409790272,0.2914382269557105,1.0593722778119623,3.080853251232895,full RL,0.03875
cold_gate,Cold start + gate,Cold gate,1,20260619_131645,134,106400,107200,800,-6.000313494829703,-4800.2507958637625,-4.922650381046057,-3938.120304836845,1.077663113783647,862.1304910269175,0,0.0,0,0.0,36,0.045,0,0.0,764,0,32,32,0,0,0,4,0,4,0,4,-51.679623409176656,8.78604186750836,0.1871184676363044,2.674439699217203,0.1153830397169946,0.2588538955556143,1.0576841470504106,2.674439699217203,full RL,0.045
cold_gate,Cold start + gate,Cold gate,1,20260619_131645,135,107200,108000,800,-5.258835975211302,-4207.068780169042,-4.450121524614892,-3560.097219691914,0.8087144505964097,646.9715604771277,0,0.0,0,0.0,51,0.06375,0,0.0,749,0,45,45,0,0,0,6,0,6,0,6,-60.62987210142353,3.5537000242150483,0.1832712665288567,2.660449502037295,0.1132030106517171,0.2533395224059964,1.0659737317801006,2.660449502037295,full RL,0.06375
cold_gate,Cold start + gate,Cold gate,1,20260619_131645,136,108000,108800,800,-7.814689396590521,-6251.751517272417,-5.9073616871948325,-4725.889349755866,1.9073277093956889,1525.862167516551,0,0.0,0,0.0,34,0.0425,0,0.0,766,0,28,28,0,0,0,6,0,6,0,6,-60.76279006943378,9.70266611182981,0.2235658077245394,3.1192941629117854,0.1299510882505486,0.3171805271985302,1.0963282137108816,3.1192941629117854,full RL,0.0425
cold_gate,Cold start + gate,Cold gate,1,20260619_131645,137,108800,109600,800,-4.991292987089215,-3993.034389671372,-4.412984585255159,-3530.3876682041277,0.5783084018340552,462.6467214672441,0,0.0,0,0.0,42,0.0525,0,0.0,758,0,36,36,0,0,0,6,0,6,0,6,-60.04684611590005,1.0310525834560402,0.1802690761631102,2.6960012283684023,0.114182667833347,0.2463554844928735,1.077289765962823,2.6960012283684023,full RL,0.0525
cold_gate,Cold start + gate,Cold gate,1,20260619_131645,138,109600,110400,800,-6.638226395691735,-5310.581116553388,-5.260359017684326,-4208.287214147461,1.377867378007408,1102.2939024059265,0,0.0,0,0.0,41,0.05125,0,0.0,759,0,34,34,0,0,0,7,0,7,0,7,-56.92648264501111,9.841309014736312,0.2019554964994747,2.880924452828083,0.125225188402825,0.2786858045961244,1.0900640346654176,2.880924452828083,full RL,0.05125
cold_gate,Cold start + gate,Cold gate,1,20260619_131645,139,110400,111200,800,-5.280308015015554,-4224.246412012443,-4.5983113342802,-3678.64906742416,0.6819966807353542,545.5973445882834,0,0.0,0,0.0,41,0.05125,0,0.0,759,0,36,36,0,0,0,5,0,5,0,5,-59.13659806093517,4.295285496519135,0.1861366072716008,2.826484648900646,0.1151689652734012,0.2571042492698003,1.0681839097341546,2.826484648900646,full RL,0.05125
cold_gate,Cold start + gate,Cold gate,1,20260619_131645,140,111200,112000,800,-4.974894662306503,-3979.9157298452014,-4.359084415395456,-3487.267532316365,0.6158102469110465,492.6481975288372,0,0.0,0,0.0,41,0.05125,0,0.0,759,0,35,35,0,0,0,6,0,6,0,6,-59.91153148483977,3.838039668410909,0.1795989570227271,2.6684978360041214,0.1131474429642194,0.2460504710812348,1.0726111854484972,2.6684978360041214,full RL,0.05125
cold_gate,Cold start + gate,Cold gate,1,20260619_131645,141,112000,112800,800,-5.324230733182268,-4259.384586545814,-4.583289360953564,-3666.631488762851,0.7409413722287038,592.7530977829631,0,0.0,0,0.0,39,0.04875,0,0.0,761,0,33,33,0,0,0,6,0,6,0,6,-60.25814003424409,4.566941958590883,0.1863084465329088,2.707914357261473,0.1144971119705624,0.2581197810952553,1.074956040418495,2.707914357261473,full RL,0.04875
cold_gate,Cold start + gate,Cold gate,1,20260619_131645,142,112800,113600,800,-6.870542742721793,-5496.434194177435,-5.406961069490361,-4325.568855592289,1.4635816732314324,1170.865338585146,0,0.0,0,0.0,45,0.05625,0,0.0,755,0,39,39,0,0,0,6,0,6,0,6,-58.29181727603202,9.733754766984656,0.208268217334767,2.953371656166155,0.1260016310742202,0.2905348035953139,1.099259952411857,2.953371656166155,full RL,0.05625
cold_gate,Cold start + gate,Cold gate,1,20260619_131645,143,113600,114400,800,-6.737264660305628,-5389.811728244502,-5.400134818333272,-4320.107854666618,1.3371298419723556,1069.7038735778845,0,0.0,0,0.0,35,0.04375,0,0.0,765,0,29,29,0,0,0,6,0,6,0,6,-58.29113671268249,9.764130842551111,0.2083641250783748,2.964108337110247,0.125998868324858,0.2907293818318915,1.101558998241443,2.964108337110247,full RL,0.04375
cold_gate,Cold start + gate,Cold gate,1,20260619_131645,144,114400,115200,800,-5.438163771900388,-4350.53101752031,-4.560019120316074,-3648.015296252859,0.8781446515843148,702.5157212674518,0,0.0,0,0.0,47,0.05875,0,0.0,753,0,41,41,0,0,0,6,0,6,0,6,-60.08008306827048,5.824649942403865,0.1851689164060035,2.7142401806759158,0.1138961233483714,0.2564417094636356,1.078841808128702,2.7142401806759158,full RL,0.05875
cold_gate,Cold start + gate,Cold gate,1,20260619_131645,145,115200,116000,800,-5.698784874221558,-4559.027899377246,-4.609488182567307,-3687.590546053845,1.0892966916542517,871.4373533234011,0,0.0,0,0.0,54,0.0675,0,0.0,746,0,49,49,0,0,0,5,0,5,0,5,-61.40790038801924,7.269709777346522,0.183468654224168,2.65862192111831,0.1130227695125152,0.2539145389358208,1.0759444316729367,2.65862192111831,full RL,0.0675
cold_gate,Cold start + gate,Cold gate,1,20260619_131645,146,116000,116800,800,-5.763115550027157,-4610.492440021726,-4.733827426101754,-3787.0619408814023,1.0292881239254046,823.4304991403237,0,0.0,0,0.0,52,0.065,0,0.0,748,0,46,46,0,0,0,6,0,6,0,6,-62.26221024472238,3.4944354710901218,0.1900709568705567,2.75530980751779,0.1148758191439963,0.265266094597117,1.068939492853347,2.75530980751779,full RL,0.065
cold_gate,Cold start + gate,Cold gate,1,20260619_131645,147,116800,117600,800,-7.5829053215701085,-6066.324257256087,-5.67971354105074,-4543.770832840592,1.90319178051937,1522.553424415496,0,0.0,0,0.0,62,0.0775,0,0.0,738,0,56,56,0,0,0,6,0,6,0,6,-59.71237461951057,9.837168841183356,0.2164306562292117,3.0226918064621486,0.1267896061082162,0.3060717063502071,1.1043723478329368,3.0226918064621486,full RL,0.0775
cold_gate,Cold start + gate,Cold gate,1,20260619_131645,148,117600,118400,800,-5.370721459044983,-4296.577167235986,-4.566812653356842,-3653.4501226854736,0.8039088056881412,643.1270445505129,0,0.0,0,0.0,50,0.0625,0,0.0,750,0,44,44,0,0,0,6,0,6,0,6,-61.62955190577566,2.2821639858348397,0.1926137939015648,2.774684974779348,0.1131631519195503,0.2720644358835794,1.0516598573803058,2.774684974779348,full RL,0.0625
cold_gate,Cold start + gate,Cold gate,1,20260619_131645,149,118400,119200,800,-5.362396050648198,-4289.916840518558,-4.419204641400631,-3535.363713120505,0.9431914092475664,754.553127398053,0,0.0,0,0.0,41,0.05125,0,0.0,759,0,36,36,0,0,0,5,0,5,0,5,-60.35894048043326,4.431501027574127,0.1823713727476519,2.6311835081472736,0.1113465331590083,0.2533962123362955,1.0589023736313092,2.6311835081472736,full RL,0.05125
cold_gate,Cold start + gate,Cold gate,1,20260619_131645,150,119200,120000,800,-5.990016885577685,-4792.013508462148,-4.745626055498255,-3796.500844398604,1.24439083007943,995.512664063544,0,0.0,0,0.0,48,0.06,0,0.0,752,0,42,42,0,0,0,6,0,6,0,6,-59.399852544828605,4.220078364443085,0.189617103457564,2.681396896049023,0.1142221907557896,0.2650120161593384,1.0588554437253777,2.681396896049023,full RL,0.06
cold_gate,Cold start + gate,Cold gate,1,20260619_131645,151,120000,120800,800,-7.4964140847372915,-5997.131267789833,-5.405732523185834,-4324.586018548667,2.0906815615514573,1672.5452492411655,0,0.0,0,0.0,47,0.05875,0,0.0,753,0,41,41,0,0,0,6,0,6,0,6,-58.76305284626369,9.689558767813168,0.2105947616992799,2.9729298979854093,0.1226469271880436,0.2985425962105162,1.0895339184364827,2.9729298979854093,full RL,0.05875
cold_gate,Cold start + gate,Cold gate,1,20260619_131645,152,120800,121600,800,-7.64002603869192,-6112.020830953536,-5.775806426368103,-4620.645141094482,1.8642196123238164,1491.3756898590532,0,0.0,0,0.0,49,0.06125,0,0.0,751,0,43,43,0,0,0,6,0,6,0,6,-57.43450826479637,9.67877930581262,0.2164965688889498,2.9455632940113787,0.128124198891255,0.3048689388866447,1.0962875514497523,2.9455632940113787,full RL,0.06125
cold_gate,Cold start + gate,Cold gate,1,20260619_131645,153,121600,122400,800,-7.1334461669073495,-5706.75693352588,-5.377766482734335,-4302.213186187468,1.755679684173015,1404.5437473384118,0,0.0,0,0.0,59,0.07375,0,0.0,741,0,52,52,0,0,0,6,1,6,1,6,-52.94619285571946,8.483554219435606,0.2003251431540463,2.806604462055759,0.1194523599724214,0.2811979263356712,1.053347054029719,2.806604462055759,full RL,0.07375
cold_gate,Cold start + gate,Cold gate,1,20260619_131645,154,122400,123200,800,-5.883888038089968,-4707.110430471975,-4.793672746764711,-3834.938197411769,1.0902152913252576,872.172233060206,0,0.0,0,0.0,54,0.0675,0,0.0,746,0,48,48,0,0,0,6,0,6,0,6,-58.00514813437576,3.112654882468687,0.1930873769674715,2.737935767816225,0.1159084831926377,0.2702662707423053,1.0749622262002352,2.737935767816225,full RL,0.0675
cold_gate,Cold start + gate,Cold gate,1,20260619_131645,155,123200,124000,800,-7.611670647829811,-6089.336518263849,-5.594677051158268,-4475.741640926614,2.0169935966715435,1613.5948773372347,0,0.0,0,0.0,66,0.0825,0,0.0,734,0,60,60,0,0,0,6,0,6,0,6,-57.14306689893817,9.704406866694397,0.2152880825963379,2.8999923139343764,0.1252940977659362,0.3052820674267396,1.0951181302303978,2.8999923139343764,full RL,0.0825
cold_gate,Cold start + gate,Cold gate,1,20260619_131645,156,124000,124800,800,-5.631974595095805,-4505.579676076644,-4.647448009009877,-3717.958407207902,0.9845265860859276,787.6212688687422,0,0.0,0,0.0,59,0.07375,0,0.0,741,0,53,53,0,0,0,6,0,6,0,6,-56.68270357534516,3.227486800063234,0.1939647557098797,2.7888852791034537,0.1136255719227863,0.274303939496973,1.0707404626786323,2.7888852791034537,full RL,0.07375
cold_gate,Cold start + gate,Cold gate,1,20260619_131645,157,124800,125600,800,-5.5722496804265775,-4457.799744341262,-4.676886895379917,-3741.509516303934,0.8953627850466599,716.2902280373279,0,0.0,0,0.0,45,0.05625,0,0.0,755,0,39,39,0,0,0,6,0,6,0,6,-59.007690914711134,3.0402210216644434,0.1916017871308751,2.7393497079012263,0.1141321507966169,0.2690714234651334,1.0696309549891607,2.7393497079012263,full RL,0.05625
cold_gate,Cold start + gate,Cold gate,1,20260619_131645,158,125600,126400,800,-5.157403895785378,-4125.923116628303,-4.523260432731154,-3618.608346184923,0.634143463054224,507.3147704433792,0,0.0,0,0.0,39,0.04875,0,0.0,761,0,34,34,0,0,0,5,0,5,0,5,-58.548539261682095,2.049057197288557,0.1858551979376411,2.674249436454488,0.1139392022897036,0.2577711935855786,1.0681773708769169,2.674249436454488,full RL,0.04875
cold_gate,Cold start + gate,Cold gate,1,20260619_131645,159,126400,127200,800,-9.195846659793997,-7356.677327835196,-6.18999269701758,-4951.994157614064,3.005853962776415,2404.683170221132,0,0.0,0,0.0,53,0.06625,0,0.0,747,0,49,49,0,0,0,4,0,4,0,4,-59.16182942241494,15.897343436514303,0.2138220700977727,2.999649116059061,0.1263891772971784,0.301254962898367,1.1026601354573735,2.999649116059061,full RL,0.06625
cold_gate,Cold start + gate,Cold gate,1,20260619_131645,160,127200,128000,800,-5.845380830545183,-4676.304664436147,-4.6159332142348966,-3692.746571387917,1.2294476163102863,983.5580930482292,0,0.0,0,0.0,52,0.065,0,0.0,748,0,45,45,0,0,0,7,0,7,0,7,-60.4437494887427,3.5243061022705366,0.1849801484985504,2.6798355002947005,0.1137187684071443,0.2562415285899564,1.0617142445059509,2.6798355002947005,full RL,0.065
cold_gate,Cold start + gate,Cold gate,1,20260619_131645,161,128000,128800,800,-5.320022189272249,-4256.017751417799,-4.440940372399113,-3552.75229791929,0.879081816873137,703.2654534985096,0,0.0,0,0.0,58,0.0725,0,0.0,742,0,51,51,0,0,0,7,0,7,0,7,-61.05576555686957,1.5543358911099137,0.1858807253699139,2.693251025990378,0.1129219940473058,0.258839456692522,1.0758045221424433,2.693251025990378,full RL,0.0725
cold_gate,Cold start + gate,Cold gate,1,20260619_131645,162,128800,129600,800,-5.357572681018235,-4286.058144814588,-4.449299243111476,-3559.439394489181,0.9082734379067592,726.6187503254074,0,0.0,0,0.0,54,0.0675,0,0.0,746,0,48,48,0,0,0,6,0,6,0,6,-59.95921787233351,3.868407914485029,0.1806581655073416,2.6705424383478658,0.1130963446987841,0.2482199863158992,1.074442440723653,2.6705424383478658,full RL,0.0675
cold_gate,Cold start + gate,Cold gate,1,20260619_131645,163,129600,130400,800,-6.077618431536694,-4862.094745229355,-4.90638769764962,-3925.110158119696,1.1712307338870735,936.9845871096588,0,0.0,0,0.0,38,0.0475,0,0.0,762,0,32,32,0,0,0,6,0,6,0,6,-60.14384877283749,9.558189463800218,0.1935490456018183,3.0293790646347247,0.1184291679253968,0.2686689232782399,1.090377851040392,3.0293790646347247,full RL,0.0475
cold_gate,Cold start + gate,Cold gate,1,20260619_131645,164,130400,131200,800,-4.983086439484562,-3986.469151587649,-4.349722205732061,-3479.7777645856486,0.6333642337525017,506.6913870020014,0,0.0,0,0.0,38,0.0475,0,0.0,762,0,31,31,0,0,0,7,0,7,0,7,-61.29853136081374,1.6338779222180275,0.1834832189874503,2.635737825826084,0.1117842045541187,0.2551822334207819,1.0708040592856576,2.635737825826084,full RL,0.0475
cold_gate,Cold start + gate,Cold gate,1,20260619_131645,165,131200,132000,800,-6.870546246574868,-5496.436997259894,-5.4134093380483375,-4330.72747043867,1.4571369085265309,1165.7095268212247,0,0.0,0,0.0,38,0.0475,0,0.0,762,0,33,33,0,0,0,5,0,5,0,5,-57.64333611217273,9.775012442516328,0.2039339550473403,2.986167200439126,0.1260889308298713,0.2817789792648092,1.107901008643808,2.986167200439126,full RL,0.0475
cold_gate,Cold start + gate,Cold gate,1,20260619_131645,166,132000,132800,800,-6.585079903878103,-5268.0639231024825,-5.302383931525802,-4241.907145220642,1.282695972352301,1026.1567778818408,0,0.0,0,0.0,37,0.04625,0,0.0,763,0,32,32,0,0,0,5,0,5,0,5,-57.56396352064712,9.658046681424915,0.2068604723265526,3.001249839295326,0.1256116855115632,0.288109259141542,1.105054060375393,3.001249839295326,full RL,0.04625
cold_gate,Cold start + gate,Cold gate,1,20260619_131645,167,132800,133600,800,-6.469360347671833,-5175.488278137466,-5.22252160289684,-4178.017282317473,1.246838744774993,997.4709958199944,0,0.0,0,0.0,37,0.04625,0,0.0,763,0,32,32,0,0,0,5,0,5,0,5,-58.394258371707565,9.776892325613074,0.2038912188323944,3.0063391237806627,0.1251881267366505,0.2825943109281384,1.1017864326519469,3.0063391237806627,full RL,0.04625
cold_gate,Cold start + gate,Cold gate,1,20260619_131645,168,133600,134400,800,-6.567055519749769,-5253.644415799816,-5.253764578061821,-4203.011662449457,1.3132909416879484,1050.6327533503586,0,0.0,0,0.0,42,0.0525,0,0.0,758,0,37,37,0,0,0,5,0,5,0,5,-58.17384083995728,9.730761544715945,0.2038027459639425,3.002521126242016,0.1260603040297897,0.2815451878980953,1.1027556965399712,3.002521126242016,full RL,0.0525
cold_gate,Cold start + gate,Cold gate,1,20260619_131645,169,134400,135200,800,-5.099573636247807,-4079.658908998245,-4.419370706209701,-3535.496564967761,0.6802029300381055,544.1623440304844,0,0.0,0,0.0,44,0.055,0,0.0,756,0,37,37,0,0,0,7,0,7,0,7,-58.43627210016905,1.9902800821281188,0.1788037565300487,2.6704432608109414,0.1145191894250277,0.2430883236350697,1.0746878945196272,2.6704432608109414,full RL,0.055
cold_gate,Cold start + gate,Cold gate,1,20260619_131645,170,135200,136000,800,-4.984868933132967,-3987.895146506373,-4.321403039737661,-3457.1224317901288,0.6634658933953064,530.7727147162451,0,0.0,0,0.0,47,0.05875,0,0.0,753,0,42,42,0,0,0,5,0,5,0,5,-58.505240651623694,1.415636178255081,0.1744276184448969,2.684380202592479,0.1136123128765858,0.2352429240132079,1.0741842497413463,2.684380202592479,full RL,0.05875
cold_gate,Cold start + gate,Cold gate,1,20260619_131645,171,136000,136800,800,-6.73280832549649,-5386.246660397192,-5.18406990334855,-4147.25592267884,1.5487384221479406,1238.9907377183524,0,0.0,0,0.0,50,0.0625,0,0.0,750,0,45,45,0,0,0,5,0,5,0,5,-57.64061703534821,9.664014086251152,0.198720010242576,2.904001566290958,0.1245978999673222,0.2728421205178298,1.0991241390260278,2.904001566290958,full RL,0.0625
cold_gate,Cold start + gate,Cold gate,1,20260619_131645,172,136800,137600,800,-6.5702381842823305,-5256.190547425865,-5.2233485648126,-4178.67885185008,1.3468896194697306,1077.5116955757844,0,0.0,0,0.0,45,0.05625,0,0.0,755,0,38,38,0,0,0,7,0,7,0,7,-58.508652181838215,9.690113931747716,0.2012079224854199,2.9509034949817305,0.1256069925681267,0.2768088524027131,1.0985779022337936,2.9509034949817305,full RL,0.05625
cold_gate,Cold start + gate,Cold gate,1,20260619_131645,173,137600,138400,800,-6.588057237370484,-5270.445789896387,-5.260504010373811,-4208.403208299049,1.327553226996674,1062.0425815973392,0,0.0,0,0.0,45,0.05625,0,0.0,755,0,40,40,0,0,0,5,0,5,0,5,-58.04300234261211,9.8455682767438,0.2014144080863476,2.957806984248009,0.1262405250423707,0.2765882911303245,1.0933376912167532,2.957806984248009,full RL,0.05625
cold_gate,Cold start + gate,Cold gate,1,20260619_131645,174,138400,139200,800,-4.896625304351111,-3917.3002434808886,-4.301825487872458,-3441.460390297966,0.5947998164786532,475.8398531829225,0,0.0,0,0.0,40,0.05,0,0.0,760,0,33,33,0,0,0,7,0,7,0,7,-59.05626463418173,1.598480758070946,0.1744399852342373,2.6239367001627443,0.1133546601704983,0.2355253102979763,1.0777810390392664,2.6239367001627443,full RL,0.05
cold_gate,Cold start + gate,Cold gate,1,20260619_131645,175,139200,140000,800,-4.876877721217328,-3901.5021769738623,-4.315496383234443,-3452.397106587554,0.561381337982886,449.10507038630885,0,0.0,0,0.0,37,0.04625,0,0.0,763,0,31,31,0,0,0,5,1,5,1,5,-60.98144043618527,2.926561480760575,0.1774137453019641,2.730695201377557,0.1131377929707546,0.2416896976331736,1.074691802712715,2.730695201377557,full RL,0.04625
cold_gate,Cold start + gate,Cold gate,1,20260619_131645,176,140000,140800,800,-4.893108667666729,-3914.486934133383,-4.335944492882777,-3468.7555943062216,0.5571641747839515,445.73133982716126,0,0.0,0,0.0,27,0.03375,0,0.0,773,0,21,21,0,0,0,6,0,6,0,6,-57.776241280230806,6.169333811016513,0.1737877167009143,2.68958943878215,0.1121795268895113,0.2353959065123172,1.0661856229678506,2.68958943878215,full RL,0.03375
cold_gate,Cold start + gate,Cold gate,1,20260619_131645,177,140800,141600,800,-6.225985642738392,-4980.788514190714,-5.047401561861309,-4037.921249489047,1.1785840808770818,942.8672647016656,0,0.0,0,0.0,33,0.04125,0,0.0,767,0,26,26,0,0,0,7,0,7,0,7,-58.90764336219172,9.756357431874386,0.1996109734694962,3.065610680808845,0.1235219700559731,0.2756999768830194,1.0729500421769376,3.065610680808845,full RL,0.04125
cold_gate,Cold start + gate,Cold gate,1,20260619_131645,178,141600,142400,800,-6.162685060316554,-4930.148048253243,-5.120127089916107,-4096.101671932885,1.0425579704004466,834.0463763203572,0,0.0,0,0.0,23,0.02875,0,0.0,777,0,17,17,0,0,0,6,0,6,0,6,-59.00433225373422,9.860230832732212,0.20210222781349,3.029864233195326,0.1243066251746186,0.2798978304523613,1.1010855389606156,3.029864233195326,full RL,0.02875
cold_gate,Cold start + gate,Cold gate,1,20260619_131645,179,142400,143200,800,-6.030883541206094,-4824.706832964876,-5.06792157677094,-4054.337261416752,0.962961964435155,770.369571548124,0,0.0,0,0.0,18,0.0225,0,0.0,782,0,12,12,0,0,0,6,0,6,0,6,-60.39246936054815,9.711839089083671,0.1977185875935954,2.987040497722205,0.1245411865290828,0.2708959886581081,1.090212867219916,2.987040497722205,full RL,0.0225
cold_gate,Cold start + gate,Cold gate,1,20260619_131645,180,143200,144000,800,-6.38376295624006,-5107.010364992048,-5.19169129628844,-4153.353037030752,1.1920716599516208,953.6573279612968,0,0.0,0,0.0,27,0.03375,0,0.0,773,0,22,22,0,0,0,5,0,5,0,5,-59.276254965582325,9.743610949554022,0.197967876163587,2.805930690867285,0.1255664134557069,0.2703693388714672,1.09383080706777,2.805930690867285,full RL,0.03375
cold_gate,Cold start + gate,Cold gate,1,20260619_131645,181,144000,144800,800,-5.385825453460873,-4308.660362768698,-4.5685180138953845,-3654.814411116308,0.8173074395654871,653.8459516523897,0,0.0,0,0.0,39,0.04875,0,0.0,761,0,33,33,0,0,0,6,0,6,0,6,-60.45828882997557,2.8997588062895456,0.1832894055657742,2.451169695537885,0.1147944722941692,0.2517843388373791,1.0737867482111434,2.451169695537885,full RL,0.04875
cold_gate,Cold start + gate,Cold gate,1,20260619_131645,182,144800,145600,800,-6.764327576794996,-5411.462061435997,-5.198213841919219,-4158.571073535375,1.566113734875778,1252.8909879006223,0,0.0,0,0.0,45,0.05625,0,0.0,755,0,39,39,0,0,0,6,0,6,0,6,-59.62122483090104,6.7037346943894605,0.1918792507706141,2.4403685895110243,0.1174922888606526,0.2662662126805756,1.0934221365531198,2.4403685895110243,full RL,0.05625
cold_gate,Cold start + gate,Cold gate,1,20260619_131645,183,145600,146400,800,-12.641557942447225,-10113.24635395778,-7.9812891302479105,-6385.031304198328,4.660268812199314,3728.215049759452,0,0.0,0,0.0,47,0.05875,0,0.0,753,0,39,39,0,0,0,8,0,8,0,8,-59.27518663927117,10.871264272692564,0.2522208203929822,3.0282309615522536,0.1432642514704496,0.3611773893155147,1.1252931121399512,3.0282309615522536,full RL,0.05875
cold_gate,Cold start + gate,Cold gate,1,20260619_131645,184,146400,147200,800,-8.036840664241305,-6429.472531393045,-5.911212126629729,-4728.969701303783,2.125628537611577,1700.5028300892614,0,0.0,0,0.0,45,0.05625,0,0.0,755,0,40,40,0,0,0,5,0,5,0,5,-59.73705071840129,9.67361567135182,0.2218971934354076,2.4436051041705014,0.1209986894010546,0.3227956974697605,1.128970239681974,2.4436051041705014,full RL,0.05625
cold_gate,Cold start + gate,Cold gate,1,20260619_131645,185,147200,148000,800,-9.509174057059862,-7607.33924564789,-6.523783582085041,-5219.026865668033,2.9853904749748232,2388.312379979858,0,0.0,0,0.0,46,0.0575,0,0.0,754,0,40,40,0,0,0,6,0,6,0,6,-60.5385305103282,11.912506109381692,0.2482474842416832,2.454833924274624,0.1202074251567615,0.3762875433266049,1.1087856612261704,2.454833924274624,full RL,0.0575
cold_gate,Cold start + gate,Cold gate,1,20260619_131645,186,148000,148800,800,-12.32086554462206,-9856.692435697649,-7.642982944423307,-6114.386355538645,4.677882600198754,3742.306080159003,0,0.0,0,0.0,37,0.04625,0,0.0,763,0,32,32,0,0,0,5,0,5,0,5,-57.66662074265412,12.91905649070334,0.2590011943981498,2.941841864243429,0.1296951862675646,0.3883072025287349,1.094006092115555,2.941841864243429,full RL,0.04625
cold_gate,Cold start + gate,Cold gate,1,20260619_131645,187,148800,149600,800,-10.737070775392858,-8589.656620314287,-6.8055123292679545,-5444.409863414364,3.931558446124903,3145.2467568999223,0,0.0,0,0.0,43,0.05375,0,0.0,757,0,39,39,0,0,0,4,0,4,0,4,-58.49097948962242,14.850516552902295,0.2266887989789509,2.4137051821483624,0.1214892175183498,0.3318883804395521,1.1105929357673507,2.4137051821483624,full RL,0.05375
cold_gate,Cold start + gate,Cold gate,1,20260619_131645,188,149600,150400,800,-11.95582287128145,-9564.65829702516,-7.648795802397121,-6119.036641917697,4.307027068884329,3445.6216551074635,0,0.0,0,0.0,47,0.05875,0,0.0,753,0,39,39,0,0,0,8,0,8,0,8,-57.095263378074605,11.711628839925991,0.2437286412867231,2.963257293869674,0.137149210771122,0.3503080718023242,1.1687072063004522,2.963257293869674,full RL,0.05875
cold_gate,Cold start + gate,Cold gate,1,20260619_131645,189,150400,151200,800,-11.276287672482155,-9021.030137985725,-7.105154430308713,-5684.123544246971,4.171133242173442,3336.906593738754,0,0.0,0,0.0,35,0.04375,0,0.0,765,0,31,31,0,0,0,4,0,4,0,4,-58.31116803818611,15.37321296985304,0.2402317812597545,2.953527413062602,0.1287068901035883,0.3517566724159208,1.1861357728604385,2.953527413062602,full RL,0.04375
cold_gate,Cold start + gate,Cold gate,1,20260619_131645,190,151200,152000,800,-7.66001104213799,-6128.008833710392,-5.409854674653634,-4327.883739722907,2.2501563674843554,1800.1250939874842,0,0.0,0,0.0,38,0.0475,0,0.0,762,0,31,31,0,0,0,7,0,7,0,7,-57.768379467937166,6.945554917886569,0.2037164311108575,2.4068655860926924,0.1149921853551866,0.2924406768665283,1.0746380473382495,2.4068655860926924,full RL,0.0475
cold_gate,Cold start + gate,Cold gate,1,20260619_131645,191,152000,152800,800,-6.618644915758778,-5294.915932607022,-5.109025091193635,-4087.220072954908,1.5096198245651435,1207.695859652115,0,0.0,0,0.0,45,0.05625,0,0.0,755,0,40,40,0,0,0,5,0,5,0,5,-58.89338479061121,9.55076830634002,0.1950498787744669,2.972070080379865,0.1210316068982338,0.2690681506506999,1.0936934609742668,2.972070080379865,full RL,0.05625
cold_gate,Cold start + gate,Cold gate,1,20260619_131645,192,152800,153600,800,-5.3809006690586525,-4304.720535246922,-4.4297697271620695,-3543.815781729656,0.9511309418965836,760.9047535172668,0,0.0,0,0.0,47,0.05875,0,0.0,753,0,40,40,0,0,0,7,0,7,0,7,-58.75219124912712,4.886381038858876,0.173618096797063,2.477294102990072,0.1133092836324813,0.2339269099616447,1.0657593741590383,2.477294102990072,full RL,0.05875
cold_gate,Cold start + gate,Cold gate,1,20260619_131645,193,153600,154400,800,-5.992097208144478,-4793.677766515582,-4.776105418851744,-3820.884335081395,1.2159917892927343,972.7934314341876,0,0.0,0,0.0,45,0.05625,0,0.0,755,0,38,38,0,0,0,7,0,7,0,7,-57.66780318919393,9.63733421748336,0.1878460005661244,2.9298542829154144,0.1192579944332248,0.256434006699024,1.0777118586950407,2.9298542829154144,full RL,0.05625
cold_gate,Cold start + gate,Cold gate,1,20260619_131645,194,154400,155200,800,-8.202039533526577,-6561.631626821261,-5.900450548842655,-4720.360439074124,2.3015889846839213,1841.271187747137,0,0.0,0,0.0,50,0.0625,0,0.0,750,0,43,43,0,0,0,7,0,7,0,7,-58.564617889414535,11.26669362502079,0.2167593605546987,2.9800599454716235,0.1326239911417827,0.3008947299676147,1.0960864666800822,2.9800599454716235,full RL,0.0625
cold_gate,Cold start + gate,Cold gate,1,20260619_131645,195,155200,156000,800,-6.931927890545335,-5545.542312436268,-5.272672489805391,-4218.137991844313,1.659255400739945,1327.404320591956,0,0.0,0,0.0,43,0.05375,0,0.0,757,0,37,37,0,0,0,6,0,6,0,6,-57.99711061233313,9.709390223940073,0.2042146131728716,3.0223522881636318,0.1243285292256724,0.2841006971200709,1.0832982744145705,3.0223522881636318,full RL,0.05375
cold_gate,Cold start + gate,Cold gate,1,20260619_131645,196,156000,156800,800,-5.14687636708465,-4117.50109366772,-4.3672008837075,-3493.760706966,0.7796754833771508,623.7403867017206,0,0.0,0,0.0,43,0.05375,0,0.0,757,0,37,37,0,0,0,6,0,6,0,6,-59.764966203358426,4.479050691874656,0.1766301200501671,2.4960987916412023,0.1122894955214242,0.24097074457891,1.0620077906773342,2.4960987916412023,full RL,0.05375
cold_gate,Cold start + gate,Cold gate,1,20260619_131645,197,156800,157600,800,-5.595809621754421,-4476.647697403537,-4.556482611538618,-3645.186089230895,1.0393270102158028,831.4616081726422,0,0.0,0,0.0,57,0.07125,0,0.0,743,0,52,52,0,0,0,5,0,5,0,5,-60.03851751450202,4.700072947250736,0.1812698823410646,2.533440077524346,0.1145692754660568,0.2479704892160724,1.0848932422143824,2.533440077524346,full RL,0.07125
cold_gate,Cold start + gate,Cold gate,1,20260619_131645,198,157600,158400,800,-7.480068659586517,-5984.054927669214,-5.63993340725072,-4511.946725800575,1.8401352523357983,1472.1082018686388,0,0.0,0,0.0,45,0.05625,0,0.0,755,0,40,40,0,0,0,5,0,5,0,5,-60.98445146063352,9.787855821707232,0.2100329056974437,2.880865816937217,0.1304139779289944,0.2896518334658929,1.1072895279277053,2.880865816937217,full RL,0.05625
cold_gate,Cold start + gate,Cold gate,1,20260619_131645,199,158400,159200,800,-8.436458473708166,-6749.1667789665335,-6.148242290905428,-4918.593832724343,2.2882161828027385,1830.572946242191,0,0.0,0,0.0,45,0.05625,0,0.0,755,0,40,40,0,0,0,5,0,5,0,5,-58.252221492884814,9.789559288447704,0.2245960264071951,2.9994926293957747,0.1363219583724561,0.3128700944419341,1.1077834308948176,2.9994926293957747,full RL,0.05625
cold_gate,Cold start + gate,Cold gate,1,20260619_131645,200,159200,160000,800,-6.113163085303598,-4890.530468242879,-4.949683459360583,-3959.7467674884665,1.1634796259430151,930.7837007544124,0,0.0,0,0.0,37,0.04625,0,0.0,763,0,33,33,0,0,0,4,0,4,0,4,-59.31165872615031,8.803673067923054,0.1841236699138265,2.469364423990271,0.1181648608700121,0.2500824789576409,1.0775470582985132,2.469364423990271,full RL,0.04625
cold_gate,Cold start + gate,Cold gate,1,20260619_131645,201,160000,160800,800,-5.0571151801540575,-4045.6921441232457,-4.3922688665347565,-3513.815093227805,0.6648463136193015,531.8770508954411,0,0.0,0,0.0,42,0.0525,0,0.0,758,0,37,37,0,0,0,5,0,5,0,5,-59.60359918173083,3.648343393227573,0.1766922662500032,2.5119098744835355,0.1135992714449106,0.2397852610550958,1.0829951014725083,2.5119098744835355,full RL,0.0525
cold_gate,Cold start + gate,Cold gate,1,20260619_131645,202,160800,161600,800,-7.079244436789049,-5663.395549431239,-5.386523261185553,-4309.218608948442,1.692721175603496,1354.176940482797,0,0.0,0,0.0,52,0.065,0,0.0,748,0,48,48,0,0,0,4,0,4,0,4,-58.04117234363855,9.71493656717714,0.2029989353751607,3.00593949073766,0.1252914608295785,0.280706409920743,1.0937780100910337,3.00593949073766,full RL,0.065
cold_gate,Cold start + gate,Cold gate,1,20260619_131645,203,161600,162400,800,-6.717352632303038,-5373.882105842431,-5.263642541854124,-4210.914033483299,1.4537100904489149,1162.9680723591318,0,0.0,0,0.0,42,0.0525,0,0.0,758,0,36,36,0,0,0,6,0,6,0,6,-60.57654657849116,9.749714499493784,0.2044867882720666,2.8878725435420165,0.1256144950166058,0.2833590815275274,1.10927788351368,2.8878725435420165,full RL,0.0525
cold_gate,Cold start + gate,Cold gate,1,20260619_131645,204,162400,163200,800,-5.410084782353649,-4328.067825882919,-4.5643970573873,-3651.51764590984,0.8456877249663486,676.5501799730789,0,0.0,0,0.0,51,0.06375,0,0.0,749,0,46,46,0,0,0,5,0,5,0,5,-54.25131889060219,3.4210939811943537,0.1806351859471503,2.554505592880048,0.1162495120429647,0.2450208598513359,1.0993205224504092,2.554505592880048,full RL,0.06375
cold_gate,Cold start + gate,Cold gate,1,20260619_131645,205,163200,164000,800,-5.618804802458169,-4495.043841966535,-4.674711309828159,-3739.7690478625273,0.9440934926300096,755.2747941040077,0,0.0,0,0.0,51,0.06375,0,0.0,749,0,46,46,0,0,0,5,0,5,0,5,-51.05590305765293,5.535237832593605,0.1812593803146853,2.5237997588974963,0.1166499829131247,0.2458687777162458,1.093585416050916,2.5237997588974963,full RL,0.06375
cold_gate,Cold start + gate,Cold gate,1,20260619_131645,206,164000,164800,800,-7.554899246902337,-6043.9193975218695,-5.52082889639154,-4416.663117113232,2.034070350510795,1627.256280408636,0,0.0,0,0.0,47,0.05875,0,0.0,753,0,42,42,0,0,0,5,0,5,0,5,-61.90986751136359,9.837839633887262,0.203383551153248,2.9387699461793204,0.12637559095794,0.280391511348556,1.1135998039037198,2.9387699461793204,full RL,0.05875
cold_gate,Cold start + gate,Cold gate,1,20260619_131645,207,164800,165600,800,-6.703654354120812,-5362.9234832966495,-5.243779393705396,-4195.023514964317,1.4598749604154162,1167.899968332333,0,0.0,0,0.0,44,0.055,0,0.0,756,0,39,39,0,0,0,5,0,5,0,5,-61.27695625087733,9.765052423871431,0.2003248505726803,2.9387488693204773,0.1264292197817705,0.2742204813635901,1.1231829325443743,2.9387488693204773,full RL,0.055
cold_gate,Cold start + gate,Cold gate,1,20260619_131645,208,165600,166400,800,-7.387378906971739,-5909.903125577391,-5.490471546851532,-4392.377237481226,1.896907360120205,1517.5258880961642,0,0.0,0,0.0,54,0.0675,0,0.0,746,0,49,49,0,0,0,5,0,5,0,5,-61.760810005948656,10.079586893293117,0.2035579358212937,2.922017055529807,0.1268395629398759,0.2802763087027115,1.1152152218627598,2.922017055529807,full RL,0.0675
cold_gate,Cold start + gate,Cold gate,1,20260619_131645,209,166400,167200,800,-8.938072741611881,-7150.458193289505,-6.541200748587519,-5232.960598870015,2.396871993024362,1917.4975944194896,0,0.0,0,0.0,28,0.035,0,0.0,772,0,23,23,0,0,0,5,0,5,0,5,-58.91625872542522,9.96358628990754,0.234955181577369,3.0198254039444805,0.141547078420306,0.328363284734432,1.1113318787639712,3.0198254039444805,full RL,0.035
cold_gate,Cold start + gate,Cold gate,1,20260619_131645,210,167200,168000,800,-4.824941693601369,-3859.953354881096,-4.4100024319168165,-3528.001945533453,0.4149392616845533,331.95140934764265,0,0.0,0,0.0,28,0.035,0,0.0,772,0,22,22,0,0,0,6,0,6,0,6,-58.98270593360314,1.6184618830680844,0.1751262678597731,2.504547128175261,0.1154611602938748,0.2347913754256713,1.1018999386598032,2.504547128175261,full RL,0.035
cold_gate,Cold start + gate,Cold gate,1,20260619_131645,211,168000,168800,800,-7.851963994859768,-6281.571195887815,-6.050398625381324,-4840.318900305059,1.8015653694784424,1441.252295582754,0,0.0,0,0.0,17,0.02125,0,0.0,783,0,12,12,0,0,0,5,0,5,0,5,-57.76937826784945,9.885256839645283,0.2197109495817931,2.962138144146252,0.1372113705975491,0.3022105285660372,1.117912085884735,2.962138144146252,full RL,0.02125
cold_gate,Cold start + gate,Cold gate,1,20260619_131645,212,168800,169600,800,-7.744833155817064,-6195.866524653651,-6.0796908367702285,-4863.752669416183,1.6651423190468366,1332.1138552374694,0,0.0,0,0.0,14,0.0175,0,0.0,786,0,9,9,0,0,0,5,0,5,0,5,-58.20098630898531,9.859268228687434,0.2209171357857891,2.982291584629081,0.1375684583852636,0.3042658131863147,1.1137283666804447,2.982291584629081,full RL,0.0175
cold_gate,Cold start + gate,Cold gate,1,20260619_131645,213,169600,170400,800,-8.567430215394833,-6853.944172315866,-6.020686912990494,-4816.549530392395,2.546743302404339,2037.3946419234712,0,0.0,0,0.0,8,0.01,0,0.0,792,0,4,4,0,0,0,4,0,4,0,4,-58.24214091030592,19.114704465360767,0.2200510522875669,2.964712968845049,0.1267065057684296,0.3133955988067042,1.0993567308005718,2.964712968845049,full RL,0.01
cold_gate,Cold start + gate,Cold gate,1,20260619_131645,214,170400,171200,800,-6.076599955813908,-4861.279964651127,-5.170137178271163,-4136.10974261693,0.9064627775427448,725.1702220341958,0,0.0,0,0.0,6,0.0075,0,0.0,794,0,2,2,0,0,0,4,0,4,0,4,-59.25251758858292,9.72811643257192,0.1970877487747633,2.982968805515668,0.1262235683276277,0.2679519292218989,1.1102317685534708,2.982968805515668,full RL,0.0075
cold_gate,Cold start + gate,Cold gate,1,20260619_131645,215,171200,172000,800,-4.330488834789913,-3464.39106783193,-4.260886064170494,-3408.708851336395,0.0696027706194183,55.68221649553468,0,0.0,0,0.0,4,0.005,0,0.0,796,0,0,0,0,0,0,4,0,4,0,4,-60.57509867863416,1.1444176888465876,0.1667303634319126,2.5782078977659357,0.114920742728177,0.2185399841356482,1.0834183643442867,2.5782078977659357,full RL,0.005
cold_gate,Cold start + gate,Cold gate,1,20260619_131645,216,172000,172800,800,-5.129804584501503,-4103.8436676012025,-4.50334496904857,-3602.675975238856,0.6264596154529328,501.1676923623463,0,0.0,0,0.0,23,0.02875,0,0.0,777,0,19,19,0,0,0,4,0,4,0,4,-59.54737317982665,6.1172403065916345,0.1708120347901431,2.621567599464072,0.1159461746479482,0.225677894932338,1.0883210102620755,2.621567599464072,full RL,0.02875
cold_gate,Cold start + gate,Cold gate,1,20260619_131645,217,172800,173600,800,-7.300959681548882,-5840.767745239105,-5.322458437030249,-4257.966749624199,1.9785012445186323,1582.800995614906,0,0.0,0,0.0,34,0.0425,0,0.0,766,0,30,30,0,0,0,4,0,4,0,4,-59.89543024931652,17.246406905657977,0.1995228447577588,2.573102560057123,0.1153672695408687,0.2836784199746489,1.0800761816756834,2.573102560057123,full RL,0.0425
cold_gate,Cold start + gate,Cold gate,1,20260619_131645,218,173600,174400,800,-7.8199997547368545,-6255.999803789484,-6.027380842067776,-4821.9046736542205,1.7926189126690784,1434.0951301352627,0,0.0,0,0.0,24,0.03,0,0.0,776,0,19,19,0,0,0,5,0,5,0,5,-59.27257983367088,9.889411630007103,0.232754102440729,2.950399141073376,0.1317688867075019,0.3337393181739562,1.1020979479879789,2.950399141073376,full RL,0.03
cold_gate,Cold start + gate,Cold gate,1,20260619_131645,219,174400,175200,800,-8.284981086879537,-6627.984869503629,-7.18390963079554,-5747.127704636432,1.1010714560839967,880.8571648671973,0,0.0,0,0.0,49,0.06125,0,0.0,751,0,44,44,0,0,0,5,0,5,0,5,-62.22119600988253,9.919280150697729,0.3094431328376402,3.063407817152836,0.1291077902889622,0.4897784753863182,1.118432720472303,3.063407817152836,full RL,0.06125
cold_gate,Cold start + gate,Cold gate,1,20260619_131645,220,175200,176000,800,-5.6421954799991605,-4513.756383999328,-4.805047572717415,-3844.038058173932,0.8371479072817445,669.7183258253956,0,0.0,0,0.0,42,0.0525,0,0.0,758,0,38,38,0,0,0,4,0,4,0,4,-57.7670469282707,5.643751319052773,0.1877253925388126,2.6010367427186907,0.1169006457501075,0.2585501393275178,1.0813744258580678,2.6010367427186907,full RL,0.0525
cold_gate,Cold start + gate,Cold gate,1,20260619_131645,221,176000,176800,800,-6.2389047902619925,-4991.123832209594,-5.071834809417822,-4057.467847534257,1.167069980844171,933.6559846753366,0,0.0,0,0.0,46,0.0575,0,0.0,754,0,40,40,0,0,0,6,0,6,0,6,-62.50180814213115,9.821303035926162,0.1971961467684564,3.051658782845436,0.1226614173999177,0.2717308761369951,1.1184961831016629,3.051658782845436,full RL,0.0575
cold_gate,Cold start + gate,Cold gate,1,20260619_131645,222,176800,177600,800,-5.689701824375379,-4551.761459500303,-4.644999992933171,-3715.999994346536,1.0447018314422083,835.7614651537668,0,0.0,0,0.0,35,0.04375,0,0.0,765,0,31,31,0,0,0,4,0,4,0,4,-63.2902224228078,8.82204550453943,0.1819765514080809,2.592285834908864,0.1136117185253348,0.250341384290827,1.089210553919688,2.592285834908864,full RL,0.04375
cold_gate,Cold start + gate,Cold gate,1,20260619_131645,223,177600,178400,800,-7.126330637608821,-5701.064510087057,-5.513186312874121,-4410.549050299297,1.6131443247346993,1290.5154597877597,0,0.0,0,0.0,26,0.0325,0,0.0,774,0,22,22,0,0,0,4,0,4,0,4,-64.28123990913048,9.79896827420897,0.2026870241179127,2.982791477126284,0.127015562185601,0.2783584860502245,1.1121119196996685,2.982791477126284,full RL,0.0325
cold_gate,Cold start + gate,Cold gate,1,20260619_131645,224,178400,179200,800,-6.364148859397974,-5091.319087518379,-5.297707221897646,-4238.165777518117,1.0664416375003294,853.1533100002634,0,0.0,0,0.0,10,0.0125,0,0.0,790,0,5,5,0,0,0,5,0,5,0,5,-59.11040253641545,9.929988411897192,0.2000518104041897,2.996877353138359,0.1260091513153884,0.274094469492991,1.0932420859730212,2.996877353138359,full RL,0.0125
cold_gate,Cold start + gate,Cold gate,1,20260619_131645,225,179200,180000,800,-5.305117492919015,-4244.093994335212,-4.821013104322649,-3856.81048345812,0.4841043885963645,387.28351087709166,0,0.0,0,0.0,8,0.01,0,0.0,792,0,3,3,0,0,0,5,0,5,0,5,-60.30287835340107,9.83472889631928,0.1867193253904051,3.0131767118522816,0.1213209454201343,0.2521177053606758,1.1185749025427945,3.0131767118522816,full RL,0.01
cold_gate,Cold start + gate,Cold gate,1,20260619_131645,226,180000,180800,800,-4.71993388421437,-3775.947107371496,-4.382822674896523,-3506.258139917218,0.3371112093178475,269.68896745427804,0,0.0,0,0.0,24,0.03,0,0.0,776,0,19,19,0,0,0,5,0,5,0,5,-58.13426278445263,1.4394962581671662,0.1716800353338042,2.6268768668203397,0.1154589875205975,0.2279010831470108,1.0994952527677575,2.6268768668203397,full RL,0.03
cold_gate,Cold start + gate,Cold gate,1,20260619_131645,227,180800,181600,800,-6.692037210420256,-5353.6297683362045,-5.263367730962712,-4210.69418477017,1.4286694794575436,1142.935583566035,0,0.0,0,0.0,48,0.06,0,0.0,752,0,43,43,0,0,0,5,0,5,0,5,-57.3815902021064,9.669904867620955,0.1974578747011935,2.9040948045033588,0.1268774939919161,0.268038255410471,1.1016908530596048,2.9040948045033588,full RL,0.06
cold_gate,Cold start + gate,Cold gate,1,20260619_131645,228,181600,182400,800,-4.855926491953046,-3884.741193562437,-4.410025972639301,-3528.0207781114404,0.4459005193137461,356.7204154509969,0,0.0,0,0.0,29,0.03625,0,0.0,771,0,24,24,0,0,0,5,0,5,0,5,-57.14552979408427,1.7742708909940914,0.1707397517696927,2.618462598873748,0.1158100173092871,0.2256694862300983,1.099675948967216,2.618462598873748,full RL,0.03625
cold_gate,Cold start + gate,Cold gate,1,20260619_131645,229,182400,183200,800,-5.0114605607624005,-4009.16844860992,-4.470032309441653,-3576.025847553323,0.5414282513207473,433.1426010565978,0,0.0,0,0.0,35,0.04375,0,0.0,765,0,28,28,0,0,0,7,0,7,0,7,-60.25609433228101,1.6244304666985414,0.174558795023982,2.6230168447599453,0.1160620445924165,0.2330555454555476,1.09822427595221,2.6230168447599453,full RL,0.04375
cold_gate,Cold start + gate,Cold gate,1,20260619_131645,230,183200,184000,800,-5.408199304758031,-4326.5594438064245,-4.651013950948402,-3720.811160758721,0.7571853538096304,605.7482830477043,0,0.0,0,0.0,35,0.04375,0,0.0,765,0,29,29,0,0,0,6,0,6,0,6,-61.17212544125732,7.716556108591074,0.1753716526042873,2.5989173715048537,0.1157445878374343,0.2349987173711403,1.1024461750770942,2.5989173715048537,full RL,0.04375
cold_gate,Cold start + gate,Cold gate,1,20260619_131645,231,184000,184800,800,-6.624376868478122,-5299.5014947824975,-5.230977226581232,-4184.7817812649855,1.3933996418968897,1114.7197135175115,0,0.0,0,0.0,43,0.05375,0,0.0,757,0,37,37,0,0,0,6,0,6,0,6,-56.46576223254954,9.762548280273284,0.1942675115328888,2.8463609797188383,0.1267353191344857,0.2617997039312918,1.099267842699684,2.8463609797188383,full RL,0.05375
cold_gate,Cold start + gate,Cold gate,1,20260619_131645,232,184800,185600,800,-5.870282267618308,-4696.225814094647,-4.884708209958973,-3907.766567967178,0.985574057659334,788.4592461274672,0,0.0,0,0.0,36,0.045,0,0.0,764,0,30,30,0,0,0,6,0,6,0,6,-58.26936926310009,9.651032723336998,0.1846909134432534,2.883873992972042,0.1219644555390324,0.2474173713474743,1.1119882476653835,2.883873992972042,full RL,0.045
cold_gate,Cold start + gate,Cold gate,1,20260619_131645,233,185600,186400,800,-6.884485306685101,-5507.588245348081,-5.397134898328009,-4317.707918662407,1.4873504083570916,1189.8803266856733,0,0.0,0,0.0,38,0.0475,0,0.0,762,0,33,33,0,0,0,5,0,5,0,5,-59.42264668853056,10.953515387347284,0.1994962323242846,3.00485740696746,0.1277641579651585,0.2712283066834108,1.1158538055934255,3.00485740696746,full RL,0.0475
cold_gate,Cold start + gate,Cold gate,1,20260619_131645,234,186400,187200,800,-4.899179862231388,-3919.34388978511,-4.372765745138427,-3498.2125961107413,0.5264141170929606,421.1312936743685,0,0.0,0,0.0,33,0.04125,0,0.0,767,0,27,27,0,0,0,6,0,6,0,6,-57.06870223624799,2.005142393602044,0.1687166099687234,2.620961464796949,0.1151471523918298,0.2222860675456171,1.0828320599638306,2.620961464796949,full RL,0.04125
cold_gate,Cold start + gate,Cold gate,1,20260619_131645,235,187200,188000,800,-5.29708144724013,-4237.665157792104,-4.549508670400599,-3639.6069363204792,0.7475727768395309,598.0582214716247,0,0.0,0,0.0,35,0.04375,0,0.0,765,0,31,31,0,0,0,4,0,4,0,4,-57.44616468081858,5.962098416640823,0.1711426703586903,2.5974198180431927,0.1173630370509077,0.2249223036664728,1.082266305939938,2.5974198180431927,full RL,0.04375
cold_gate,Cold start + gate,Cold gate,1,20260619_131645,236,188000,188800,800,-5.9364803604889,-4749.18428839112,-4.815357735788067,-3852.2861886304536,1.1211226247008337,896.8980997606668,0,0.0,0,0.0,32,0.04,0,0.0,768,0,28,28,0,0,0,4,0,4,0,4,-61.28228813906378,11.912218941465254,0.1740248463330303,2.573430869153356,0.1191868436491239,0.2288628490169367,1.1257334845622653,2.573430869153356,full RL,0.04
cold_gate,Cold start + gate,Cold gate,1,20260619_131645,237,188800,189600,800,-7.1118238728522805,-5689.4590982818245,-5.590705731089589,-4472.564584871671,1.521118141762691,1216.8945134101527,0,0.0,0,0.0,33,0.04125,0,0.0,767,0,29,29,0,0,0,4,0,4,0,4,-57.238621263863706,9.908199993040803,0.2017159575089365,2.8761604622423533,0.1291848969943521,0.2742470180235209,1.121982136629167,2.8761604622423533,full RL,0.04125
cold_gate,Cold start + gate,Cold gate,1,20260619_131645,238,189600,190400,800,-7.468495895434177,-5974.796716347342,-5.743673542809965,-4594.938834247972,1.7248223526242108,1379.857882099369,0,0.0,0,0.0,42,0.0525,0,0.0,758,0,37,37,0,0,0,5,0,5,0,5,-56.14189641335077,9.8538564998538,0.2001753587591176,3.004912167043585,0.1307961069147599,0.2695546106034754,1.1065359981701293,3.004912167043585,full RL,0.0525
cold_gate,Cold start + gate,Cold gate,1,20260619_131645,239,190400,191200,800,-6.94941510975877,-5559.532087807016,-5.550497670670897,-4440.398136536717,1.3989174390878722,1119.1339512702978,0,0.0,0,0.0,29,0.03625,0,0.0,771,0,24,24,0,0,0,5,0,5,0,5,-58.16714962108426,9.729714392185768,0.1961237133228017,2.9510171811512578,0.1289601369351664,0.2632872897104369,1.1013277736470877,2.9510171811512578,full RL,0.03625
cold_gate,Cold start + gate,Cold gate,1,20260619_131645,240,191200,192000,800,-6.941077884670328,-5552.862307736263,-5.490715855433792,-4392.572684347034,1.4503620292365358,1160.2896233892286,0,0.0,0,0.0,26,0.0325,0,0.0,774,0,22,22,0,0,0,4,0,4,0,4,-57.973990405736345,9.784939716553916,0.1984023905801053,2.9032703018807524,0.1282545844298044,0.2685501967304062,1.130904985785639,2.9032703018807524,full RL,0.0325
cold_gate,Cold start + gate,Cold gate,1,20260619_131645,241,192000,192800,800,-6.000400291806296,-4800.320233445037,-5.159205990513203,-4127.364792410563,0.8411943012930923,672.9554410344738,0,0.0,0,0.0,12,0.015,0,0.0,788,0,6,6,0,0,0,6,0,6,0,6,-61.08339014368266,9.618732610594645,0.1927532291136459,2.9748907956756057,0.1270416975263308,0.2584647607009609,1.1014833646077444,2.9748907956756057,full RL,0.015
cold_gate,Cold start + gate,Cold gate,1,20260619_131645,242,192800,193600,800,-6.897136246274636,-5517.7089970197085,-5.345456031224696,-4276.364824979757,1.551680215049939,1241.3441720399512,0,0.0,0,0.0,28,0.035,0,0.0,772,0,23,23,0,0,0,5,0,5,0,5,-60.85646195952086,9.696019576684163,0.1984599147561864,3.0055061298205032,0.1250177321986202,0.2719020973137526,1.1087069879689433,3.0055061298205032,full RL,0.035
cold_gate,Cold start + gate,Cold gate,1,20260619_131645,243,193600,194400,800,-5.466855051580551,-4373.484041264441,-4.535410916784323,-3628.328733427458,0.931444134796228,745.1553078369823,0,0.0,0,0.0,34,0.0425,0,0.0,766,0,29,29,0,0,0,5,0,5,0,5,-60.94924385529771,6.483214582259443,0.1724673661256957,2.586910069009889,0.1145188639055358,0.2304158683458556,1.081101777297734,2.586910069009889,full RL,0.0425
cold_gate,Cold start + gate,Cold gate,1,20260619_131645,244,194400,195200,800,-4.898274386631581,-3918.619509305264,-4.217756296276807,-3374.2050370214456,0.6805180903547723,544.4144722838179,0,0.0,0,0.0,41,0.05125,0,0.0,759,0,35,35,0,0,0,6,0,6,0,6,-61.75837777412676,4.993076485139518,0.1694449366652068,2.583197569825643,0.1122356915917319,0.2266541817386818,1.076565587548619,2.583197569825643,full RL,0.05125
cold_gate,Cold start + gate,Cold gate,1,20260619_131645,245,195200,196000,800,-6.1739826714250965,-4939.186137140077,-5.00529846882043,-4004.238775056344,1.1686842026046664,934.9473620837332,0,0.0,0,0.0,29,0.03625,0,0.0,771,0,25,25,0,0,0,4,0,4,0,4,-60.7465166057151,9.668933110840928,0.1930353803009127,2.9613504796292887,0.1227504745130968,0.2633202860887286,1.0770673977063638,2.9613504796292887,full RL,0.03625
cold_gate,Cold start + gate,Cold gate,1,20260619_131645,246,196000,196800,800,-4.277024881251176,-3421.6199050009404,-4.137333906308077,-3309.867125046462,0.1396909749430973,111.75277995447787,0,0.0,0,0.0,9,0.01125,0,0.0,791,0,4,4,0,0,0,5,0,5,0,5,-61.30737541394194,2.187321102619171,0.1675330359161928,2.5530406163101134,0.1120423157914131,0.2230237560409725,1.0784118660338446,2.5530406163101134,full RL,0.01125
cold_gate,Cold start + gate,Cold gate,1,20260619_131645,247,196800,197600,800,-4.201875060830324,-3361.50004866426,-4.100462364196784,-3280.369891357427,0.1014126966335399,81.13015730683196,0,0.0,0,0.0,6,0.0075,0,0.0,794,0,1,1,0,0,0,5,0,5,0,5,-60.23626860380944,2.119874731302261,0.1643842420520017,2.547622404927722,0.112012044249185,0.2167564398548184,1.0722346876524256,2.547622404927722,full RL,0.0075
cold_gate,Cold start + gate,Cold gate,1,20260619_131645,248,197600,198400,800,-7.900712033010634,-6320.569626408507,-6.026621280852787,-4821.29702468223,1.874090752157848,1499.272601726278,0,0.0,0,0.0,10,0.0125,0,0.0,790,0,5,5,0,0,0,5,0,5,0,5,-58.50624652817805,9.741997629334833,0.2168622594601308,2.95871174331279,0.1339477413159648,0.2997767776042969,1.0977968462256888,2.95871174331279,full RL,0.0125
cold_gate,Cold start + gate,Cold gate,1,20260619_131645,249,198400,199200,800,-7.542226875323068,-6033.781500258454,-5.861050384220104,-4688.840307376084,1.681176491102962,1344.9411928823697,0,0.0,0,0.0,17,0.02125,0,0.0,783,0,12,12,0,0,0,5,0,5,0,5,-58.261058278557584,9.745384310723988,0.216645739373853,2.949936886692626,0.134402884668223,0.2988885940794831,1.0963657323071767,2.949936886692626,full RL,0.02125
cold_gate,Cold start + gate,Cold gate,1,20260619_131645,250,199200,200000,800,-6.066187070648624,-4852.949656518899,-4.989608983669965,-3991.687186935972,1.0765780869786576,861.2624695829262,0,0.0,0,0.0,24,0.03,0,0.0,776,0,20,20,0,0,0,4,0,4,0,4,-57.6706095108193,9.729201020363853,0.1920263224010513,2.907114395712142,0.1235546982007842,0.2604979466013184,1.098830279615982,2.907114395712142,full RL,0.03
cold_gate,Cold start + gate,Cold gate,1,20260619_131645,251,200000,200800,800,-6.936236699797239,-5548.989359837791,-5.368583035917187,-4294.86642873375,1.567653663880052,1254.1229311040415,0,0.0,0,0.0,34,0.0425,0,0.0,766,0,28,28,0,0,0,6,0,6,0,6,-60.63612520722097,9.644695439536138,0.2020937445215312,2.925390843111757,0.1247820653332018,0.2794054237098607,1.09209496613332,2.925390843111757,full RL,0.0425
cold_gate,Cold start + gate,Cold gate,1,20260619_131645,252,200800,201600,800,-7.433462019967525,-5946.76961597402,-5.4986633215441865,-4398.930657235349,1.93479869842334,1547.838958738672,0,0.0,0,0.0,37,0.04625,0,0.0,763,0,31,31,0,0,0,6,0,6,0,6,-60.99060153100481,9.570603220427625,0.1999335178748003,2.964790468137835,0.1236313876360255,0.2762356481135752,1.0724305138451684,2.964790468137835,full RL,0.04625
cold_gate,Cold start + gate,Cold gate,1,20260619_131645,253,201600,202400,800,-7.633589642509719,-6106.871714007775,-5.579737673479067,-4463.7901387832535,2.053851969030652,1643.0815752245212,0,0.0,0,0.0,40,0.05,0,0.0,760,0,34,34,0,0,0,6,0,6,0,6,-61.75072195482767,9.586697771542903,0.2021226303560406,2.928675590897285,0.1244023197726198,0.2798429409394614,1.069613498032512,2.928675590897285,full RL,0.05
cold_gate,Cold start + gate,Cold gate,1,20260619_131645,254,202400,203200,800,-6.5291134387387135,-5223.290750990971,-5.058307055053696,-4046.645644042957,1.4708063836850187,1176.645106948015,0,0.0,0,0.0,47,0.05875,0,0.0,753,0,39,39,0,0,0,8,0,8,0,8,-60.552328702743694,9.629835495020483,0.1989165990771425,3.014247331667093,0.1236305527561128,0.2742026453981723,1.087369429715309,3.014247331667093,full RL,0.05875
cold_gate,Cold start + gate,Cold gate,1,20260619_131645,255,203200,204000,800,-7.61450147936967,-6091.601183495736,-5.710532299273191,-4568.425839418553,1.90396918009648,1523.1753440771838,0,0.0,0,0.0,38,0.0475,0,0.0,762,0,31,31,0,0,0,7,0,7,0,7,-59.409627563865456,9.958842319963352,0.2157317435057917,2.939291178772919,0.1303649849915194,0.301098502020064,1.0898692463451345,2.939291178772919,full RL,0.0475
cold_gate,Cold start + gate,Cold gate,1,20260619_131645,256,204000,204800,800,-6.623549378638281,-5298.839502910625,-5.163096336591619,-4130.477069273296,1.4604530420466606,1168.3624336373284,0,0.0,0,0.0,30,0.0375,0,0.0,770,0,26,26,0,0,0,4,0,4,0,4,-59.59739988294336,9.647752749767031,0.1969141912411684,2.9590249678550435,0.1230955394131853,0.2707328430691515,1.0725598320613634,2.9590249678550435,full RL,0.0375
cold_gate,Cold start + gate,Cold gate,1,20260619_131645,257,204800,205600,800,-9.157993506901006,-7326.394805520805,-6.415238544313208,-5132.190835450567,2.742754962587797,2194.2039700702376,0,0.0,0,0.0,29,0.03625,0,0.0,771,0,24,24,0,0,0,5,0,5,0,5,-59.93452906803873,11.241984238633313,0.2289476903502538,3.046528174712421,0.1342608348205274,0.3236345458799802,1.08257870077867,3.046528174712421,full RL,0.03625
cold_gate,Cold start + gate,Cold gate,1,20260619_131645,258,205600,206400,800,-7.888181677012133,-6310.545341609706,-5.953027986337264,-4762.422389069811,1.935153690674867,1548.1229525398935,0,0.0,0,0.0,31,0.03875,0,0.0,769,0,26,26,0,0,0,5,0,5,0,5,-60.64811149017294,9.659968972181415,0.2274860516484577,3.035678258150199,0.1332772636395509,0.3216948396573645,1.0722363934430246,3.035678258150199,full RL,0.03875
cold_gate,Cold start + gate,Cold gate,1,20260619_131645,259,206400,207200,800,-6.550296153857467,-5240.236923085973,-5.285978817580396,-4228.783054064317,1.2643173362770703,1011.4538690216564,0,0.0,0,0.0,23,0.02875,0,0.0,777,0,19,19,0,0,0,4,0,4,0,4,-59.55752953899844,9.69241957528464,0.2084847540144512,3.006929501086404,0.1241935147589579,0.2927759932699444,1.0685283925731186,3.006929501086404,full RL,0.02875
cold_gate,Cold start + gate,Cold gate,1,20260619_131645,260,207200,208000,800,-5.456493261680813,-4365.19460934465,-4.838174737322239,-3870.539789857791,0.6183185243585738,494.6548194868591,0,0.0,0,0.0,29,0.03625,0,0.0,771,0,23,23,0,0,0,6,0,6,0,6,-65.40810398996825,3.764240752397963,0.1934328789789638,2.60854610318421,0.1184622331699431,0.2684035247879845,1.0630554732892563,2.60854610318421,full RL,0.03625
cold_gate,Cold start + gate,Cold gate,1,20260619_131645,261,208000,208800,800,-16.72367797525471,-13378.942380203767,-13.658229229365125,-10926.5833834921,3.0654487458895834,2452.358996711667,0,0.0,0,0.0,35,0.04375,0,0.0,765,0,31,31,0,0,0,4,0,4,0,4,-58.1239918817746,10.152645062927467,0.4810320574020996,3.170380303763693,0.1552734199785856,0.8067906948256135,1.0747050754208032,3.170380303763693,full RL,0.04375
cold_gate,Cold start + gate,Cold gate,1,20260619_131645,262,208800,209600,800,-18.172152093205888,-14537.72167456471,-15.09921908548738,-12079.375268389904,3.0729330077185053,2458.346406174804,0,0.0,0,0.0,47,0.05875,0,0.0,753,0,43,43,0,0,0,4,0,4,0,4,-62.25151788010305,8.364983920967934,0.5153352667664827,3.731159306833149,0.1460415520234122,0.884628981509553,1.0673920980041678,3.731159306833149,full RL,0.05875
cold_gate,Cold start + gate,Cold gate,1,20260619_131645,263,209600,210400,800,-6.2842792167808526,-5027.423373424682,-5.105871254584594,-4084.6970036676753,1.1784079621962569,942.7263697570054,0,0.0,0,0.0,31,0.03875,0,0.0,769,0,26,26,0,0,0,5,0,5,0,5,-58.06607143508745,9.56073759269814,0.1977696266188426,2.926394120855377,0.1248672019202022,0.2706720513174831,1.087826059689943,2.926394120855377,full RL,0.03875
cold_gate,Cold start + gate,Cold gate,1,20260619_131645,264,210400,211200,800,-4.744551207965301,-3795.640966372241,-4.183235987910898,-3346.5887903287185,0.5613152200544033,449.0521760435226,0,0.0,0,0.0,35,0.04375,0,0.0,765,0,28,28,0,0,0,7,0,7,0,7,-58.23107247422274,1.9668198955059069,0.1682853519300717,2.4858053549718875,0.1127924924057431,0.2237782114544003,1.0689335050951514,2.4858053549718875,full RL,0.04375
cold_gate,Cold start + gate,Cold gate,1,20260619_131645,265,211200,212000,800,-7.784630280766359,-6227.704224613088,-5.487438184268927,-4389.950547415142,2.297192096497432,1837.7536771979453,0,0.0,0,0.0,61,0.07625,0,0.0,739,0,54,54,0,0,0,6,1,6,1,6,-57.91555689927384,9.5561491146032,0.1957292509933523,2.928448431184165,0.1251942365151521,0.2662642654715525,1.101853084064954,2.928448431184165,full RL,0.07625
cold_gate,Cold start + gate,Cold gate,1,20260619_131645,266,212000,212800,800,-8.858525254412614,-7086.820203530091,-6.304436572580754,-5043.549258064603,2.55408868183186,2043.270945465488,0,0.0,0,0.0,42,0.0525,0,0.0,758,0,36,36,0,0,0,6,0,6,0,6,-57.41936970421875,9.68699805261784,0.2276055234170275,3.0493114435062694,0.135433460684613,0.3197775861494421,1.1080555191091332,3.0493114435062694,full RL,0.0525
cold_gate,Cold start + gate,Cold gate,1,20260619_131645,267,212800,213600,800,-9.093814923306006,-7275.051938644805,-6.345251998117533,-5076.201598494026,2.748562925188474,2198.850340150779,0,0.0,0,0.0,53,0.06625,0,0.0,747,0,47,47,0,0,0,6,0,6,0,6,-57.39767773882329,9.72927163980521,0.2215842048655741,2.9910443557288886,0.1363535253838952,0.3068148843472531,1.1007517296480187,2.9910443557288886,full RL,0.06625
cold_gate,Cold start + gate,Cold gate,1,20260619_131645,268,213600,214400,800,-6.884099978277718,-5507.279982622174,-5.281980455368982,-4225.584364295186,1.6021195229087348,1281.695618326988,0,0.0,0,0.0,42,0.0525,0,0.0,758,0,36,36,0,0,0,6,0,6,0,6,-59.969563660432414,9.672519036649865,0.1979202101983799,2.952646641916885,0.1249948039929165,0.2708456164038433,1.0949136777423134,2.952646641916885,full RL,0.0525
cold_gate,Cold start + gate,Cold gate,1,20260619_131645,269,214400,215200,800,-6.164771942636432,-4931.817554109146,-5.081355432890438,-4065.08434631235,1.0834165097459934,866.7332077967947,0,0.0,0,0.0,22,0.0275,0,0.0,778,0,18,18,0,0,0,4,0,4,0,4,-58.436408677777536,9.702977215136404,0.1983004195867106,3.014650227141772,0.1242437453737012,0.27235709379972,1.0718832882635687,3.014650227141772,full RL,0.0275
cold_gate,Cold start + gate,Cold gate,1,20260619_131645,270,215200,216000,800,-7.881824073590013,-6305.459258872011,-5.800945093291723,-4640.756074633378,2.080878980298292,1664.7031842386336,0,0.0,0,0.0,24,0.03,0,0.0,776,0,21,21,0,0,0,3,0,3,0,3,-60.10229148056612,14.131533921652796,0.2052488703476362,2.923431558987943,0.1263325535730474,0.2841651871222251,1.1025046991573766,2.923431558987943,full RL,0.03
cold_gate,Cold start + gate,Cold gate,1,20260619_131645,271,216000,216800,800,-6.4221060384331405,-5137.6848307465125,-5.172345897636615,-4137.876718109292,1.2497601407965255,999.8081126372203,0,0.0,0,0.0,27,0.03375,0,0.0,773,0,22,22,0,0,0,5,0,5,0,5,-57.319798481421685,9.735452724338748,0.2008959192591813,2.985949295268256,0.1252125696773362,0.2765792688410264,1.0969841855198372,2.985949295268256,full RL,0.03375
cold_gate,Cold start + gate,Cold gate,1,20260619_131645,272,216800,217600,800,-5.201944208468531,-4161.5553667748245,-4.559820266505589,-3647.856213204472,0.6421239419629415,513.6991535703532,0,0.0,0,0.0,22,0.0275,0,0.0,778,0,19,19,0,0,0,3,0,3,0,3,-56.46435294251444,7.667496030769131,0.1756572661549081,2.645966208284449,0.1146626288411485,0.2366519034686678,1.0704904962017774,2.645966208284449,full RL,0.0275
cold_gate,Cold start + gate,Cold gate,1,20260619_131645,273,217600,218400,800,-9.369963244697592,-7495.970595758074,-6.697416181491678,-5357.932945193343,2.672547063205915,2138.037650564732,0,0.0,0,0.0,41,0.05125,0,0.0,759,0,38,38,0,0,0,3,0,3,0,3,-55.40125278193796,10.761324155005164,0.2352657928860117,2.894152910564856,0.1418549257128512,0.3286766600591722,1.0882919113554874,2.894152910564856,full RL,0.05125
cold_gate,Cold start + gate,Cold gate,1,20260619_131645,274,218400,219200,800,-5.11663498830842,-4093.307990646736,-4.387042481987361,-3509.633985589889,0.7295925063210581,583.6740050568465,0,0.0,0,0.0,47,0.05875,0,0.0,753,0,41,41,0,0,0,6,0,6,0,6,-55.942799741221165,2.3473684513568878,0.1803399393495085,2.6436321894782395,0.1139289757634089,0.2467509029356081,1.0737963532233985,2.6436321894782395,full RL,0.05875
cold_gate,Cold start + gate,Cold gate,1,20260619_131645,275,219200,220000,800,-7.832704970069424,-6266.163976055539,-5.887518085101461,-4710.014468081169,1.945186884967963,1556.1495079743704,0,0.0,0,0.0,32,0.04,0,0.0,768,0,28,28,0,0,0,4,0,4,0,4,-58.22710207245086,9.81280788468672,0.2236146713320281,3.0392885765994606,0.1332282327619223,0.314001109902134,1.0856015946550437,3.0392885765994606,full RL,0.04
cold_gate,Cold start + gate,Cold gate,1,20260619_131645,276,220000,220800,800,-6.356294889502947,-5085.035911602357,-5.060519335740768,-4048.415468592615,1.2957755537621796,1036.6204430097437,0,0.0,0,0.0,37,0.04625,0,0.0,763,0,33,33,0,0,0,4,0,4,0,4,-57.98242394814133,9.749785711451496,0.1985241166675089,3.000292314358717,0.1238387461486526,0.2732094871863652,1.0751838082763123,3.000292314358717,full RL,0.04625
cold_gate,Cold start + gate,Cold gate,1,20260619_131645,277,220800,221600,800,-7.265572410529418,-5812.457928423534,-5.248987889786147,-4199.190311828917,2.01658452074327,1613.267616594616,0,0.0,0,0.0,45,0.05625,0,0.0,755,0,41,41,0,0,0,4,0,4,0,4,-57.25414509324492,9.664767117765932,0.1985024530469422,2.9790292111813983,0.1220026708355401,0.2750022352583443,1.0699361309237565,2.9790292111813983,full RL,0.05625
cold_gate,Cold start + gate,Cold gate,1,20260619_131645,278,221600,222400,800,-8.546229238826202,-6836.983391060961,-6.040832424393415,-4832.665939514732,2.505396814432786,2004.3174515462288,0,0.0,0,0.0,54,0.0675,0,0.0,746,0,48,48,0,0,0,6,0,6,0,6,-57.56881943669862,9.760536342154394,0.2241490855869651,3.059754014970622,0.1344071204859145,0.3138910506880156,1.0855717989420497,3.059754014970622,full RL,0.0675
cold_gate,Cold start + gate,Cold gate,1,20260619_131645,279,222400,223200,800,-6.804419955898591,-5443.5359647188725,-5.195175573397073,-4156.1404587176585,1.609244382501517,1287.3955060012136,0,0.0,0,0.0,40,0.05,0,0.0,760,0,35,35,0,0,0,5,0,5,0,5,-57.57481225123831,9.77850299290571,0.1993359212853665,3.039523281361653,0.1243673129737263,0.2743045295970067,1.0790609739890238,3.039523281361653,full RL,0.05
cold_gate,Cold start + gate,Cold gate,1,20260619_131645,280,223200,224000,800,-4.73608172277088,-3788.865378216704,-4.233067393604468,-3386.4539148835743,0.5030143291664114,402.4114633331292,0,0.0,0,0.0,26,0.0325,0,0.0,774,0,22,22,0,0,0,4,0,4,0,4,-59.164318788903074,4.41475420054436,0.1718933564630266,2.648064410059078,0.1124524020185931,0.2313343109074601,1.0629964783005872,2.648064410059078,full RL,0.0325
cold_gate,Cold start + gate,Cold gate,1,20260619_131645,281,224000,224800,800,-4.757124591149875,-3805.6996729199,-4.206487433595729,-3365.1899468765832,0.5506371575541459,440.50972604331673,0,0.0,0,0.0,28,0.035,0,0.0,772,0,22,22,0,0,0,6,0,6,0,6,-61.422149198628745,5.350948544607075,0.1704470772453357,2.593553726736332,0.1126277095044117,0.2282664449862596,1.05733430560324,2.593553726736332,full RL,0.035
cold_gate,Cold start + gate,Cold gate,1,20260619_131645,282,224800,225600,800,-4.836226941379866,-3868.981553103893,-4.305026779903032,-3444.021423922425,0.5312001614768356,424.96012918146846,0,0.0,0,0.0,24,0.03,0,0.0,776,0,20,20,0,0,0,4,0,4,0,4,-60.56351450311229,5.565589081109312,0.1748927805937598,2.6454861268439918,0.1127481275598281,0.2370374336276916,1.0688968015580698,2.6454861268439918,full RL,0.03
cold_gate,Cold start + gate,Cold gate,1,20260619_131645,283,225600,226400,800,-4.475539393836506,-3580.4315150692046,-4.169790873464954,-3335.832698771963,0.3057485203715525,244.598816297242,0,0.0,0,0.0,17,0.02125,0,0.0,783,0,14,14,0,0,0,3,0,3,0,3,-58.75448063825445,3.495434761544293,0.1680871755387707,2.5749267492319063,0.1127728965280574,0.2234014545494841,1.0668534185945524,2.5749267492319063,full RL,0.02125
cold_gate,Cold start + gate,Cold gate,1,20260619_131645,284,226400,227200,800,-5.284851963636711,-4227.881570909369,-4.656922518167051,-3725.538014533641,0.6279294454696596,502.3435563757277,0,0.0,0,0.0,11,0.01375,0,0.0,789,0,7,7,0,0,0,4,0,4,0,4,-59.57167127724142,9.749889730230432,0.1849954277464227,2.998467617890526,0.1194307406041807,0.2505601148886647,1.0847562229315275,2.998467617890526,full RL,0.01375
cold_gate,Cold start + gate,Cold gate,1,20260619_131645,285,227200,228000,800,-4.451807144125796,-3561.445715300637,-4.1925606660475045,-3354.048532838004,0.2592464780782906,207.3971824626325,0,0.0,0,0.0,15,0.01875,0,0.0,785,0,9,9,0,0,0,6,0,6,0,6,-60.87643803618846,2.1871937059093653,0.1727081409112881,2.5960760455138825,0.1133431719726373,0.2320731098499389,1.073846776073332,2.5960760455138825,full RL,0.01875
cold_gate,Cold start + gate,Cold gate,1,20260619_131645,286,228000,228800,800,-5.321655998431006,-4257.324798744805,-4.661591457091729,-3729.273165673384,0.6600645413392755,528.0516330714204,0,0.0,0,0.0,18,0.0225,0,0.0,782,0,12,12,0,0,0,6,0,6,0,6,-60.33908237061837,9.692237828010152,0.1874682237616495,2.9726105608224884,0.1196330628327319,0.2553033846905671,1.0980388250118058,2.9726105608224884,full RL,0.0225
cold_gate,Cold start + gate,Cold gate,1,20260619_131645,287,228800,229600,800,-6.323296847910814,-5058.637478328651,-5.133698490754679,-4106.958792603743,1.1895983571561335,951.678685724907,0,0.0,0,0.0,26,0.0325,0,0.0,774,0,20,20,0,0,0,6,0,6,0,6,-59.38872290556401,9.686337781263765,0.2015977838577164,2.990145771969821,0.1246630098996494,0.2785325578157834,1.100353076906647,2.990145771969821,full RL,0.0325
cold_gate,Cold start + gate,Cold gate,1,20260619_131645,288,229600,230400,800,-4.981283146832416,-3985.026517465933,-4.37577518312967,-3500.620146503736,0.6055079637027458,484.4063709621967,0,0.0,0,0.0,32,0.04,0,0.0,768,0,26,26,0,0,0,6,0,6,0,6,-61.47836171250742,3.624362288926913,0.179339319372739,2.6106212407858607,0.1141682668083582,0.2445103719371198,1.0838625499495085,2.6106212407858607,full RL,0.04
cold_gate,Cold start + gate,Cold gate,1,20260619_131645,289,230400,231200,800,-5.281710669550739,-4225.368535640591,-4.429236180140952,-3543.3889441127617,0.8524744894097878,681.9795915278302,0,0.0,0,0.0,33,0.04125,0,0.0,767,0,27,27,0,0,0,6,0,6,0,6,-59.88624930672006,4.292372096809023,0.1746111250115733,2.5773503341735022,0.1129763783309124,0.2362458716922341,1.0842459649847274,2.5773503341735022,full RL,0.04125
cold_gate,Cold start + gate,Cold gate,1,20260619_131645,290,231200,232000,800,-5.702985192051618,-4562.388153641295,-4.821695966576549,-3857.356773261239,0.8812892254750689,705.0313803800551,0,0.0,0,0.0,25,0.03125,0,0.0,775,0,19,19,0,0,0,6,0,6,0,6,-61.14542912500883,9.82092394027855,0.1917704842518751,3.0494338312690843,0.120242227605706,0.2632987408980442,1.0955265259624525,3.0494338312690843,full RL,0.03125
cold_gate,Cold start + gate,Cold gate,1,20260619_131645,291,232000,232800,800,-6.98480245008329,-5587.841960066632,-5.5155566596495085,-4412.445327719607,1.4692457904337806,1175.3966323470245,0,0.0,0,0.0,32,0.04,0,0.0,768,0,29,29,0,0,0,3,0,3,0,3,-62.17158785932395,9.838813845047437,0.201183927160492,2.98147732653689,0.1285356157115948,0.2738322386093893,1.1145325218074258,2.98147732653689,full RL,0.04
cold_gate,Cold start + gate,Cold gate,1,20260619_131645,292,232800,233600,800,-6.630232147854752,-5304.185718283801,-5.348124257501849,-4278.499406001479,1.282107890352903,1025.6863122823224,0,0.0,0,0.0,29,0.03625,0,0.0,771,0,25,25,0,0,0,4,0,4,0,4,-61.69508875879546,9.733626755550205,0.2028115058556342,2.9819847728568902,0.1268189311835334,0.278804080527735,1.1100878370940062,2.9819847728568902,full RL,0.03625
cold_gate,Cold start + gate,Cold gate,1,20260619_131645,293,233600,234400,800,-6.740380646567988,-5392.30451725439,-5.387903672618539,-4310.322938094831,1.352476973949447,1081.981579159558,0,0.0,0,0.0,39,0.04875,0,0.0,761,0,34,34,0,0,0,5,0,5,0,5,-63.17189760401402,9.84327033878559,0.2096984552076747,3.006607683815787,0.1269690380783031,0.2924278723370463,1.1111099700758191,3.006607683815787,full RL,0.04875
cold_gate,Cold start + gate,Cold gate,1,20260619_131645,294,234400,235200,800,-5.254500614869557,-4203.600491895646,-4.542185027413876,-3633.7480219311,0.7123155874556829,569.8524699645463,0,0.0,0,0.0,40,0.05,0,0.0,760,0,37,37,0,0,0,3,0,3,0,3,-60.66446182552113,2.5492730054794093,0.1803780835810948,2.68875810225353,0.1162031724932137,0.2445529946689758,1.0896218303429754,2.68875810225353,full RL,0.05
cold_gate,Cold start + gate,Cold gate,1,20260619_131645,295,235200,236000,800,-6.961177067306567,-5568.941653845253,-5.432512901146922,-4346.010320917538,1.528664166159644,1222.9313329277152,0,0.0,0,0.0,49,0.06125,0,0.0,751,0,46,46,0,0,0,3,0,3,0,3,-62.99141632111957,9.767947107834829,0.2125105844430182,3.0354394933569324,0.1265085032818588,0.2985126656041776,1.1107553880984145,3.0354394933569324,full RL,0.06125
cold_gate,Cold start + gate,Cold gate,1,20260619_131645,296,236000,236800,800,-6.699251011368367,-5359.400809094694,-5.258309458201892,-4206.6475665615135,1.4409415531664755,1152.7532425331804,0,0.0,0,0.0,46,0.0575,0,0.0,754,0,42,42,0,0,0,4,0,4,0,4,-62.56312534392976,9.947174256573703,0.2077064023827895,3.115038442636888,0.1250102308286412,0.2904025739369378,1.101682674245103,3.115038442636888,full RL,0.0575
cold_gate,Cold start + gate,Cold gate,1,20260619_131645,297,236800,237600,800,-6.042713803378663,-4834.17104270293,-4.985019451312854,-3988.0155610502834,1.0576943520658073,846.1554816526459,0,0.0,0,0.0,37,0.04625,0,0.0,763,0,34,34,0,0,0,3,0,3,0,3,-61.92284188221765,10.046092384629944,0.1904679045040914,3.0288664370013407,0.1218546070777736,0.2590812019304093,1.0980793946769611,3.0288664370013407,full RL,0.04625
cold_gate,Cold start + gate,Cold gate,1,20260619_131645,298,237600,238400,800,-6.771817523887264,-5417.454019109811,-5.380713969095864,-4304.571175276691,1.3911035547913997,1112.8828438331198,0,0.0,0,0.0,44,0.055,0,0.0,756,0,40,40,0,0,0,4,0,4,0,4,-60.0934002421634,9.906986682344549,0.207046437364411,3.0515913781405857,0.127484600574438,0.286608274154384,1.1061265457209704,3.0515913781405857,full RL,0.055
cold_gate,Cold start + gate,Cold gate,1,20260619_131645,299,238400,239200,800,-5.2973580906392,-4237.88647251136,-4.620439210580969,-3696.351368464775,0.6769188800582299,541.5351040465839,0,0.0,0,0.0,40,0.05,0,0.0,760,0,35,35,0,0,0,5,0,5,0,5,-61.16206838810285,3.928113219949518,0.1822951641446172,2.608058741609966,0.1172318440550661,0.2473584842341683,1.0896721137779966,2.608058741609966,full RL,0.05
cold_gate,Cold start + gate,Cold gate,1,20260619_131645,300,239200,240000,800,-5.718233066065497,-4574.586452852397,-4.889191275338935,-3911.353020271148,0.8290417907265618,663.2334325812494,0,0.0,0,0.0,30,0.0375,0,0.0,770,0,26,26,0,0,0,4,0,4,0,4,-61.68180958652579,9.862012304015838,0.1905299249651686,3.06202643780216,0.1223212620606354,0.2587385878697019,1.104544153721129,3.06202643780216,full RL,0.0375
cold_gate,Cold start + gate,Cold gate,2,20260619_174127,1,0,800,800,-9.601462556978658,-7681.170045582927,-9.601462556978658,-7681.170045582927,0.0,0.0,0,0.0,0,0.0,0,0.0,0,0.0,800,0,0,0,0,0,0,0,0,0,0,0,-15.463494494453217,0.0,0.3316832001089158,2.9821420030287413,0.166554611254495,0.4968117889633366,1.1007910670445606,2.9821420030287413,teacher critic,0.0
cold_gate,Cold start + gate,Cold gate,2,20260619_174127,2,800,1600,800,-12.552211505021596,-10041.769204017275,-12.552211505021596,-10041.769204017275,0.0,0.0,0,0.0,0,0.0,0,0.0,0,0.0,800,0,0,0,0,0,0,0,0,0,0,0,-15.56817795838927,0.0,0.3789783764291748,2.982237696539812,0.1915827642435292,0.5663739886148204,1.0992230932827782,2.982237696539812,teacher critic,0.0
cold_gate,Cold start + gate,Cold gate,2,20260619_174127,3,1600,2400,800,-12.52247679247104,-10017.98143397683,-12.52247679247104,-10017.98143397683,0.0,0.0,0,0.0,0,0.0,0,0.0,0,0.0,800,0,0,0,0,0,0,0,0,0,0,0,-15.460908491108682,0.0,0.3785104610846727,2.980680979299507,0.1914350511294635,0.5655858710398819,1.101511496003908,2.980680979299507,teacher critic,0.0
cold_gate,Cold start + gate,Cold gate,2,20260619_174127,4,2400,3200,800,-12.62888154131262,-10103.105233050095,-12.62888154131262,-10103.105233050095,0.0,0.0,0,0.0,0,0.0,0,0.0,0,0.0,800,0,0,0,0,0,0,0,0,0,0,0,-15.364282572992863,0.0,0.3805419596565275,2.975963211959595,0.1919624944280647,0.5691214248849903,1.100828041816523,2.975963211959595,teacher critic,0.0
cold_gate,Cold start + gate,Cold gate,2,20260619_174127,5,3200,4000,800,-12.609332847438315,-10087.466277950654,-12.609332847438315,-10087.466277950654,0.0,0.0,0,0.0,0,0.0,0,0.0,0,0.0,800,0,0,0,0,0,0,0,0,0,0,0,-15.623118958637264,0.0,0.3807828908256671,3.0039445097096973,0.1917950652437041,0.56977071640763,1.0989485457611017,3.0039445097096973,teacher critic,0.0
cold_gate,Cold start + gate,Cold gate,2,20260619_174127,6,4000,4800,800,-12.53455033860183,-10027.640270881464,-12.53455033860183,-10027.640270881464,0.0,0.0,0,0.0,0,0.0,0,0.0,0,0.0,800,0,0,0,0,0,0,0,0,0,0,0,-15.49954640183779,0.0,0.3783461704540842,2.97493622445478,0.1915687708511927,0.5651235700569758,1.1018185594675032,2.97493622445478,teacher critic,0.0
cold_gate,Cold start + gate,Cold gate,2,20260619_174127,7,4800,5600,800,-12.592846859758522,-10074.277487806818,-12.592846859758522,-10074.277487806818,0.0,0.0,0,0.0,0,0.0,0,0.0,0,0.0,800,0,0,0,0,0,0,0,0,0,0,0,-15.366957124907287,0.0,0.3800458221495617,2.969092563325546,0.1917970340368014,0.5682946102623221,1.1003729505567112,2.969092563325546,teacher critic,0.0
cold_gate,Cold start + gate,Cold gate,2,20260619_174127,8,5600,6400,800,-12.549979933023025,-10039.98394641842,-12.549979933023025,-10039.98394641842,0.0,0.0,0,0.0,0,0.0,0,0.0,0,0.0,800,0,0,0,0,0,0,0,0,0,0,0,-15.664323197679437,0.0,0.3802652000671914,2.984456256548242,0.191157579362642,0.5693728207717409,1.1001773808201745,2.984456256548242,teacher critic,0.0
cold_gate,Cold start + gate,Cold gate,2,20260619_174127,9,6400,7200,800,-12.702217109633922,-10161.773687707138,-12.702217109633922,-10161.773687707138,0.0,0.0,0,0.0,0,0.0,0,0.0,0,0.0,800,0,0,0,0,0,0,0,0,0,0,0,-15.72760744894427,0.0,0.38148473063897,2.994193136966089,0.1926489245020671,0.5703205367758728,1.103930576405991,2.994193136966089,teacher critic,0.0
cold_gate,Cold start + gate,Cold gate,2,20260619_174127,10,7200,8000,800,-12.618781632405316,-10095.025305924251,-12.618781632405316,-10095.025305924251,0.0,0.0,0,0.0,0,0.0,0,0.0,0,0.0,800,0,0,0,0,0,0,0,0,0,0,0,-15.3689014507718,0.0,0.3805178250038961,2.967297464070498,0.1919501220379849,0.5690855279698073,1.1005615044462136,2.967297464070498,teacher critic,0.0
cold_gate,Cold start + gate,Cold gate,2,20260619_174127,11,8000,8800,800,-22.03701262850041,-17629.610102800325,-21.486532113636,-17189.225690908803,0.5504805148644006,440.3844118915205,0,0.0,0,0.0,43,0.05375,0,0.0,757,0,27,27,0,0,0,16,0,16,0,16,-49.151358532569134,0.6296444114285737,0.4669725294949471,3.183523900308842,0.2510023064030263,0.6829427525868681,1.0993367947240156,3.183523900308842,handoff,0.05375
cold_gate,Cold start + gate,Cold gate,2,20260619_174127,12,8800,9600,800,-20.22010918484872,-16176.087347878973,-19.43089464762633,-15544.715718101066,0.7892145372223811,631.3716297779049,0,0.0,0,0.0,49,0.06125,0,0.0,751,0,46,46,0,0,0,3,0,3,0,3,-36.26325138502324,1.9042189633398383,0.4415769508436904,2.712699045089778,0.2300588166311638,0.6530950850562169,0.947730551672274,2.712699045089778,handoff,0.06125
cold_gate,Cold start + gate,Cold gate,2,20260619_174127,13,9600,10400,800,-26.48809319597482,-21190.474556779856,-25.81292460017148,-20650.339680137185,0.6751685958033457,540.1348766426765,0,0.0,0,0.0,41,0.05125,0,0.0,759,0,36,36,0,0,0,5,0,5,0,5,-50.746968672083085,3.023110547216957,0.653284699052319,2.2314919335917693,0.2253657940299057,1.0812036040747324,0.9326395603872086,2.2314919335917693,handoff,0.05125
cold_gate,Cold start + gate,Cold gate,2,20260619_174127,14,10400,11200,800,-16.84552416408587,-13476.419331268697,-15.987875995182243,-12790.300796145795,0.8576481689036285,686.1185351229028,0,0.0,0,0.0,45,0.05625,0,0.0,755,0,35,35,0,0,0,10,0,10,0,10,-69.6667862413218,4.862097878979214,0.4746772066411901,2.828993994328016,0.1879802173700605,0.7613741959123197,1.1772592873350587,2.828993994328016,handoff,0.05625
cold_gate,Cold start + gate,Cold gate,2,20260619_174127,15,11200,12000,800,-10.116709508332574,-8093.367606666059,-9.26664143022453,-7413.313144179623,0.8500680781080436,680.0544624864349,0,0.0,0,0.0,49,0.06125,0,0.0,751,0,44,44,0,0,0,5,0,5,0,5,-57.2755732560787,3.3093994188756515,0.3328931655273339,2.6842649323118053,0.1527670698696276,0.5130192611850402,1.144560629572212,2.6842649323118053,handoff,0.06125
cold_gate,Cold start + gate,Cold gate,2,20260619_174127,16,12000,12800,800,-8.82802799540528,-7062.422396324224,-8.031304421369736,-6425.043537095789,0.7967235740355443,637.3788592284354,0,0.0,0,0.0,41,0.05125,0,0.0,759,0,40,40,0,0,0,1,0,1,0,1,-48.72857532291988,5.179781902575309,0.2806635284844799,2.780588916269778,0.1480699754568298,0.4132570815121301,1.0769678413202757,2.780588916269778,handoff,0.05125
cold_gate,Cold start + gate,Cold gate,2,20260619_174127,17,12800,13600,800,-8.29124217506959,-6632.993740055671,-7.60436201164116,-6083.489609312928,0.6868801634284284,549.5041307427427,0,0.0,0,0.0,32,0.04,0,0.0,768,0,32,32,0,0,0,0,0,0,0,0,-44.58209471459617,4.684778486770647,0.3030414469658845,2.745352088430252,0.1388420547008222,0.4672408392309466,1.063330069223959,2.745352088430252,handoff,0.04
cold_gate,Cold start + gate,Cold gate,2,20260619_174127,18,13600,14400,800,-8.652979793334858,-6922.383834667887,-7.635917361251642,-6108.733889001313,1.0170624320832156,813.6499456665724,0,0.0,0,0.0,36,0.045,0,0.0,764,0,36,36,0,0,0,0,0,0,0,0,-43.21070193078941,7.277751558538709,0.2952921220650895,2.983195559458238,0.1429989434162721,0.447585300713907,1.0825755556730337,2.983195559458238,handoff,0.045
cold_gate,Cold start + gate,Cold gate,2,20260619_174127,19,14400,15200,800,-7.878468470453772,-6302.774776363018,-7.171100591427876,-5736.880473142301,0.7073678790258953,565.8943032207162,0,0.0,0,0.0,12,0.015,0,0.0,788,0,12,12,0,0,0,0,0,0,0,0,-41.19225664404081,8.318961467372448,0.278309294028683,3.00104471498986,0.1416119181684194,0.4150066698889465,1.0872794576946672,3.00104471498986,handoff,0.015
cold_gate,Cold start + gate,Cold gate,2,20260619_174127,20,15200,16000,800,-8.014546872863216,-6411.637498290573,-7.2890111864901534,-5831.208949192122,0.7255356863730619,580.4285490984495,0,0.0,0,0.0,17,0.02125,0,0.0,783,0,17,17,0,0,0,0,0,0,0,0,-41.21824816474697,8.04525005433178,0.2825379932912946,2.89422694812896,0.1421510901464427,0.4229248964361464,1.09318174494332,2.89422694812896,handoff,0.02125
cold_gate,Cold start + gate,Cold gate,2,20260619_174127,21,16000,16800,800,-8.263536346856936,-6610.829077485549,-7.240300648731252,-5792.2405189850015,1.0232356981256847,818.5885585005477,0,0.0,0,0.0,32,0.04,0,0.0,768,0,32,32,0,0,0,0,0,0,0,0,-39.24616009648042,8.933926464195638,0.2792838737384301,2.933895234198417,0.1406541416288303,0.4179136058480299,1.0952421825997,2.933895234198417,full RL,0.04
cold_gate,Cold start + gate,Cold gate,2,20260619_174127,22,16800,17600,800,-7.795996272166929,-6236.797017733543,-6.812765001722347,-5450.212001377878,0.983231270444582,786.5850163556657,0,0.0,0,0.0,49,0.06125,0,0.0,751,0,49,49,0,0,0,0,0,0,0,0,-39.57875198629182,2.58837715156963,0.2582330021335604,2.786462120009219,0.1353444178177494,0.3811215864493714,1.0801501914509313,2.786462120009219,full RL,0.06125
cold_gate,Cold start + gate,Cold gate,2,20260619_174127,23,17600,18400,800,-9.85976591320565,-7887.812730564519,-8.099255170808533,-6479.404136646826,1.760510742397116,1408.4085939176928,0,0.0,0,0.0,43,0.05375,0,0.0,757,0,43,43,0,0,0,0,0,0,0,0,-37.6420115113234,11.688067161611272,0.285238529314573,3.0859182282237043,0.1498646360710115,0.4206124225581346,1.1163478972853031,3.0859182282237043,full RL,0.05375
cold_gate,Cold start + gate,Cold gate,2,20260619_174127,24,18400,19200,800,-8.13459410257197,-6507.675282057577,-7.277911197446127,-5822.328957956902,0.8566829051258434,685.3463241006748,0,0.0,0,0.0,39,0.04875,0,0.0,761,0,37,37,0,0,0,2,0,2,0,2,-37.00826897234532,3.801620012106063,0.2639435622136327,2.694100160445032,0.1423385598753908,0.3855485645518745,1.101228673174516,2.694100160445032,full RL,0.04875
cold_gate,Cold start + gate,Cold gate,2,20260619_174127,25,19200,20000,800,-9.207940228640672,-7366.352182912538,-7.921763326256192,-6337.410661004954,1.2861769023844822,1028.941521907586,0,0.0,0,0.0,30,0.0375,0,0.0,770,0,27,27,0,0,0,3,0,3,0,3,-39.319357446547485,9.459164027112283,0.2867132859179939,2.845661732078213,0.1475957121011863,0.4258308597348015,1.111244535162931,2.845661732078213,full RL,0.0375
cold_gate,Cold start + gate,Cold gate,2,20260619_174127,26,20000,20800,800,-9.979761674339898,-7983.809339471918,-8.469735339242142,-6775.788271393714,1.5100263350977554,1208.0210680782045,0,0.0,0,0.0,38,0.0475,0,0.0,762,0,36,36,0,0,0,2,0,2,0,2,-43.14858501326404,9.291073069076074,0.2859777747538413,2.905637840285749,0.152544383762373,0.4194111657453095,1.116760961981022,2.905637840285749,full RL,0.0475
cold_gate,Cold start + gate,Cold gate,2,20260619_174127,27,20800,21600,800,-10.337671237971712,-8270.13699037737,-8.436587621725284,-6749.270097380228,1.9010836162464293,1520.8668929971434,0,0.0,0,0.0,39,0.04875,0,0.0,761,0,38,38,0,0,0,1,0,1,0,1,-44.67908097105425,7.899970617088204,0.2710658927974004,2.935723002810789,0.1488096194988217,0.3933221660959791,1.1006223726363094,2.935723002810789,full RL,0.04875
cold_gate,Cold start + gate,Cold gate,2,20260619_174127,28,21600,22400,800,-11.65392360486599,-9323.138883892792,-9.116329019265386,-7293.06321541231,2.5375945856006017,2030.0756684804812,0,0.0,0,0.0,52,0.065,0,0.0,748,0,52,52,0,0,0,0,0,0,0,0,-44.59229600430905,9.116482631226374,0.2907185002248609,3.009971622122066,0.1558650262098691,0.4255719742398526,1.1259809304977093,3.009971622122066,full RL,0.065
cold_gate,Cold start + gate,Cold gate,2,20260619_174127,29,22400,23200,800,-9.615431423036364,-7692.345138429091,-8.091239151575289,-6472.991321260231,1.5241922714610732,1219.3538171688583,0,0.0,0,0.0,40,0.05,0,0.0,760,0,40,40,0,0,0,0,0,0,0,0,-41.63675537355118,5.777276954224076,0.2719119431945919,2.855907441780232,0.1475392199062157,0.396284666482968,1.1019886903299598,2.855907441780232,full RL,0.05
cold_gate,Cold start + gate,Cold gate,2,20260619_174127,30,23200,24000,800,-8.275588021402339,-6620.470417121871,-6.780469247057535,-5424.375397646028,1.4951187743448038,1196.095019475843,0,0.0,0,0.0,60,0.075,0,0.0,740,0,59,59,0,0,0,1,0,1,0,1,-39.47876253182466,4.33257269404737,0.2404393723360288,2.7224239993675496,0.1361046157049535,0.3447741289671042,1.097339857780938,2.7224239993675496,full RL,0.075
cold_gate,Cold start + gate,Cold gate,2,20260619_174127,31,24000,24800,800,-9.998981688217762,-7999.18535057421,-7.917208029245121,-6333.766423396097,2.0817736589726428,1665.4189271781142,0,0.0,0,0.0,62,0.0775,0,0.0,738,0,61,61,0,0,0,1,0,1,0,1,-39.91658027897131,8.225306969176362,0.2611335565904987,2.8928733638639983,0.146662143142421,0.3756049700385764,1.123118203757759,2.8928733638639983,full RL,0.0775
cold_gate,Cold start + gate,Cold gate,2,20260619_174127,32,24800,25600,800,-10.795947731598323,-8636.75818527866,-8.016494111970475,-6413.195289576381,2.779453619627851,2223.562895702281,0,0.0,0,0.0,67,0.08375,0,0.0,733,0,66,66,0,0,0,1,0,1,0,1,-44.90806918221858,9.275865647150098,0.2546394885109186,2.948759835584553,0.1437499065755518,0.3655290704462854,1.1624037201172848,2.948759835584553,full RL,0.08375
cold_gate,Cold start + gate,Cold gate,2,20260619_174127,33,25600,26400,800,-11.847067694456776,-9477.654155565422,-8.439259961584575,-6751.40796926766,3.407807732872204,2726.246186297763,0,0.0,0,0.0,71,0.08875,0,0.0,729,0,68,68,0,0,0,3,0,3,0,3,-36.69538619017669,11.05325552700633,0.2569482010862274,2.9972126657758054,0.1462261618350519,0.367670240337403,1.0835250288623195,2.9972126657758054,full RL,0.08875
cold_gate,Cold start + gate,Cold gate,2,20260619_174127,34,26400,27200,800,-10.827842114217802,-8662.273691374241,-7.980734997008549,-6384.587997606839,2.8471071172092537,2277.685693767403,0,0.0,0,0.0,81,0.10125,0,0.0,719,0,75,75,0,0,0,5,1,5,1,5,-40.54273336710793,6.609160776030333,0.2477144741579455,2.6459297865649773,0.140987877057426,0.3544410712584649,1.098223782739526,2.6459297865649773,full RL,0.10125
cold_gate,Cold start + gate,Cold gate,2,20260619_174127,35,27200,28000,800,-13.427584950056971,-10742.067960045575,-8.836795838711435,-7069.436670969148,4.590789111345538,3672.63128907643,0,0.0,0,0.0,67,0.08375,0,0.0,733,0,63,63,0,0,0,4,0,4,0,4,-42.397241182400535,15.904739390829192,0.2574206166685231,2.9052353803221536,0.1423609289427634,0.3724803043942828,1.1063536704450798,2.9052353803221536,full RL,0.08375
cold_gate,Cold start + gate,Cold gate,2,20260619_174127,36,28000,28800,800,-13.873284864861262,-11098.62789188901,-9.088057757210333,-7270.446205768267,4.785227107650926,3828.181686120741,0,0.0,0,0.0,62,0.0775,0,0.0,738,0,58,58,0,0,0,4,0,4,0,4,-43.41248124212956,13.023421347925606,0.2881246340314988,3.0993142949807293,0.1420390347791164,0.4342102332838813,1.1248186080719735,3.0993142949807293,full RL,0.0775
cold_gate,Cold start + gate,Cold gate,2,20260619_174127,37,28800,29600,800,-12.018527741251471,-9614.82219300118,-7.696128764824142,-6156.903011859314,4.3223989764273325,3457.919181141866,0,0.0,0,0.0,68,0.085,0,0.0,732,0,64,64,0,0,0,4,0,4,0,4,-38.74964161127952,15.404460893556054,0.2516867053306033,2.800238813859039,0.1336205025873672,0.3697529080738393,1.0526299226873397,2.800238813859039,full RL,0.085
cold_gate,Cold start + gate,Cold gate,2,20260619_174127,38,29600,30400,800,-13.483317840257593,-10786.654272206071,-9.004256260051001,-7203.4050080408015,4.479061580206589,3583.249264165272,0,0.0,0,0.0,67,0.08375,0,0.0,733,0,62,62,0,0,0,5,0,5,0,5,-43.32525208632893,12.2538058908353,0.2774305331084317,3.110698952598,0.1390110482059341,0.4158500180109294,1.1082667989718078,3.110698952598,full RL,0.08375
cold_gate,Cold start + gate,Cold gate,2,20260619_174127,39,30400,31200,800,-12.858718675766454,-10286.974940613163,-9.06873662663826,-7254.989301310607,3.789982049128196,3031.9856393025566,0,0.0,0,0.0,65,0.08125,0,0.0,735,0,58,58,0,0,0,7,0,7,0,7,-42.23304716260191,9.875749553945733,0.298537859632469,3.166007139750434,0.1439261460665645,0.4531495731983735,1.1142804117957832,3.166007139750434,full RL,0.08125
cold_gate,Cold start + gate,Cold gate,2,20260619_174127,40,31200,32000,800,-11.769030563614944,-9415.224450891956,-8.354184684394433,-6683.347747515546,3.4148458792205134,2731.8767033764107,0,0.0,0,0.0,67,0.08375,0,0.0,733,0,61,61,0,0,0,6,0,6,0,6,-43.013249300278574,8.500649893701693,0.2782320459985394,3.146988969426218,0.1365180153548664,0.4199460766422124,1.114304456609695,3.146988969426218,full RL,0.08375
cold_gate,Cold start + gate,Cold gate,2,20260619_174127,41,32000,32800,800,-12.035383463152993,-9628.306770522397,-8.173073621842818,-6538.458897474254,3.862309841310176,3089.847873048141,0,0.0,0,0.0,69,0.08625,0,0.0,731,0,62,62,0,0,0,7,0,7,0,7,-48.304651741667726,9.759726278818077,0.2569471534862225,2.4189244777671206,0.1374793532456899,0.3764149537267552,1.148122842181185,2.4189244777671206,full RL,0.08625
cold_gate,Cold start + gate,Cold gate,2,20260619_174127,42,32800,33600,800,-13.51776569594722,-10814.212556757777,-9.13807523882017,-7310.460191056136,4.379690457127051,3503.752365701641,0,0.0,0,0.0,65,0.08125,0,0.0,735,0,59,59,0,0,0,6,0,6,0,6,-37.15686184684375,16.459687907230197,0.2863322774519308,3.088820098294093,0.1415397610527173,0.4311247938511443,1.1029939801228377,3.088820098294093,full RL,0.08125
cold_gate,Cold start + gate,Cold gate,2,20260619_174127,43,33600,34400,800,-13.312412197073916,-10649.929757659133,-9.136973280098813,-7309.578624079049,4.175438916975104,3340.351133580083,0,0.0,0,0.0,67,0.08375,0,0.0,733,0,63,63,0,0,0,4,0,4,0,4,-45.38414552693604,10.317871753391646,0.2886388362386445,3.000757939490427,0.1480589369312366,0.4292187355460525,1.1294387143844862,3.000757939490427,full RL,0.08375
cold_gate,Cold start + gate,Cold gate,2,20260619_174127,44,34400,35200,800,-14.235895483954767,-11388.716387163817,-9.633439704539995,-7706.751763631997,4.602455779414772,3681.964623531817,0,0.0,0,0.0,85,0.10625,0,0.0,715,0,78,78,0,0,0,7,0,7,0,7,-46.6507907304877,10.047387146845717,0.2863328369774418,2.980169934693606,0.1527506383607148,0.4199150355941687,1.133818552588846,2.980169934693606,full RL,0.10625
cold_gate,Cold start + gate,Cold gate,2,20260619_174127,45,35200,36000,800,-12.80518416911525,-10244.1473352922,-8.179954821265621,-6543.963857012497,4.625229347849631,3700.183478279705,0,0.0,0,0.0,61,0.07625,0,0.0,739,0,57,57,0,0,0,3,1,3,1,3,-48.5553135216058,17.812267128619645,0.2669428962262184,3.137824393387234,0.13060251119932,0.4032832812531168,1.1009210594167236,3.137824393387234,full RL,0.07625
cold_gate,Cold start + gate,Cold gate,2,20260619_174127,46,36000,36800,800,-11.39044874766459,-9112.358998131673,-8.021723157630786,-6417.378526104629,3.3687255900338062,2694.980472027045,0,0.0,0,0.0,71,0.08875,0,0.0,729,0,64,64,0,0,0,7,0,7,0,7,-44.341970534636175,10.547457414189836,0.268509045276699,2.915719595397036,0.1418496249194087,0.3951684656339893,1.1356806279598746,2.915719595397036,full RL,0.08875
cold_gate,Cold start + gate,Cold gate,2,20260619_174127,47,36800,37600,800,-9.305018025466348,-7444.014420373079,-6.94148705540175,-5553.1896443214,2.3635309700645992,1890.8247760516797,0,0.0,0,0.0,64,0.08,0,0.0,736,0,56,56,0,0,0,7,1,7,1,7,-49.80436794689541,10.141215908527377,0.2420466228062871,2.9489926195481075,0.1354387481786123,0.3486544974339619,1.156499360445033,2.9489926195481075,full RL,0.08
cold_gate,Cold start + gate,Cold gate,2,20260619_174127,48,37600,38400,800,-8.217490172733067,-6573.992138186453,-6.117073788084481,-4893.659030467585,2.100416384648585,1680.3331077188682,0,0.0,0,0.0,75,0.09375,0,0.0,725,0,68,68,0,0,0,7,0,7,0,7,-47.66085218377697,9.963897699563702,0.2253373071697847,2.8194359795755304,0.1252958641975518,0.3253787501420176,1.124858717657511,2.8194359795755304,full RL,0.09375
cold_gate,Cold start + gate,Cold gate,2,20260619_174127,49,38400,39200,800,-7.999273886292186,-6399.419109033749,-6.002846197757735,-4802.276958206188,1.996427688534452,1597.1421508275616,0,0.0,0,0.0,79,0.09875,0,0.0,721,0,72,72,0,0,0,7,0,7,0,7,-47.596796821010685,8.595844111211019,0.2254750365196074,2.8025337741194107,0.1237766714372285,0.3271734016019862,1.110085974159472,2.8025337741194107,full RL,0.09875
cold_gate,Cold start + gate,Cold gate,2,20260619_174127,50,39200,40000,800,-7.516680688601037,-6013.344550880829,-5.750097431899108,-4600.077945519286,1.7665832567019315,1413.266605361545,0,0.0,0,0.0,75,0.09375,0,0.0,725,0,68,68,0,0,0,6,1,6,1,6,-45.58169218342528,4.301447290529706,0.2236232206649809,2.767460851988517,0.1224574056556472,0.3247890356743147,1.1032882646075255,2.767460851988517,full RL,0.09375
cold_gate,Cold start + gate,Cold gate,2,20260619_174127,51,40000,40800,800,-10.650186528096036,-8520.149222476828,-7.156823889478843,-5725.459111583074,3.493362638617192,2794.6901108937536,0,0.0,0,0.0,90,0.1125,0,0.0,710,0,82,82,0,0,0,8,0,8,0,8,-47.43191364732769,9.713767674257976,0.241993092240462,2.7696660217987983,0.1314262571305673,0.3525599273503567,1.1146350087204104,2.7696660217987983,full RL,0.1125
cold_gate,Cold start + gate,Cold gate,2,20260619_174127,52,40800,41600,800,-10.072930445019365,-8058.34435601549,-6.943596344513839,-5554.877075611072,3.129334100505523,2503.4672804044185,0,0.0,0,0.0,75,0.09375,0,0.0,725,0,66,66,0,0,0,9,0,9,0,9,-48.41084672325656,11.71594732022114,0.2477072608053423,3.011811965941604,0.1343348775366578,0.3610796440740268,1.1433965817256655,3.011811965941604,full RL,0.09375
cold_gate,Cold start + gate,Cold gate,2,20260619_174127,53,41600,42400,800,-9.262137041762587,-7409.709633410072,-6.598235823160917,-5278.5886585287335,2.6639012186016724,2131.120974881338,0,0.0,0,0.0,80,0.1,0,0.0,720,0,71,71,0,0,0,9,0,9,0,9,-34.5625289244349,9.836459951977538,0.2430043070782041,2.8649292866830933,0.1300350105987669,0.3559736035576414,1.1168328023221452,2.8649292866830933,full RL,0.1
cold_gate,Cold start + gate,Cold gate,2,20260619_174127,54,42400,43200,800,-8.601433370982313,-6881.1466967858505,-6.30838935019603,-5046.711480156824,2.2930440207862817,1834.4352166290253,0,0.0,0,0.0,68,0.085,0,0.0,732,0,62,62,0,0,0,6,0,6,0,6,-48.07188825682039,5.775299168622913,0.2360909895921629,2.796855106006604,0.1225953003908188,0.349586678793507,1.0816646441661115,2.796855106006604,full RL,0.085
cold_gate,Cold start + gate,Cold gate,2,20260619_174127,55,43200,44000,800,-8.922345552772464,-7137.876442217972,-6.481087392658398,-5184.869914126718,2.4412581601140686,1953.006528091255,0,0.0,0,0.0,75,0.09375,0,0.0,725,0,66,66,0,0,0,9,0,9,0,9,-58.9670079155112,4.5625290950297135,0.2372313146701063,2.711479060990257,0.1264618980981395,0.3480007312420731,1.165038019238477,2.711479060990257,full RL,0.09375
cold_gate,Cold start + gate,Cold gate,2,20260619_174127,56,44000,44800,800,-12.43656883031047,-9949.255064248377,-7.733776986253405,-6187.021589002724,4.702791844057066,3762.233475245653,0,0.0,0,0.0,78,0.0975,0,0.0,722,0,71,71,0,0,0,7,0,7,0,7,-49.22900924183887,15.212503804486936,0.2479153967309683,2.891693702069574,0.1357951802277468,0.3600356132341898,1.1208668425342014,2.891693702069574,full RL,0.0975
cold_gate,Cold start + gate,Cold gate,2,20260619_174127,57,44800,45600,800,-9.029747500089115,-7223.798000071294,-6.262458566001978,-5009.966852801583,2.76728893408714,2213.831147269712,0,0.0,0,0.0,72,0.09,0,0.0,728,0,63,63,0,0,0,9,0,9,0,9,-48.75951652364376,6.558244972542922,0.2283620734520212,2.799634096581656,0.1228596020886443,0.3338645448153981,1.0984371174855934,2.799634096581656,full RL,0.09
cold_gate,Cold start + gate,Cold gate,2,20260619_174127,58,45600,46400,800,-11.604237218850384,-9283.389775080308,-7.869060782150789,-6295.248625720631,3.735176436699596,2988.1411493596765,0,0.0,0,0.0,76,0.095,0,0.0,724,0,67,67,0,0,0,9,0,9,0,9,-37.865591101751306,10.438055953737596,0.253654781918405,2.813749426225684,0.1405319818145213,0.3667775820222887,1.1313655933094218,2.813749426225684,full RL,0.095
cold_gate,Cold start + gate,Cold gate,2,20260619_174127,59,46400,47200,800,-9.220621250543251,-7376.497000434602,-6.078930006054407,-4863.144004843525,3.1416912444888463,2513.352995591077,0,0.0,0,0.0,81,0.10125,0,0.0,719,0,72,72,0,0,0,9,0,9,0,9,-45.57800121340978,7.683272057505024,0.2160941658691544,2.594642236883942,0.119187659693033,0.3130006720452758,1.1042670564611492,2.594642236883942,full RL,0.10125
cold_gate,Cold start + gate,Cold gate,2,20260619_174127,60,47200,48000,800,-10.534217759839276,-8427.37420787142,-7.0886108224789925,-5670.888657983194,3.445606937360283,2756.485549888226,0,0.0,0,0.0,73,0.09125,0,0.0,727,0,65,65,0,0,0,8,0,8,0,8,-52.519331050488745,9.793132895729402,0.2361368218532422,2.801132164423052,0.1337341206521981,0.3385395230542863,1.133706268979684,2.801132164423052,full RL,0.09125
cold_gate,Cold start + gate,Cold gate,2,20260619_174127,61,48000,48800,800,-8.409094322186634,-6727.275457749307,-5.788813140846987,-4631.05051267759,2.620281181339646,2096.224945071717,0,0.0,0,0.0,79,0.09875,0,0.0,721,0,71,71,0,0,0,8,0,8,0,8,-50.487354479455234,5.281853081488539,0.2046049598245142,2.8204358849307027,0.1194605017272396,0.2897494179217887,1.0884505967027729,2.8204358849307027,full RL,0.09875
cold_gate,Cold start + gate,Cold gate,2,20260619_174127,62,48800,49600,800,-10.224819927522784,-8179.855942018227,-6.967157404110028,-5573.725923288022,3.2576625234127565,2606.1300187302054,0,0.0,0,0.0,79,0.09875,0,0.0,721,0,72,72,0,0,0,7,0,7,0,7,-51.818081000759264,11.256673949418278,0.2250559818059987,2.8893404472295288,0.1335911617683524,0.3165208018436451,1.1317351141666556,2.8893404472295288,full RL,0.09875
cold_gate,Cold start + gate,Cold gate,2,20260619_174127,63,49600,50400,800,-9.980544850510414,-7984.435880408331,-6.644375599915411,-5315.500479932329,3.336169250595002,2668.9354004760016,0,0.0,0,0.0,74,0.0925,0,0.0,726,0,67,67,0,0,0,7,0,7,0,7,-52.12012420528095,11.22973452806214,0.2098882513145337,2.703159752689203,0.1251878488433732,0.2945886537856941,1.1092301305233223,2.703159752689203,full RL,0.0925
cold_gate,Cold start + gate,Cold gate,2,20260619_174127,64,50400,51200,800,-10.304554002484586,-8243.643201987668,-6.683589225376095,-5346.871380300876,3.620964777108491,2896.771821686793,0,0.0,0,0.0,69,0.08625,0,0.0,731,0,61,61,0,0,0,8,0,8,0,8,-51.1747504810686,11.050518732867989,0.2125108710070512,2.723198105754875,0.1236425967917436,0.3013791452223589,1.0941225797166778,2.723198105754875,full RL,0.08625
cold_gate,Cold start + gate,Cold gate,2,20260619_174127,65,51200,52000,800,-11.163570718897851,-8930.856575118283,-7.222631805978799,-5778.105444783039,3.9409389129190537,3152.751130335243,0,0.0,0,0.0,78,0.0975,0,0.0,722,0,70,70,0,0,0,8,0,8,0,8,-53.499102618391134,9.695153834624069,0.2304596389182853,2.7591499856881114,0.1338734331647796,0.3270458446717911,1.1335623363756229,2.7591499856881114,full RL,0.0975
cold_gate,Cold start + gate,Cold gate,2,20260619_174127,66,52000,52800,800,-9.525517930757314,-7620.4143446058515,-6.490888616425557,-5192.7108931404455,3.0346293143317564,2427.703451465405,0,0.0,0,0.0,74,0.0925,0,0.0,726,0,70,70,0,0,0,4,0,4,0,4,-53.61788423397991,9.126359566633074,0.2120027010692192,2.7227292094332256,0.1254508933390627,0.2985545087993758,1.1144076936272609,2.7227292094332256,full RL,0.0925
cold_gate,Cold start + gate,Cold gate,2,20260619_174127,67,52800,53600,800,-9.765050820982594,-7812.0406567860755,-6.548133734182255,-5238.506987345803,3.2169170868003385,2573.533669440271,0,0.0,0,0.0,75,0.09375,0,0.0,725,0,67,67,0,0,0,8,0,8,0,8,-53.4186100219124,6.6826904802001055,0.2173095878583361,2.8639458503814126,0.1255085028818829,0.3091106728347892,1.1109508461023707,2.8639458503814126,full RL,0.09375
cold_gate,Cold start + gate,Cold gate,2,20260619_174127,68,53600,54400,800,-9.93576009821654,-7948.608078573232,-6.330742648204336,-5064.594118563469,3.6050174500122014,2884.013960009762,0,0.0,0,0.0,83,0.10375,0,0.0,717,0,74,74,0,0,0,8,1,8,1,8,-52.89133618326582,10.110923249266415,0.211133385274995,2.7821964468353144,0.1242059098017386,0.2980608607482515,1.1254243571716267,2.7821964468353144,full RL,0.10375
cold_gate,Cold start + gate,Cold gate,2,20260619_174127,69,54400,55200,800,-9.992544591758664,-7994.035673406931,-6.727876320108489,-5382.301056086792,3.2646682716501743,2611.7346173201395,0,0.0,0,0.0,74,0.0925,0,0.0,726,0,65,65,0,0,0,9,0,9,0,9,-52.05698118879008,11.361329948843354,0.2134457158803054,2.73247520437252,0.126644591290899,0.3002468404697119,1.1123768847359288,2.73247520437252,full RL,0.0925
cold_gate,Cold start + gate,Cold gate,2,20260619_174127,70,55200,56000,800,-8.468967515549885,-6775.174012439908,-6.009177785199556,-4807.342228159645,2.459789730350328,1967.8317842802624,0,0.0,0,0.0,79,0.09875,0,0.0,721,0,70,70,0,0,0,9,0,9,0,9,-52.79444155244357,5.005402358653803,0.2041391181830042,2.6883306471158903,0.1242400343250025,0.2840382020410059,1.1181843409541137,2.6883306471158903,full RL,0.09875
cold_gate,Cold start + gate,Cold gate,2,20260619_174127,71,56000,56800,800,-13.276859324279314,-10621.487459423452,-8.443027199111993,-6754.421759289595,4.833832125167322,3867.065700133857,0,0.0,0,0.0,86,0.1075,0,0.0,714,0,77,77,0,0,0,9,0,9,0,9,-42.80716494241199,10.62729270303622,0.2539192723384823,2.830746574245836,0.1487660796606698,0.3590724650162949,1.1242263486086896,2.830746574245836,full RL,0.1075
cold_gate,Cold start + gate,Cold gate,2,20260619_174127,72,56800,57600,800,-10.717713895305096,-8574.171116244077,-7.1288750064542095,-5703.100005163367,3.588838888850887,2871.0711110807097,0,0.0,0,0.0,76,0.095,0,0.0,724,0,67,67,0,0,0,9,0,9,0,9,-52.17502626058428,9.620650943092214,0.2266545068198248,2.701692341790704,0.1346316520601474,0.3186773615795022,1.1172085871988844,2.701692341790704,full RL,0.095
cold_gate,Cold start + gate,Cold gate,2,20260619_174127,73,57600,58400,800,-8.750948763389133,-7000.759010711306,-6.117176201717009,-4893.740961373607,2.6337725616721217,2107.018049337697,0,0.0,0,0.0,76,0.095,0,0.0,724,0,69,69,0,0,0,7,0,7,0,7,-56.60800141315451,5.845409885457934,0.2089401466269332,2.746388406057463,0.1244884934924694,0.293391799761397,1.1242163644326455,2.746388406057463,full RL,0.095
cold_gate,Cold start + gate,Cold gate,2,20260619_174127,74,58400,59200,800,-8.946733489008066,-7157.386791206453,-6.266180034495867,-5012.944027596694,2.680553454512201,2144.4427636097607,0,0.0,0,0.0,69,0.08625,0,0.0,731,0,61,61,0,0,0,8,0,8,0,8,-55.182945023125626,7.743644024130675,0.2129377351935159,2.7435840805629823,0.1253744518407192,0.3005010185463126,1.1206048195728768,2.7435840805629823,full RL,0.08625
cold_gate,Cold start + gate,Cold gate,2,20260619_174127,75,59200,60000,800,-10.913653524659845,-8730.922819727874,-6.982711474762486,-5586.169179809989,3.930942049897357,3144.7536399178853,0,0.0,0,0.0,80,0.1,0,0.0,720,0,71,71,0,0,0,9,0,9,0,9,-41.742684384788106,11.12201534494888,0.2229084212100535,2.737277294949933,0.1256316922841737,0.3201851501359332,1.113016017756705,2.737277294949933,full RL,0.1
cold_gate,Cold start + gate,Cold gate,2,20260619_174127,76,60000,60800,800,-9.138169566180164,-7310.535652944131,-6.185886429169733,-4948.709143335786,2.95228313701043,2361.826509608344,0,0.0,0,0.0,76,0.095,0,0.0,724,0,67,67,0,0,0,9,0,9,0,9,-55.14073451733736,6.690068514107745,0.2094969253463069,2.603530328638385,0.1229905606171717,0.2960032900754422,1.129411833820798,2.603530328638385,full RL,0.095
cold_gate,Cold start + gate,Cold gate,2,20260619_174127,77,60800,61600,800,-11.952730902108383,-9562.184721686706,-7.486857955325488,-5989.486364260391,4.465872946782896,3572.6983574263163,0,0.0,0,0.0,81,0.10125,0,0.0,719,0,73,73,0,0,0,8,0,8,0,8,-54.52019539971559,10.820368969083283,0.2405343481780331,2.919616554273261,0.1378840341319041,0.343184662224162,1.1461595673743656,2.919616554273261,full RL,0.10125
cold_gate,Cold start + gate,Cold gate,2,20260619_174127,78,61600,62400,800,-10.889742102077134,-8711.793681661708,-7.058395642229462,-5646.716513783569,3.831346459847673,3065.0771678781384,0,0.0,0,0.0,71,0.08875,0,0.0,729,0,63,63,0,0,0,8,0,8,0,8,-47.24147085140709,9.09812620645246,0.2183961169426747,2.7525423426539533,0.127133748811223,0.3096584850741265,1.100566372134586,2.7525423426539533,full RL,0.08875
cold_gate,Cold start + gate,Cold gate,2,20260619_174127,79,62400,63200,800,-10.976089365732916,-8780.871492586333,-7.164888250619215,-5731.910600495372,3.811201115113701,3048.9608920909604,0,0.0,0,0.0,75,0.09375,0,0.0,725,0,66,66,0,0,0,9,0,9,0,9,-52.45692863483947,9.811342722273055,0.2255379559670051,2.775636079744117,0.1330428408296175,0.3180330711043927,1.13338675671592,2.775636079744117,full RL,0.09375
cold_gate,Cold start + gate,Cold gate,2,20260619_174127,80,63200,64000,800,-10.30157178183065,-8241.257425464519,-6.845605699096434,-5476.484559277147,3.455966082734216,2764.7728661873725,0,0.0,0,0.0,74,0.0925,0,0.0,726,0,65,65,0,0,0,9,0,9,0,9,-52.75547845093587,7.457627099139463,0.2196822511432957,2.7410372142210804,0.1281649627054455,0.311199539581146,1.1295693297497746,2.7410372142210804,full RL,0.0925
cold_gate,Cold start + gate,Cold gate,2,20260619_174127,81,64000,64800,800,-10.000895755314057,-8000.716604251244,-6.549862139673096,-5239.889711738477,3.4510336156409576,2760.826892512766,0,0.0,0,0.0,76,0.095,0,0.0,724,0,67,67,0,0,0,9,0,9,0,9,-55.02569615673406,7.385404115638012,0.22126278409036,2.683910400068214,0.122405518261262,0.320120049919458,1.131817770111453,2.683910400068214,full RL,0.095
cold_gate,Cold start + gate,Cold gate,2,20260619_174127,82,64800,65600,800,-12.402647922993706,-9922.118338394965,-7.884266793268289,-6307.413434614631,4.518381129725419,3614.704903780335,0,0.0,0,0.0,80,0.1,0,0.0,720,0,72,72,0,0,0,8,0,8,0,8,-53.63077873264217,9.710291637446474,0.2456978952354196,2.7777921664261958,0.1418913437244212,0.349504446746418,1.1216672842144102,2.7777921664261958,full RL,0.1
cold_gate,Cold start + gate,Cold gate,2,20260619_174127,83,65600,66400,800,-9.625383275679058,-7700.306620543246,-6.654216844222333,-5323.373475377866,2.9711664314567243,2376.9331451653798,0,0.0,0,0.0,71,0.08875,0,0.0,729,0,64,64,0,0,0,7,0,7,0,7,-55.50493681968248,7.345602130595129,0.2264112323824986,2.7152925434948543,0.1264371818751827,0.3263852828898145,1.1147487628382322,2.7152925434948543,full RL,0.08875
cold_gate,Cold start + gate,Cold gate,2,20260619_174127,84,66400,67200,800,-9.264034177723824,-7411.22734217906,-5.912077116294397,-4729.661693035518,3.3519570614294287,2681.565649143543,0,0.0,0,0.0,69,0.08625,0,0.0,731,0,61,61,0,0,0,8,0,8,0,8,-51.912266049082575,8.689176710533992,0.2099082806069444,2.24218188928603,0.1134515126077346,0.3063650486061541,1.1113245531938651,2.24218188928603,full RL,0.08625
cold_gate,Cold start + gate,Cold gate,2,20260619_174127,85,67200,68000,800,-8.76056230416032,-7008.449843328256,-6.10752063369973,-4886.016506959784,2.653041670460589,2122.433336368471,0,0.0,0,0.0,89,0.11125,0,0.0,711,0,80,80,0,0,0,8,1,8,1,8,-54.63382518134415,5.187834491924136,0.2312783402643761,2.940743946401483,0.1199284863132008,0.3426281942155515,1.0937578707664803,2.940743946401483,full RL,0.11125
cold_gate,Cold start + gate,Cold gate,2,20260619_174127,86,68000,68800,800,-10.460689886621166,-8368.551909296933,-6.458290668789207,-5166.6325350313655,4.002399217831959,3201.9193742655675,0,0.0,0,0.0,69,0.08625,0,0.0,731,0,62,62,0,0,0,7,0,7,0,7,-53.5580528006426,7.642465329857672,0.2177958782468587,2.273811939397433,0.1202025974142925,0.3153891590794249,1.104284613800126,2.273811939397433,full RL,0.08625
cold_gate,Cold start + gate,Cold gate,2,20260619_174127,87,68800,69600,800,-13.3099250806719,-10647.94006453752,-8.058566391520882,-6446.853113216705,5.251358689151016,4201.086951320813,0,0.0,0,0.0,75,0.09375,0,0.0,725,0,68,68,0,0,0,6,1,6,1,6,-54.76386127578735,11.587163139582556,0.2555959839476408,2.9403720824584525,0.1405072830385038,0.3706846848567778,1.1433098319095685,2.9403720824584525,full RL,0.09375
cold_gate,Cold start + gate,Cold gate,2,20260619_174127,88,69600,70400,800,-10.180340106943571,-8144.272085554858,-6.462158620665679,-5169.726896532544,3.718181486277891,2974.545189022313,0,0.0,0,0.0,81,0.10125,0,0.0,719,0,73,73,0,0,0,8,0,8,0,8,-53.6553164462714,8.36942325089965,0.2115713181449507,2.734831438069307,0.1217155337392808,0.3014271025506206,1.110585872862516,2.734831438069307,full RL,0.10125
cold_gate,Cold start + gate,Cold gate,2,20260619_174127,89,70400,71200,800,-9.814506171670866,-7851.604937336693,-6.371672527595588,-5097.33802207647,3.4428336440752783,2754.2669152602225,0,0.0,0,0.0,80,0.1,0,0.0,720,0,72,72,0,0,0,8,0,8,0,8,-58.78359318434207,6.754428032077021,0.2146319278734214,2.799612173347441,0.1225048531137981,0.3067590026330447,1.1644192814547614,2.799612173347441,full RL,0.1
cold_gate,Cold start + gate,Cold gate,2,20260619_174127,90,71200,72000,800,-8.72965493400626,-6983.723947205009,-5.99308158251683,-4794.465266013464,2.7365733514894317,2189.258681191545,0,0.0,0,0.0,69,0.08625,0,0.0,731,0,60,60,0,0,0,9,0,9,0,9,-56.25381375019492,7.328333055751028,0.2119232548467003,2.8726387150044275,0.1216359278327768,0.3022105818606239,1.127289515798064,2.8726387150044275,full RL,0.08625
cold_gate,Cold start + gate,Cold gate,2,20260619_174127,91,72000,72800,800,-11.646548133394305,-9317.238506715445,-7.2860463409880625,-5828.83707279045,4.36050179240624,3488.4014339249925,0,0.0,0,0.0,81,0.10125,0,0.0,719,0,74,74,0,0,0,7,0,7,0,7,-55.71815389884068,12.345696716746763,0.2344171910863702,2.9592847116182384,0.1361421064126257,0.3326922757601147,1.1438695406423445,2.9592847116182384,full RL,0.10125
cold_gate,Cold start + gate,Cold gate,2,20260619_174127,92,72800,73600,800,-13.165510334057164,-10532.408267245732,-7.244543327760689,-5795.634662208551,5.920967006296476,4736.773605037181,0,0.0,0,0.0,78,0.0975,0,0.0,722,0,71,71,0,0,0,7,0,7,0,7,-54.19408220192224,14.83309163685876,0.2198046116242479,2.862643460888592,0.1283904127607205,0.3112188104877754,1.1217861184040223,2.862643460888592,full RL,0.0975
cold_gate,Cold start + gate,Cold gate,2,20260619_174127,93,73600,74400,800,-11.39514379380537,-9116.115035044297,-7.370564795619077,-5896.451836495262,4.024578998186295,3219.663198549036,0,0.0,0,0.0,69,0.08625,0,0.0,731,0,62,62,0,0,0,7,0,7,0,7,-54.29118767571276,9.80945900741585,0.2334874202980436,2.868669552582276,0.1382053570334435,0.3287694835626437,1.1142286839016622,2.868669552582276,full RL,0.08625
cold_gate,Cold start + gate,Cold gate,2,20260619_174127,94,74400,75200,800,-10.334768095073011,-8267.81447605841,-6.417401564556136,-5133.921251644909,3.917366530516877,3133.893224413501,0,0.0,0,0.0,74,0.0925,0,0.0,726,0,68,68,0,0,0,6,0,6,0,6,-57.02570675805259,9.799915218921118,0.2165693328719105,2.92269659758324,0.125973234134882,0.3071654316089389,1.1139006314374176,2.92269659758324,full RL,0.0925
cold_gate,Cold start + gate,Cold gate,2,20260619_174127,95,75200,76000,800,-10.33606399536742,-8268.851196293936,-6.343382518956385,-5074.706015165108,3.9926814764110343,3194.145181128828,0,0.0,0,0.0,61,0.07625,0,0.0,739,0,58,58,0,0,0,3,0,3,0,3,-46.95128027526857,10.403409919982629,0.2085758244349736,2.557636842671513,0.1192235881807046,0.2979280606892427,1.0724737754661793,2.557636842671513,full RL,0.07625
cold_gate,Cold start + gate,Cold gate,2,20260619_174127,96,76000,76800,800,-14.108406008210432,-11286.724806568343,-7.40586410183658,-5924.691281469264,6.702541906373852,5362.033525099081,0,0.0,0,0.0,70,0.0875,0,0.0,730,0,66,66,0,0,0,4,0,4,0,4,-56.08197670850495,19.416264454031012,0.2144613501334811,2.890070974023274,0.1257634604281018,0.3031592398388603,1.105905732152907,2.890070974023274,full RL,0.0875
cold_gate,Cold start + gate,Cold gate,2,20260619_174127,97,76800,77600,800,-13.07583073829096,-10460.664590632769,-8.156547089948887,-6525.237671959109,4.919283648342075,3935.42691867366,0,0.0,0,0.0,65,0.08125,0,0.0,735,0,60,60,0,0,0,4,1,4,1,4,-52.87666892982065,10.396164172887802,0.2525695117081143,2.902231726515481,0.1431692870906978,0.3619697363255307,1.098594164028476,2.902231726515481,full RL,0.08125
cold_gate,Cold start + gate,Cold gate,2,20260619_174127,98,77600,78400,800,-10.955981411838817,-8764.785129471053,-6.887954778361404,-5510.363822689124,4.0680266334774124,3254.42130678193,0,0.0,0,0.0,63,0.07875,0,0.0,737,0,58,58,0,0,0,5,0,5,0,5,-54.57632785812928,10.277047613718484,0.2339962318107739,2.911734384266026,0.1331681792506063,0.3348242843709414,1.0970738007120937,2.911734384266026,full RL,0.07875
cold_gate,Cold start + gate,Cold gate,2,20260619_174127,99,78400,79200,800,-8.120146727235353,-6496.117381788283,-5.61966440150203,-4495.731521201624,2.5004823257333246,2000.38586058666,0,0.0,0,0.0,48,0.06,0,0.0,752,0,43,43,0,0,0,5,0,5,0,5,-54.86743758311172,6.901557455220309,0.2014655833874306,2.687568680478421,0.1170312302394646,0.2858999365353965,1.0665519123412084,2.687568680478421,full RL,0.06
cold_gate,Cold start + gate,Cold gate,2,20260619_174127,100,79200,80000,800,-9.609828560937142,-7687.8628487497135,-6.231833475867779,-4985.466780694223,3.377995085069362,2702.3960680554896,0,0.0,0,0.0,47,0.05875,0,0.0,753,0,43,43,0,0,0,4,0,4,0,4,-55.890206943307135,9.560059591561886,0.2160473983282015,2.932566082590938,0.1235808447350869,0.3085139519213162,1.0838317608621817,2.932566082590938,full RL,0.05875
cold_gate,Cold start + gate,Cold gate,2,20260619_174127,101,80000,80800,800,-13.253610187457618,-10602.888149966097,-7.711561535885969,-6169.249228708775,5.5420486515716485,4433.638921257319,0,0.0,0,0.0,44,0.055,0,0.0,756,0,41,41,0,0,0,3,0,3,0,3,-57.36694824795825,19.5570093738865,0.226141335230374,2.972865578949495,0.1336797986260605,0.3186028718346876,1.1019691249689632,2.972865578949495,full RL,0.055
cold_gate,Cold start + gate,Cold gate,2,20260619_174127,102,80800,81600,800,-9.171117597787624,-7336.894078230098,-5.950540675431021,-4760.4325403448165,3.220576922356604,2576.461537885283,0,0.0,0,0.0,51,0.06375,0,0.0,749,0,47,47,0,0,0,4,0,4,0,4,-58.17026336748313,8.619053964799141,0.2067477710829068,2.86771793438254,0.1164476710322969,0.2970478711335166,1.071327042791648,2.86771793438254,full RL,0.06375
cold_gate,Cold start + gate,Cold gate,2,20260619_174127,103,81600,82400,800,-8.567889038562756,-6854.311230850205,-5.648454738946069,-4518.763791156855,2.919434299616688,2335.5474396933505,0,0.0,0,0.0,52,0.065,0,0.0,748,0,47,47,0,0,0,5,0,5,0,5,-58.923199263118136,7.0797630547076,0.1973725684453535,2.625022350907784,0.1155913532445195,0.2791537836461874,1.0524864823927622,2.625022350907784,full RL,0.065
cold_gate,Cold start + gate,Cold gate,2,20260619_174127,104,82400,83200,800,-9.643025011558144,-7714.420009246516,-5.931629633437532,-4745.303706750025,3.711395378120612,2969.11630249649,0,0.0,0,0.0,57,0.07125,0,0.0,743,0,53,53,0,0,0,4,0,4,0,4,-57.04614532956532,9.58512920363205,0.2116701948422109,2.997664945341853,0.1194904072239128,0.3038499824605091,1.077821133813719,2.997664945341853,full RL,0.07125
cold_gate,Cold start + gate,Cold gate,2,20260619_174127,105,83200,84000,800,-8.941702884482156,-7153.362307585725,-5.673952145369899,-4539.161716295919,3.267750739112257,2614.2005912898057,0,0.0,0,0.0,62,0.0775,0,0.0,738,0,58,58,0,0,0,4,0,4,0,4,-56.96981570896173,7.885056658924216,0.1983079600441226,2.584208099263037,0.1134809278736693,0.283134992214576,1.0518319239197051,2.584208099263037,full RL,0.0775
cold_gate,Cold start + gate,Cold gate,2,20260619_174127,106,84000,84800,800,-10.075326633068505,-8060.261306454802,-6.4242014194025145,-5139.361135522012,3.651125213665989,2920.900170932791,0,0.0,0,0.0,62,0.0775,0,0.0,738,0,57,57,0,0,0,5,0,5,0,5,-57.33766355186003,9.533535609574631,0.2245081790830923,3.00602105629099,0.1248474174983131,0.3241689406678715,1.0753053573903415,3.00602105629099,full RL,0.0775
cold_gate,Cold start + gate,Cold gate,2,20260619_174127,107,84800,85600,800,-8.119763976839542,-6495.811181471633,-5.520420112929489,-4416.336090343591,2.599343863910052,2079.4750911280416,0,0.0,0,0.0,57,0.07125,0,0.0,743,0,52,52,0,0,0,5,0,5,0,5,-57.8347846704512,5.433513932092597,0.1973845747238341,2.7480737499928978,0.11591040302299,0.2788587464246782,1.064272952668619,2.7480737499928978,full RL,0.07125
cold_gate,Cold start + gate,Cold gate,2,20260619_174127,108,85600,86400,800,-7.770005369109363,-6216.00429528749,-5.288163143588622,-4230.530514870898,2.4818422255207384,1985.473780416591,0,0.0,0,0.0,64,0.08,0,0.0,736,0,60,60,0,0,0,4,0,4,0,4,-60.498620095913225,6.573468703860333,0.1973345378643861,2.7174007238533022,0.1145760340353174,0.2800930416934549,1.068776269865356,2.7174007238533022,full RL,0.08
cold_gate,Cold start + gate,Cold gate,2,20260619_174127,109,86400,87200,800,-8.133774571307484,-6507.019657045987,-5.602251143694028,-4481.800914955223,2.5315234276134544,2025.2187420907635,0,0.0,0,0.0,66,0.0825,0,0.0,734,0,60,60,0,0,0,6,0,6,0,6,-58.369181029323954,5.999932975639839,0.2023497967541863,2.773555713477151,0.1190924930931957,0.2856071004151769,1.1082290522999654,2.773555713477151,full RL,0.0825
cold_gate,Cold start + gate,Cold gate,2,20260619_174127,110,87200,88000,800,-7.1066092866339154,-5685.287429307133,-5.026643295377948,-4021.314636302358,2.0799659912559685,1663.9727930047748,0,0.0,0,0.0,73,0.09125,0,0.0,727,0,67,67,0,0,0,6,0,6,0,6,-60.31378476339341,5.013241312320382,0.1937609639541505,2.6974484571871926,0.1146025209986835,0.2729194069096175,1.0638847460473937,2.6974484571871926,full RL,0.09125
cold_gate,Cold start + gate,Cold gate,2,20260619_174127,111,88000,88800,800,-6.291119214858465,-5032.895371886772,-4.717547262140609,-3774.037809712487,1.573571952717857,1258.8575621742857,0,0.0,0,0.0,69,0.08625,0,0.0,731,0,64,64,0,0,0,5,0,5,0,5,-58.99927106373116,4.776294116429583,0.1905548350957201,2.6953179222107337,0.1124763849026501,0.26863328528879,1.0490716810566316,2.6953179222107337,full RL,0.08625
cold_gate,Cold start + gate,Cold gate,2,20260619_174127,112,88800,89600,800,-6.531622403705927,-5225.297922964742,-4.780561878211628,-3824.4495025693022,1.7510605254943,1400.84842039544,0,0.0,0,0.0,68,0.085,0,0.0,732,0,62,62,0,0,0,6,0,6,0,6,-58.96059295096643,7.723715965761323,0.1925212346846189,2.665675337925336,0.1122440954621454,0.2727983739070925,1.0529506145376204,2.665675337925336,full RL,0.085
cold_gate,Cold start + gate,Cold gate,2,20260619_174127,113,89600,90400,800,-8.654000049643631,-6923.200039714905,-5.968127769725743,-4774.502215780594,2.685872279917888,2148.6978239343107,0,0.0,0,0.0,64,0.08,0,0.0,736,0,58,58,0,0,0,6,0,6,0,6,-68.53490942300607,12.827239516361104,0.2220130289863874,3.2674246729193896,0.1281151873700878,0.3159108706026871,1.0768035503404,3.2674246729193896,full RL,0.08
cold_gate,Cold start + gate,Cold gate,2,20260619_174127,114,90400,91200,800,-6.181622332421175,-4945.29786593694,-4.808280323868844,-3846.624259095075,1.3733420085523316,1098.6736068418652,0,0.0,0,0.0,62,0.0775,0,0.0,738,0,54,54,0,0,0,7,1,7,1,7,-61.52895769000668,6.277969371047025,0.1911090704557827,2.642076147600619,0.1145588863028986,0.2676592546086668,1.057772465762854,2.642076147600619,full RL,0.0775
cold_gate,Cold start + gate,Cold gate,2,20260619_174127,115,91200,92000,800,-5.675671451283367,-4540.537161026693,-4.563079268730963,-3650.46341498477,1.1125921825524026,890.073746041922,0,0.0,0,0.0,54,0.0675,0,0.0,746,0,48,48,0,0,0,6,0,6,0,6,-57.76656279309725,6.420739664586501,0.1837937545226658,2.670429868754354,0.1129927740713109,0.2545947349740207,1.0589526258642947,2.670429868754354,full RL,0.0675
cold_gate,Cold start + gate,Cold gate,2,20260619_174127,116,92000,92800,800,-6.878239960894769,-5502.591968715815,-5.303575262099449,-4242.860209679559,1.5746646987953212,1259.731759036257,0,0.0,0,0.0,55,0.06875,0,0.0,745,0,48,48,0,0,0,6,1,6,1,6,-59.41799294175496,9.670704691878656,0.2122026673408167,3.023521864121278,0.1236547421464424,0.300750592535191,1.0709524638300765,3.023521864121278,full RL,0.06875
cold_gate,Cold start + gate,Cold gate,2,20260619_174127,117,92800,93600,800,-8.63226455859303,-6905.811646874425,-6.367887164892945,-5094.309731914356,2.264377393700086,1811.501914960069,0,0.0,0,0.0,41,0.05125,0,0.0,759,0,34,34,0,0,0,7,0,7,0,7,-58.10779833088077,11.00161929482758,0.2317315468439675,3.031518218782537,0.1365821975288135,0.3268808961591216,1.071811968676498,3.031518218782537,full RL,0.05125
cold_gate,Cold start + gate,Cold gate,2,20260619_174127,118,93600,94400,800,-5.756541144126709,-4605.232915301367,-4.9593995065193965,-3967.5196052155175,0.7971416376073117,637.7133100858493,0,0.0,0,0.0,22,0.0275,0,0.0,778,0,15,15,0,0,0,7,0,7,0,7,-56.4172627542946,7.314581284671054,0.1901211300430398,2.6022848733673527,0.1171395402731469,0.2631027198129328,1.0495733154177898,2.6022848733673527,full RL,0.0275
cold_gate,Cold start + gate,Cold gate,2,20260619_174127,119,94400,95200,800,-8.7203564167309,-6976.285133384719,-6.482721650492499,-5186.177320393999,2.2376347662383997,1790.1078129907194,0,0.0,0,0.0,36,0.045,0,0.0,764,0,29,29,0,0,0,7,0,7,0,7,-56.82916854291955,10.23926279881017,0.2307488154293542,2.961937060488026,0.1377887393951121,0.3237088914635964,1.0942555364005746,2.961937060488026,full RL,0.045
cold_gate,Cold start + gate,Cold gate,2,20260619_174127,120,95200,96000,800,-5.663474835211819,-4530.779868169455,-4.640369987464579,-3712.295989971664,1.02310484774724,818.483878197792,0,0.0,0,0.0,43,0.05375,0,0.0,757,0,38,38,0,0,0,5,0,5,0,5,-59.21448846179169,8.106450613981265,0.1805153039356158,2.5838408074341714,0.1136210972751644,0.2474095105960672,1.065520185234841,2.5838408074341714,full RL,0.05375
cold_gate,Cold start + gate,Cold gate,2,20260619_174127,121,96000,96800,800,-6.667436647491811,-5333.949317993449,-5.323762036527367,-4259.009629221894,1.3436746109644444,1074.9396887715554,0,0.0,0,0.0,33,0.04125,0,0.0,767,0,26,26,0,0,0,7,0,7,0,7,-59.17220140074187,9.81426160688437,0.2039028018441585,3.0647524498961616,0.1251918225460227,0.2826137811422942,1.0996516628094066,3.0647524498961616,full RL,0.04125
cold_gate,Cold start + gate,Cold gate,2,20260619_174127,122,96800,97600,800,-5.269375049751088,-4215.500039800871,-4.495249107761202,-3596.199286208962,0.7741259419898873,619.3007535919098,0,0.0,0,0.0,34,0.0425,0,0.0,766,0,28,28,0,0,0,6,0,6,0,6,-59.43362262279948,7.131901695145244,0.1808870226424928,2.600712693375669,0.113337382819017,0.2484366624659686,1.0649529417020434,2.600712693375669,full RL,0.0425
cold_gate,Cold start + gate,Cold gate,2,20260619_174127,123,97600,98400,800,-6.411421223064406,-5129.136978451525,-5.242259081977377,-4193.807265581901,1.169162141087028,935.3297128696224,0,0.0,0,0.0,24,0.03,0,0.0,776,0,18,18,0,0,0,6,0,6,0,6,-53.35023827049008,9.79874349233133,0.19239465675416,2.6534392420947484,0.1193870704976673,0.2654022430106528,1.0775985844668674,2.6534392420947484,full RL,0.03
cold_gate,Cold start + gate,Cold gate,2,20260619_174127,124,98400,99200,800,-6.545506499321741,-5236.405199457393,-5.257358432833342,-4205.886746266673,1.2881480664884004,1030.5184531907205,0,0.0,0,0.0,21,0.02625,0,0.0,779,0,14,14,0,0,0,7,0,7,0,7,-58.8615705650318,9.624911829890642,0.1987117644310604,2.972280050133463,0.1241117630420658,0.273311765820055,1.0629808189588292,2.972280050133463,full RL,0.02625
cold_gate,Cold start + gate,Cold gate,2,20260619_174127,125,99200,100000,800,-6.439047545978765,-5151.238036783012,-5.2897156086568025,-4231.772486925442,1.1493319373219633,919.4655498575704,0,0.0,0,0.0,26,0.0325,0,0.0,774,0,19,19,0,0,0,7,0,7,0,7,-58.46477772913215,9.671108228330851,0.2064674975423992,3.027471361150788,0.1253216897654631,0.2876133053193353,1.0929452404633555,3.027471361150788,full RL,0.0325
cold_gate,Cold start + gate,Cold gate,2,20260619_174127,126,100000,100800,800,-5.011337681824657,-4009.0701454597256,-4.493601642301209,-3594.881313840967,0.517736039523448,414.1888316187584,0,0.0,0,0.0,17,0.02125,0,0.0,783,0,10,10,0,0,0,7,0,7,0,7,-59.65361417209522,5.690759357866267,0.1787003161813807,2.6502732912275064,0.1132854757349051,0.2441151566278563,1.0550690261140203,2.6502732912275064,full RL,0.02125
cold_gate,Cold start + gate,Cold gate,2,20260619_174127,127,100800,101600,800,-4.783965005765786,-3827.172004612629,-4.415448049179481,-3532.3584393435854,0.3685169565863045,294.81356526904364,0,0.0,0,0.0,20,0.025,0,0.0,780,0,13,13,0,0,0,7,0,7,0,7,-59.20652970283175,2.063852152228356,0.1800274773039053,2.6630783057190115,0.1141076225797368,0.2459473320280739,1.0592672663122027,2.6630783057190115,full RL,0.025
cold_gate,Cold start + gate,Cold gate,2,20260619_174127,128,101600,102400,800,-6.575367807592877,-5260.294246074302,-5.299491477094201,-4239.593181675361,1.2758763304986762,1020.701064398941,0,0.0,0,0.0,33,0.04125,0,0.0,767,0,25,25,0,0,0,7,1,7,1,7,-59.23326720919693,9.58505867647496,0.2059854178278863,3.0373658187091337,0.1248179277838429,0.2871529078719297,1.0961799371644538,3.0373658187091337,full RL,0.04125
cold_gate,Cold start + gate,Cold gate,2,20260619_174127,129,102400,103200,800,-5.397752371454311,-4318.201897163449,-4.719445798532118,-3775.556638825695,0.678306572922193,542.6452583377544,0,0.0,0,0.0,27,0.03375,0,0.0,773,0,20,20,0,0,0,7,0,7,0,7,-60.71595584576335,6.690108994482614,0.1899015367430097,2.629222042837398,0.1154981848098818,0.2643048886761375,1.0630426788219456,2.629222042837398,full RL,0.03375
cold_gate,Cold start + gate,Cold gate,2,20260619_174127,130,103200,104000,800,-7.794592538124977,-6235.674030499982,-6.054449603116596,-4843.559682493276,1.740142935008383,1392.1143480067065,0,0.0,0,0.0,24,0.03,0,0.0,776,0,18,18,0,0,0,6,0,6,0,6,-57.34677977745537,9.83031830170046,0.2283188888098692,3.1028456978024224,0.13488689974389,0.3217508778758485,1.0889591839206871,3.1028456978024224,full RL,0.03
cold_gate,Cold start + gate,Cold gate,2,20260619_174127,131,104000,104800,800,-4.836256878044377,-3869.0055024355015,-4.381512266509478,-3505.209813207583,0.4547446115348974,363.79568922791793,0,0.0,0,0.0,26,0.0325,0,0.0,774,0,20,20,0,0,0,6,0,6,0,6,-59.01004527844202,4.556915785186398,0.1806459272266022,2.6556425552640235,0.1128708031915122,0.2484210512616922,1.067940034204875,2.6556425552640235,full RL,0.0325
cold_gate,Cold start + gate,Cold gate,2,20260619_174127,132,104800,105600,800,-6.320725649863589,-5056.580519890871,-5.121034062273369,-4096.827249818695,1.1996915875902197,959.7532700721756,0,0.0,0,0.0,32,0.04,0,0.0,768,0,26,26,0,0,0,6,0,6,0,6,-59.39069347455143,9.87411096952122,0.2064981969113513,3.0528575302619743,0.1224498159694454,0.2905465778532571,1.055113820277572,3.0528575302619743,full RL,0.04
cold_gate,Cold start + gate,Cold gate,2,20260619_174127,133,105600,106400,800,-6.285226835104427,-5028.181468083541,-5.151759525975441,-4121.407620780353,1.1334673091289855,906.7738473031886,0,0.0,0,0.0,31,0.03875,0,0.0,769,0,25,25,0,0,0,6,0,6,0,6,-59.865318669841145,9.793529152027372,0.2073036339673689,3.080853251232895,0.1231690409790272,0.2914382269557105,1.0593722778119623,3.080853251232895,full RL,0.03875
cold_gate,Cold start + gate,Cold gate,2,20260619_174127,134,106400,107200,800,-6.000313494829703,-4800.2507958637625,-4.922650381046057,-3938.120304836845,1.077663113783647,862.1304910269175,0,0.0,0,0.0,36,0.045,0,0.0,764,0,32,32,0,0,0,4,0,4,0,4,-51.679623409176656,8.78604186750836,0.1871184676363044,2.674439699217203,0.1153830397169946,0.2588538955556143,1.0576841470504106,2.674439699217203,full RL,0.045
cold_gate,Cold start + gate,Cold gate,2,20260619_174127,135,107200,108000,800,-5.258835975211302,-4207.068780169042,-4.450121524614892,-3560.097219691914,0.8087144505964097,646.9715604771277,0,0.0,0,0.0,51,0.06375,0,0.0,749,0,45,45,0,0,0,6,0,6,0,6,-60.62987210142353,3.5537000242150483,0.1832712665288567,2.660449502037295,0.1132030106517171,0.2533395224059964,1.0659737317801006,2.660449502037295,full RL,0.06375
cold_gate,Cold start + gate,Cold gate,2,20260619_174127,136,108000,108800,800,-7.814689396590521,-6251.751517272417,-5.9073616871948325,-4725.889349755866,1.9073277093956889,1525.862167516551,0,0.0,0,0.0,34,0.0425,0,0.0,766,0,28,28,0,0,0,6,0,6,0,6,-60.76279006943378,9.70266611182981,0.2235658077245394,3.1192941629117854,0.1299510882505486,0.3171805271985302,1.0963282137108816,3.1192941629117854,full RL,0.0425
cold_gate,Cold start + gate,Cold gate,2,20260619_174127,137,108800,109600,800,-4.991292987089215,-3993.034389671372,-4.412984585255159,-3530.3876682041277,0.5783084018340552,462.6467214672441,0,0.0,0,0.0,42,0.0525,0,0.0,758,0,36,36,0,0,0,6,0,6,0,6,-60.04684611590005,1.0310525834560402,0.1802690761631102,2.6960012283684023,0.114182667833347,0.2463554844928735,1.077289765962823,2.6960012283684023,full RL,0.0525
cold_gate,Cold start + gate,Cold gate,2,20260619_174127,138,109600,110400,800,-6.638226395691735,-5310.581116553388,-5.260359017684326,-4208.287214147461,1.377867378007408,1102.2939024059265,0,0.0,0,0.0,41,0.05125,0,0.0,759,0,34,34,0,0,0,7,0,7,0,7,-56.92648264501111,9.841309014736312,0.2019554964994747,2.880924452828083,0.125225188402825,0.2786858045961244,1.0900640346654176,2.880924452828083,full RL,0.05125
cold_gate,Cold start + gate,Cold gate,2,20260619_174127,139,110400,111200,800,-5.280308015015554,-4224.246412012443,-4.5983113342802,-3678.64906742416,0.6819966807353542,545.5973445882834,0,0.0,0,0.0,41,0.05125,0,0.0,759,0,36,36,0,0,0,5,0,5,0,5,-59.13659806093517,4.295285496519135,0.1861366072716008,2.826484648900646,0.1151689652734012,0.2571042492698003,1.0681839097341546,2.826484648900646,full RL,0.05125
cold_gate,Cold start + gate,Cold gate,2,20260619_174127,140,111200,112000,800,-4.974894662306503,-3979.9157298452014,-4.359084415395456,-3487.267532316365,0.6158102469110465,492.6481975288372,0,0.0,0,0.0,41,0.05125,0,0.0,759,0,35,35,0,0,0,6,0,6,0,6,-59.91153148483977,3.838039668410909,0.1795989570227271,2.6684978360041214,0.1131474429642194,0.2460504710812348,1.0726111854484972,2.6684978360041214,full RL,0.05125
cold_gate,Cold start + gate,Cold gate,2,20260619_174127,141,112000,112800,800,-5.324230733182268,-4259.384586545814,-4.583289360953564,-3666.631488762851,0.7409413722287038,592.7530977829631,0,0.0,0,0.0,39,0.04875,0,0.0,761,0,33,33,0,0,0,6,0,6,0,6,-60.25814003424409,4.566941958590883,0.1863084465329088,2.707914357261473,0.1144971119705624,0.2581197810952553,1.074956040418495,2.707914357261473,full RL,0.04875
cold_gate,Cold start + gate,Cold gate,2,20260619_174127,142,112800,113600,800,-6.870542742721793,-5496.434194177435,-5.406961069490361,-4325.568855592289,1.4635816732314324,1170.865338585146,0,0.0,0,0.0,45,0.05625,0,0.0,755,0,39,39,0,0,0,6,0,6,0,6,-58.29181727603202,9.733754766984656,0.208268217334767,2.953371656166155,0.1260016310742202,0.2905348035953139,1.099259952411857,2.953371656166155,full RL,0.05625
cold_gate,Cold start + gate,Cold gate,2,20260619_174127,143,113600,114400,800,-6.737264660305628,-5389.811728244502,-5.400134818333272,-4320.107854666618,1.3371298419723556,1069.7038735778845,0,0.0,0,0.0,35,0.04375,0,0.0,765,0,29,29,0,0,0,6,0,6,0,6,-58.29113671268249,9.764130842551111,0.2083641250783748,2.964108337110247,0.125998868324858,0.2907293818318915,1.101558998241443,2.964108337110247,full RL,0.04375
cold_gate,Cold start + gate,Cold gate,2,20260619_174127,144,114400,115200,800,-5.438163771900388,-4350.53101752031,-4.560019120316074,-3648.015296252859,0.8781446515843148,702.5157212674518,0,0.0,0,0.0,47,0.05875,0,0.0,753,0,41,41,0,0,0,6,0,6,0,6,-60.08008306827048,5.824649942403865,0.1851689164060035,2.7142401806759158,0.1138961233483714,0.2564417094636356,1.078841808128702,2.7142401806759158,full RL,0.05875
cold_gate,Cold start + gate,Cold gate,2,20260619_174127,145,115200,116000,800,-5.698784874221558,-4559.027899377246,-4.609488182567307,-3687.590546053845,1.0892966916542517,871.4373533234011,0,0.0,0,0.0,54,0.0675,0,0.0,746,0,49,49,0,0,0,5,0,5,0,5,-61.40790038801924,7.269709777346522,0.183468654224168,2.65862192111831,0.1130227695125152,0.2539145389358208,1.0759444316729367,2.65862192111831,full RL,0.0675
cold_gate,Cold start + gate,Cold gate,2,20260619_174127,146,116000,116800,800,-5.763115550027157,-4610.492440021726,-4.733827426101754,-3787.0619408814023,1.0292881239254046,823.4304991403237,0,0.0,0,0.0,52,0.065,0,0.0,748,0,46,46,0,0,0,6,0,6,0,6,-62.26221024472238,3.4944354710901218,0.1900709568705567,2.75530980751779,0.1148758191439963,0.265266094597117,1.068939492853347,2.75530980751779,full RL,0.065
cold_gate,Cold start + gate,Cold gate,2,20260619_174127,147,116800,117600,800,-7.5829053215701085,-6066.324257256087,-5.67971354105074,-4543.770832840592,1.90319178051937,1522.553424415496,0,0.0,0,0.0,62,0.0775,0,0.0,738,0,56,56,0,0,0,6,0,6,0,6,-59.71237461951057,9.837168841183356,0.2164306562292117,3.0226918064621486,0.1267896061082162,0.3060717063502071,1.1043723478329368,3.0226918064621486,full RL,0.0775
cold_gate,Cold start + gate,Cold gate,2,20260619_174127,148,117600,118400,800,-5.370721459044983,-4296.577167235986,-4.566812653356842,-3653.4501226854736,0.8039088056881412,643.1270445505129,0,0.0,0,0.0,50,0.0625,0,0.0,750,0,44,44,0,0,0,6,0,6,0,6,-61.62955190577566,2.2821639858348397,0.1926137939015648,2.774684974779348,0.1131631519195503,0.2720644358835794,1.0516598573803058,2.774684974779348,full RL,0.0625
cold_gate,Cold start + gate,Cold gate,2,20260619_174127,149,118400,119200,800,-5.362396050648198,-4289.916840518558,-4.419204641400631,-3535.363713120505,0.9431914092475664,754.553127398053,0,0.0,0,0.0,41,0.05125,0,0.0,759,0,36,36,0,0,0,5,0,5,0,5,-60.35894048043326,4.431501027574127,0.1823713727476519,2.6311835081472736,0.1113465331590083,0.2533962123362955,1.0589023736313092,2.6311835081472736,full RL,0.05125
cold_gate,Cold start + gate,Cold gate,2,20260619_174127,150,119200,120000,800,-5.990016885577685,-4792.013508462148,-4.745626055498255,-3796.500844398604,1.24439083007943,995.512664063544,0,0.0,0,0.0,48,0.06,0,0.0,752,0,42,42,0,0,0,6,0,6,0,6,-59.399852544828605,4.220078364443085,0.189617103457564,2.681396896049023,0.1142221907557896,0.2650120161593384,1.0588554437253777,2.681396896049023,full RL,0.06
cold_gate,Cold start + gate,Cold gate,2,20260619_174127,151,120000,120800,800,-7.4964140847372915,-5997.131267789833,-5.405732523185834,-4324.586018548667,2.0906815615514573,1672.5452492411655,0,0.0,0,0.0,47,0.05875,0,0.0,753,0,41,41,0,0,0,6,0,6,0,6,-58.76305284626369,9.689558767813168,0.2105947616992799,2.9729298979854093,0.1226469271880436,0.2985425962105162,1.0895339184364827,2.9729298979854093,full RL,0.05875
cold_gate,Cold start + gate,Cold gate,2,20260619_174127,152,120800,121600,800,-7.64002603869192,-6112.020830953536,-5.775806426368103,-4620.645141094482,1.8642196123238164,1491.3756898590532,0,0.0,0,0.0,49,0.06125,0,0.0,751,0,43,43,0,0,0,6,0,6,0,6,-57.43450826479637,9.67877930581262,0.2164965688889498,2.9455632940113787,0.128124198891255,0.3048689388866447,1.0962875514497523,2.9455632940113787,full RL,0.06125
cold_gate,Cold start + gate,Cold gate,2,20260619_174127,153,121600,122400,800,-7.1334461669073495,-5706.75693352588,-5.377766482734335,-4302.213186187468,1.755679684173015,1404.5437473384118,0,0.0,0,0.0,59,0.07375,0,0.0,741,0,52,52,0,0,0,6,1,6,1,6,-52.94619285571946,8.483554219435606,0.2003251431540463,2.806604462055759,0.1194523599724214,0.2811979263356712,1.053347054029719,2.806604462055759,full RL,0.07375
cold_gate,Cold start + gate,Cold gate,2,20260619_174127,154,122400,123200,800,-5.883888038089968,-4707.110430471975,-4.793672746764711,-3834.938197411769,1.0902152913252576,872.172233060206,0,0.0,0,0.0,54,0.0675,0,0.0,746,0,48,48,0,0,0,6,0,6,0,6,-58.00514813437576,3.112654882468687,0.1930873769674715,2.737935767816225,0.1159084831926377,0.2702662707423053,1.0749622262002352,2.737935767816225,full RL,0.0675
cold_gate,Cold start + gate,Cold gate,2,20260619_174127,155,123200,124000,800,-7.611670647829811,-6089.336518263849,-5.594677051158268,-4475.741640926614,2.0169935966715435,1613.5948773372347,0,0.0,0,0.0,66,0.0825,0,0.0,734,0,60,60,0,0,0,6,0,6,0,6,-57.14306689893817,9.704406866694397,0.2152880825963379,2.8999923139343764,0.1252940977659362,0.3052820674267396,1.0951181302303978,2.8999923139343764,full RL,0.0825
cold_gate,Cold start + gate,Cold gate,2,20260619_174127,156,124000,124800,800,-5.631974595095805,-4505.579676076644,-4.647448009009877,-3717.958407207902,0.9845265860859276,787.6212688687422,0,0.0,0,0.0,59,0.07375,0,0.0,741,0,53,53,0,0,0,6,0,6,0,6,-56.68270357534516,3.227486800063234,0.1939647557098797,2.7888852791034537,0.1136255719227863,0.274303939496973,1.0707404626786323,2.7888852791034537,full RL,0.07375
cold_gate,Cold start + gate,Cold gate,2,20260619_174127,157,124800,125600,800,-5.5722496804265775,-4457.799744341262,-4.676886895379917,-3741.509516303934,0.8953627850466599,716.2902280373279,0,0.0,0,0.0,45,0.05625,0,0.0,755,0,39,39,0,0,0,6,0,6,0,6,-59.007690914711134,3.0402210216644434,0.1916017871308751,2.7393497079012263,0.1141321507966169,0.2690714234651334,1.0696309549891607,2.7393497079012263,full RL,0.05625
cold_gate,Cold start + gate,Cold gate,2,20260619_174127,158,125600,126400,800,-5.157403895785378,-4125.923116628303,-4.523260432731154,-3618.608346184923,0.634143463054224,507.3147704433792,0,0.0,0,0.0,39,0.04875,0,0.0,761,0,34,34,0,0,0,5,0,5,0,5,-58.548539261682095,2.049057197288557,0.1858551979376411,2.674249436454488,0.1139392022897036,0.2577711935855786,1.0681773708769169,2.674249436454488,full RL,0.04875
cold_gate,Cold start + gate,Cold gate,2,20260619_174127,159,126400,127200,800,-9.195846659793997,-7356.677327835196,-6.18999269701758,-4951.994157614064,3.005853962776415,2404.683170221132,0,0.0,0,0.0,53,0.06625,0,0.0,747,0,49,49,0,0,0,4,0,4,0,4,-59.16182942241494,15.897343436514303,0.2138220700977727,2.999649116059061,0.1263891772971784,0.301254962898367,1.1026601354573735,2.999649116059061,full RL,0.06625
cold_gate,Cold start + gate,Cold gate,2,20260619_174127,160,127200,128000,800,-5.845380830545183,-4676.304664436147,-4.6159332142348966,-3692.746571387917,1.2294476163102863,983.5580930482292,0,0.0,0,0.0,52,0.065,0,0.0,748,0,45,45,0,0,0,7,0,7,0,7,-60.4437494887427,3.5243061022705366,0.1849801484985504,2.6798355002947005,0.1137187684071443,0.2562415285899564,1.0617142445059509,2.6798355002947005,full RL,0.065
cold_gate,Cold start + gate,Cold gate,2,20260619_174127,161,128000,128800,800,-5.320022189272249,-4256.017751417799,-4.440940372399113,-3552.75229791929,0.879081816873137,703.2654534985096,0,0.0,0,0.0,58,0.0725,0,0.0,742,0,51,51,0,0,0,7,0,7,0,7,-61.05576555686957,1.5543358911099137,0.1858807253699139,2.693251025990378,0.1129219940473058,0.258839456692522,1.0758045221424433,2.693251025990378,full RL,0.0725
cold_gate,Cold start + gate,Cold gate,2,20260619_174127,162,128800,129600,800,-5.357572681018235,-4286.058144814588,-4.449299243111476,-3559.439394489181,0.9082734379067592,726.6187503254074,0,0.0,0,0.0,54,0.0675,0,0.0,746,0,48,48,0,0,0,6,0,6,0,6,-59.95921787233351,3.868407914485029,0.1806581655073416,2.6705424383478658,0.1130963446987841,0.2482199863158992,1.074442440723653,2.6705424383478658,full RL,0.0675
cold_gate,Cold start + gate,Cold gate,2,20260619_174127,163,129600,130400,800,-6.077618431536694,-4862.094745229355,-4.90638769764962,-3925.110158119696,1.1712307338870735,936.9845871096588,0,0.0,0,0.0,38,0.0475,0,0.0,762,0,32,32,0,0,0,6,0,6,0,6,-60.14384877283749,9.558189463800218,0.1935490456018183,3.0293790646347247,0.1184291679253968,0.2686689232782399,1.090377851040392,3.0293790646347247,full RL,0.0475
cold_gate,Cold start + gate,Cold gate,2,20260619_174127,164,130400,131200,800,-4.983086439484562,-3986.469151587649,-4.349722205732061,-3479.7777645856486,0.6333642337525017,506.6913870020014,0,0.0,0,0.0,38,0.0475,0,0.0,762,0,31,31,0,0,0,7,0,7,0,7,-61.29853136081374,1.6338779222180275,0.1834832189874503,2.635737825826084,0.1117842045541187,0.2551822334207819,1.0708040592856576,2.635737825826084,full RL,0.0475
cold_gate,Cold start + gate,Cold gate,2,20260619_174127,165,131200,132000,800,-6.870546246574868,-5496.436997259894,-5.4134093380483375,-4330.72747043867,1.4571369085265309,1165.7095268212247,0,0.0,0,0.0,38,0.0475,0,0.0,762,0,33,33,0,0,0,5,0,5,0,5,-57.64333611217273,9.775012442516328,0.2039339550473403,2.986167200439126,0.1260889308298713,0.2817789792648092,1.107901008643808,2.986167200439126,full RL,0.0475
cold_gate,Cold start + gate,Cold gate,2,20260619_174127,166,132000,132800,800,-6.585079903878103,-5268.0639231024825,-5.302383931525802,-4241.907145220642,1.282695972352301,1026.1567778818408,0,0.0,0,0.0,37,0.04625,0,0.0,763,0,32,32,0,0,0,5,0,5,0,5,-57.56396352064712,9.658046681424915,0.2068604723265526,3.001249839295326,0.1256116855115632,0.288109259141542,1.105054060375393,3.001249839295326,full RL,0.04625
cold_gate,Cold start + gate,Cold gate,2,20260619_174127,167,132800,133600,800,-6.469360347671833,-5175.488278137466,-5.22252160289684,-4178.017282317473,1.246838744774993,997.4709958199944,0,0.0,0,0.0,37,0.04625,0,0.0,763,0,32,32,0,0,0,5,0,5,0,5,-58.394258371707565,9.776892325613074,0.2038912188323944,3.0063391237806627,0.1251881267366505,0.2825943109281384,1.1017864326519469,3.0063391237806627,full RL,0.04625
cold_gate,Cold start + gate,Cold gate,2,20260619_174127,168,133600,134400,800,-6.567055519749769,-5253.644415799816,-5.253764578061821,-4203.011662449457,1.3132909416879484,1050.6327533503586,0,0.0,0,0.0,42,0.0525,0,0.0,758,0,37,37,0,0,0,5,0,5,0,5,-58.17384083995728,9.730761544715945,0.2038027459639425,3.002521126242016,0.1260603040297897,0.2815451878980953,1.1027556965399712,3.002521126242016,full RL,0.0525
cold_gate,Cold start + gate,Cold gate,2,20260619_174127,169,134400,135200,800,-5.099573636247807,-4079.658908998245,-4.419370706209701,-3535.496564967761,0.6802029300381055,544.1623440304844,0,0.0,0,0.0,44,0.055,0,0.0,756,0,37,37,0,0,0,7,0,7,0,7,-58.43627210016905,1.9902800821281188,0.1788037565300487,2.6704432608109414,0.1145191894250277,0.2430883236350697,1.0746878945196272,2.6704432608109414,full RL,0.055
cold_gate,Cold start + gate,Cold gate,2,20260619_174127,170,135200,136000,800,-4.984868933132967,-3987.895146506373,-4.321403039737661,-3457.1224317901288,0.6634658933953064,530.7727147162451,0,0.0,0,0.0,47,0.05875,0,0.0,753,0,42,42,0,0,0,5,0,5,0,5,-58.505240651623694,1.415636178255081,0.1744276184448969,2.684380202592479,0.1136123128765858,0.2352429240132079,1.0741842497413463,2.684380202592479,full RL,0.05875
cold_gate,Cold start + gate,Cold gate,2,20260619_174127,171,136000,136800,800,-6.73280832549649,-5386.246660397192,-5.18406990334855,-4147.25592267884,1.5487384221479406,1238.9907377183524,0,0.0,0,0.0,50,0.0625,0,0.0,750,0,45,45,0,0,0,5,0,5,0,5,-57.64061703534821,9.664014086251152,0.198720010242576,2.904001566290958,0.1245978999673222,0.2728421205178298,1.0991241390260278,2.904001566290958,full RL,0.0625
cold_gate,Cold start + gate,Cold gate,2,20260619_174127,172,136800,137600,800,-6.5702381842823305,-5256.190547425865,-5.2233485648126,-4178.67885185008,1.3468896194697306,1077.5116955757844,0,0.0,0,0.0,45,0.05625,0,0.0,755,0,38,38,0,0,0,7,0,7,0,7,-58.508652181838215,9.690113931747716,0.2012079224854199,2.9509034949817305,0.1256069925681267,0.2768088524027131,1.0985779022337936,2.9509034949817305,full RL,0.05625
cold_gate,Cold start + gate,Cold gate,2,20260619_174127,173,137600,138400,800,-6.588057237370484,-5270.445789896387,-5.260504010373811,-4208.403208299049,1.327553226996674,1062.0425815973392,0,0.0,0,0.0,45,0.05625,0,0.0,755,0,40,40,0,0,0,5,0,5,0,5,-58.04300234261211,9.8455682767438,0.2014144080863476,2.957806984248009,0.1262405250423707,0.2765882911303245,1.0933376912167532,2.957806984248009,full RL,0.05625
cold_gate,Cold start + gate,Cold gate,2,20260619_174127,174,138400,139200,800,-4.896625304351111,-3917.3002434808886,-4.301825487872458,-3441.460390297966,0.5947998164786532,475.8398531829225,0,0.0,0,0.0,40,0.05,0,0.0,760,0,33,33,0,0,0,7,0,7,0,7,-59.05626463418173,1.598480758070946,0.1744399852342373,2.6239367001627443,0.1133546601704983,0.2355253102979763,1.0777810390392664,2.6239367001627443,full RL,0.05
cold_gate,Cold start + gate,Cold gate,2,20260619_174127,175,139200,140000,800,-4.876877721217328,-3901.5021769738623,-4.315496383234443,-3452.397106587554,0.561381337982886,449.10507038630885,0,0.0,0,0.0,37,0.04625,0,0.0,763,0,31,31,0,0,0,5,1,5,1,5,-60.98144043618527,2.926561480760575,0.1774137453019641,2.730695201377557,0.1131377929707546,0.2416896976331736,1.074691802712715,2.730695201377557,full RL,0.04625
cold_gate,Cold start + gate,Cold gate,2,20260619_174127,176,140000,140800,800,-4.893108667666729,-3914.486934133383,-4.335944492882777,-3468.7555943062216,0.5571641747839515,445.73133982716126,0,0.0,0,0.0,27,0.03375,0,0.0,773,0,21,21,0,0,0,6,0,6,0,6,-57.776241280230806,6.169333811016513,0.1737877167009143,2.68958943878215,0.1121795268895113,0.2353959065123172,1.0661856229678506,2.68958943878215,full RL,0.03375
cold_gate,Cold start + gate,Cold gate,2,20260619_174127,177,140800,141600,800,-6.225985642738392,-4980.788514190714,-5.047401561861309,-4037.921249489047,1.1785840808770818,942.8672647016656,0,0.0,0,0.0,33,0.04125,0,0.0,767,0,26,26,0,0,0,7,0,7,0,7,-58.90764336219172,9.756357431874386,0.1996109734694962,3.065610680808845,0.1235219700559731,0.2756999768830194,1.0729500421769376,3.065610680808845,full RL,0.04125
cold_gate,Cold start + gate,Cold gate,2,20260619_174127,178,141600,142400,800,-6.162685060316554,-4930.148048253243,-5.120127089916107,-4096.101671932885,1.0425579704004466,834.0463763203572,0,0.0,0,0.0,23,0.02875,0,0.0,777,0,17,17,0,0,0,6,0,6,0,6,-59.00433225373422,9.860230832732212,0.20210222781349,3.029864233195326,0.1243066251746186,0.2798978304523613,1.1010855389606156,3.029864233195326,full RL,0.02875
cold_gate,Cold start + gate,Cold gate,2,20260619_174127,179,142400,143200,800,-6.030883541206094,-4824.706832964876,-5.06792157677094,-4054.337261416752,0.962961964435155,770.369571548124,0,0.0,0,0.0,18,0.0225,0,0.0,782,0,12,12,0,0,0,6,0,6,0,6,-60.39246936054815,9.711839089083671,0.1977185875935954,2.987040497722205,0.1245411865290828,0.2708959886581081,1.090212867219916,2.987040497722205,full RL,0.0225
cold_gate,Cold start + gate,Cold gate,2,20260619_174127,180,143200,144000,800,-6.38376295624006,-5107.010364992048,-5.19169129628844,-4153.353037030752,1.1920716599516208,953.6573279612968,0,0.0,0,0.0,27,0.03375,0,0.0,773,0,22,22,0,0,0,5,0,5,0,5,-59.276254965582325,9.743610949554022,0.197967876163587,2.805930690867285,0.1255664134557069,0.2703693388714672,1.09383080706777,2.805930690867285,full RL,0.03375
cold_gate,Cold start + gate,Cold gate,2,20260619_174127,181,144000,144800,800,-5.385825453460873,-4308.660362768698,-4.5685180138953845,-3654.814411116308,0.8173074395654871,653.8459516523897,0,0.0,0,0.0,39,0.04875,0,0.0,761,0,33,33,0,0,0,6,0,6,0,6,-60.45828882997557,2.8997588062895456,0.1832894055657742,2.451169695537885,0.1147944722941692,0.2517843388373791,1.0737867482111434,2.451169695537885,full RL,0.04875
cold_gate,Cold start + gate,Cold gate,2,20260619_174127,182,144800,145600,800,-6.764327576794996,-5411.462061435997,-5.198213841919219,-4158.571073535375,1.566113734875778,1252.8909879006223,0,0.0,0,0.0,45,0.05625,0,0.0,755,0,39,39,0,0,0,6,0,6,0,6,-59.62122483090104,6.7037346943894605,0.1918792507706141,2.4403685895110243,0.1174922888606526,0.2662662126805756,1.0934221365531198,2.4403685895110243,full RL,0.05625
cold_gate,Cold start + gate,Cold gate,2,20260619_174127,183,145600,146400,800,-12.641557942447225,-10113.24635395778,-7.9812891302479105,-6385.031304198328,4.660268812199314,3728.215049759452,0,0.0,0,0.0,47,0.05875,0,0.0,753,0,39,39,0,0,0,8,0,8,0,8,-59.27518663927117,10.871264272692564,0.2522208203929822,3.0282309615522536,0.1432642514704496,0.3611773893155147,1.1252931121399512,3.0282309615522536,full RL,0.05875
cold_gate,Cold start + gate,Cold gate,2,20260619_174127,184,146400,147200,800,-8.036840664241305,-6429.472531393045,-5.911212126629729,-4728.969701303783,2.125628537611577,1700.5028300892614,0,0.0,0,0.0,45,0.05625,0,0.0,755,0,40,40,0,0,0,5,0,5,0,5,-59.73705071840129,9.67361567135182,0.2218971934354076,2.4436051041705014,0.1209986894010546,0.3227956974697605,1.128970239681974,2.4436051041705014,full RL,0.05625
cold_gate,Cold start + gate,Cold gate,2,20260619_174127,185,147200,148000,800,-9.509174057059862,-7607.33924564789,-6.523783582085041,-5219.026865668033,2.9853904749748232,2388.312379979858,0,0.0,0,0.0,46,0.0575,0,0.0,754,0,40,40,0,0,0,6,0,6,0,6,-60.5385305103282,11.912506109381692,0.2482474842416832,2.454833924274624,0.1202074251567615,0.3762875433266049,1.1087856612261704,2.454833924274624,full RL,0.0575
cold_gate,Cold start + gate,Cold gate,2,20260619_174127,186,148000,148800,800,-12.32086554462206,-9856.692435697649,-7.642982944423307,-6114.386355538645,4.677882600198754,3742.306080159003,0,0.0,0,0.0,37,0.04625,0,0.0,763,0,32,32,0,0,0,5,0,5,0,5,-57.66662074265412,12.91905649070334,0.2590011943981498,2.941841864243429,0.1296951862675646,0.3883072025287349,1.094006092115555,2.941841864243429,full RL,0.04625
cold_gate,Cold start + gate,Cold gate,2,20260619_174127,187,148800,149600,800,-10.737070775392858,-8589.656620314287,-6.8055123292679545,-5444.409863414364,3.931558446124903,3145.2467568999223,0,0.0,0,0.0,43,0.05375,0,0.0,757,0,39,39,0,0,0,4,0,4,0,4,-58.49097948962242,14.850516552902295,0.2266887989789509,2.4137051821483624,0.1214892175183498,0.3318883804395521,1.1105929357673507,2.4137051821483624,full RL,0.05375
cold_gate,Cold start + gate,Cold gate,2,20260619_174127,188,149600,150400,800,-11.95582287128145,-9564.65829702516,-7.648795802397121,-6119.036641917697,4.307027068884329,3445.6216551074635,0,0.0,0,0.0,47,0.05875,0,0.0,753,0,39,39,0,0,0,8,0,8,0,8,-57.095263378074605,11.711628839925991,0.2437286412867231,2.963257293869674,0.137149210771122,0.3503080718023242,1.1687072063004522,2.963257293869674,full RL,0.05875
cold_gate,Cold start + gate,Cold gate,2,20260619_174127,189,150400,151200,800,-11.276287672482155,-9021.030137985725,-7.105154430308713,-5684.123544246971,4.171133242173442,3336.906593738754,0,0.0,0,0.0,35,0.04375,0,0.0,765,0,31,31,0,0,0,4,0,4,0,4,-58.31116803818611,15.37321296985304,0.2402317812597545,2.953527413062602,0.1287068901035883,0.3517566724159208,1.1861357728604385,2.953527413062602,full RL,0.04375
cold_gate,Cold start + gate,Cold gate,2,20260619_174127,190,151200,152000,800,-7.66001104213799,-6128.008833710392,-5.409854674653634,-4327.883739722907,2.2501563674843554,1800.1250939874842,0,0.0,0,0.0,38,0.0475,0,0.0,762,0,31,31,0,0,0,7,0,7,0,7,-57.768379467937166,6.945554917886569,0.2037164311108575,2.4068655860926924,0.1149921853551866,0.2924406768665283,1.0746380473382495,2.4068655860926924,full RL,0.0475
cold_gate,Cold start + gate,Cold gate,2,20260619_174127,191,152000,152800,800,-6.618644915758778,-5294.915932607022,-5.109025091193635,-4087.220072954908,1.5096198245651435,1207.695859652115,0,0.0,0,0.0,45,0.05625,0,0.0,755,0,40,40,0,0,0,5,0,5,0,5,-58.89338479061121,9.55076830634002,0.1950498787744669,2.972070080379865,0.1210316068982338,0.2690681506506999,1.0936934609742668,2.972070080379865,full RL,0.05625
cold_gate,Cold start + gate,Cold gate,2,20260619_174127,192,152800,153600,800,-5.3809006690586525,-4304.720535246922,-4.4297697271620695,-3543.815781729656,0.9511309418965836,760.9047535172668,0,0.0,0,0.0,47,0.05875,0,0.0,753,0,40,40,0,0,0,7,0,7,0,7,-58.75219124912712,4.886381038858876,0.173618096797063,2.477294102990072,0.1133092836324813,0.2339269099616447,1.0657593741590383,2.477294102990072,full RL,0.05875
cold_gate,Cold start + gate,Cold gate,2,20260619_174127,193,153600,154400,800,-5.992097208144478,-4793.677766515582,-4.776105418851744,-3820.884335081395,1.2159917892927343,972.7934314341876,0,0.0,0,0.0,45,0.05625,0,0.0,755,0,38,38,0,0,0,7,0,7,0,7,-57.66780318919393,9.63733421748336,0.1878460005661244,2.9298542829154144,0.1192579944332248,0.256434006699024,1.0777118586950407,2.9298542829154144,full RL,0.05625
cold_gate,Cold start + gate,Cold gate,2,20260619_174127,194,154400,155200,800,-8.202039533526577,-6561.631626821261,-5.900450548842655,-4720.360439074124,2.3015889846839213,1841.271187747137,0,0.0,0,0.0,50,0.0625,0,0.0,750,0,43,43,0,0,0,7,0,7,0,7,-58.564617889414535,11.26669362502079,0.2167593605546987,2.9800599454716235,0.1326239911417827,0.3008947299676147,1.0960864666800822,2.9800599454716235,full RL,0.0625
cold_gate,Cold start + gate,Cold gate,2,20260619_174127,195,155200,156000,800,-6.931927890545335,-5545.542312436268,-5.272672489805391,-4218.137991844313,1.659255400739945,1327.404320591956,0,0.0,0,0.0,43,0.05375,0,0.0,757,0,37,37,0,0,0,6,0,6,0,6,-57.99711061233313,9.709390223940073,0.2042146131728716,3.0223522881636318,0.1243285292256724,0.2841006971200709,1.0832982744145705,3.0223522881636318,full RL,0.05375
cold_gate,Cold start + gate,Cold gate,2,20260619_174127,196,156000,156800,800,-5.14687636708465,-4117.50109366772,-4.3672008837075,-3493.760706966,0.7796754833771508,623.7403867017206,0,0.0,0,0.0,43,0.05375,0,0.0,757,0,37,37,0,0,0,6,0,6,0,6,-59.764966203358426,4.479050691874656,0.1766301200501671,2.4960987916412023,0.1122894955214242,0.24097074457891,1.0620077906773342,2.4960987916412023,full RL,0.05375
cold_gate,Cold start + gate,Cold gate,2,20260619_174127,197,156800,157600,800,-5.595809621754421,-4476.647697403537,-4.556482611538618,-3645.186089230895,1.0393270102158028,831.4616081726422,0,0.0,0,0.0,57,0.07125,0,0.0,743,0,52,52,0,0,0,5,0,5,0,5,-60.03851751450202,4.700072947250736,0.1812698823410646,2.533440077524346,0.1145692754660568,0.2479704892160724,1.0848932422143824,2.533440077524346,full RL,0.07125
cold_gate,Cold start + gate,Cold gate,2,20260619_174127,198,157600,158400,800,-7.480068659586517,-5984.054927669214,-5.63993340725072,-4511.946725800575,1.8401352523357983,1472.1082018686388,0,0.0,0,0.0,45,0.05625,0,0.0,755,0,40,40,0,0,0,5,0,5,0,5,-60.98445146063352,9.787855821707232,0.2100329056974437,2.880865816937217,0.1304139779289944,0.2896518334658929,1.1072895279277053,2.880865816937217,full RL,0.05625
cold_gate,Cold start + gate,Cold gate,2,20260619_174127,199,158400,159200,800,-8.436458473708166,-6749.1667789665335,-6.148242290905428,-4918.593832724343,2.2882161828027385,1830.572946242191,0,0.0,0,0.0,45,0.05625,0,0.0,755,0,40,40,0,0,0,5,0,5,0,5,-58.252221492884814,9.789559288447704,0.2245960264071951,2.9994926293957747,0.1363219583724561,0.3128700944419341,1.1077834308948176,2.9994926293957747,full RL,0.05625
cold_gate,Cold start + gate,Cold gate,2,20260619_174127,200,159200,160000,800,-6.113163085303598,-4890.530468242879,-4.949683459360583,-3959.7467674884665,1.1634796259430151,930.7837007544124,0,0.0,0,0.0,37,0.04625,0,0.0,763,0,33,33,0,0,0,4,0,4,0,4,-59.31165872615031,8.803673067923054,0.1841236699138265,2.469364423990271,0.1181648608700121,0.2500824789576409,1.0775470582985132,2.469364423990271,full RL,0.04625
cold_gate,Cold start + gate,Cold gate,2,20260619_174127,201,160000,160800,800,-5.0571151801540575,-4045.6921441232457,-4.3922688665347565,-3513.815093227805,0.6648463136193015,531.8770508954411,0,0.0,0,0.0,42,0.0525,0,0.0,758,0,37,37,0,0,0,5,0,5,0,5,-59.60359918173083,3.648343393227573,0.1766922662500032,2.5119098744835355,0.1135992714449106,0.2397852610550958,1.0829951014725083,2.5119098744835355,full RL,0.0525
cold_gate,Cold start + gate,Cold gate,2,20260619_174127,202,160800,161600,800,-7.079244436789049,-5663.395549431239,-5.386523261185553,-4309.218608948442,1.692721175603496,1354.176940482797,0,0.0,0,0.0,52,0.065,0,0.0,748,0,48,48,0,0,0,4,0,4,0,4,-58.04117234363855,9.71493656717714,0.2029989353751607,3.00593949073766,0.1252914608295785,0.280706409920743,1.0937780100910337,3.00593949073766,full RL,0.065
cold_gate,Cold start + gate,Cold gate,2,20260619_174127,203,161600,162400,800,-6.717352632303038,-5373.882105842431,-5.263642541854124,-4210.914033483299,1.4537100904489149,1162.9680723591318,0,0.0,0,0.0,42,0.0525,0,0.0,758,0,36,36,0,0,0,6,0,6,0,6,-60.57654657849116,9.749714499493784,0.2044867882720666,2.8878725435420165,0.1256144950166058,0.2833590815275274,1.10927788351368,2.8878725435420165,full RL,0.0525
cold_gate,Cold start + gate,Cold gate,2,20260619_174127,204,162400,163200,800,-5.410084782353649,-4328.067825882919,-4.5643970573873,-3651.51764590984,0.8456877249663486,676.5501799730789,0,0.0,0,0.0,51,0.06375,0,0.0,749,0,46,46,0,0,0,5,0,5,0,5,-54.25131889060219,3.4210939811943537,0.1806351859471503,2.554505592880048,0.1162495120429647,0.2450208598513359,1.0993205224504092,2.554505592880048,full RL,0.06375
cold_gate,Cold start + gate,Cold gate,2,20260619_174127,205,163200,164000,800,-5.618804802458169,-4495.043841966535,-4.674711309828159,-3739.7690478625273,0.9440934926300096,755.2747941040077,0,0.0,0,0.0,51,0.06375,0,0.0,749,0,46,46,0,0,0,5,0,5,0,5,-51.05590305765293,5.535237832593605,0.1812593803146853,2.5237997588974963,0.1166499829131247,0.2458687777162458,1.093585416050916,2.5237997588974963,full RL,0.06375
cold_gate,Cold start + gate,Cold gate,2,20260619_174127,206,164000,164800,800,-7.554899246902337,-6043.9193975218695,-5.52082889639154,-4416.663117113232,2.034070350510795,1627.256280408636,0,0.0,0,0.0,47,0.05875,0,0.0,753,0,42,42,0,0,0,5,0,5,0,5,-61.90986751136359,9.837839633887262,0.203383551153248,2.9387699461793204,0.12637559095794,0.280391511348556,1.1135998039037198,2.9387699461793204,full RL,0.05875
cold_gate,Cold start + gate,Cold gate,2,20260619_174127,207,164800,165600,800,-6.703654354120812,-5362.9234832966495,-5.243779393705396,-4195.023514964317,1.4598749604154162,1167.899968332333,0,0.0,0,0.0,44,0.055,0,0.0,756,0,39,39,0,0,0,5,0,5,0,5,-61.27695625087733,9.765052423871431,0.2003248505726803,2.9387488693204773,0.1264292197817705,0.2742204813635901,1.1231829325443743,2.9387488693204773,full RL,0.055
cold_gate,Cold start + gate,Cold gate,2,20260619_174127,208,165600,166400,800,-7.387378906971739,-5909.903125577391,-5.490471546851532,-4392.377237481226,1.896907360120205,1517.5258880961642,0,0.0,0,0.0,54,0.0675,0,0.0,746,0,49,49,0,0,0,5,0,5,0,5,-61.760810005948656,10.079586893293117,0.2035579358212937,2.922017055529807,0.1268395629398759,0.2802763087027115,1.1152152218627598,2.922017055529807,full RL,0.0675
cold_gate,Cold start + gate,Cold gate,2,20260619_174127,209,166400,167200,800,-8.938072741611881,-7150.458193289505,-6.541200748587519,-5232.960598870015,2.396871993024362,1917.4975944194896,0,0.0,0,0.0,28,0.035,0,0.0,772,0,23,23,0,0,0,5,0,5,0,5,-58.91625872542522,9.96358628990754,0.234955181577369,3.0198254039444805,0.141547078420306,0.328363284734432,1.1113318787639712,3.0198254039444805,full RL,0.035
cold_gate,Cold start + gate,Cold gate,2,20260619_174127,210,167200,168000,800,-4.824941693601369,-3859.953354881096,-4.4100024319168165,-3528.001945533453,0.4149392616845533,331.95140934764265,0,0.0,0,0.0,28,0.035,0,0.0,772,0,22,22,0,0,0,6,0,6,0,6,-58.98270593360314,1.6184618830680844,0.1751262678597731,2.504547128175261,0.1154611602938748,0.2347913754256713,1.1018999386598032,2.504547128175261,full RL,0.035
cold_gate,Cold start + gate,Cold gate,2,20260619_174127,211,168000,168800,800,-7.851963994859768,-6281.571195887815,-6.050398625381324,-4840.318900305059,1.8015653694784424,1441.252295582754,0,0.0,0,0.0,17,0.02125,0,0.0,783,0,12,12,0,0,0,5,0,5,0,5,-57.76937826784945,9.885256839645283,0.2197109495817931,2.962138144146252,0.1372113705975491,0.3022105285660372,1.117912085884735,2.962138144146252,full RL,0.02125
cold_gate,Cold start + gate,Cold gate,2,20260619_174127,212,168800,169600,800,-7.744833155817064,-6195.866524653651,-6.0796908367702285,-4863.752669416183,1.6651423190468366,1332.1138552374694,0,0.0,0,0.0,14,0.0175,0,0.0,786,0,9,9,0,0,0,5,0,5,0,5,-58.20098630898531,9.859268228687434,0.2209171357857891,2.982291584629081,0.1375684583852636,0.3042658131863147,1.1137283666804447,2.982291584629081,full RL,0.0175
cold_gate,Cold start + gate,Cold gate,2,20260619_174127,213,169600,170400,800,-8.567430215394833,-6853.944172315866,-6.020686912990494,-4816.549530392395,2.546743302404339,2037.3946419234712,0,0.0,0,0.0,8,0.01,0,0.0,792,0,4,4,0,0,0,4,0,4,0,4,-58.24214091030592,19.114704465360767,0.2200510522875669,2.964712968845049,0.1267065057684296,0.3133955988067042,1.0993567308005718,2.964712968845049,full RL,0.01
cold_gate,Cold start + gate,Cold gate,2,20260619_174127,214,170400,171200,800,-6.076599955813908,-4861.279964651127,-5.170137178271163,-4136.10974261693,0.9064627775427448,725.1702220341958,0,0.0,0,0.0,6,0.0075,0,0.0,794,0,2,2,0,0,0,4,0,4,0,4,-59.25251758858292,9.72811643257192,0.1970877487747633,2.982968805515668,0.1262235683276277,0.2679519292218989,1.1102317685534708,2.982968805515668,full RL,0.0075
cold_gate,Cold start + gate,Cold gate,2,20260619_174127,215,171200,172000,800,-4.330488834789913,-3464.39106783193,-4.260886064170494,-3408.708851336395,0.0696027706194183,55.68221649553468,0,0.0,0,0.0,4,0.005,0,0.0,796,0,0,0,0,0,0,4,0,4,0,4,-60.57509867863416,1.1444176888465876,0.1667303634319126,2.5782078977659357,0.114920742728177,0.2185399841356482,1.0834183643442867,2.5782078977659357,full RL,0.005
cold_gate,Cold start + gate,Cold gate,2,20260619_174127,216,172000,172800,800,-5.129804584501503,-4103.8436676012025,-4.50334496904857,-3602.675975238856,0.6264596154529328,501.1676923623463,0,0.0,0,0.0,23,0.02875,0,0.0,777,0,19,19,0,0,0,4,0,4,0,4,-59.54737317982665,6.1172403065916345,0.1708120347901431,2.621567599464072,0.1159461746479482,0.225677894932338,1.0883210102620755,2.621567599464072,full RL,0.02875
cold_gate,Cold start + gate,Cold gate,2,20260619_174127,217,172800,173600,800,-7.300959681548882,-5840.767745239105,-5.322458437030249,-4257.966749624199,1.9785012445186323,1582.800995614906,0,0.0,0,0.0,34,0.0425,0,0.0,766,0,30,30,0,0,0,4,0,4,0,4,-59.89543024931652,17.246406905657977,0.1995228447577588,2.573102560057123,0.1153672695408687,0.2836784199746489,1.0800761816756834,2.573102560057123,full RL,0.0425
cold_gate,Cold start + gate,Cold gate,2,20260619_174127,218,173600,174400,800,-7.8199997547368545,-6255.999803789484,-6.027380842067776,-4821.9046736542205,1.7926189126690784,1434.0951301352627,0,0.0,0,0.0,24,0.03,0,0.0,776,0,19,19,0,0,0,5,0,5,0,5,-59.27257983367088,9.889411630007103,0.232754102440729,2.950399141073376,0.1317688867075019,0.3337393181739562,1.1020979479879789,2.950399141073376,full RL,0.03
cold_gate,Cold start + gate,Cold gate,2,20260619_174127,219,174400,175200,800,-8.284981086879537,-6627.984869503629,-7.18390963079554,-5747.127704636432,1.1010714560839967,880.8571648671973,0,0.0,0,0.0,49,0.06125,0,0.0,751,0,44,44,0,0,0,5,0,5,0,5,-62.22119600988253,9.919280150697729,0.3094431328376402,3.063407817152836,0.1291077902889622,0.4897784753863182,1.118432720472303,3.063407817152836,full RL,0.06125
cold_gate,Cold start + gate,Cold gate,2,20260619_174127,220,175200,176000,800,-5.6421954799991605,-4513.756383999328,-4.805047572717415,-3844.038058173932,0.8371479072817445,669.7183258253956,0,0.0,0,0.0,42,0.0525,0,0.0,758,0,38,38,0,0,0,4,0,4,0,4,-57.7670469282707,5.643751319052773,0.1877253925388126,2.6010367427186907,0.1169006457501075,0.2585501393275178,1.0813744258580678,2.6010367427186907,full RL,0.0525
cold_gate,Cold start + gate,Cold gate,2,20260619_174127,221,176000,176800,800,-6.2389047902619925,-4991.123832209594,-5.071834809417822,-4057.467847534257,1.167069980844171,933.6559846753366,0,0.0,0,0.0,46,0.0575,0,0.0,754,0,40,40,0,0,0,6,0,6,0,6,-62.50180814213115,9.821303035926162,0.1971961467684564,3.051658782845436,0.1226614173999177,0.2717308761369951,1.1184961831016629,3.051658782845436,full RL,0.0575
cold_gate,Cold start + gate,Cold gate,2,20260619_174127,222,176800,177600,800,-5.689701824375379,-4551.761459500303,-4.644999992933171,-3715.999994346536,1.0447018314422083,835.7614651537668,0,0.0,0,0.0,35,0.04375,0,0.0,765,0,31,31,0,0,0,4,0,4,0,4,-63.2902224228078,8.82204550453943,0.1819765514080809,2.592285834908864,0.1136117185253348,0.250341384290827,1.089210553919688,2.592285834908864,full RL,0.04375
cold_gate,Cold start + gate,Cold gate,2,20260619_174127,223,177600,178400,800,-7.126330637608821,-5701.064510087057,-5.513186312874121,-4410.549050299297,1.6131443247346993,1290.5154597877597,0,0.0,0,0.0,26,0.0325,0,0.0,774,0,22,22,0,0,0,4,0,4,0,4,-64.28123990913048,9.79896827420897,0.2026870241179127,2.982791477126284,0.127015562185601,0.2783584860502245,1.1121119196996685,2.982791477126284,full RL,0.0325
cold_gate,Cold start + gate,Cold gate,2,20260619_174127,224,178400,179200,800,-6.364148859397974,-5091.319087518379,-5.297707221897646,-4238.165777518117,1.0664416375003294,853.1533100002634,0,0.0,0,0.0,10,0.0125,0,0.0,790,0,5,5,0,0,0,5,0,5,0,5,-59.11040253641545,9.929988411897192,0.2000518104041897,2.996877353138359,0.1260091513153884,0.274094469492991,1.0932420859730212,2.996877353138359,full RL,0.0125
cold_gate,Cold start + gate,Cold gate,2,20260619_174127,225,179200,180000,800,-5.305117492919015,-4244.093994335212,-4.821013104322649,-3856.81048345812,0.4841043885963645,387.28351087709166,0,0.0,0,0.0,8,0.01,0,0.0,792,0,3,3,0,0,0,5,0,5,0,5,-60.30287835340107,9.83472889631928,0.1867193253904051,3.0131767118522816,0.1213209454201343,0.2521177053606758,1.1185749025427945,3.0131767118522816,full RL,0.01
cold_gate,Cold start + gate,Cold gate,2,20260619_174127,226,180000,180800,800,-4.71993388421437,-3775.947107371496,-4.382822674896523,-3506.258139917218,0.3371112093178475,269.68896745427804,0,0.0,0,0.0,24,0.03,0,0.0,776,0,19,19,0,0,0,5,0,5,0,5,-58.13426278445263,1.4394962581671662,0.1716800353338042,2.6268768668203397,0.1154589875205975,0.2279010831470108,1.0994952527677575,2.6268768668203397,full RL,0.03
cold_gate,Cold start + gate,Cold gate,2,20260619_174127,227,180800,181600,800,-6.692037210420256,-5353.6297683362045,-5.263367730962712,-4210.69418477017,1.4286694794575436,1142.935583566035,0,0.0,0,0.0,48,0.06,0,0.0,752,0,43,43,0,0,0,5,0,5,0,5,-57.3815902021064,9.669904867620955,0.1974578747011935,2.9040948045033588,0.1268774939919161,0.268038255410471,1.1016908530596048,2.9040948045033588,full RL,0.06
cold_gate,Cold start + gate,Cold gate,2,20260619_174127,228,181600,182400,800,-4.855926491953046,-3884.741193562437,-4.410025972639301,-3528.0207781114404,0.4459005193137461,356.7204154509969,0,0.0,0,0.0,29,0.03625,0,0.0,771,0,24,24,0,0,0,5,0,5,0,5,-57.14552979408427,1.7742708909940914,0.1707397517696927,2.618462598873748,0.1158100173092871,0.2256694862300983,1.099675948967216,2.618462598873748,full RL,0.03625
cold_gate,Cold start + gate,Cold gate,2,20260619_174127,229,182400,183200,800,-5.0114605607624005,-4009.16844860992,-4.470032309441653,-3576.025847553323,0.5414282513207473,433.1426010565978,0,0.0,0,0.0,35,0.04375,0,0.0,765,0,28,28,0,0,0,7,0,7,0,7,-60.25609433228101,1.6244304666985414,0.174558795023982,2.6230168447599453,0.1160620445924165,0.2330555454555476,1.09822427595221,2.6230168447599453,full RL,0.04375
cold_gate,Cold start + gate,Cold gate,2,20260619_174127,230,183200,184000,800,-5.408199304758031,-4326.5594438064245,-4.651013950948402,-3720.811160758721,0.7571853538096304,605.7482830477043,0,0.0,0,0.0,35,0.04375,0,0.0,765,0,29,29,0,0,0,6,0,6,0,6,-61.17212544125732,7.716556108591074,0.1753716526042873,2.5989173715048537,0.1157445878374343,0.2349987173711403,1.1024461750770942,2.5989173715048537,full RL,0.04375
cold_gate,Cold start + gate,Cold gate,2,20260619_174127,231,184000,184800,800,-6.624376868478122,-5299.5014947824975,-5.230977226581232,-4184.7817812649855,1.3933996418968897,1114.7197135175115,0,0.0,0,0.0,43,0.05375,0,0.0,757,0,37,37,0,0,0,6,0,6,0,6,-56.46576223254954,9.762548280273284,0.1942675115328888,2.8463609797188383,0.1267353191344857,0.2617997039312918,1.099267842699684,2.8463609797188383,full RL,0.05375
cold_gate,Cold start + gate,Cold gate,2,20260619_174127,232,184800,185600,800,-5.870282267618308,-4696.225814094647,-4.884708209958973,-3907.766567967178,0.985574057659334,788.4592461274672,0,0.0,0,0.0,36,0.045,0,0.0,764,0,30,30,0,0,0,6,0,6,0,6,-58.26936926310009,9.651032723336998,0.1846909134432534,2.883873992972042,0.1219644555390324,0.2474173713474743,1.1119882476653835,2.883873992972042,full RL,0.045
cold_gate,Cold start + gate,Cold gate,2,20260619_174127,233,185600,186400,800,-6.884485306685101,-5507.588245348081,-5.397134898328009,-4317.707918662407,1.4873504083570916,1189.8803266856733,0,0.0,0,0.0,38,0.0475,0,0.0,762,0,33,33,0,0,0,5,0,5,0,5,-59.42264668853056,10.953515387347284,0.1994962323242846,3.00485740696746,0.1277641579651585,0.2712283066834108,1.1158538055934255,3.00485740696746,full RL,0.0475
cold_gate,Cold start + gate,Cold gate,2,20260619_174127,234,186400,187200,800,-4.899179862231388,-3919.34388978511,-4.372765745138427,-3498.2125961107413,0.5264141170929606,421.1312936743685,0,0.0,0,0.0,33,0.04125,0,0.0,767,0,27,27,0,0,0,6,0,6,0,6,-57.06870223624799,2.005142393602044,0.1687166099687234,2.620961464796949,0.1151471523918298,0.2222860675456171,1.0828320599638306,2.620961464796949,full RL,0.04125
cold_gate,Cold start + gate,Cold gate,2,20260619_174127,235,187200,188000,800,-5.29708144724013,-4237.665157792104,-4.549508670400599,-3639.6069363204792,0.7475727768395309,598.0582214716247,0,0.0,0,0.0,35,0.04375,0,0.0,765,0,31,31,0,0,0,4,0,4,0,4,-57.44616468081858,5.962098416640823,0.1711426703586903,2.5974198180431927,0.1173630370509077,0.2249223036664728,1.082266305939938,2.5974198180431927,full RL,0.04375
cold_gate,Cold start + gate,Cold gate,2,20260619_174127,236,188000,188800,800,-5.9364803604889,-4749.18428839112,-4.815357735788067,-3852.2861886304536,1.1211226247008337,896.8980997606668,0,0.0,0,0.0,32,0.04,0,0.0,768,0,28,28,0,0,0,4,0,4,0,4,-61.28228813906378,11.912218941465254,0.1740248463330303,2.573430869153356,0.1191868436491239,0.2288628490169367,1.1257334845622653,2.573430869153356,full RL,0.04
cold_gate,Cold start + gate,Cold gate,2,20260619_174127,237,188800,189600,800,-7.1118238728522805,-5689.4590982818245,-5.590705731089589,-4472.564584871671,1.521118141762691,1216.8945134101527,0,0.0,0,0.0,33,0.04125,0,0.0,767,0,29,29,0,0,0,4,0,4,0,4,-57.238621263863706,9.908199993040803,0.2017159575089365,2.8761604622423533,0.1291848969943521,0.2742470180235209,1.121982136629167,2.8761604622423533,full RL,0.04125
cold_gate,Cold start + gate,Cold gate,2,20260619_174127,238,189600,190400,800,-7.468495895434177,-5974.796716347342,-5.743673542809965,-4594.938834247972,1.7248223526242108,1379.857882099369,0,0.0,0,0.0,42,0.0525,0,0.0,758,0,37,37,0,0,0,5,0,5,0,5,-56.14189641335077,9.8538564998538,0.2001753587591176,3.004912167043585,0.1307961069147599,0.2695546106034754,1.1065359981701293,3.004912167043585,full RL,0.0525
cold_gate,Cold start + gate,Cold gate,2,20260619_174127,239,190400,191200,800,-6.94941510975877,-5559.532087807016,-5.550497670670897,-4440.398136536717,1.3989174390878722,1119.1339512702978,0,0.0,0,0.0,29,0.03625,0,0.0,771,0,24,24,0,0,0,5,0,5,0,5,-58.16714962108426,9.729714392185768,0.1961237133228017,2.9510171811512578,0.1289601369351664,0.2632872897104369,1.1013277736470877,2.9510171811512578,full RL,0.03625
cold_gate,Cold start + gate,Cold gate,2,20260619_174127,240,191200,192000,800,-6.941077884670328,-5552.862307736263,-5.490715855433792,-4392.572684347034,1.4503620292365358,1160.2896233892286,0,0.0,0,0.0,26,0.0325,0,0.0,774,0,22,22,0,0,0,4,0,4,0,4,-57.973990405736345,9.784939716553916,0.1984023905801053,2.9032703018807524,0.1282545844298044,0.2685501967304062,1.130904985785639,2.9032703018807524,full RL,0.0325
cold_gate,Cold start + gate,Cold gate,2,20260619_174127,241,192000,192800,800,-6.000400291806296,-4800.320233445037,-5.159205990513203,-4127.364792410563,0.8411943012930923,672.9554410344738,0,0.0,0,0.0,12,0.015,0,0.0,788,0,6,6,0,0,0,6,0,6,0,6,-61.08339014368266,9.618732610594645,0.1927532291136459,2.9748907956756057,0.1270416975263308,0.2584647607009609,1.1014833646077444,2.9748907956756057,full RL,0.015
cold_gate,Cold start + gate,Cold gate,2,20260619_174127,242,192800,193600,800,-6.897136246274636,-5517.7089970197085,-5.345456031224696,-4276.364824979757,1.551680215049939,1241.3441720399512,0,0.0,0,0.0,28,0.035,0,0.0,772,0,23,23,0,0,0,5,0,5,0,5,-60.85646195952086,9.696019576684163,0.1984599147561864,3.0055061298205032,0.1250177321986202,0.2719020973137526,1.1087069879689433,3.0055061298205032,full RL,0.035
cold_gate,Cold start + gate,Cold gate,2,20260619_174127,243,193600,194400,800,-5.466855051580551,-4373.484041264441,-4.535410916784323,-3628.328733427458,0.931444134796228,745.1553078369823,0,0.0,0,0.0,34,0.0425,0,0.0,766,0,29,29,0,0,0,5,0,5,0,5,-60.94924385529771,6.483214582259443,0.1724673661256957,2.586910069009889,0.1145188639055358,0.2304158683458556,1.081101777297734,2.586910069009889,full RL,0.0425
cold_gate,Cold start + gate,Cold gate,2,20260619_174127,244,194400,195200,800,-4.898274386631581,-3918.619509305264,-4.217756296276807,-3374.2050370214456,0.6805180903547723,544.4144722838179,0,0.0,0,0.0,41,0.05125,0,0.0,759,0,35,35,0,0,0,6,0,6,0,6,-61.75837777412676,4.993076485139518,0.1694449366652068,2.583197569825643,0.1122356915917319,0.2266541817386818,1.076565587548619,2.583197569825643,full RL,0.05125
cold_gate,Cold start + gate,Cold gate,2,20260619_174127,245,195200,196000,800,-6.1739826714250965,-4939.186137140077,-5.00529846882043,-4004.238775056344,1.1686842026046664,934.9473620837332,0,0.0,0,0.0,29,0.03625,0,0.0,771,0,25,25,0,0,0,4,0,4,0,4,-60.7465166057151,9.668933110840928,0.1930353803009127,2.9613504796292887,0.1227504745130968,0.2633202860887286,1.0770673977063638,2.9613504796292887,full RL,0.03625
cold_gate,Cold start + gate,Cold gate,2,20260619_174127,246,196000,196800,800,-4.277024881251176,-3421.6199050009404,-4.137333906308077,-3309.867125046462,0.1396909749430973,111.75277995447787,0,0.0,0,0.0,9,0.01125,0,0.0,791,0,4,4,0,0,0,5,0,5,0,5,-61.30737541394194,2.187321102619171,0.1675330359161928,2.5530406163101134,0.1120423157914131,0.2230237560409725,1.0784118660338446,2.5530406163101134,full RL,0.01125
cold_gate,Cold start + gate,Cold gate,2,20260619_174127,247,196800,197600,800,-4.201875060830324,-3361.50004866426,-4.100462364196784,-3280.369891357427,0.1014126966335399,81.13015730683196,0,0.0,0,0.0,6,0.0075,0,0.0,794,0,1,1,0,0,0,5,0,5,0,5,-60.23626860380944,2.119874731302261,0.1643842420520017,2.547622404927722,0.112012044249185,0.2167564398548184,1.0722346876524256,2.547622404927722,full RL,0.0075
cold_gate,Cold start + gate,Cold gate,2,20260619_174127,248,197600,198400,800,-7.900712033010634,-6320.569626408507,-6.026621280852787,-4821.29702468223,1.874090752157848,1499.272601726278,0,0.0,0,0.0,10,0.0125,0,0.0,790,0,5,5,0,0,0,5,0,5,0,5,-58.50624652817805,9.741997629334833,0.2168622594601308,2.95871174331279,0.1339477413159648,0.2997767776042969,1.0977968462256888,2.95871174331279,full RL,0.0125
cold_gate,Cold start + gate,Cold gate,2,20260619_174127,249,198400,199200,800,-7.542226875323068,-6033.781500258454,-5.861050384220104,-4688.840307376084,1.681176491102962,1344.9411928823697,0,0.0,0,0.0,17,0.02125,0,0.0,783,0,12,12,0,0,0,5,0,5,0,5,-58.261058278557584,9.745384310723988,0.216645739373853,2.949936886692626,0.134402884668223,0.2988885940794831,1.0963657323071767,2.949936886692626,full RL,0.02125
cold_gate,Cold start + gate,Cold gate,2,20260619_174127,250,199200,200000,800,-6.066187070648624,-4852.949656518899,-4.989608983669965,-3991.687186935972,1.0765780869786576,861.2624695829262,0,0.0,0,0.0,24,0.03,0,0.0,776,0,20,20,0,0,0,4,0,4,0,4,-57.6706095108193,9.729201020363853,0.1920263224010513,2.907114395712142,0.1235546982007842,0.2604979466013184,1.098830279615982,2.907114395712142,full RL,0.03
cold_gate,Cold start + gate,Cold gate,2,20260619_174127,251,200000,200800,800,-6.936236699797239,-5548.989359837791,-5.368583035917187,-4294.86642873375,1.567653663880052,1254.1229311040415,0,0.0,0,0.0,34,0.0425,0,0.0,766,0,28,28,0,0,0,6,0,6,0,6,-60.63612520722097,9.644695439536138,0.2020937445215312,2.925390843111757,0.1247820653332018,0.2794054237098607,1.09209496613332,2.925390843111757,full RL,0.0425
cold_gate,Cold start + gate,Cold gate,2,20260619_174127,252,200800,201600,800,-7.433462019967525,-5946.76961597402,-5.4986633215441865,-4398.930657235349,1.93479869842334,1547.838958738672,0,0.0,0,0.0,37,0.04625,0,0.0,763,0,31,31,0,0,0,6,0,6,0,6,-60.99060153100481,9.570603220427625,0.1999335178748003,2.964790468137835,0.1236313876360255,0.2762356481135752,1.0724305138451684,2.964790468137835,full RL,0.04625
cold_gate,Cold start + gate,Cold gate,2,20260619_174127,253,201600,202400,800,-7.633589642509719,-6106.871714007775,-5.579737673479067,-4463.7901387832535,2.053851969030652,1643.0815752245212,0,0.0,0,0.0,40,0.05,0,0.0,760,0,34,34,0,0,0,6,0,6,0,6,-61.75072195482767,9.586697771542903,0.2021226303560406,2.928675590897285,0.1244023197726198,0.2798429409394614,1.069613498032512,2.928675590897285,full RL,0.05
cold_gate,Cold start + gate,Cold gate,2,20260619_174127,254,202400,203200,800,-6.5291134387387135,-5223.290750990971,-5.058307055053696,-4046.645644042957,1.4708063836850187,1176.645106948015,0,0.0,0,0.0,47,0.05875,0,0.0,753,0,39,39,0,0,0,8,0,8,0,8,-60.552328702743694,9.629835495020483,0.1989165990771425,3.014247331667093,0.1236305527561128,0.2742026453981723,1.087369429715309,3.014247331667093,full RL,0.05875
cold_gate,Cold start + gate,Cold gate,2,20260619_174127,255,203200,204000,800,-7.61450147936967,-6091.601183495736,-5.710532299273191,-4568.425839418553,1.90396918009648,1523.1753440771838,0,0.0,0,0.0,38,0.0475,0,0.0,762,0,31,31,0,0,0,7,0,7,0,7,-59.409627563865456,9.958842319963352,0.2157317435057917,2.939291178772919,0.1303649849915194,0.301098502020064,1.0898692463451345,2.939291178772919,full RL,0.0475
cold_gate,Cold start + gate,Cold gate,2,20260619_174127,256,204000,204800,800,-6.623549378638281,-5298.839502910625,-5.163096336591619,-4130.477069273296,1.4604530420466606,1168.3624336373284,0,0.0,0,0.0,30,0.0375,0,0.0,770,0,26,26,0,0,0,4,0,4,0,4,-59.59739988294336,9.647752749767031,0.1969141912411684,2.9590249678550435,0.1230955394131853,0.2707328430691515,1.0725598320613634,2.9590249678550435,full RL,0.0375
cold_gate,Cold start + gate,Cold gate,2,20260619_174127,257,204800,205600,800,-9.157993506901006,-7326.394805520805,-6.415238544313208,-5132.190835450567,2.742754962587797,2194.2039700702376,0,0.0,0,0.0,29,0.03625,0,0.0,771,0,24,24,0,0,0,5,0,5,0,5,-59.93452906803873,11.241984238633313,0.2289476903502538,3.046528174712421,0.1342608348205274,0.3236345458799802,1.08257870077867,3.046528174712421,full RL,0.03625
cold_gate,Cold start + gate,Cold gate,2,20260619_174127,258,205600,206400,800,-7.888181677012133,-6310.545341609706,-5.953027986337264,-4762.422389069811,1.935153690674867,1548.1229525398935,0,0.0,0,0.0,31,0.03875,0,0.0,769,0,26,26,0,0,0,5,0,5,0,5,-60.64811149017294,9.659968972181415,0.2274860516484577,3.035678258150199,0.1332772636395509,0.3216948396573645,1.0722363934430246,3.035678258150199,full RL,0.03875
cold_gate,Cold start + gate,Cold gate,2,20260619_174127,259,206400,207200,800,-6.550296153857467,-5240.236923085973,-5.285978817580396,-4228.783054064317,1.2643173362770703,1011.4538690216564,0,0.0,0,0.0,23,0.02875,0,0.0,777,0,19,19,0,0,0,4,0,4,0,4,-59.55752953899844,9.69241957528464,0.2084847540144512,3.006929501086404,0.1241935147589579,0.2927759932699444,1.0685283925731186,3.006929501086404,full RL,0.02875
cold_gate,Cold start + gate,Cold gate,2,20260619_174127,260,207200,208000,800,-5.456493261680813,-4365.19460934465,-4.838174737322239,-3870.539789857791,0.6183185243585738,494.6548194868591,0,0.0,0,0.0,29,0.03625,0,0.0,771,0,23,23,0,0,0,6,0,6,0,6,-65.40810398996825,3.764240752397963,0.1934328789789638,2.60854610318421,0.1184622331699431,0.2684035247879845,1.0630554732892563,2.60854610318421,full RL,0.03625
cold_gate,Cold start + gate,Cold gate,2,20260619_174127,261,208000,208800,800,-16.72367797525471,-13378.942380203767,-13.658229229365125,-10926.5833834921,3.0654487458895834,2452.358996711667,0,0.0,0,0.0,35,0.04375,0,0.0,765,0,31,31,0,0,0,4,0,4,0,4,-58.1239918817746,10.152645062927467,0.4810320574020996,3.170380303763693,0.1552734199785856,0.8067906948256135,1.0747050754208032,3.170380303763693,full RL,0.04375
cold_gate,Cold start + gate,Cold gate,2,20260619_174127,262,208800,209600,800,-18.172152093205888,-14537.72167456471,-15.09921908548738,-12079.375268389904,3.0729330077185053,2458.346406174804,0,0.0,0,0.0,47,0.05875,0,0.0,753,0,43,43,0,0,0,4,0,4,0,4,-62.25151788010305,8.364983920967934,0.5153352667664827,3.731159306833149,0.1460415520234122,0.884628981509553,1.0673920980041678,3.731159306833149,full RL,0.05875
cold_gate,Cold start + gate,Cold gate,2,20260619_174127,263,209600,210400,800,-6.2842792167808526,-5027.423373424682,-5.105871254584594,-4084.6970036676753,1.1784079621962569,942.7263697570054,0,0.0,0,0.0,31,0.03875,0,0.0,769,0,26,26,0,0,0,5,0,5,0,5,-58.06607143508745,9.56073759269814,0.1977696266188426,2.926394120855377,0.1248672019202022,0.2706720513174831,1.087826059689943,2.926394120855377,full RL,0.03875
cold_gate,Cold start + gate,Cold gate,2,20260619_174127,264,210400,211200,800,-4.744551207965301,-3795.640966372241,-4.183235987910898,-3346.5887903287185,0.5613152200544033,449.0521760435226,0,0.0,0,0.0,35,0.04375,0,0.0,765,0,28,28,0,0,0,7,0,7,0,7,-58.23107247422274,1.9668198955059069,0.1682853519300717,2.4858053549718875,0.1127924924057431,0.2237782114544003,1.0689335050951514,2.4858053549718875,full RL,0.04375
cold_gate,Cold start + gate,Cold gate,2,20260619_174127,265,211200,212000,800,-7.784630280766359,-6227.704224613088,-5.487438184268927,-4389.950547415142,2.297192096497432,1837.7536771979453,0,0.0,0,0.0,61,0.07625,0,0.0,739,0,54,54,0,0,0,6,1,6,1,6,-57.91555689927384,9.5561491146032,0.1957292509933523,2.928448431184165,0.1251942365151521,0.2662642654715525,1.101853084064954,2.928448431184165,full RL,0.07625
cold_gate,Cold start + gate,Cold gate,2,20260619_174127,266,212000,212800,800,-8.858525254412614,-7086.820203530091,-6.304436572580754,-5043.549258064603,2.55408868183186,2043.270945465488,0,0.0,0,0.0,42,0.0525,0,0.0,758,0,36,36,0,0,0,6,0,6,0,6,-57.41936970421875,9.68699805261784,0.2276055234170275,3.0493114435062694,0.135433460684613,0.3197775861494421,1.1080555191091332,3.0493114435062694,full RL,0.0525
cold_gate,Cold start + gate,Cold gate,2,20260619_174127,267,212800,213600,800,-9.093814923306006,-7275.051938644805,-6.345251998117533,-5076.201598494026,2.748562925188474,2198.850340150779,0,0.0,0,0.0,53,0.06625,0,0.0,747,0,47,47,0,0,0,6,0,6,0,6,-57.39767773882329,9.72927163980521,0.2215842048655741,2.9910443557288886,0.1363535253838952,0.3068148843472531,1.1007517296480187,2.9910443557288886,full RL,0.06625
cold_gate,Cold start + gate,Cold gate,2,20260619_174127,268,213600,214400,800,-6.884099978277718,-5507.279982622174,-5.281980455368982,-4225.584364295186,1.6021195229087348,1281.695618326988,0,0.0,0,0.0,42,0.0525,0,0.0,758,0,36,36,0,0,0,6,0,6,0,6,-59.969563660432414,9.672519036649865,0.1979202101983799,2.952646641916885,0.1249948039929165,0.2708456164038433,1.0949136777423134,2.952646641916885,full RL,0.0525
cold_gate,Cold start + gate,Cold gate,2,20260619_174127,269,214400,215200,800,-6.164771942636432,-4931.817554109146,-5.081355432890438,-4065.08434631235,1.0834165097459934,866.7332077967947,0,0.0,0,0.0,22,0.0275,0,0.0,778,0,18,18,0,0,0,4,0,4,0,4,-58.436408677777536,9.702977215136404,0.1983004195867106,3.014650227141772,0.1242437453737012,0.27235709379972,1.0718832882635687,3.014650227141772,full RL,0.0275
cold_gate,Cold start + gate,Cold gate,2,20260619_174127,270,215200,216000,800,-7.881824073590013,-6305.459258872011,-5.800945093291723,-4640.756074633378,2.080878980298292,1664.7031842386336,0,0.0,0,0.0,24,0.03,0,0.0,776,0,21,21,0,0,0,3,0,3,0,3,-60.10229148056612,14.131533921652796,0.2052488703476362,2.923431558987943,0.1263325535730474,0.2841651871222251,1.1025046991573766,2.923431558987943,full RL,0.03
cold_gate,Cold start + gate,Cold gate,2,20260619_174127,271,216000,216800,800,-6.4221060384331405,-5137.6848307465125,-5.172345897636615,-4137.876718109292,1.2497601407965255,999.8081126372203,0,0.0,0,0.0,27,0.03375,0,0.0,773,0,22,22,0,0,0,5,0,5,0,5,-57.319798481421685,9.735452724338748,0.2008959192591813,2.985949295268256,0.1252125696773362,0.2765792688410264,1.0969841855198372,2.985949295268256,full RL,0.03375
cold_gate,Cold start + gate,Cold gate,2,20260619_174127,272,216800,217600,800,-5.201944208468531,-4161.5553667748245,-4.559820266505589,-3647.856213204472,0.6421239419629415,513.6991535703532,0,0.0,0,0.0,22,0.0275,0,0.0,778,0,19,19,0,0,0,3,0,3,0,3,-56.46435294251444,7.667496030769131,0.1756572661549081,2.645966208284449,0.1146626288411485,0.2366519034686678,1.0704904962017774,2.645966208284449,full RL,0.0275
cold_gate,Cold start + gate,Cold gate,2,20260619_174127,273,217600,218400,800,-9.369963244697592,-7495.970595758074,-6.697416181491678,-5357.932945193343,2.672547063205915,2138.037650564732,0,0.0,0,0.0,41,0.05125,0,0.0,759,0,38,38,0,0,0,3,0,3,0,3,-55.40125278193796,10.761324155005164,0.2352657928860117,2.894152910564856,0.1418549257128512,0.3286766600591722,1.0882919113554874,2.894152910564856,full RL,0.05125
cold_gate,Cold start + gate,Cold gate,2,20260619_174127,274,218400,219200,800,-5.11663498830842,-4093.307990646736,-4.387042481987361,-3509.633985589889,0.7295925063210581,583.6740050568465,0,0.0,0,0.0,47,0.05875,0,0.0,753,0,41,41,0,0,0,6,0,6,0,6,-55.942799741221165,2.3473684513568878,0.1803399393495085,2.6436321894782395,0.1139289757634089,0.2467509029356081,1.0737963532233985,2.6436321894782395,full RL,0.05875
cold_gate,Cold start + gate,Cold gate,2,20260619_174127,275,219200,220000,800,-7.832704970069424,-6266.163976055539,-5.887518085101461,-4710.014468081169,1.945186884967963,1556.1495079743704,0,0.0,0,0.0,32,0.04,0,0.0,768,0,28,28,0,0,0,4,0,4,0,4,-58.22710207245086,9.81280788468672,0.2236146713320281,3.0392885765994606,0.1332282327619223,0.314001109902134,1.0856015946550437,3.0392885765994606,full RL,0.04
cold_gate,Cold start + gate,Cold gate,2,20260619_174127,276,220000,220800,800,-6.356294889502947,-5085.035911602357,-5.060519335740768,-4048.415468592615,1.2957755537621796,1036.6204430097437,0,0.0,0,0.0,37,0.04625,0,0.0,763,0,33,33,0,0,0,4,0,4,0,4,-57.98242394814133,9.749785711451496,0.1985241166675089,3.000292314358717,0.1238387461486526,0.2732094871863652,1.0751838082763123,3.000292314358717,full RL,0.04625
cold_gate,Cold start + gate,Cold gate,2,20260619_174127,277,220800,221600,800,-7.265572410529418,-5812.457928423534,-5.248987889786147,-4199.190311828917,2.01658452074327,1613.267616594616,0,0.0,0,0.0,45,0.05625,0,0.0,755,0,41,41,0,0,0,4,0,4,0,4,-57.25414509324492,9.664767117765932,0.1985024530469422,2.9790292111813983,0.1220026708355401,0.2750022352583443,1.0699361309237565,2.9790292111813983,full RL,0.05625
cold_gate,Cold start + gate,Cold gate,2,20260619_174127,278,221600,222400,800,-8.546229238826202,-6836.983391060961,-6.040832424393415,-4832.665939514732,2.505396814432786,2004.3174515462288,0,0.0,0,0.0,54,0.0675,0,0.0,746,0,48,48,0,0,0,6,0,6,0,6,-57.56881943669862,9.760536342154394,0.2241490855869651,3.059754014970622,0.1344071204859145,0.3138910506880156,1.0855717989420497,3.059754014970622,full RL,0.0675
cold_gate,Cold start + gate,Cold gate,2,20260619_174127,279,222400,223200,800,-6.804419955898591,-5443.5359647188725,-5.195175573397073,-4156.1404587176585,1.609244382501517,1287.3955060012136,0,0.0,0,0.0,40,0.05,0,0.0,760,0,35,35,0,0,0,5,0,5,0,5,-57.57481225123831,9.77850299290571,0.1993359212853665,3.039523281361653,0.1243673129737263,0.2743045295970067,1.0790609739890238,3.039523281361653,full RL,0.05
cold_gate,Cold start + gate,Cold gate,2,20260619_174127,280,223200,224000,800,-4.73608172277088,-3788.865378216704,-4.233067393604468,-3386.4539148835743,0.5030143291664114,402.4114633331292,0,0.0,0,0.0,26,0.0325,0,0.0,774,0,22,22,0,0,0,4,0,4,0,4,-59.164318788903074,4.41475420054436,0.1718933564630266,2.648064410059078,0.1124524020185931,0.2313343109074601,1.0629964783005872,2.648064410059078,full RL,0.0325
cold_gate,Cold start + gate,Cold gate,2,20260619_174127,281,224000,224800,800,-4.757124591149875,-3805.6996729199,-4.206487433595729,-3365.1899468765832,0.5506371575541459,440.50972604331673,0,0.0,0,0.0,28,0.035,0,0.0,772,0,22,22,0,0,0,6,0,6,0,6,-61.422149198628745,5.350948544607075,0.1704470772453357,2.593553726736332,0.1126277095044117,0.2282664449862596,1.05733430560324,2.593553726736332,full RL,0.035
cold_gate,Cold start + gate,Cold gate,2,20260619_174127,282,224800,225600,800,-4.836226941379866,-3868.981553103893,-4.305026779903032,-3444.021423922425,0.5312001614768356,424.96012918146846,0,0.0,0,0.0,24,0.03,0,0.0,776,0,20,20,0,0,0,4,0,4,0,4,-60.56351450311229,5.565589081109312,0.1748927805937598,2.6454861268439918,0.1127481275598281,0.2370374336276916,1.0688968015580698,2.6454861268439918,full RL,0.03
cold_gate,Cold start + gate,Cold gate,2,20260619_174127,283,225600,226400,800,-4.475539393836506,-3580.4315150692046,-4.169790873464954,-3335.832698771963,0.3057485203715525,244.598816297242,0,0.0,0,0.0,17,0.02125,0,0.0,783,0,14,14,0,0,0,3,0,3,0,3,-58.75448063825445,3.495434761544293,0.1680871755387707,2.5749267492319063,0.1127728965280574,0.2234014545494841,1.0668534185945524,2.5749267492319063,full RL,0.02125
cold_gate,Cold start + gate,Cold gate,2,20260619_174127,284,226400,227200,800,-5.284851963636711,-4227.881570909369,-4.656922518167051,-3725.538014533641,0.6279294454696596,502.3435563757277,0,0.0,0,0.0,11,0.01375,0,0.0,789,0,7,7,0,0,0,4,0,4,0,4,-59.57167127724142,9.749889730230432,0.1849954277464227,2.998467617890526,0.1194307406041807,0.2505601148886647,1.0847562229315275,2.998467617890526,full RL,0.01375
cold_gate,Cold start + gate,Cold gate,2,20260619_174127,285,227200,228000,800,-4.451807144125796,-3561.445715300637,-4.1925606660475045,-3354.048532838004,0.2592464780782906,207.3971824626325,0,0.0,0,0.0,15,0.01875,0,0.0,785,0,9,9,0,0,0,6,0,6,0,6,-60.87643803618846,2.1871937059093653,0.1727081409112881,2.5960760455138825,0.1133431719726373,0.2320731098499389,1.073846776073332,2.5960760455138825,full RL,0.01875
cold_gate,Cold start + gate,Cold gate,2,20260619_174127,286,228000,228800,800,-5.321655998431006,-4257.324798744805,-4.661591457091729,-3729.273165673384,0.6600645413392755,528.0516330714204,0,0.0,0,0.0,18,0.0225,0,0.0,782,0,12,12,0,0,0,6,0,6,0,6,-60.33908237061837,9.692237828010152,0.1874682237616495,2.9726105608224884,0.1196330628327319,0.2553033846905671,1.0980388250118058,2.9726105608224884,full RL,0.0225
cold_gate,Cold start + gate,Cold gate,2,20260619_174127,287,228800,229600,800,-6.323296847910814,-5058.637478328651,-5.133698490754679,-4106.958792603743,1.1895983571561335,951.678685724907,0,0.0,0,0.0,26,0.0325,0,0.0,774,0,20,20,0,0,0,6,0,6,0,6,-59.38872290556401,9.686337781263765,0.2015977838577164,2.990145771969821,0.1246630098996494,0.2785325578157834,1.100353076906647,2.990145771969821,full RL,0.0325
cold_gate,Cold start + gate,Cold gate,2,20260619_174127,288,229600,230400,800,-4.981283146832416,-3985.026517465933,-4.37577518312967,-3500.620146503736,0.6055079637027458,484.4063709621967,0,0.0,0,0.0,32,0.04,0,0.0,768,0,26,26,0,0,0,6,0,6,0,6,-61.47836171250742,3.624362288926913,0.179339319372739,2.6106212407858607,0.1141682668083582,0.2445103719371198,1.0838625499495085,2.6106212407858607,full RL,0.04
cold_gate,Cold start + gate,Cold gate,2,20260619_174127,289,230400,231200,800,-5.281710669550739,-4225.368535640591,-4.429236180140952,-3543.3889441127617,0.8524744894097878,681.9795915278302,0,0.0,0,0.0,33,0.04125,0,0.0,767,0,27,27,0,0,0,6,0,6,0,6,-59.88624930672006,4.292372096809023,0.1746111250115733,2.5773503341735022,0.1129763783309124,0.2362458716922341,1.0842459649847274,2.5773503341735022,full RL,0.04125
cold_gate,Cold start + gate,Cold gate,2,20260619_174127,290,231200,232000,800,-5.702985192051618,-4562.388153641295,-4.821695966576549,-3857.356773261239,0.8812892254750689,705.0313803800551,0,0.0,0,0.0,25,0.03125,0,0.0,775,0,19,19,0,0,0,6,0,6,0,6,-61.14542912500883,9.82092394027855,0.1917704842518751,3.0494338312690843,0.120242227605706,0.2632987408980442,1.0955265259624525,3.0494338312690843,full RL,0.03125
cold_gate,Cold start + gate,Cold gate,2,20260619_174127,291,232000,232800,800,-6.98480245008329,-5587.841960066632,-5.5155566596495085,-4412.445327719607,1.4692457904337806,1175.3966323470245,0,0.0,0,0.0,32,0.04,0,0.0,768,0,29,29,0,0,0,3,0,3,0,3,-62.17158785932395,9.838813845047437,0.201183927160492,2.98147732653689,0.1285356157115948,0.2738322386093893,1.1145325218074258,2.98147732653689,full RL,0.04
cold_gate,Cold start + gate,Cold gate,2,20260619_174127,292,232800,233600,800,-6.630232147854752,-5304.185718283801,-5.348124257501849,-4278.499406001479,1.282107890352903,1025.6863122823224,0,0.0,0,0.0,29,0.03625,0,0.0,771,0,25,25,0,0,0,4,0,4,0,4,-61.69508875879546,9.733626755550205,0.2028115058556342,2.9819847728568902,0.1268189311835334,0.278804080527735,1.1100878370940062,2.9819847728568902,full RL,0.03625
cold_gate,Cold start + gate,Cold gate,2,20260619_174127,293,233600,234400,800,-6.740380646567988,-5392.30451725439,-5.387903672618539,-4310.322938094831,1.352476973949447,1081.981579159558,0,0.0,0,0.0,39,0.04875,0,0.0,761,0,34,34,0,0,0,5,0,5,0,5,-63.17189760401402,9.84327033878559,0.2096984552076747,3.006607683815787,0.1269690380783031,0.2924278723370463,1.1111099700758191,3.006607683815787,full RL,0.04875
cold_gate,Cold start + gate,Cold gate,2,20260619_174127,294,234400,235200,800,-5.254500614869557,-4203.600491895646,-4.542185027413876,-3633.7480219311,0.7123155874556829,569.8524699645463,0,0.0,0,0.0,40,0.05,0,0.0,760,0,37,37,0,0,0,3,0,3,0,3,-60.66446182552113,2.5492730054794093,0.1803780835810948,2.68875810225353,0.1162031724932137,0.2445529946689758,1.0896218303429754,2.68875810225353,full RL,0.05
cold_gate,Cold start + gate,Cold gate,2,20260619_174127,295,235200,236000,800,-6.961177067306567,-5568.941653845253,-5.432512901146922,-4346.010320917538,1.528664166159644,1222.9313329277152,0,0.0,0,0.0,49,0.06125,0,0.0,751,0,46,46,0,0,0,3,0,3,0,3,-62.99141632111957,9.767947107834829,0.2125105844430182,3.0354394933569324,0.1265085032818588,0.2985126656041776,1.1107553880984145,3.0354394933569324,full RL,0.06125
cold_gate,Cold start + gate,Cold gate,2,20260619_174127,296,236000,236800,800,-6.699251011368367,-5359.400809094694,-5.258309458201892,-4206.6475665615135,1.4409415531664755,1152.7532425331804,0,0.0,0,0.0,46,0.0575,0,0.0,754,0,42,42,0,0,0,4,0,4,0,4,-62.56312534392976,9.947174256573703,0.2077064023827895,3.115038442636888,0.1250102308286412,0.2904025739369378,1.101682674245103,3.115038442636888,full RL,0.0575
cold_gate,Cold start + gate,Cold gate,2,20260619_174127,297,236800,237600,800,-6.042713803378663,-4834.17104270293,-4.985019451312854,-3988.0155610502834,1.0576943520658073,846.1554816526459,0,0.0,0,0.0,37,0.04625,0,0.0,763,0,34,34,0,0,0,3,0,3,0,3,-61.92284188221765,10.046092384629944,0.1904679045040914,3.0288664370013407,0.1218546070777736,0.2590812019304093,1.0980793946769611,3.0288664370013407,full RL,0.04625
cold_gate,Cold start + gate,Cold gate,2,20260619_174127,298,237600,238400,800,-6.771817523887264,-5417.454019109811,-5.380713969095864,-4304.571175276691,1.3911035547913997,1112.8828438331198,0,0.0,0,0.0,44,0.055,0,0.0,756,0,40,40,0,0,0,4,0,4,0,4,-60.0934002421634,9.906986682344549,0.207046437364411,3.0515913781405857,0.127484600574438,0.286608274154384,1.1061265457209704,3.0515913781405857,full RL,0.055
cold_gate,Cold start + gate,Cold gate,2,20260619_174127,299,238400,239200,800,-5.2973580906392,-4237.88647251136,-4.620439210580969,-3696.351368464775,0.6769188800582299,541.5351040465839,0,0.0,0,0.0,40,0.05,0,0.0,760,0,35,35,0,0,0,5,0,5,0,5,-61.16206838810285,3.928113219949518,0.1822951641446172,2.608058741609966,0.1172318440550661,0.2473584842341683,1.0896721137779966,2.608058741609966,full RL,0.05
cold_gate,Cold start + gate,Cold gate,2,20260619_174127,300,239200,240000,800,-5.718233066065497,-4574.586452852397,-4.889191275338935,-3911.353020271148,0.8290417907265618,663.2334325812494,0,0.0,0,0.0,30,0.0375,0,0.0,770,0,26,26,0,0,0,4,0,4,0,4,-61.68180958652579,9.862012304015838,0.1905299249651686,3.06202643780216,0.1223212620606354,0.2587385878697019,1.104544153721129,3.06202643780216,full RL,0.0375
cold_nogate,Cold start no gate,Cold no gate,1,20260619_131640,1,0,800,800,-9.601462556978658,-7681.170045582927,-9.601462556978658,-7681.170045582927,0.0,0.0,0,0.0,0,0.0,0,0.0,0,0.0,0,0,0,0,0,0,0,0,0,0,0,0,-15.463494494453217,0.0,0.3316832001089158,2.9821420030287413,0.166554611254495,0.4968117889633366,1.1007910670445606,2.9821420030287413,teacher critic,0.0
cold_nogate,Cold start no gate,Cold no gate,1,20260619_131640,2,800,1600,800,-12.552211505021596,-10041.769204017275,-12.552211505021596,-10041.769204017275,0.0,0.0,0,0.0,0,0.0,0,0.0,0,0.0,0,0,0,0,0,0,0,0,0,0,0,0,-15.56817795838927,0.0,0.3789783764291748,2.982237696539812,0.1915827642435292,0.5663739886148204,1.0992230932827782,2.982237696539812,teacher critic,0.0
cold_nogate,Cold start no gate,Cold no gate,1,20260619_131640,3,1600,2400,800,-12.52247679247104,-10017.98143397683,-12.52247679247104,-10017.98143397683,0.0,0.0,0,0.0,0,0.0,0,0.0,0,0.0,0,0,0,0,0,0,0,0,0,0,0,0,-15.460908491108682,0.0,0.3785104610846727,2.980680979299507,0.1914350511294635,0.5655858710398819,1.101511496003908,2.980680979299507,teacher critic,0.0
cold_nogate,Cold start no gate,Cold no gate,1,20260619_131640,4,2400,3200,800,-12.62888154131262,-10103.105233050095,-12.62888154131262,-10103.105233050095,0.0,0.0,0,0.0,0,0.0,0,0.0,0,0.0,0,0,0,0,0,0,0,0,0,0,0,0,-15.364282572992863,0.0,0.3805419596565275,2.975963211959595,0.1919624944280647,0.5691214248849903,1.100828041816523,2.975963211959595,teacher critic,0.0
cold_nogate,Cold start no gate,Cold no gate,1,20260619_131640,5,3200,4000,800,-12.609332847438315,-10087.466277950654,-12.609332847438315,-10087.466277950654,0.0,0.0,0,0.0,0,0.0,0,0.0,0,0.0,0,0,0,0,0,0,0,0,0,0,0,0,-15.623118958637264,0.0,0.3807828908256671,3.0039445097096973,0.1917950652437041,0.56977071640763,1.0989485457611017,3.0039445097096973,teacher critic,0.0
cold_nogate,Cold start no gate,Cold no gate,1,20260619_131640,6,4000,4800,800,-12.53455033860183,-10027.640270881464,-12.53455033860183,-10027.640270881464,0.0,0.0,0,0.0,0,0.0,0,0.0,0,0.0,0,0,0,0,0,0,0,0,0,0,0,0,-15.49954640183779,0.0,0.3783461704540842,2.97493622445478,0.1915687708511927,0.5651235700569758,1.1018185594675032,2.97493622445478,teacher critic,0.0
cold_nogate,Cold start no gate,Cold no gate,1,20260619_131640,7,4800,5600,800,-12.592846859758522,-10074.277487806818,-12.592846859758522,-10074.277487806818,0.0,0.0,0,0.0,0,0.0,0,0.0,0,0.0,0,0,0,0,0,0,0,0,0,0,0,0,-15.366957124907287,0.0,0.3800458221495617,2.969092563325546,0.1917970340368014,0.5682946102623221,1.1003729505567112,2.969092563325546,teacher critic,0.0
cold_nogate,Cold start no gate,Cold no gate,1,20260619_131640,8,5600,6400,800,-12.549979933023025,-10039.98394641842,-12.549979933023025,-10039.98394641842,0.0,0.0,0,0.0,0,0.0,0,0.0,0,0.0,0,0,0,0,0,0,0,0,0,0,0,0,-15.664323197679437,0.0,0.3802652000671914,2.984456256548242,0.191157579362642,0.5693728207717409,1.1001773808201745,2.984456256548242,teacher critic,0.0
cold_nogate,Cold start no gate,Cold no gate,1,20260619_131640,9,6400,7200,800,-12.702217109633922,-10161.773687707138,-12.702217109633922,-10161.773687707138,0.0,0.0,0,0.0,0,0.0,0,0.0,0,0.0,0,0,0,0,0,0,0,0,0,0,0,0,-15.72760744894427,0.0,0.38148473063897,2.994193136966089,0.1926489245020671,0.5703205367758728,1.103930576405991,2.994193136966089,teacher critic,0.0
cold_nogate,Cold start no gate,Cold no gate,1,20260619_131640,10,7200,8000,800,-12.618781632405316,-10095.025305924251,-12.618781632405316,-10095.025305924251,0.0,0.0,0,0.0,0,0.0,0,0.0,0,0.0,0,0,0,0,0,0,0,0,0,0,0,0,-15.3689014507718,0.0,0.3805178250038961,2.967297464070498,0.1919501220379849,0.5690855279698073,1.1005615044462136,2.967297464070498,teacher critic,0.0
cold_nogate,Cold start no gate,Cold no gate,1,20260619_131640,11,8000,8800,800,-14.704304637078272,-11763.44370966262,-14.704304637078272,-11763.44370966262,0.0,0.0,28,0.035,28,0.035,0,0.0,0,0.0,0,0,0,0,0,0,0,0,0,0,0,3,-39.45398131677968,0.0,0.4117797042627774,2.9760710796196577,0.2028988824248231,0.6206605261007317,1.0993367947240156,2.9760710796196577,handoff,0.035
cold_nogate,Cold start no gate,Cold no gate,1,20260619_131640,12,8800,9600,800,-17.76901397843049,-14215.211182744391,-17.76901397843049,-14215.211182744391,0.0,0.0,60,0.075,60,0.075,0,0.0,0,0.0,0,0,0,0,0,0,0,0,0,0,0,4,-30.5925759611261,0.0,0.3763904723869664,2.724764486235585,0.2310272666699498,0.5217536781039829,1.0372449205582344,2.724764486235585,handoff,0.075
cold_nogate,Cold start no gate,Cold no gate,1,20260619_131640,13,9600,10400,800,-21.156461981177472,-16925.169584941978,-21.156461981177472,-16925.169584941978,0.0,0.0,69,0.08625,69,0.08625,0,0.0,0,0.0,0,0,0,0,0,0,0,0,0,0,0,6,-36.76161607998739,0.0,0.5474955682603285,3.129510028455286,0.2182679560877549,0.8767231804329022,0.9319955489961766,3.129510028455286,handoff,0.08625
cold_nogate,Cold start no gate,Cold no gate,1,20260619_131640,14,10400,11200,800,-14.11345034405864,-11290.760275246914,-14.11345034405864,-11290.760275246914,0.0,0.0,55,0.06875,55,0.06875,0,0.0,0,0.0,0,0,0,0,0,0,0,0,0,0,0,5,-56.39479630721144,0.0,0.4679903880975697,3.3551740538162,0.1725879072398024,0.763392868955337,1.1084143182422452,3.3551740538162,handoff,0.06875
cold_nogate,Cold start no gate,Cold no gate,1,20260619_131640,15,11200,12000,800,-11.230122690440387,-8984.098152352311,-11.230122690440387,-8984.098152352311,0.0,0.0,77,0.09625,77,0.09625,0,0.0,0,0.0,0,0,0,0,0,0,0,0,0,0,0,8,-49.86779212857812,0.0,0.3309081207676643,2.761494633278346,0.1783348600845001,0.4834813814508286,1.107654885015926,2.761494633278346,handoff,0.09625
cold_nogate,Cold start no gate,Cold no gate,1,20260619_131640,16,12000,12800,800,-12.346676582896242,-9877.341266316991,-12.346676582896242,-9877.341266316991,0.0,0.0,84,0.105,84,0.105,0,0.0,0,0.0,0,0,0,0,0,0,0,0,0,0,0,7,-55.34117462654808,0.0,0.3936801237981845,2.6150536435432628,0.1778619058450682,0.6094983417513007,1.0916070347429616,2.6150536435432628,handoff,0.105
cold_nogate,Cold start no gate,Cold no gate,1,20260619_131640,17,12800,13600,800,-14.473355135110396,-11578.684108088317,-14.473355135110396,-11578.684108088317,0.0,0.0,86,0.1075,86,0.1075,0,0.0,0,0.0,0,0,0,0,0,0,0,0,0,0,0,6,-50.10512593323728,0.0,0.4474522214845092,2.7415259908398752,0.1859237569823014,0.7089806859867169,1.0547838266731495,2.7415259908398752,handoff,0.1075
cold_nogate,Cold start no gate,Cold no gate,1,20260619_131640,18,13600,14400,800,-11.58664968526198,-9269.319748209584,-11.58664968526198,-9269.319748209584,0.0,0.0,105,0.13125,105,0.13125,0,0.0,0,0.0,0,0,0,0,0,0,0,0,0,0,0,5,-50.52457577717894,0.0,0.3438577867074986,2.699731210871789,0.1829168786149617,0.5047986948000356,1.0961317451471513,2.699731210871789,handoff,0.13125
cold_nogate,Cold start no gate,Cold no gate,1,20260619_131640,19,14400,15200,800,-12.204022369152096,-9763.217895321675,-12.204022369152096,-9763.217895321675,0.0,0.0,147,0.18375,147,0.18375,0,0.0,0,0.0,0,0,0,0,0,0,0,0,0,0,0,5,-47.80983849759826,0.0,0.332718709765715,2.7679409857558994,0.1929562092364046,0.4724812102950254,1.0917282706931355,2.7679409857558994,handoff,0.18375
cold_nogate,Cold start no gate,Cold no gate,1,20260619_131640,20,15200,16000,800,-12.998361806601734,-10398.689445281389,-12.998361806601734,-10398.689445281389,0.0,0.0,41,0.05125,41,0.05125,0,0.0,0,0.0,0,0,0,0,0,0,0,0,0,0,0,1,-42.40065050777656,0.0,0.2937392713505519,2.6542969976795803,0.2092100662036611,0.3782684764974426,1.1180484589290465,2.6542969976795803,handoff,0.05125
cold_nogate,Cold start no gate,Cold no gate,1,20260619_131640,21,16000,16800,800,-19.203390339044088,-15362.71227123527,-19.203390339044088,-15362.71227123527,0.0,0.0,138,0.1725,138,0.1725,0,0.0,0,0.0,0,0,0,0,0,0,0,0,0,0,0,1,-43.94994682660911,0.0,0.3629094437040315,2.8619262273930985,0.2545065483797334,0.4713123390283296,1.2802004929174746,2.8619262273930985,full RL,0.1725
cold_nogate,Cold start no gate,Cold no gate,1,20260619_131640,22,16800,17600,800,-13.68903955316257,-10951.231642530056,-13.68903955316257,-10951.231642530056,0.0,0.0,152,0.19,152,0.19,0,0.0,0,0.0,0,0,0,0,0,0,0,0,0,0,0,2,-46.67315749549806,0.0,0.3153707098685072,2.7147377141534434,0.2114574913202208,0.4192839284167936,1.358142136032399,2.7147377141534434,full RL,0.19
cold_nogate,Cold start no gate,Cold no gate,1,20260619_131640,23,17600,18400,800,-9.44788368967147,-7558.306951737175,-9.44788368967147,-7558.306951737175,0.0,0.0,198,0.2475,198,0.2475,0,0.0,0,0.0,0,0,0,0,0,0,0,0,0,0,0,3,-47.79817370089461,0.0,0.2658506425128815,2.6648452712297512,0.1735600328500836,0.3581412521756792,1.2141922438291126,2.6648452712297512,full RL,0.2475
cold_nogate,Cold start no gate,Cold no gate,1,20260619_131640,24,18400,19200,800,-9.481683143408054,-7585.346514726443,-9.481683143408054,-7585.346514726443,0.0,0.0,83,0.10375,83,0.10375,0,0.0,0,0.0,0,0,0,0,0,0,0,0,0,0,0,4,-50.43630686646776,0.0,0.2550297858554461,2.611265187845788,0.176531768358841,0.3335278033520512,1.2168483958428196,2.611265187845788,full RL,0.10375
cold_nogate,Cold start no gate,Cold no gate,1,20260619_131640,25,19200,20000,800,-9.372760575324834,-7498.208460259868,-9.372760575324834,-7498.208460259868,0.0,0.0,81,0.10125,81,0.10125,0,0.0,0,0.0,0,0,0,0,0,0,0,0,0,0,0,5,-53.08537161735205,0.0,0.2563285927562339,2.619699855756324,0.1744010540379438,0.3382561314745239,1.2229815661271206,2.619699855756324,full RL,0.10125
cold_nogate,Cold start no gate,Cold no gate,1,20260619_131640,26,20000,20800,800,-9.304827106891445,-7443.861685513155,-9.304827106891445,-7443.861685513155,0.0,0.0,49,0.06125,49,0.06125,0,0.0,0,0.0,0,0,0,0,0,0,0,0,0,0,0,4,-51.81826055953832,0.0,0.2543480990939264,2.5880832575838326,0.1736126973401413,0.3350835008477116,1.2167812627054349,2.5880832575838326,full RL,0.06125
cold_nogate,Cold start no gate,Cold no gate,1,20260619_131640,27,20800,21600,800,-9.97710129492988,-7981.681035943905,-9.97710129492988,-7981.681035943905,0.0,0.0,150,0.1875,150,0.1875,0,0.0,0,0.0,0,0,0,0,0,0,0,0,0,0,0,5,-48.95607598412016,0.0,0.2914838690410787,2.382375297866986,0.1744620513067178,0.4085056867754395,1.23821491590936,2.382375297866986,full RL,0.1875
cold_nogate,Cold start no gate,Cold no gate,1,20260619_131640,28,21600,22400,800,-10.931988014651566,-8745.590411721252,-10.931988014651566,-8745.590411721252,0.0,0.0,200,0.25,200,0.25,0,0.0,0,0.0,0,0,0,0,0,0,0,0,0,0,0,3,-49.68667262058142,0.0,0.3289224368231435,2.459121644046263,0.1718719168928978,0.4859729567533891,1.216675560257216,2.459121644046263,full RL,0.25
cold_nogate,Cold start no gate,Cold no gate,1,20260619_131640,29,22400,23200,800,-11.08470182053783,-8867.761456430264,-11.08470182053783,-8867.761456430264,0.0,0.0,210,0.2625,210,0.2625,0,0.0,0,0.0,0,0,0,0,0,0,0,0,0,0,0,5,-46.57793459307908,0.0,0.3389957886276455,2.4062310413045798,0.1728032712793432,0.505188305975948,1.2139002457191603,2.4062310413045798,full RL,0.2625
cold_nogate,Cold start no gate,Cold no gate,1,20260619_131640,30,23200,24000,800,-10.327913949789409,-8262.331159831525,-10.327913949789409,-8262.331159831525,0.0,0.0,228,0.285,228,0.285,0,0.0,0,0.0,0,0,0,0,0,0,0,0,0,0,0,4,-49.666565626737565,0.0,0.3402653317286768,2.3951719285823287,0.1594911184162468,0.5210395450411067,1.196198627151778,2.3951719285823287,full RL,0.285
cold_nogate,Cold start no gate,Cold no gate,1,20260619_131640,31,24000,24800,800,-9.19731161407685,-7357.84929126148,-9.19731161407685,-7357.84929126148,0.0,0.0,259,0.32375,259,0.32375,0,0.0,0,0.0,0,0,0,0,0,0,0,0,0,0,0,4,-49.72713143705096,0.0,0.3104318840826242,2.426522881133849,0.1565118311640289,0.4643519370012193,1.151254682341253,2.426522881133849,full RL,0.32375
cold_nogate,Cold start no gate,Cold no gate,1,20260619_131640,32,24800,25600,800,-8.528174400650958,-6822.539520520766,-8.528174400650958,-6822.539520520766,0.0,0.0,256,0.32,256,0.32,0,0.0,0,0.0,0,0,0,0,0,0,0,0,0,0,0,4,-50.16731871779126,0.0,0.2995995652396353,2.258665469147616,0.1513176837213966,0.447881446757874,1.129551799391281,2.258665469147616,full RL,0.32
cold_nogate,Cold start no gate,Cold no gate,1,20260619_131640,33,25600,26400,800,-7.47753866765785,-5982.03093412628,-7.47753866765785,-5982.03093412628,0.0,0.0,278,0.3475,278,0.3475,0,0.0,0,0.0,0,0,0,0,0,0,0,0,0,0,0,4,-50.2746872469292,0.0,0.2666552154696625,2.386278705951326,0.1452172482758859,0.3880931826634392,1.13527756384071,2.386278705951326,full RL,0.3475
cold_nogate,Cold start no gate,Cold no gate,1,20260619_131640,34,26400,27200,800,-7.131057825237198,-5704.846260189758,-7.131057825237198,-5704.846260189758,0.0,0.0,377,0.47125,377,0.47125,0,0.0,0,0.0,0,0,0,0,0,0,0,0,0,0,0,5,-49.74245806665084,0.0,0.2663113627947506,2.380225784908987,0.1392994786815593,0.3933232469079419,1.1238650787840894,2.380225784908987,full RL,0.47125
cold_nogate,Cold start no gate,Cold no gate,1,20260619_131640,35,27200,28000,800,-7.01321170262584,-5610.569362100672,-7.01321170262584,-5610.569362100672,0.0,0.0,358,0.4475,358,0.4475,0,0.0,0,0.0,0,0,0,0,0,0,0,0,0,0,0,6,-51.82157483938039,0.0,0.2668405489116786,2.3503552023083785,0.1368922674111103,0.3967888304122469,1.119191986510407,2.3503552023083785,full RL,0.4475
cold_nogate,Cold start no gate,Cold no gate,1,20260619_131640,36,28000,28800,800,-7.021876156462927,-5617.500925170341,-7.021876156462927,-5617.500925170341,0.0,0.0,364,0.455,364,0.455,0,0.0,0,0.0,0,0,0,0,0,0,0,0,0,0,0,4,-55.24508972611022,0.0,0.2758730830897239,2.378112565174547,0.1346258766068457,0.4171202895726022,1.1196759549734998,2.378112565174547,full RL,0.455
cold_nogate,Cold start no gate,Cold no gate,1,20260619_131640,37,28800,29600,800,-7.034611215769969,-5627.688972615975,-7.034611215769969,-5627.688972615975,0.0,0.0,373,0.46625,373,0.46625,0,0.0,0,0.0,0,0,0,0,0,0,0,0,0,0,0,6,-57.22682841207632,0.0,0.2881599041977997,2.33827076420431,0.1314172993336533,0.4449025090619461,1.111897182026961,2.33827076420431,full RL,0.46625
cold_nogate,Cold start no gate,Cold no gate,1,20260619_131640,38,29600,30400,800,-6.875524991991111,-5500.419993592889,-6.875524991991111,-5500.419993592889,0.0,0.0,348,0.435,348,0.435,0,0.0,0,0.0,0,0,0,0,0,0,0,0,0,0,0,6,-55.07648111992114,0.0,0.2810853485257014,2.3486648560225376,0.1309369336766085,0.4312337633747943,1.115491386265394,2.3486648560225376,full RL,0.435
cold_nogate,Cold start no gate,Cold no gate,1,20260619_131640,39,30400,31200,800,-6.369451909370401,-5095.561527496321,-6.369451909370401,-5095.561527496321,0.0,0.0,376,0.47,376,0.47,0,0.0,0,0.0,0,0,0,0,0,0,0,0,0,0,0,5,-49.35703504228587,0.0,0.2606484424157569,2.328270134499121,0.1284061378215443,0.3928907470099695,1.1137553092755683,2.328270134499121,full RL,0.47
cold_nogate,Cold start no gate,Cold no gate,1,20260619_131640,40,31200,32000,800,-6.555480166564697,-5244.384133251758,-6.555480166564697,-5244.384133251758,0.0,0.0,365,0.45625,365,0.45625,0,0.0,0,0.0,0,0,0,0,0,0,0,0,0,0,0,7,-47.3454670199211,0.0,0.2642524424543362,2.319420938935025,0.1310924734004991,0.3974124115081733,1.11393372930134,2.319420938935025,full RL,0.45625
cold_nogate,Cold start no gate,Cold no gate,1,20260619_131640,41,32000,32800,800,-6.439721078635852,-5151.776862908681,-6.439721078635852,-5151.776862908681,0.0,0.0,362,0.4525,362,0.4525,0,0.0,0,0.0,0,0,0,0,0,0,0,0,0,0,0,5,-45.26092338295882,0.0,0.2593030280865651,2.3143359369975087,0.1301471583408465,0.3884588978322836,1.1095024197457115,2.3143359369975087,full RL,0.4525
cold_nogate,Cold start no gate,Cold no gate,1,20260619_131640,42,32800,33600,800,-6.583254490602795,-5266.603592482236,-6.583254490602795,-5266.603592482236,0.0,0.0,355,0.44375,355,0.44375,0,0.0,0,0.0,0,0,0,0,0,0,0,0,0,0,0,5,-46.07400539847231,0.0,0.2677069989474174,2.286417197342302,0.1298952686415813,0.4055187292532535,1.1163900629683483,2.286417197342302,full RL,0.44375
cold_nogate,Cold start no gate,Cold no gate,1,20260619_131640,43,33600,34400,800,-6.504068341031098,-5203.254672824878,-6.504068341031098,-5203.254672824878,0.0,0.0,397,0.49625,397,0.49625,0,0.0,0,0.0,0,0,0,0,0,0,0,0,0,0,0,5,-48.40415131919099,0.0,0.2688545505100823,2.242477734495708,0.1278957771840698,0.4098133238360948,1.1149157441928552,2.242477734495708,full RL,0.49625
cold_nogate,Cold start no gate,Cold no gate,1,20260619_131640,44,34400,35200,800,-6.250244017036023,-5000.195213628818,-6.250244017036023,-5000.195213628818,0.0,0.0,423,0.52875,423,0.52875,0,0.0,0,0.0,0,0,0,0,0,0,0,0,0,0,0,5,-50.4966616230173,0.0,0.2511992092464568,2.2544505692443977,0.128563811623132,0.3738346068697815,1.1047587527958211,2.2544505692443977,full RL,0.52875
cold_nogate,Cold start no gate,Cold no gate,1,20260619_131640,45,35200,36000,800,-6.000926838595734,-4800.741470876587,-6.000926838595734,-4800.741470876587,0.0,0.0,417,0.52125,417,0.52125,0,0.0,0,0.0,0,0,0,0,0,0,0,0,0,0,0,5,-51.70864165438502,0.0,0.246489795295365,2.259395578567478,0.1258911888077021,0.367088401783028,1.104134261688228,2.259395578567478,full RL,0.52125
cold_nogate,Cold start no gate,Cold no gate,1,20260619_131640,46,36000,36800,800,-5.78826707513387,-4630.613660107096,-5.78826707513387,-4630.613660107096,0.0,0.0,401,0.50125,401,0.50125,0,0.0,0,0.0,0,0,0,0,0,0,0,0,0,0,0,5,-51.94377703105687,0.0,0.2415645256019499,2.2581281926573524,0.1238306682747797,0.3592983829291202,1.097631818620138,2.2581281926573524,full RL,0.50125
cold_nogate,Cold start no gate,Cold no gate,1,20260619_131640,47,36800,37600,800,-5.469514001275261,-4375.611201020209,-5.469514001275261,-4375.611201020209,0.0,0.0,363,0.45375,363,0.45375,0,0.0,0,0.0,0,0,0,0,0,0,0,0,0,0,0,4,-51.92593159532265,0.0,0.2294830179561219,2.2448717556887914,0.1217909436948706,0.3371750922173732,1.0913658140823377,2.2448717556887914,full RL,0.45375
cold_nogate,Cold start no gate,Cold no gate,1,20260619_131640,48,37600,38400,800,-5.586778697292735,-4469.422957834188,-5.586778697292735,-4469.422957834188,0.0,0.0,360,0.45,360,0.45,0,0.0,0,0.0,0,0,0,0,0,0,0,0,0,0,0,5,-52.51666563813825,0.0,0.2333566231932057,2.282082239742465,0.1234583494385842,0.3432548969478272,1.091837800546959,2.282082239742465,full RL,0.45
cold_nogate,Cold start no gate,Cold no gate,1,20260619_131640,49,38400,39200,800,-5.554937576082726,-4443.950060866181,-5.554937576082726,-4443.950060866181,0.0,0.0,355,0.44375,355,0.44375,0,0.0,0,0.0,0,0,0,0,0,0,0,0,0,0,0,6,-54.61679754756108,0.0,0.2314978732693987,2.26937031324826,0.1233632238569009,0.3396325226818964,1.0901061598220347,2.26937031324826,full RL,0.44375
cold_nogate,Cold start no gate,Cold no gate,1,20260619_131640,50,39200,40000,800,-5.647242128169319,-4517.793702535455,-5.647242128169319,-4517.793702535455,0.0,0.0,341,0.42625,341,0.42625,0,0.0,0,0.0,0,0,0,0,0,0,0,0,0,0,0,5,-53.860515332976206,0.0,0.2341752560595556,2.3158152245090946,0.1243788419603433,0.3439716701587679,1.0952172535326317,2.3158152245090946,full RL,0.42625
cold_nogate,Cold start no gate,Cold no gate,1,20260619_131640,51,40000,40800,800,-5.644069568627186,-4515.255654901749,-5.644069568627186,-4515.255654901749,0.0,0.0,271,0.33875,271,0.33875,0,0.0,0,0.0,0,0,0,0,0,0,0,0,0,0,0,6,-56.08261209366401,0.0,0.2417136989287474,2.3393362719182846,0.122681058260362,0.3607463395971327,1.0830328888228475,2.3393362719182846,full RL,0.33875
cold_nogate,Cold start no gate,Cold no gate,1,20260619_131640,52,40800,41600,800,-5.695422996899574,-4556.338397519659,-5.695422996899574,-4556.338397519659,0.0,0.0,282,0.3525,282,0.3525,0,0.0,0,0.0,0,0,0,0,0,0,0,0,0,0,0,4,-57.08635546437608,0.0,0.242961909551666,2.3463838345138583,0.1231352119755246,0.3627886071278074,1.0892437783481077,2.3463838345138583,full RL,0.3525
cold_nogate,Cold start no gate,Cold no gate,1,20260619_131640,53,41600,42400,800,-5.72208771839854,-4577.670174718832,-5.72208771839854,-4577.670174718832,0.0,0.0,247,0.30875,247,0.30875,0,0.0,0,0.0,0,0,0,0,0,0,0,0,0,0,0,6,-55.7875316047074,0.0,0.2441630739887755,2.3724824742230908,0.1235755203829399,0.3647506275946111,1.090514129968526,2.3724824742230908,full RL,0.30875
cold_nogate,Cold start no gate,Cold no gate,1,20260619_131640,54,42400,43200,800,-5.534330228008246,-4427.464182406597,-5.534330228008246,-4427.464182406597,0.0,0.0,233,0.29125,233,0.29125,0,0.0,0,0.0,0,0,0,0,0,0,0,0,0,0,0,3,-56.69338941687431,0.0,0.2312397804097998,2.3941335002435267,0.1235342494127869,0.3389453114068127,1.0916516341871243,2.3941335002435267,full RL,0.29125
cold_nogate,Cold start no gate,Cold no gate,1,20260619_131640,55,43200,44000,800,-5.3530462556394784,-4282.437004511583,-5.3530462556394784,-4282.437004511583,0.0,0.0,242,0.3025,242,0.3025,0,0.0,0,0.0,0,0,0,0,0,0,0,0,0,0,0,4,-58.617719721784056,0.0,0.2249243833060665,2.359298880045742,0.1216972148450021,0.3281515517671309,1.0783398824429953,2.359298880045742,full RL,0.3025
cold_nogate,Cold start no gate,Cold no gate,1,20260619_131640,56,44000,44800,800,-5.438140829844481,-4350.512663875585,-5.438140829844481,-4350.512663875585,0.0,0.0,257,0.32125,257,0.32125,0,0.0,0,0.0,0,0,0,0,0,0,0,0,0,0,0,4,-57.39938686113896,0.0,0.2297843921646968,2.389311682335915,0.1224331885009854,0.3371355958284083,1.0921057491153512,2.389311682335915,full RL,0.32125
cold_nogate,Cold start no gate,Cold no gate,1,20260619_131640,57,44800,45600,800,-5.237684704906492,-4190.147763925193,-5.237684704906492,-4190.147763925193,0.0,0.0,312,0.39,312,0.39,0,0.0,0,0.0,0,0,0,0,0,0,0,0,0,0,0,3,-57.52999964586786,0.0,0.2236115727204279,2.323063092651921,0.1203119985562365,0.3269111468846193,1.074396110701954,2.323063092651921,full RL,0.39
cold_nogate,Cold start no gate,Cold no gate,1,20260619_131640,58,45600,46400,800,-5.238548754531514,-4190.839003625211,-5.238548754531514,-4190.839003625211,0.0,0.0,307,0.38375,307,0.38375,0,0.0,0,0.0,0,0,0,0,0,0,0,0,0,0,0,4,-58.86039676986002,0.0,0.2227363602390046,2.3522317308508605,0.1203517167871681,0.3251210036908412,1.0876072576299012,2.3522317308508605,full RL,0.38375
cold_nogate,Cold start no gate,Cold no gate,1,20260619_131640,59,46400,47200,800,-5.18522217455035,-4148.17773964028,-5.18522217455035,-4148.17773964028,0.0,0.0,313,0.39125,313,0.39125,0,0.0,0,0.0,0,0,0,0,0,0,0,0,0,0,0,5,-58.3551723055873,0.0,0.2179994575575607,2.38187633248333,0.1205430326754478,0.3154558824396736,1.0779597427293433,2.38187633248333,full RL,0.39125
cold_nogate,Cold start no gate,Cold no gate,1,20260619_131640,60,47200,48000,800,-5.085418395635278,-4068.3347165082223,-5.085418395635278,-4068.3347165082223,0.0,0.0,302,0.3775,302,0.3775,0,0.0,0,0.0,0,0,0,0,0,0,0,0,0,0,0,6,-58.874417948630025,0.0,0.2149697673831759,2.357624447316084,0.1197329486995756,0.3102065860667762,1.0825713251760782,2.357624447316084,full RL,0.3775
cold_nogate,Cold start no gate,Cold no gate,1,20260619_131640,61,48000,48800,800,-5.028533658058139,-4022.826926446511,-5.028533658058139,-4022.826926446511,0.0,0.0,291,0.36375,291,0.36375,0,0.0,0,0.0,0,0,0,0,0,0,0,0,0,0,0,4,-59.39416404742394,0.0,0.208454204076176,2.415594231344244,0.1199948251057796,0.2969135830465724,1.0848109081918254,2.415594231344244,full RL,0.36375
cold_nogate,Cold start no gate,Cold no gate,1,20260619_131640,62,48800,49600,800,-5.094020198673181,-4075.216158938544,-5.094020198673181,-4075.216158938544,0.0,0.0,314,0.3925,314,0.3925,0,0.0,0,0.0,0,0,0,0,0,0,0,0,0,0,0,7,-59.256692793624325,0.0,0.2158752305119356,2.398910220287462,0.1197466238278395,0.3120038371960316,1.0881877388946588,2.398910220287462,full RL,0.3925
cold_nogate,Cold start no gate,Cold no gate,1,20260619_131640,63,49600,50400,800,-5.0573090780719125,-4045.8472624575297,-5.0573090780719125,-4045.8472624575297,0.0,0.0,287,0.35875,287,0.35875,0,0.0,0,0.0,0,0,0,0,0,0,0,0,0,0,0,4,-59.04661335832725,0.0,0.2096979210504856,2.4428341241289218,0.1205600133476943,0.2988358287532769,1.0883759765899654,2.4428341241289218,full RL,0.35875
cold_nogate,Cold start no gate,Cold no gate,1,20260619_131640,64,50400,51200,800,-4.983308213726736,-3986.646570981389,-4.983308213726736,-3986.646570981389,0.0,0.0,225,0.28125,225,0.28125,0,0.0,0,0.0,0,0,0,0,0,0,0,0,0,0,0,4,-60.93663239637692,0.0,0.2079590414582155,2.448358938785645,0.1197203949126154,0.2961976880038156,1.0906512087374909,2.448358938785645,full RL,0.28125
cold_nogate,Cold start no gate,Cold no gate,1,20260619_131640,65,51200,52000,800,-5.045067122989846,-4036.053698391877,-5.045067122989846,-4036.053698391877,0.0,0.0,204,0.255,204,0.255,0,0.0,0,0.0,0,0,0,0,0,0,0,0,0,0,0,4,-59.486006354543065,0.0,0.2117077965127589,2.4599628688822577,0.120137384721822,0.3032782083036958,1.091461867900002,2.4599628688822577,full RL,0.255
cold_nogate,Cold start no gate,Cold no gate,1,20260619_131640,66,52000,52800,800,-4.977021042360526,-3981.616833888421,-4.977021042360526,-3981.616833888421,0.0,0.0,130,0.1625,130,0.1625,0,0.0,0,0.0,0,0,0,0,0,0,0,0,0,0,0,3,-60.749869820676736,0.0,0.207051437796831,2.496898516334909,0.119965391506279,0.2941374840873829,1.0960499363798482,2.496898516334909,full RL,0.1625
cold_nogate,Cold start no gate,Cold no gate,1,20260619_131640,67,52800,53600,800,-5.078547179801507,-4062.8377438412062,-5.078547179801507,-4062.8377438412062,0.0,0.0,180,0.225,180,0.225,0,0.0,0,0.0,0,0,0,0,0,0,0,0,0,0,0,3,-62.05131808253748,0.0,0.2147741023632621,2.512456161401872,0.1196208804788135,0.3099273242477108,1.0925785673022643,2.512456161401872,full RL,0.225
cold_nogate,Cold start no gate,Cold no gate,1,20260619_131640,68,53600,54400,800,-4.944122926797893,-3955.2983414383134,-4.944122926797893,-3955.2983414383134,0.0,0.0,123,0.15375,123,0.15375,0,0.0,0,0.0,0,0,0,0,0,0,0,0,0,0,0,4,-61.962484578554495,0.0,0.2089886927449569,2.542167397260698,0.1188572219255034,0.2991201635644104,1.088943611331283,2.542167397260698,full RL,0.15375
cold_nogate,Cold start no gate,Cold no gate,1,20260619_131640,69,54400,55200,800,-5.136030646330163,-4108.82451706413,-5.136030646330163,-4108.82451706413,0.0,0.0,128,0.16,128,0.16,0,0.0,0,0.0,0,0,0,0,0,0,0,0,0,0,0,4,-62.96392415691321,0.0,0.2212164775276726,2.6013493776277983,0.1196382914664799,0.3227946635888652,1.0993613713236394,2.6013493776277983,full RL,0.16
cold_nogate,Cold start no gate,Cold no gate,1,20260619_131640,70,55200,56000,800,-5.007195394469893,-4005.7563155759135,-5.007195394469893,-4005.7563155759135,0.0,0.0,180,0.225,180,0.225,0,0.0,0,0.0,0,0,0,0,0,0,0,0,0,0,0,3,-62.44936213387666,0.0,0.2117947152576726,2.5928299091820577,0.1194632924815605,0.3041261380337848,1.0892994353119136,2.5928299091820577,full RL,0.225
cold_nogate,Cold start no gate,Cold no gate,1,20260619_131640,71,56000,56800,800,-4.928402237336677,-3942.721789869341,-4.928402237336677,-3942.721789869341,0.0,0.0,136,0.17,136,0.17,0,0.0,0,0.0,0,0,0,0,0,0,0,0,0,0,0,3,-62.22562283784384,0.0,0.2087458354945812,2.6008379833256186,0.1186712926884128,0.2988203783007497,1.0869513755058993,2.6008379833256186,full RL,0.17
cold_nogate,Cold start no gate,Cold no gate,1,20260619_131640,72,56800,57600,800,-4.920991156620646,-3936.792925296517,-4.920991156620646,-3936.792925296517,0.0,0.0,187,0.23375,187,0.23375,0,0.0,0,0.0,0,0,0,0,0,0,0,0,0,0,0,2,-62.40081872878409,0.0,0.210956451409743,2.644162819753604,0.1178335125581705,0.3040793902613156,1.0910111331132004,2.644162819753604,full RL,0.23375
cold_nogate,Cold start no gate,Cold no gate,1,20260619_131640,73,57600,58400,800,-4.89886149768937,-3919.089198151496,-4.89886149768937,-3919.089198151496,0.0,0.0,172,0.215,172,0.215,0,0.0,0,0.0,0,0,0,0,0,0,0,0,0,0,0,3,-61.80179620175738,0.0,0.2060614485627231,2.6057274116206486,0.1185411916666658,0.2935817054587805,1.0877880593116265,2.6057274116206486,full RL,0.215
cold_nogate,Cold start no gate,Cold no gate,1,20260619_131640,74,58400,59200,800,-4.915067423524985,-3932.0539388199886,-4.915067423524985,-3932.0539388199886,0.0,0.0,169,0.21125,169,0.21125,0,0.0,0,0.0,0,0,0,0,0,0,0,0,0,0,0,2,-61.14220358953924,0.0,0.2080964417656646,2.612534442225808,0.1183805034473935,0.2978123800839356,1.0953841767637569,2.612534442225808,full RL,0.21125
cold_nogate,Cold start no gate,Cold no gate,1,20260619_131640,75,59200,60000,800,-4.89208954012609,-3913.671632100872,-4.89208954012609,-3913.671632100872,0.0,0.0,167,0.20875,167,0.20875,0,0.0,0,0.0,0,0,0,0,0,0,0,0,0,0,0,3,-58.72867646277234,0.0,0.2053951178750935,2.5405179977262837,0.1182839560019655,0.2925062797482214,1.0844873886262052,2.5405179977262837,full RL,0.20875
cold_nogate,Cold start no gate,Cold no gate,1,20260619_131640,76,60000,60800,800,-5.062671807000712,-4050.1374456005697,-5.062671807000712,-4050.1374456005697,0.0,0.0,126,0.1575,126,0.1575,0,0.0,0,0.0,0,0,0,0,0,0,0,0,0,0,0,2,-60.707183359022,0.0,0.2148775437431193,2.6124824534568347,0.1190089221466813,0.3107461653395573,1.0970635516489402,2.6124824534568347,full RL,0.1575
cold_nogate,Cold start no gate,Cold no gate,1,20260619_131640,77,60800,61600,800,-5.05385820785474,-4043.086566283792,-5.05385820785474,-4043.086566283792,0.0,0.0,249,0.31125,249,0.31125,0,0.0,0,0.0,0,0,0,0,0,0,0,0,0,0,0,2,-62.25791810741123,0.0,0.2147189136315885,2.726395580343137,0.1186204516406887,0.3108173756224883,1.0962028865282123,2.726395580343137,full RL,0.31125
cold_nogate,Cold start no gate,Cold no gate,1,20260619_131640,78,61600,62400,800,-5.101536371987244,-4081.229097589795,-5.101536371987244,-4081.229097589795,0.0,0.0,319,0.39875,319,0.39875,0,0.0,0,0.0,0,0,0,0,0,0,0,0,0,0,0,2,-63.830944126320105,0.0,0.21787935350031,2.733529410520191,0.1185275740613463,0.3172311329392737,1.094641742141988,2.733529410520191,full RL,0.39875
cold_nogate,Cold start no gate,Cold no gate,1,20260619_131640,79,62400,63200,800,-5.016814430586283,-4013.4515444690255,-5.016814430586283,-4013.4515444690255,0.0,0.0,181,0.22625,181,0.22625,0,0.0,0,0.0,0,0,0,0,0,0,0,0,0,0,0,3,-63.43551681431472,0.0,0.2140890776545604,2.6583000951358717,0.1183315807836681,0.3098465745254528,1.090539181737928,2.6583000951358717,full RL,0.22625
cold_nogate,Cold start no gate,Cold no gate,1,20260619_131640,80,63200,64000,800,-4.866613560472596,-3893.2908483780766,-4.866613560472596,-3893.2908483780766,0.0,0.0,190,0.2375,190,0.2375,0,0.0,0,0.0,0,0,0,0,0,0,0,0,0,0,0,3,-62.65410946525367,0.0,0.2068406987090527,2.635333602204014,0.1173074204760744,0.2963739769420309,1.0824662530474325,2.635333602204014,full RL,0.2375
cold_nogate,Cold start no gate,Cold no gate,1,20260619_131640,81,64000,64800,800,-4.851152912788149,-3880.922330230519,-4.851152912788149,-3880.922330230519,0.0,0.0,174,0.2175,174,0.2175,0,0.0,0,0.0,0,0,0,0,0,0,0,0,0,0,0,3,-61.53061992997698,0.0,0.2033038419526307,2.59911976717774,0.1177107897769519,0.2888968941283094,1.0879261955574724,2.59911976717774,full RL,0.2175
cold_nogate,Cold start no gate,Cold no gate,1,20260619_131640,82,64800,65600,800,-4.971016159016235,-3976.812927212988,-4.971016159016235,-3976.812927212988,0.0,0.0,162,0.2025,162,0.2025,0,0.0,0,0.0,0,0,0,0,0,0,0,0,0,0,0,3,-64.19397768313615,0.0,0.2030247209363844,2.6263075701810408,0.1192636649295616,0.2867857769432073,1.1017191928592274,2.6263075701810408,full RL,0.2025
cold_nogate,Cold start no gate,Cold no gate,1,20260619_131640,83,65600,66400,800,-5.805990516676729,-4644.792413341384,-5.805990516676729,-4644.792413341384,0.0,0.0,193,0.24125,193,0.24125,0,0.0,0,0.0,0,0,0,0,0,0,0,0,0,0,0,2,-61.347983335460185,0.0,0.2108703526164027,2.663423758972044,0.124686610206014,0.2970540950267913,1.104674485339721,2.663423758972044,full RL,0.24125
cold_nogate,Cold start no gate,Cold no gate,1,20260619_131640,84,66400,67200,800,-5.2670607351775285,-4213.648588142023,-5.2670607351775285,-4213.648588142023,0.0,0.0,210,0.2625,210,0.2625,0,0.0,0,0.0,0,0,0,0,0,0,0,0,0,0,0,5,-68.99919567770758,0.0,0.2333067402135018,2.6498128268019627,0.1189076312047096,0.347705849222294,1.102777944915291,2.6498128268019627,full RL,0.2625
cold_nogate,Cold start no gate,Cold no gate,1,20260619_131640,85,67200,68000,800,-4.937999886731945,-3950.399909385557,-4.937999886731945,-3950.399909385557,0.0,0.0,229,0.28625,229,0.28625,0,0.0,0,0.0,0,0,0,0,0,0,0,0,0,0,0,4,-68.32692557947428,0.0,0.2053870356242398,2.7416422458533134,0.1191083662547056,0.2916657049937741,1.1024484575692737,2.7416422458533134,full RL,0.28625
cold_nogate,Cold start no gate,Cold no gate,1,20260619_131640,86,68000,68800,800,-4.895699057524876,-3916.559246019901,-4.895699057524876,-3916.559246019901,0.0,0.0,312,0.39,312,0.39,0,0.0,0,0.0,0,0,0,0,0,0,0,0,0,0,0,4,-68.09938460621936,0.0,0.2053054116790155,2.812828541533122,0.1179013844009362,0.2927094389570947,1.0925268326085016,2.812828541533122,full RL,0.39
cold_nogate,Cold start no gate,Cold no gate,1,20260619_131640,87,68800,69600,800,-4.721286633006775,-3777.02930640542,-4.721286633006775,-3777.02930640542,0.0,0.0,289,0.36125,289,0.36125,0,0.0,0,0.0,0,0,0,0,0,0,0,0,0,0,0,3,-59.8774651278577,0.0,0.1918849553246055,2.77769603731349,0.1179478532212696,0.2658220574279414,1.0971351381006738,2.77769603731349,full RL,0.36125
cold_nogate,Cold start no gate,Cold no gate,1,20260619_131640,88,69600,70400,800,-4.722997104836603,-3778.3976838692815,-4.722997104836603,-3778.3976838692815,0.0,0.0,320,0.4,320,0.4,0,0.0,0,0.0,0,0,0,0,0,0,0,0,0,0,0,5,-63.05626914440597,0.0,0.1913687088930758,2.723095477556001,0.1181578666717897,0.264579551114362,1.0995171254447746,2.723095477556001,full RL,0.4
cold_nogate,Cold start no gate,Cold no gate,1,20260619_131640,89,70400,71200,800,-4.748344779654312,-3798.67582372345,-4.748344779654312,-3798.67582372345,0.0,0.0,308,0.385,308,0.385,0,0.0,0,0.0,0,0,0,0,0,0,0,0,0,0,0,6,-62.69085401091456,0.0,0.1935280825282327,2.791840984928683,0.1181274212333056,0.2689287438231599,1.1050008170865295,2.791840984928683,full RL,0.385
cold_nogate,Cold start no gate,Cold no gate,1,20260619_131640,90,71200,72000,800,-4.821962971695342,-3857.5703773562736,-4.821962971695342,-3857.5703773562736,0.0,0.0,371,0.46375,371,0.46375,0,0.0,0,0.0,0,0,0,0,0,0,0,0,0,0,0,6,-61.482807645607295,0.0,0.2016014426577848,2.8255887758091376,0.1176585418322268,0.2855443434833427,1.0932297191690807,2.8255887758091376,full RL,0.46375
cold_nogate,Cold start no gate,Cold no gate,1,20260619_131640,91,72000,72800,800,-4.821819955959854,-3857.4559647678834,-4.821819955959854,-3857.4559647678834,0.0,0.0,363,0.45375,363,0.45375,0,0.0,0,0.0,0,0,0,0,0,0,0,0,0,0,0,8,-58.57121871048855,0.0,0.1984697809148753,2.768589286194185,0.1182341717678111,0.2787053900619396,1.0995055680017352,2.768589286194185,full RL,0.45375
cold_nogate,Cold start no gate,Cold no gate,1,20260619_131640,92,72800,73600,800,-4.808616634297767,-3846.893307438214,-4.808616634297767,-3846.893307438214,0.0,0.0,323,0.40375,323,0.40375,0,0.0,0,0.0,0,0,0,0,0,0,0,0,0,0,0,6,-56.87867260136522,0.0,0.1973276934324501,2.7445556319073035,0.1184953665851245,0.2761600202797757,1.100758060813825,2.7445556319073035,full RL,0.40375
cold_nogate,Cold start no gate,Cold no gate,1,20260619_131640,93,73600,74400,800,-4.776934424480425,-3821.54753958434,-4.776934424480425,-3821.54753958434,0.0,0.0,303,0.37875,303,0.37875,0,0.0,0,0.0,0,0,0,0,0,0,0,0,0,0,0,7,-57.27644687994541,0.0,0.1973865010941278,2.689974837296006,0.117723839659566,0.2770491625286897,1.098115628318047,2.689974837296006,full RL,0.37875
cold_nogate,Cold start no gate,Cold no gate,1,20260619_131640,94,74400,75200,800,-4.912665325463987,-3930.1322603711897,-4.912665325463987,-3930.1322603711897,0.0,0.0,297,0.37125,297,0.37125,0,0.0,0,0.0,0,0,0,0,0,0,0,0,0,0,0,6,-56.65571792653054,0.0,0.2012163506542477,2.7044557710556774,0.1189769708671235,0.283455730441372,1.096642141057934,2.7044557710556774,full RL,0.37125
cold_nogate,Cold start no gate,Cold no gate,1,20260619_131640,95,75200,76000,800,-4.828160148207444,-3862.528118565955,-4.828160148207444,-3862.528118565955,0.0,0.0,212,0.265,212,0.265,0,0.0,0,0.0,0,0,0,0,0,0,0,0,0,0,0,6,-58.98753054767735,0.0,0.1924060729790128,2.66613298431912,0.1200063034265763,0.2648058425314494,1.1138765041817045,2.66613298431912,full RL,0.265
cold_nogate,Cold start no gate,Cold no gate,1,20260619_131640,96,76000,76800,800,-4.771923573050051,-3817.5388584400407,-4.771923573050051,-3817.5388584400407,0.0,0.0,146,0.1825,146,0.1825,0,0.0,0,0.0,0,0,0,0,0,0,0,0,0,0,0,6,-58.692684850844216,0.0,0.1901485037907138,2.614207375571993,0.1195814465159235,0.2607155610655042,1.1085675124737446,2.614207375571993,full RL,0.1825
cold_nogate,Cold start no gate,Cold no gate,1,20260619_131640,97,76800,77600,800,-4.783513328978748,-3826.810663182999,-4.783513328978748,-3826.810663182999,0.0,0.0,164,0.205,164,0.205,0,0.0,0,0.0,0,0,0,0,0,0,0,0,0,0,0,7,-57.75495972000408,0.0,0.1976234305458447,2.600747039713383,0.1181929311527346,0.2770539299389549,1.1036279025771991,2.600747039713383,full RL,0.205
cold_nogate,Cold start no gate,Cold no gate,1,20260619_131640,98,77600,78400,800,-4.87853990851392,-3902.831926811136,-4.87853990851392,-3902.831926811136,0.0,0.0,150,0.1875,150,0.1875,0,0.0,0,0.0,0,0,0,0,0,0,0,0,0,0,0,8,-56.84381904128634,0.0,0.1921496991671931,2.559659983535539,0.1208159646505257,0.2634834336838604,1.0912960242412435,2.559659983535539,full RL,0.1875
cold_nogate,Cold start no gate,Cold no gate,1,20260619_131640,99,78400,79200,800,-4.73528496336456,-3788.227970691648,-4.73528496336456,-3788.227970691648,0.0,0.0,245,0.30625,245,0.30625,0,0.0,0,0.0,0,0,0,0,0,0,0,0,0,0,0,8,-58.87721319180548,0.0,0.1889943158219139,2.546204240524162,0.1191884610747232,0.2588001705691046,1.119192611651338,2.546204240524162,full RL,0.30625
cold_nogate,Cold start no gate,Cold no gate,1,20260619_131640,100,79200,80000,800,-4.698884254068265,-3759.107403254612,-4.698884254068265,-3759.107403254612,0.0,0.0,231,0.28875,231,0.28875,0,0.0,0,0.0,0,0,0,0,0,0,0,0,0,0,0,8,-57.43515986130251,0.0,0.1906955167362396,2.5383027894116594,0.1181876969707475,0.2632033365017316,1.0905388218011542,2.5383027894116594,full RL,0.28875
cold_nogate,Cold start no gate,Cold no gate,1,20260619_131640,101,80000,80800,800,-4.728714148238288,-3782.9713185906303,-4.728714148238288,-3782.9713185906303,0.0,0.0,230,0.2875,230,0.2875,0,0.0,0,0.0,0,0,0,0,0,0,0,0,0,0,0,6,-57.45578864007291,0.0,0.1946816997328843,2.5408181943622026,0.1176887123379512,0.2716746871278173,1.0992201698813222,2.5408181943622026,full RL,0.2875
cold_nogate,Cold start no gate,Cold no gate,1,20260619_131640,102,80800,81600,800,-4.8006133183323785,-3840.490654665903,-4.8006133183323785,-3840.490654665903,0.0,0.0,189,0.23625,189,0.23625,0,0.0,0,0.0,0,0,0,0,0,0,0,0,0,0,0,7,-57.30933421394411,0.0,0.1924580110480742,2.547527604605648,0.1193450656723219,0.2655709564238266,1.093679308214794,2.547527604605648,full RL,0.23625
cold_nogate,Cold start no gate,Cold no gate,1,20260619_131640,103,81600,82400,800,-4.873225745959971,-3898.5805967679767,-4.873225745959971,-3898.5805967679767,0.0,0.0,177,0.22125,177,0.22125,0,0.0,0,0.0,0,0,0,0,0,0,0,0,0,0,0,7,-58.14847217219744,0.0,0.2025231468880112,2.5616570453995,0.1187071980257605,0.2863390957502619,1.1066042819092967,2.5616570453995,full RL,0.22125
cold_nogate,Cold start no gate,Cold no gate,1,20260619_131640,104,82400,83200,800,-4.942507549263124,-3954.006039410499,-4.942507549263124,-3954.006039410499,0.0,0.0,181,0.22625,181,0.22625,0,0.0,0,0.0,0,0,0,0,0,0,0,0,0,0,0,8,-56.77317530471112,0.0,0.2064192965883997,2.587467452464693,0.1189508197711112,0.2938877734056881,1.0968039183057954,2.587467452464693,full RL,0.22625
cold_nogate,Cold start no gate,Cold no gate,1,20260619_131640,105,83200,84000,800,-4.7669097646145575,-3813.527811691646,-4.7669097646145575,-3813.527811691646,0.0,0.0,170,0.2125,170,0.2125,0,0.0,0,0.0,0,0,0,0,0,0,0,0,0,0,0,8,-57.46431131821328,0.0,0.1961576324964903,2.5766263274073253,0.1182891480329692,0.2740261169600114,1.0917363124489805,2.5766263274073253,full RL,0.2125
cold_nogate,Cold start no gate,Cold no gate,1,20260619_131640,106,84000,84800,800,-5.0357674282641405,-4028.613942611312,-5.0357674282641405,-4028.613942611312,0.0,0.0,148,0.185,148,0.185,0,0.0,0,0.0,0,0,0,0,0,0,0,0,0,0,0,7,-57.03642656107877,0.0,0.2175286787993911,2.605325834580128,0.1180834259849716,0.3169739316138106,1.0873234945684036,2.605325834580128,full RL,0.185
cold_nogate,Cold start no gate,Cold no gate,1,20260619_131640,107,84800,85600,800,-4.997683054998516,-3998.146443998813,-4.997683054998516,-3998.146443998813,0.0,0.0,174,0.2175,174,0.2175,0,0.0,0,0.0,0,0,0,0,0,0,0,0,0,0,0,7,-56.832898304391165,0.0,0.2117089453067554,2.64840347417794,0.1187398163506107,0.3046780742629001,1.0952938423142855,2.64840347417794,full RL,0.2175
cold_nogate,Cold start no gate,Cold no gate,1,20260619_131640,108,85600,86400,800,-4.905120924799267,-3924.096739839413,-4.905120924799267,-3924.096739839413,0.0,0.0,291,0.36375,291,0.36375,0,0.0,0,0.0,0,0,0,0,0,0,0,0,0,0,0,7,-57.860406923441815,0.0,0.2055653215508956,2.7303022516086344,0.1182024112070133,0.2929282318947779,1.1053858192974828,2.7303022516086344,full RL,0.36375
cold_nogate,Cold start no gate,Cold no gate,1,20260619_131640,109,86400,87200,800,-4.848620532121259,-3878.896425697008,-4.848620532121259,-3878.896425697008,0.0,0.0,149,0.18625,149,0.18625,0,0.0,0,0.0,0,0,0,0,0,0,0,0,0,0,0,8,-58.28730553021148,0.0,0.2008877862084782,2.6286468186996785,0.1185469236563657,0.2832286487605907,1.097538061107202,2.6286468186996785,full RL,0.18625
cold_nogate,Cold start no gate,Cold no gate,1,20260619_131640,110,87200,88000,800,-5.043648082747166,-4034.918466197733,-5.043648082747166,-4034.918466197733,0.0,0.0,232,0.29,232,0.29,0,0.0,0,0.0,0,0,0,0,0,0,0,0,0,0,0,8,-57.28252768499101,0.0,0.2171723709924758,2.727973284597681,0.1179494537930389,0.3163952881919128,1.0964439425581554,2.727973284597681,full RL,0.29
cold_nogate,Cold start no gate,Cold no gate,1,20260619_131640,111,88000,88800,800,-5.095716925172841,-4076.5735401382726,-5.095716925172841,-4076.5735401382726,0.0,0.0,221,0.27625,221,0.27625,0,0.0,0,0.0,0,0,0,0,0,0,0,0,0,0,0,7,-57.76206369269028,0.0,0.2131750778906825,2.8492959525672177,0.1197013857257835,0.3066487700555815,1.0996437370630718,2.8492959525672177,full RL,0.27625
cold_nogate,Cold start no gate,Cold no gate,1,20260619_131640,112,88800,89600,800,-5.0946647860977246,-4075.73182887818,-5.0946647860977246,-4075.73182887818,0.0,0.0,156,0.195,156,0.195,0,0.0,0,0.0,0,0,0,0,0,0,0,0,0,0,0,6,-59.20036683393505,0.0,0.2167021259425031,2.710467600963227,0.1192058913148888,0.3141983605701176,1.116402036899025,2.710467600963227,full RL,0.195
cold_nogate,Cold start no gate,Cold no gate,1,20260619_131640,113,89600,90400,800,-5.167882924668436,-4134.306339734749,-5.167882924668436,-4134.306339734749,0.0,0.0,329,0.41125,329,0.41125,0,0.0,0,0.0,0,0,0,0,0,0,0,0,0,0,0,7,-57.469962601497286,0.0,0.2221695337964744,2.7845031719600684,0.1185155503770632,0.3258235172158855,1.1002834503599646,2.7845031719600684,full RL,0.41125
cold_nogate,Cold start no gate,Cold no gate,1,20260619_131640,114,90400,91200,800,-4.777191945969541,-3821.753556775633,-4.777191945969541,-3821.753556775633,0.0,0.0,194,0.2425,194,0.2425,0,0.0,0,0.0,0,0,0,0,0,0,0,0,0,0,0,8,-57.118093578076696,0.0,0.1966308198848092,2.5323358842439347,0.1183599374146718,0.2749017023549466,1.1021486840964276,2.5323358842439347,full RL,0.2425
cold_nogate,Cold start no gate,Cold no gate,1,20260619_131640,115,91200,92000,800,-4.991161611745523,-3992.9292893964175,-4.991161611745523,-3992.9292893964175,0.0,0.0,195,0.24375,195,0.24375,0,0.0,0,0.0,0,0,0,0,0,0,0,0,0,0,0,6,-57.937911303115584,0.0,0.2142703111345596,2.542277814847978,0.118101178650171,0.3104394436189482,1.0972418665054748,2.542277814847978,full RL,0.24375
cold_nogate,Cold start no gate,Cold no gate,1,20260619_131640,116,92000,92800,800,-4.814586491536452,-3851.6691932291615,-4.814586491536452,-3851.6691932291615,0.0,0.0,180,0.225,180,0.225,0,0.0,0,0.0,0,0,0,0,0,0,0,0,0,0,0,7,-57.22203011037209,0.0,0.2013862499256478,2.5495963167713853,0.1182231868738413,0.2845493129774543,1.1050630016039484,2.5495963167713853,full RL,0.225
cold_nogate,Cold start no gate,Cold no gate,1,20260619_131640,117,92800,93600,800,-5.077217080085436,-4061.773664068349,-5.077217080085436,-4061.773664068349,0.0,0.0,186,0.2325,186,0.2325,0,0.0,0,0.0,0,0,0,0,0,0,0,0,0,0,0,7,-58.37380051273362,0.0,0.2189962520308699,2.56642520976186,0.1184311622388052,0.3195613418229347,1.105344982572527,2.56642520976186,full RL,0.2325
cold_nogate,Cold start no gate,Cold no gate,1,20260619_131640,118,93600,94400,800,-4.781706196553096,-3825.364957242477,-4.781706196553096,-3825.364957242477,0.0,0.0,177,0.22125,177,0.22125,0,0.0,0,0.0,0,0,0,0,0,0,0,0,0,0,0,7,-56.17993774849697,0.0,0.2013677481724027,2.5998850392115287,0.1174599444443958,0.2852755519004096,1.09380043359434,2.5998850392115287,full RL,0.22125
cold_nogate,Cold start no gate,Cold no gate,1,20260619_131640,119,94400,95200,800,-5.057681353816955,-4046.145083053564,-5.057681353816955,-4046.145083053564,0.0,0.0,167,0.20875,167,0.20875,0,0.0,0,0.0,0,0,0,0,0,0,0,0,0,0,0,8,-57.51741454071191,0.0,0.2195375150204608,2.6498873227736226,0.117875183985278,0.3211998460556436,1.0951014536540122,2.6498873227736226,full RL,0.20875
cold_nogate,Cold start no gate,Cold no gate,1,20260619_131640,120,95200,96000,800,-4.860504369826151,-3888.40349586092,-4.860504369826151,-3888.40349586092,0.0,0.0,189,0.23625,189,0.23625,0,0.0,0,0.0,0,0,0,0,0,0,0,0,0,0,0,6,-57.545976696218304,0.0,0.2065984846812133,2.6633102143703127,0.1178125319992333,0.2953844373631933,1.1021646629989164,2.6633102143703127,full RL,0.23625
cold_nogate,Cold start no gate,Cold no gate,1,20260619_131640,121,96000,96800,800,-5.038144737261706,-4030.515789809365,-5.038144737261706,-4030.515789809365,0.0,0.0,176,0.22,176,0.22,0,0.0,0,0.0,0,0,0,0,0,0,0,0,0,0,0,7,-58.170602968254,0.0,0.2156303783089854,2.6319614404672507,0.1184221187565019,0.3128386378614688,1.0956512286912856,2.6319614404672507,full RL,0.22
cold_nogate,Cold start no gate,Cold no gate,1,20260619_131640,122,96800,97600,800,-4.988160492668044,-3990.528394134435,-4.988160492668044,-3990.528394134435,0.0,0.0,172,0.215,172,0.215,0,0.0,0,0.0,0,0,0,0,0,0,0,0,0,0,0,7,-57.258163247780544,0.0,0.2165954319522432,2.6271157199400363,0.1177383800841353,0.3154524838203512,1.10623726905319,2.6271157199400363,full RL,0.215
cold_nogate,Cold start no gate,Cold no gate,1,20260619_131640,123,97600,98400,800,-5.032329793577177,-4025.863834861742,-5.032329793577177,-4025.863834861742,0.0,0.0,169,0.21125,169,0.21125,0,0.0,0,0.0,0,0,0,0,0,0,0,0,0,0,0,7,-58.21861287319132,0.0,0.2138447475930983,2.593441366391005,0.1189126211216228,0.3087768740645737,1.0971920954306054,2.593441366391005,full RL,0.21125
cold_nogate,Cold start no gate,Cold no gate,1,20260619_131640,124,98400,99200,800,-5.099371661082277,-4079.497328865821,-5.099371661082277,-4079.497328865821,0.0,0.0,190,0.2375,190,0.2375,0,0.0,0,0.0,0,0,0,0,0,0,0,0,0,0,0,8,-58.05693325149264,0.0,0.2241945401622596,2.62111375932102,0.1177802814813452,0.3306087988431739,1.1042447424202848,2.62111375932102,full RL,0.2375
cold_nogate,Cold start no gate,Cold no gate,1,20260619_131640,125,99200,100000,800,-4.84825393673229,-3878.603149385832,-4.84825393673229,-3878.603149385832,0.0,0.0,187,0.23375,187,0.23375,0,0.0,0,0.0,0,0,0,0,0,0,0,0,0,0,0,6,-58.04149380235799,0.0,0.1957458075026273,2.654526031057287,0.1198315864060375,0.2716600285992172,1.0934515847294883,2.654526031057287,full RL,0.23375
cold_nogate,Cold start no gate,Cold no gate,1,20260619_131640,126,100000,100800,800,-5.025776120808129,-4020.620896646504,-5.025776120808129,-4020.620896646504,0.0,0.0,303,0.37875,303,0.37875,0,0.0,0,0.0,0,0,0,0,0,0,0,0,0,0,0,5,-60.037770368389374,0.0,0.2175351714393963,2.6833537436547203,0.1179990284404934,0.3170713144382991,1.1105134062567008,2.6833537436547203,full RL,0.37875
cold_nogate,Cold start no gate,Cold no gate,1,20260619_131640,127,100800,101600,800,-4.930428934843626,-3944.3431478749008,-4.930428934843626,-3944.3431478749008,0.0,0.0,297,0.37125,297,0.37125,0,0.0,0,0.0,0,0,0,0,0,0,0,0,0,0,0,5,-57.88488288033261,0.0,0.2075517990986176,2.685489336914202,0.1187115396515632,0.2963920585456719,1.1000855691523208,2.685489336914202,full RL,0.37125
cold_nogate,Cold start no gate,Cold no gate,1,20260619_131640,128,101600,102400,800,-5.194724074923467,-4155.779259938774,-5.194724074923467,-4155.779259938774,0.0,0.0,310,0.3875,310,0.3875,0,0.0,0,0.0,0,0,0,0,0,0,0,0,0,0,0,7,-58.68236630368688,0.0,0.2308443408268662,2.649669236561408,0.117567120966034,0.3441215606876983,1.1078526097312515,2.649669236561408,full RL,0.3875
cold_nogate,Cold start no gate,Cold no gate,1,20260619_131640,129,102400,103200,800,-5.024759162697141,-4019.807330157712,-5.024759162697141,-4019.807330157712,0.0,0.0,265,0.33125,265,0.33125,0,0.0,0,0.0,0,0,0,0,0,0,0,0,0,0,0,7,-60.14901333387945,0.0,0.2191285701661888,2.7544037291421546,0.1174389493403813,0.3208181909919962,1.1038061152708174,2.7544037291421546,full RL,0.33125
cold_nogate,Cold start no gate,Cold no gate,1,20260619_131640,130,103200,104000,800,-5.075148982811916,-4060.119186249533,-5.075148982811916,-4060.119186249533,0.0,0.0,238,0.2975,238,0.2975,0,0.0,0,0.0,0,0,0,0,0,0,0,0,0,0,0,6,-59.38460046740568,0.0,0.2163454786032886,2.6257993982897574,0.1192371061723687,0.3134538510342086,1.1070886506799091,2.6257993982897574,full RL,0.2975
cold_nogate,Cold start no gate,Cold no gate,1,20260619_131640,131,104000,104800,800,-5.138467109409909,-4110.773687527927,-5.138467109409909,-4110.773687527927,0.0,0.0,198,0.2475,198,0.2475,0,0.0,0,0.0,0,0,0,0,0,0,0,0,0,0,0,6,-58.57398810002837,0.0,0.2271667272882622,2.629574355804152,0.1177575894036565,0.3365758651728679,1.100334236058571,2.629574355804152,full RL,0.2475
cold_nogate,Cold start no gate,Cold no gate,1,20260619_131640,132,104800,105600,800,-5.328718290001384,-4262.974632001107,-5.328718290001384,-4262.974632001107,0.0,0.0,183,0.22875,183,0.22875,0,0.0,0,0.0,0,0,0,0,0,0,0,0,0,0,0,6,-59.976363785470085,0.0,0.2270170078161578,2.621437137721045,0.1211631218246755,0.33287089380764,1.0930225346249358,2.621437137721045,full RL,0.22875
cold_nogate,Cold start no gate,Cold no gate,1,20260619_131640,133,105600,106400,800,-5.189659776051778,-4151.727820841423,-5.189659776051778,-4151.727820841423,0.0,0.0,207,0.25875,207,0.25875,0,0.0,0,0.0,0,0,0,0,0,0,0,0,0,0,0,6,-59.72203059682363,0.0,0.2262025036768935,2.629719673739544,0.1192729570739315,0.3331320502798555,1.1011801133276342,2.629719673739544,full RL,0.25875
cold_nogate,Cold start no gate,Cold no gate,1,20260619_131640,134,106400,107200,800,-4.718426790890636,-3774.741432712509,-4.718426790890636,-3774.741432712509,0.0,0.0,169,0.21125,169,0.21125,0,0.0,0,0.0,0,0,0,0,0,0,0,0,0,0,0,6,-59.2876943655433,0.0,0.1902791034247928,2.5037333584441512,0.1193061894417601,0.2612520174078255,1.0843107759777464,2.5037333584441512,full RL,0.21125
cold_nogate,Cold start no gate,Cold no gate,1,20260619_131640,135,107200,108000,800,-4.818322088258752,-3854.657670607002,-4.818322088258752,-3854.657670607002,0.0,0.0,163,0.20375,163,0.20375,0,0.0,0,0.0,0,0,0,0,0,0,0,0,0,0,0,6,-61.492058503196176,0.0,0.1935503439096556,2.540407511675596,0.1202211119400269,0.2668795758792843,1.119103470711409,2.540407511675596,full RL,0.20375
cold_nogate,Cold start no gate,Cold no gate,1,20260619_131640,136,108000,108800,800,-4.8508327174128905,-3880.6661739303127,-4.8508327174128905,-3880.6661739303127,0.0,0.0,186,0.2325,186,0.2325,0,0.0,0,0.0,0,0,0,0,0,0,0,0,0,0,0,6,-62.287609399673215,0.0,0.2016408122770057,2.6960246879551164,0.1194606758626347,0.2838209486913767,1.116150405916358,2.6960246879551164,full RL,0.2325
cold_nogate,Cold start no gate,Cold no gate,1,20260619_131640,137,108800,109600,800,-4.845039643632768,-3876.031714906215,-4.845039643632768,-3876.031714906215,0.0,0.0,192,0.24,192,0.24,0,0.0,0,0.0,0,0,0,0,0,0,0,0,0,0,0,7,-60.37981647969809,0.0,0.2110325700762215,2.522699947999115,0.1167734826823191,0.3052916574701239,1.0948502437298036,2.522699947999115,full RL,0.24
cold_nogate,Cold start no gate,Cold no gate,1,20260619_131640,138,109600,110400,800,-4.877145440167952,-3901.7163521343614,-4.877145440167952,-3901.7163521343614,0.0,0.0,173,0.21625,173,0.21625,0,0.0,0,0.0,0,0,0,0,0,0,0,0,0,0,0,7,-59.436655757661015,0.0,0.2131342074496919,2.511610244926544,0.1167369633864526,0.3095314515129312,1.093005787149438,2.511610244926544,full RL,0.21625
cold_nogate,Cold start no gate,Cold no gate,1,20260619_131640,139,110400,111200,800,-4.759913311489379,-3807.930649191504,-4.759913311489379,-3807.930649191504,0.0,0.0,161,0.20125,161,0.20125,0,0.0,0,0.0,0,0,0,0,0,0,0,0,0,0,0,6,-59.32386272750864,0.0,0.2008496408225179,2.552217888248151,0.1176985420705423,0.2840007395744935,1.0877334585991285,2.552217888248151,full RL,0.20125
cold_nogate,Cold start no gate,Cold no gate,1,20260619_131640,140,111200,112000,800,-4.345746393228801,-3476.597114583041,-4.345746393228801,-3476.597114583041,0.0,0.0,164,0.205,164,0.205,0,0.0,0,0.0,0,0,0,0,0,0,0,0,0,0,0,8,-58.64746632501419,0.0,0.1821563094653442,2.578254189474535,0.1141880365959242,0.2501245823347642,1.0559381551638274,2.578254189474535,full RL,0.205
cold_nogate,Cold start no gate,Cold no gate,1,20260619_131640,141,112000,112800,800,-4.429973702989588,-3543.9789623916704,-4.429973702989588,-3543.9789623916704,0.0,0.0,153,0.19125,153,0.19125,0,0.0,0,0.0,0,0,0,0,0,0,0,0,0,0,0,6,-62.34363220449791,0.0,0.1856737096729583,2.5635053539735964,0.1151556761544963,0.2561917431914203,1.0731082832086476,2.5635053539735964,full RL,0.19125
cold_nogate,Cold start no gate,Cold no gate,1,20260619_131640,142,112800,113600,800,-4.458838792058404,-3567.071033646723,-4.458838792058404,-3567.071033646723,0.0,0.0,169,0.21125,169,0.21125,0,0.0,0,0.0,0,0,0,0,0,0,0,0,0,0,0,7,-61.01304418349332,0.0,0.1877555732497218,2.5731478501984952,0.1152370849079875,0.2602740615914562,1.0720406503910316,2.5731478501984952,full RL,0.21125
cold_nogate,Cold start no gate,Cold no gate,1,20260619_131640,143,113600,114400,800,-4.616829831326418,-3693.463865061135,-4.616829831326418,-3693.463865061135,0.0,0.0,168,0.21,168,0.21,0,0.0,0,0.0,0,0,0,0,0,0,0,0,0,0,0,6,-62.56393598183956,0.0,0.196693259583934,2.609998374987697,0.1160584043214884,0.2773281148463796,1.0741582053000882,2.609998374987697,full RL,0.21
cold_nogate,Cold start no gate,Cold no gate,1,20260619_131640,144,114400,115200,800,-4.647630671926422,-3718.1045375411377,-4.647630671926422,-3718.1045375411377,0.0,0.0,183,0.22875,183,0.22875,0,0.0,0,0.0,0,0,0,0,0,0,0,0,0,0,0,7,-62.78748824853983,0.0,0.1955366537972004,2.6306814846298607,0.1166975035631279,0.2743758040312729,1.0777244538508757,2.6306814846298607,full RL,0.22875
cold_nogate,Cold start no gate,Cold no gate,1,20260619_131640,145,115200,116000,800,-5.072988693462555,-4058.390954770044,-5.072988693462555,-4058.390954770044,0.0,0.0,197,0.24625,197,0.24625,0,0.0,0,0.0,0,0,0,0,0,0,0,0,0,0,0,7,-62.54801322138189,0.0,0.2190060267939808,2.6460985089174187,0.1188083998354682,0.3192036537524935,1.082207797201196,2.6460985089174187,full RL,0.24625
cold_nogate,Cold start no gate,Cold no gate,1,20260619_131640,146,116000,116800,800,-5.105203472455418,-4084.162777964335,-5.105203472455418,-4084.162777964335,0.0,0.0,335,0.41875,335,0.41875,0,0.0,0,0.0,0,0,0,0,0,0,0,0,0,0,0,6,-62.69364189012151,0.0,0.2197387427252704,2.721547607164553,0.1187360445006894,0.3207414409498514,1.0829561079094456,2.721547607164553,full RL,0.41875
cold_nogate,Cold start no gate,Cold no gate,1,20260619_131640,147,116800,117600,800,-6.078885123778839,-4863.108099023071,-6.078885123778839,-4863.108099023071,0.0,0.0,350,0.4375,350,0.4375,0,0.0,0,0.0,0,0,0,0,0,0,0,0,0,0,0,6,-62.77191406671557,0.0,0.252392774693452,2.890891702680108,0.1256760858061912,0.3791094635807128,1.0808250322507336,2.890891702680108,full RL,0.4375
cold_nogate,Cold start no gate,Cold no gate,1,20260619_131640,148,117600,118400,800,-6.063645323712149,-4850.916258969719,-6.063645323712149,-4850.916258969719,0.0,0.0,221,0.27625,221,0.27625,0,0.0,0,0.0,0,0,0,0,0,0,0,0,0,0,0,4,-64.30118066191847,0.0,0.2370559263016754,2.8121250508399958,0.1306134721213797,0.3434983804819712,1.0890028462773893,2.8121250508399958,full RL,0.27625
cold_nogate,Cold start no gate,Cold no gate,1,20260619_131640,149,118400,119200,800,-4.628726007425684,-3702.980805940547,-4.628726007425684,-3702.980805940547,0.0,0.0,187,0.23375,187,0.23375,0,0.0,0,0.0,0,0,0,0,0,0,0,0,0,0,0,5,-63.4777213843887,0.0,0.1918206821880481,2.6078527512308938,0.1168250592850267,0.2668163050910695,1.085142582430859,2.6078527512308938,full RL,0.23375
cold_nogate,Cold start no gate,Cold no gate,1,20260619_131640,150,119200,120000,800,-4.6721083458969,-3737.68667671752,-4.6721083458969,-3737.68667671752,0.0,0.0,181,0.22625,181,0.22625,0,0.0,0,0.0,0,0,0,0,0,0,0,0,0,0,0,5,-62.64101675987968,0.0,0.201477830884596,2.819724355337541,0.1154590197836641,0.2874966419855279,1.087682688428803,2.819724355337541,full RL,0.22625
cold_nogate,Cold start no gate,Cold no gate,1,20260619_131640,151,120000,120800,800,-4.898864500798751,-3919.0916006390007,-4.898864500798751,-3919.0916006390007,0.0,0.0,220,0.275,220,0.275,0,0.0,0,0.0,0,0,0,0,0,0,0,0,0,0,0,6,-61.76373342688692,0.0,0.2075927226642548,2.7639116909502377,0.1178686843450721,0.2973167609834375,1.0883641322627722,2.7639116909502377,full RL,0.275
cold_nogate,Cold start no gate,Cold no gate,1,20260619_131640,152,120800,121600,800,-4.781519754701998,-3825.215803761598,-4.781519754701998,-3825.215803761598,0.0,0.0,237,0.29625,237,0.29625,0,0.0,0,0.0,0,0,0,0,0,0,0,0,0,0,0,5,-63.32713414055263,0.0,0.2073474567712767,2.674088342271148,0.1157950278318068,0.2988998857107466,1.086478590648074,2.674088342271148,full RL,0.29625
cold_nogate,Cold start no gate,Cold no gate,1,20260619_131640,153,121600,122400,800,-4.547836835452869,-3638.269468362295,-4.547836835452869,-3638.269468362295,0.0,0.0,199,0.24875,199,0.24875,0,0.0,0,0.0,0,0,0,0,0,0,0,0,0,0,0,5,-61.77856080855213,0.0,0.1947511902684698,2.667303145661833,0.114634268791061,0.2748681117458788,1.0896288504040874,2.667303145661833,full RL,0.24875
cold_nogate,Cold start no gate,Cold no gate,1,20260619_131640,154,122400,123200,800,-4.605122157777236,-3684.097726221789,-4.605122157777236,-3684.097726221789,0.0,0.0,182,0.2275,182,0.2275,0,0.0,0,0.0,0,0,0,0,0,0,0,0,0,0,0,5,-61.36217493248853,0.0,0.1878521964525751,2.553855536108585,0.1174296753456248,0.2582747175595253,1.0919772558320018,2.553855536108585,full RL,0.2275
cold_nogate,Cold start no gate,Cold no gate,1,20260619_131640,155,123200,124000,800,-4.527392412074973,-3621.9139296599783,-4.527392412074973,-3621.9139296599783,0.0,0.0,183,0.22875,183,0.22875,0,0.0,0,0.0,0,0,0,0,0,0,0,0,0,0,0,4,-61.07433173154959,0.0,0.1862055776490109,2.540726863666123,0.1167435933730105,0.2556675619250113,1.091018934740076,2.540726863666123,full RL,0.22875
cold_nogate,Cold start no gate,Cold no gate,1,20260619_131640,156,124000,124800,800,-4.448878842031958,-3559.103073625566,-4.448878842031958,-3559.103073625566,0.0,0.0,200,0.25,200,0.25,0,0.0,0,0.0,0,0,0,0,0,0,0,0,0,0,0,4,-62.44491563073211,0.0,0.1829213966279344,2.6160632137048765,0.1158138593823102,0.2500289338735586,1.0887352665447838,2.6160632137048765,full RL,0.25
cold_nogate,Cold start no gate,Cold no gate,1,20260619_131640,157,124800,125600,800,-4.489359977265087,-3591.4879818120694,-4.489359977265087,-3591.4879818120694,0.0,0.0,218,0.2725,218,0.2725,0,0.0,0,0.0,0,0,0,0,0,0,0,0,0,0,0,5,-63.958864505165934,0.0,0.1840146856206105,2.5155590363548868,0.1162158686775044,0.2518135025637165,1.0948283900815323,2.5155590363548868,full RL,0.2725
cold_nogate,Cold start no gate,Cold no gate,1,20260619_131640,158,125600,126400,800,-4.340871055215313,-3472.69684417225,-4.340871055215313,-3472.69684417225,0.0,0.0,330,0.4125,330,0.4125,0,0.0,0,0.0,0,0,0,0,0,0,0,0,0,0,0,5,-60.63810540464988,0.0,0.1731268102311927,2.462968226405508,0.1157299252101518,0.2305236952522336,1.0823915698867084,2.462968226405508,full RL,0.4125
cold_nogate,Cold start no gate,Cold no gate,1,20260619_131640,159,126400,127200,800,-4.344630504775559,-3475.7044038204467,-4.344630504775559,-3475.7044038204467,0.0,0.0,170,0.2125,170,0.2125,0,0.0,0,0.0,0,0,0,0,0,0,0,0,0,0,0,4,-65.29309009787198,0.0,0.1695172846965257,2.499985596116346,0.1169904573724176,0.2220441120206337,1.0969702435325543,2.499985596116346,full RL,0.2125
cold_nogate,Cold start no gate,Cold no gate,1,20260619_131640,160,127200,128000,800,-4.377850972230638,-3502.28077778451,-4.377850972230638,-3502.28077778451,0.0,0.0,177,0.22125,177,0.22125,0,0.0,0,0.0,0,0,0,0,0,0,0,0,0,0,0,4,-64.82571362078602,0.0,0.162118387916906,2.518220420883324,0.1184356103039802,0.2058011655298319,1.0932323083526851,2.518220420883324,full RL,0.22125
cold_nogate,Cold start no gate,Cold no gate,1,20260619_131640,161,128000,128800,800,-4.32861272796479,-3462.8901823718325,-4.32861272796479,-3462.8901823718325,0.0,0.0,66,0.0825,66,0.0825,0,0.0,0,0.0,0,0,0,0,0,0,0,0,0,0,0,5,-66.54345646227762,0.0,0.1639325447511029,2.539683936894619,0.1177804271432396,0.2100846623589662,1.0967925173938666,2.539683936894619,full RL,0.0825
cold_nogate,Cold start no gate,Cold no gate,1,20260619_131640,162,128800,129600,800,-4.2221009060031305,-3377.6807248025043,-4.2221009060031305,-3377.6807248025043,0.0,0.0,40,0.05,40,0.05,0,0.0,0,0.0,0,0,0,0,0,0,0,0,0,0,0,4,-65.3859094757272,0.0,0.1593432680018055,2.5084397299590364,0.1164791378477952,0.2022073981558159,1.0915652011860923,2.5084397299590364,full RL,0.05
cold_nogate,Cold start no gate,Cold no gate,1,20260619_131640,163,129600,130400,800,-4.236649774462956,-3389.319819570365,-4.236649774462956,-3389.319819570365,0.0,0.0,10,0.0125,10,0.0125,0,0.0,0,0.0,0,0,0,0,0,0,0,0,0,0,0,4,-66.50247507070833,0.0,0.1598610806465902,2.554748012249945,0.1168154272073832,0.2029067340857971,1.0977942823455922,2.554748012249945,full RL,0.0125
cold_nogate,Cold start no gate,Cold no gate,1,20260619_131640,164,130400,131200,800,-4.2000507444209605,-3360.0405955367687,-4.2000507444209605,-3360.0405955367687,0.0,0.0,69,0.08625,69,0.08625,0,0.0,0,0.0,0,0,0,0,0,0,0,0,0,0,0,4,-66.23804178738749,0.0,0.1568856410376984,2.524942771835242,0.1164081792447854,0.1973631028306114,1.0837861119818526,2.524942771835242,full RL,0.08625
cold_nogate,Cold start no gate,Cold no gate,1,20260619_131640,165,131200,132000,800,-4.203087592566432,-3362.470074053146,-4.203087592566432,-3362.470074053146,0.0,0.0,116,0.145,116,0.145,0,0.0,0,0.0,0,0,0,0,0,0,0,0,0,0,0,7,-65.50253327810674,0.0,0.158205813501729,2.589052553111628,0.1164693395841292,0.1999422874193289,1.0853247285398306,2.589052553111628,full RL,0.145
cold_nogate,Cold start no gate,Cold no gate,1,20260619_131640,166,132000,132800,800,-4.9741470041557205,-3979.317603324576,-4.9741470041557205,-3979.317603324576,0.0,0.0,13,0.01625,13,0.01625,0,0.0,0,0.0,0,0,0,0,0,0,0,0,0,0,0,9,-64.60360757060607,0.0,0.2084755417473021,2.605421385825992,0.1141885935752424,0.3027624899193618,1.0852271326108718,2.605421385825992,full RL,0.01625
cold_nogate,Cold start no gate,Cold no gate,1,20260619_131640,167,132800,133600,800,-18.293882608905964,-14635.10608712477,-18.293882608905964,-14635.10608712477,0.0,0.0,51,0.06375,51,0.06375,0,0.0,0,0.0,0,0,0,0,0,0,0,0,0,0,0,2,-66.35490291034648,0.0,0.6130988701012382,5.75516841128109,0.1498694288091338,1.0763283113933426,1.2270467598063326,5.75516841128109,full RL,0.06375
cold_nogate,Cold start no gate,Cold no gate,1,20260619_131640,168,133600,134400,800,-5.01306504731906,-4010.452037855248,-5.01306504731906,-4010.452037855248,0.0,0.0,51,0.06375,51,0.06375,0,0.0,0,0.0,0,0,0,0,0,0,0,0,0,0,0,4,-67.30765190857971,0.0,0.2179086882132799,2.4901079145947733,0.1133823566525165,0.3224350197740433,1.0766548630371853,2.4901079145947733,full RL,0.06375
cold_nogate,Cold start no gate,Cold no gate,1,20260619_131640,169,134400,135200,800,-4.382719251731039,-3506.175401384832,-4.382719251731039,-3506.175401384832,0.0,0.0,17,0.02125,17,0.02125,0,0.0,0,0.0,0,0,0,0,0,0,0,0,0,0,0,7,-69.4722710823537,0.0,0.1627750431563688,2.4549041991172658,0.1186334513813686,0.2069166349313689,1.093497577430969,2.4549041991172658,full RL,0.02125
cold_nogate,Cold start no gate,Cold no gate,1,20260619_131640,170,135200,136000,800,-4.2422178709060185,-3393.7742967248146,-4.2422178709060185,-3393.7742967248146,0.0,0.0,29,0.03625,29,0.03625,0,0.0,0,0.0,0,0,0,0,0,0,0,0,0,0,0,6,-66.16367846814819,0.0,0.1565860417079662,2.446093098384779,0.1175027120541996,0.1956693713617328,1.0919258639642218,2.446093098384779,full RL,0.03625
cold_nogate,Cold start no gate,Cold no gate,1,20260619_131640,171,136000,136800,800,-4.248712206577436,-3398.969765261949,-4.248712206577436,-3398.969765261949,0.0,0.0,124,0.155,124,0.155,0,0.0,0,0.0,0,0,0,0,0,0,0,0,0,0,0,6,-67.22066483421293,0.0,0.1600083768079238,2.429779524615526,0.1169983018616088,0.2030184517542388,1.0846299056966506,2.429779524615526,full RL,0.155
cold_nogate,Cold start no gate,Cold no gate,1,20260619_131640,172,136800,137600,800,-4.347974641584101,-3478.379713267281,-4.347974641584101,-3478.379713267281,0.0,0.0,205,0.25625,205,0.25625,0,0.0,0,0.0,0,0,0,0,0,0,0,0,0,0,0,6,-67.50313343126527,0.0,0.1654604062579396,2.391199221827435,0.1177910472698505,0.2131297652460287,1.088268877347501,2.391199221827435,full RL,0.25625
cold_nogate,Cold start no gate,Cold no gate,1,20260619_131640,173,137600,138400,800,-4.248631872207706,-3398.9054977661644,-4.248631872207706,-3398.9054977661644,0.0,0.0,185,0.23125,185,0.23125,0,0.0,0,0.0,0,0,0,0,0,0,0,0,0,0,0,7,-67.0281284142369,0.0,0.1624049967456277,2.436157672052559,0.1166258535558332,0.2081841399354221,1.085533631273412,2.436157672052559,full RL,0.23125
cold_nogate,Cold start no gate,Cold no gate,1,20260619_131640,174,138400,139200,800,-4.126413095957744,-3301.1304767661954,-4.126413095957744,-3301.1304767661954,0.0,0.0,189,0.23625,189,0.23625,0,0.0,0,0.0,0,0,0,0,0,0,0,0,0,0,0,7,-67.37166130941955,0.0,0.1601749160143056,2.439041728095731,0.1148572860929876,0.2054925459356237,1.0788085174353963,2.439041728095731,full RL,0.23625
cold_nogate,Cold start no gate,Cold no gate,1,20260619_131640,175,139200,140000,800,-4.163582495617066,-3330.865996493653,-4.163582495617066,-3330.865996493653,0.0,0.0,122,0.1525,122,0.1525,0,0.0,0,0.0,0,0,0,0,0,0,0,0,0,0,0,6,-68.14860978279478,0.0,0.1576220700931937,2.489274275686,0.1158112801492494,0.199432860037138,1.088084619931137,2.489274275686,full RL,0.1525
cold_nogate,Cold start no gate,Cold no gate,1,20260619_131640,176,140000,140800,800,-4.146045408343898,-3316.8363266751185,-4.146045408343898,-3316.8363266751185,0.0,0.0,22,0.0275,22,0.0275,0,0.0,0,0.0,0,0,0,0,0,0,0,0,0,0,0,6,-67.89395851692746,0.0,0.1569224978165116,2.5298397785084035,0.1157764549855957,0.1980685406474275,1.089500712851926,2.5298397785084035,full RL,0.0275
cold_nogate,Cold start no gate,Cold no gate,1,20260619_131640,177,140800,141600,800,-4.142071879508406,-3313.657503606725,-4.142071879508406,-3313.657503606725,0.0,0.0,41,0.05125,41,0.05125,0,0.0,0,0.0,0,0,0,0,0,0,0,0,0,0,0,6,-69.03942023580396,0.0,0.1556245978537516,2.544445285477707,0.116098770880682,0.1951504248268211,1.0923503952617546,2.544445285477707,full RL,0.05125
cold_nogate,Cold start no gate,Cold no gate,1,20260619_131640,178,141600,142400,800,-4.100824601365363,-3280.6596810922906,-4.100824601365363,-3280.6596810922906,0.0,0.0,19,0.02375,19,0.02375,0,0.0,0,0.0,0,0,0,0,0,0,0,0,0,0,0,6,-68.79946201312498,0.0,0.1559448077215988,2.569190862272592,0.1156395691442384,0.1962500462989592,1.0963765465488071,2.569190862272592,full RL,0.02375
cold_nogate,Cold start no gate,Cold no gate,1,20260619_131640,179,142400,143200,800,-4.122061961996941,-3297.6495695975527,-4.122061961996941,-3297.6495695975527,0.0,0.0,15,0.01875,15,0.01875,0,0.0,0,0.0,0,0,0,0,0,0,0,0,0,0,0,6,-70.20781867709115,0.0,0.1567317944978555,2.56428711905653,0.1157104505071091,0.1977531384886018,1.0999729450966784,2.56428711905653,full RL,0.01875
cold_nogate,Cold start no gate,Cold no gate,1,20260619_131640,180,143200,144000,800,-4.105737244032958,-3284.5897952263663,-4.105737244032958,-3284.5897952263663,0.0,0.0,11,0.01375,11,0.01375,0,0.0,0,0.0,0,0,0,0,0,0,0,0,0,0,0,6,-67.12945774102434,0.0,0.1551864706436949,2.576743738285245,0.1159019693173659,0.1944709719700239,1.0889607099697232,2.576743738285245,full RL,0.01375
cold_nogate,Cold start no gate,Cold no gate,1,20260619_131640,181,144000,144800,800,-4.114611772723515,-3291.689418178812,-4.114611772723515,-3291.689418178812,0.0,0.0,13,0.01625,13,0.01625,0,0.0,0,0.0,0,0,0,0,0,0,0,0,0,0,0,5,-67.28059017435976,0.0,0.1561918758175297,2.568808360011701,0.1159278712450216,0.1964558803900379,1.0891096700857488,2.568808360011701,full RL,0.01625
cold_nogate,Cold start no gate,Cold no gate,1,20260619_131640,182,144800,145600,800,-4.154775852422135,-3323.8206819377074,-4.154775852422135,-3323.8206819377074,0.0,0.0,18,0.0225,18,0.0225,0,0.0,0,0.0,0,0,0,0,0,0,0,0,0,0,0,5,-66.85780744932413,0.0,0.1567705936041411,2.5709870390167,0.1163337335560742,0.197207453652208,1.0907482329017983,2.5709870390167,full RL,0.0225
cold_nogate,Cold start no gate,Cold no gate,1,20260619_131640,183,145600,146400,800,-4.143001333064211,-3314.401066451369,-4.143001333064211,-3314.401066451369,0.0,0.0,30,0.0375,30,0.0375,0,0.0,0,0.0,0,0,0,0,0,0,0,0,0,0,0,5,-67.8639000579285,0.0,0.1596724759219047,2.549404358250854,0.115637210741582,0.2037077411022274,1.0931752633609682,2.549404358250854,full RL,0.0375
cold_nogate,Cold start no gate,Cold no gate,1,20260619_131640,184,146400,147200,800,-4.119058696408571,-3295.2469571268566,-4.119058696408571,-3295.2469571268566,0.0,0.0,25,0.03125,25,0.03125,0,0.0,0,0.0,0,0,0,0,0,0,0,0,0,0,0,6,-67.34801706172493,0.0,0.1595154476127524,2.491056756032662,0.1150013551686359,0.2040295400568688,1.0886272567815718,2.491056756032662,full RL,0.03125
cold_nogate,Cold start no gate,Cold no gate,1,20260619_131640,185,147200,148000,800,-3.976280521226672,-3181.0244169813377,-3.976280521226672,-3181.0244169813377,0.0,0.0,20,0.025,20,0.025,0,0.0,0,0.0,0,0,0,0,0,0,0,0,0,0,0,6,-67.30670146890577,0.0,0.1558739412466587,2.477572574506894,0.1128235990373149,0.1989242834560025,1.0861527503137671,2.477572574506894,full RL,0.025
cold_nogate,Cold start no gate,Cold no gate,1,20260619_131640,186,148000,148800,800,-4.029110573656661,-3223.288458925329,-4.029110573656661,-3223.288458925329,0.0,0.0,50,0.0625,50,0.0625,0,0.0,0,0.0,0,0,0,0,0,0,0,0,0,0,0,6,-66.83581677434586,0.0,0.1578301552011983,2.5000663972803068,0.1135316962260631,0.2021286141763336,1.0816078830587914,2.5000663972803068,full RL,0.0625
cold_nogate,Cold start no gate,Cold no gate,1,20260619_131640,187,148800,149600,800,-4.201343134079489,-3361.0745072635914,-4.201343134079489,-3361.0745072635914,0.0,0.0,51,0.06375,51,0.06375,0,0.0,0,0.0,0,0,0,0,0,0,0,0,0,0,0,7,-67.8374177751582,0.0,0.1650776406800664,2.497095021244604,0.1152765205349118,0.2148787608252211,1.0843446441682585,2.497095021244604,full RL,0.06375
cold_nogate,Cold start no gate,Cold no gate,1,20260619_131640,188,149600,150400,800,-4.16083979799511,-3328.671838396088,-4.16083979799511,-3328.671838396088,0.0,0.0,66,0.0825,66,0.0825,0,0.0,0,0.0,0,0,0,0,0,0,0,0,0,0,0,7,-66.94729551838702,0.0,0.1603317239180605,2.490346575039723,0.1153893196597092,0.2052741281764117,1.083984021081938,2.490346575039723,full RL,0.0825
cold_nogate,Cold start no gate,Cold no gate,1,20260619_131640,189,150400,151200,800,-4.09062425896432,-3272.4994071714564,-4.09062425896432,-3272.4994071714564,0.0,0.0,31,0.03875,31,0.03875,0,0.0,0,0.0,0,0,0,0,0,0,0,0,0,0,0,7,-66.69870642191722,0.0,0.160929239047543,2.5051418811141843,0.1140156160378623,0.2078428620572238,1.0773748685145108,2.5051418811141843,full RL,0.03875
cold_nogate,Cold start no gate,Cold no gate,1,20260619_131640,190,151200,152000,800,-4.20908945913303,-3367.271567306424,-4.20908945913303,-3367.271567306424,0.0,0.0,86,0.1075,86,0.1075,0,0.0,0,0.0,0,0,0,0,0,0,0,0,0,0,0,7,-67.40200769452258,0.0,0.1642515487627621,2.494350438889967,0.1157252655676771,0.2127778319578472,1.083312423903498,2.494350438889967,full RL,0.1075
cold_nogate,Cold start no gate,Cold no gate,1,20260619_131640,191,152000,152800,800,-4.185217704975183,-3348.174163980146,-4.185217704975183,-3348.174163980146,0.0,0.0,35,0.04375,35,0.04375,0,0.0,0,0.0,0,0,0,0,0,0,0,0,0,0,0,6,-67.8276377835981,0.0,0.1629449394538378,2.505541120129408,0.1153011490192849,0.2105887298883906,1.0803469850696312,2.505541120129408,full RL,0.04375
cold_nogate,Cold start no gate,Cold no gate,1,20260619_131640,192,152800,153600,800,-4.213368196112317,-3370.694556889853,-4.213368196112317,-3370.694556889853,0.0,0.0,83,0.10375,83,0.10375,0,0.0,0,0.0,0,0,0,0,0,0,0,0,0,0,0,5,-66.95227113609792,0.0,0.1629833680593934,2.4831207617978066,0.1157326959878352,0.2102340401309516,1.0819757426609606,2.4831207617978066,full RL,0.10375
cold_nogate,Cold start no gate,Cold no gate,1,20260619_131640,193,153600,154400,800,-4.136725308739045,-3309.380246991236,-4.136725308739045,-3309.380246991236,0.0,0.0,53,0.06625,53,0.06625,0,0.0,0,0.0,0,0,0,0,0,0,0,0,0,0,0,6,-66.77888217364182,0.0,0.1610492934952671,2.515101361324241,0.114739652869027,0.2073589341215071,1.0782787893479218,2.515101361324241,full RL,0.06625
cold_nogate,Cold start no gate,Cold no gate,1,20260619_131640,194,154400,155200,800,-4.174250316237873,-3339.4002529902987,-4.174250316237873,-3339.4002529902987,0.0,0.0,40,0.05,40,0.05,0,0.0,0,0.0,0,0,0,0,0,0,0,0,0,0,0,5,-66.87407485228562,0.0,0.1616685173494188,2.496907621114019,0.115161560326127,0.2081754743727107,1.0815880459791,2.496907621114019,full RL,0.05
cold_nogate,Cold start no gate,Cold no gate,1,20260619_131640,195,155200,156000,800,-4.198024256104008,-3358.419404883206,-4.198024256104008,-3358.419404883206,0.0,0.0,62,0.0775,62,0.0775,0,0.0,0,0.0,0,0,0,0,0,0,0,0,0,0,0,5,-66.43805468912103,0.0,0.1616775535522157,2.496722104103185,0.1157115461247536,0.2076435609796779,1.085514888713965,2.496722104103185,full RL,0.0775
cold_nogate,Cold start no gate,Cold no gate,1,20260619_131640,196,156000,156800,800,-4.189886442659586,-3351.9091541276684,-4.189886442659586,-3351.9091541276684,0.0,0.0,92,0.115,92,0.115,0,0.0,0,0.0,0,0,0,0,0,0,0,0,0,0,0,5,-66.88301408020538,0.0,0.1640570381659827,2.4825003412728397,0.1151612193441894,0.2129528569877759,1.0814359332174046,2.4825003412728397,full RL,0.115
cold_nogate,Cold start no gate,Cold no gate,1,20260619_131640,197,156800,157600,800,-4.1181609660703415,-3294.528772856273,-4.1181609660703415,-3294.528772856273,0.0,0.0,71,0.08875,71,0.08875,0,0.0,0,0.0,0,0,0,0,0,0,0,0,0,0,0,5,-66.49088443156813,0.0,0.1624694756857374,2.4843580900534903,0.1139031128782683,0.2110358384932065,1.0732746838432266,2.4843580900534903,full RL,0.08875
cold_nogate,Cold start no gate,Cold no gate,1,20260619_131640,198,157600,158400,800,-4.197463241384714,-3357.9705931077715,-4.197463241384714,-3357.9705931077715,0.0,0.0,86,0.1075,86,0.1075,0,0.0,0,0.0,0,0,0,0,0,0,0,0,0,0,0,6,-65.98088152809203,0.0,0.1642516610309123,2.5112433795566176,0.1150902265635847,0.2134130954982399,1.0803242850574848,2.5112433795566176,full RL,0.1075
cold_nogate,Cold start no gate,Cold no gate,1,20260619_131640,199,158400,159200,800,-4.249373187573966,-3399.498550059173,-4.249373187573966,-3399.498550059173,0.0,0.0,88,0.11,88,0.11,0,0.0,0,0.0,0,0,0,0,0,0,0,0,0,0,0,5,-67.34733513729986,0.0,0.1631542106659448,2.5041727001480467,0.1163722525378058,0.2099361687940837,1.0909268160723775,2.5041727001480467,full RL,0.11
cold_nogate,Cold start no gate,Cold no gate,1,20260619_131640,200,159200,160000,800,-4.168377585517379,-3334.702068413903,-4.168377585517379,-3334.702068413903,0.0,0.0,78,0.0975,78,0.0975,0,0.0,0,0.0,0,0,0,0,0,0,0,0,0,0,0,5,-65.65648034643743,0.0,0.1610592989834775,2.466098099824876,0.115186099468502,0.206932498498453,1.0848716380716596,2.466098099824876,full RL,0.0975
cold_nogate,Cold start no gate,Cold no gate,1,20260619_131640,201,160000,160800,800,-4.163014287192627,-3330.4114297541014,-4.163014287192627,-3330.4114297541014,0.0,0.0,144,0.18,144,0.18,0,0.0,0,0.0,0,0,0,0,0,0,0,0,0,0,0,5,-66.19754759148839,0.0,0.1619568265595057,2.467543524627729,0.1150150772759001,0.2088985758431112,1.0817852681763456,2.467543524627729,full RL,0.18
cold_nogate,Cold start no gate,Cold no gate,1,20260619_131640,202,160800,161600,800,-4.137567483219583,-3310.0539865756664,-4.137567483219583,-3310.0539865756664,0.0,0.0,78,0.0975,78,0.0975,0,0.0,0,0.0,0,0,0,0,0,0,0,0,0,0,0,6,-66.40901960828637,0.0,0.1584994138203646,2.4681564971174907,0.1152159118241939,0.2017829158165352,1.0831467008532845,2.4681564971174907,full RL,0.0975
cold_nogate,Cold start no gate,Cold no gate,1,20260619_131640,203,161600,162400,800,-4.196305716451495,-3357.044573161196,-4.196305716451495,-3357.044573161196,0.0,0.0,145,0.18125,145,0.18125,0,0.0,0,0.0,0,0,0,0,0,0,0,0,0,0,0,5,-66.96904766392402,0.0,0.1612660638832361,2.481329002213556,0.1157012403466975,0.2068308874197748,1.0869579732054206,2.481329002213556,full RL,0.18125
cold_nogate,Cold start no gate,Cold no gate,1,20260619_131640,204,162400,163200,800,-4.118787727758899,-3295.0301822071187,-4.118787727758899,-3295.0301822071187,0.0,0.0,140,0.175,140,0.175,0,0.0,0,0.0,0,0,0,0,0,0,0,0,0,0,0,5,-66.92411362980533,0.0,0.16054819543863,2.457525678352795,0.114346470060708,0.206749920816552,1.07406573174366,2.457525678352795,full RL,0.175
cold_nogate,Cold start no gate,Cold no gate,1,20260619_131640,205,163200,164000,800,-4.203275303418293,-3362.6202427346343,-4.203275303418293,-3362.6202427346343,0.0,0.0,146,0.1825,146,0.1825,0,0.0,0,0.0,0,0,0,0,0,0,0,0,0,0,0,5,-66.6951938470421,0.0,0.1599068726160645,2.470498853692675,0.1158402495781934,0.2039734956539357,1.0845808552048255,2.470498853692675,full RL,0.1825
cold_nogate,Cold start no gate,Cold no gate,1,20260619_131640,206,164000,164800,800,-4.15800662525017,-3326.4053002001365,-4.15800662525017,-3326.4053002001365,0.0,0.0,78,0.0975,78,0.0975,0,0.0,0,0.0,0,0,0,0,0,0,0,0,0,0,0,5,-65.58896335852023,0.0,0.1602560628215903,2.519967326083588,0.1152430951492053,0.2052690304939753,1.0838966382101076,2.519967326083588,full RL,0.0975
cold_nogate,Cold start no gate,Cold no gate,1,20260619_131640,207,164800,165600,800,-4.203216559986771,-3362.573247989417,-4.203216559986771,-3362.573247989417,0.0,0.0,39,0.04875,39,0.04875,0,0.0,0,0.0,0,0,0,0,0,0,0,0,0,0,0,5,-66.23511749386057,0.0,0.1621226705038919,2.5126610051843272,0.1156593101683538,0.2085860308394301,1.081904165772675,2.5126610051843272,full RL,0.04875
cold_nogate,Cold start no gate,Cold no gate,1,20260619_131640,208,165600,166400,800,-4.146241183880196,-3316.9929471041573,-4.146241183880196,-3316.9929471041573,0.0,0.0,30,0.0375,30,0.0375,0,0.0,0,0.0,0,0,0,0,0,0,0,0,0,0,0,6,-66.02226276880776,0.0,0.1599570837173005,2.534231217784054,0.1153402746802778,0.2045738927543231,1.079006207472348,2.534231217784054,full RL,0.0375
cold_nogate,Cold start no gate,Cold no gate,1,20260619_131640,209,166400,167200,800,-4.160596024715455,-3328.476819772364,-4.160596024715455,-3328.476819772364,0.0,0.0,19,0.02375,19,0.02375,0,0.0,0,0.0,0,0,0,0,0,0,0,0,0,0,0,6,-65.86283820529297,0.0,0.1610825552158094,2.5615392799391543,0.1154342442163652,0.2067308662152535,1.0782246514536695,2.5615392799391543,full RL,0.02375
cold_nogate,Cold start no gate,Cold no gate,1,20260619_131640,210,167200,168000,800,-4.100222132926304,-3280.177706341044,-4.100222132926304,-3280.177706341044,0.0,0.0,60,0.075,60,0.075,0,0.0,0,0.0,0,0,0,0,0,0,0,0,0,0,0,6,-66.0191081209656,0.0,0.1577184123320771,2.5316313441666125,0.1148638411111343,0.2005729835530199,1.075123539635428,2.5316313441666125,full RL,0.075
cold_nogate,Cold start no gate,Cold no gate,1,20260619_131640,211,168000,168800,800,-4.088745870014255,-3270.996696011404,-4.088745870014255,-3270.996696011404,0.0,0.0,80,0.1,80,0.1,0,0.0,0,0.0,0,0,0,0,0,0,0,0,0,0,0,6,-65.55475087785635,0.0,0.1583281267335784,2.562043116303016,0.1146746665406807,0.2019815869264762,1.0740208997507326,2.562043116303016,full RL,0.1
cold_nogate,Cold start no gate,Cold no gate,1,20260619_131640,212,168800,169600,800,-4.089061199493539,-3271.248959594831,-4.089061199493539,-3271.248959594831,0.0,0.0,79,0.09875,79,0.09875,0,0.0,0,0.0,0,0,0,0,0,0,0,0,0,0,0,6,-65.64849168548665,0.0,0.1579142224016763,2.557837794940326,0.1149026605752094,0.2009257842281432,1.079111473624264,2.557837794940326,full RL,0.09875
cold_nogate,Cold start no gate,Cold no gate,1,20260619_131640,213,169600,170400,800,-4.053644204989216,-3242.915363991373,-4.053644204989216,-3242.915363991373,0.0,0.0,40,0.05,40,0.05,0,0.0,0,0.0,0,0,0,0,0,0,0,0,0,0,0,6,-65.11346067692716,0.0,0.1566809078952276,2.556726838062048,0.1143077794533824,0.1990540363370727,1.072133685449741,2.556726838062048,full RL,0.05
cold_nogate,Cold start no gate,Cold no gate,1,20260619_131640,214,170400,171200,800,-4.0506749538280005,-3240.5399630624,-4.0506749538280005,-3240.5399630624,0.0,0.0,11,0.01375,11,0.01375,0,0.0,0,0.0,0,0,0,0,0,0,0,0,0,0,0,6,-66.98147842368076,0.0,0.1558265994912263,2.5823564656366784,0.1149462763364413,0.1967069226460113,1.0786460514956446,2.5823564656366784,full RL,0.01375
cold_nogate,Cold start no gate,Cold no gate,1,20260619_131640,215,171200,172000,800,-4.144155653751007,-3315.324523000805,-4.144155653751007,-3315.324523000805,0.0,0.0,13,0.01625,13,0.01625,0,0.0,0,0.0,0,0,0,0,0,0,0,0,0,0,0,6,-66.93464375292797,0.0,0.1579109697041391,2.6156758647084644,0.1161822049268809,0.1996397344813974,1.08782110849365,2.6156758647084644,full RL,0.01625
cold_nogate,Cold start no gate,Cold no gate,1,20260619_131640,216,172000,172800,800,-4.091521670427712,-3273.2173363421693,-4.091521670427712,-3273.2173363421693,0.0,0.0,13,0.01625,13,0.01625,0,0.0,0,0.0,0,0,0,0,0,0,0,0,0,0,0,6,-67.1594404450617,0.0,0.1554098590112723,2.573813106596674,0.1154605809248457,0.1953591370976989,1.0815054859094255,2.573813106596674,full RL,0.01625
cold_nogate,Cold start no gate,Cold no gate,1,20260619_131640,217,172800,173600,800,-4.123041878686265,-3298.433502949012,-4.123041878686265,-3298.433502949012,0.0,0.0,11,0.01375,11,0.01375,0,0.0,0,0.0,0,0,0,0,0,0,0,0,0,0,0,6,-67.77115804276411,0.0,0.1562720271966594,2.568778744604117,0.1158493068145584,0.1966947475787603,1.0863070938125197,2.568778744604117,full RL,0.01375
cold_nogate,Cold start no gate,Cold no gate,1,20260619_131640,218,173600,174400,800,-4.10481152160906,-3283.8492172872475,-4.10481152160906,-3283.8492172872475,0.0,0.0,7,0.00875,7,0.00875,0,0.0,0,0.0,0,0,0,0,0,0,0,0,0,0,0,6,-68.09148771668106,0.0,0.1549776448744209,2.5540550211267146,0.1158971008217069,0.1940581889271349,1.0851796120280368,2.5540550211267146,full RL,0.00875
cold_nogate,Cold start no gate,Cold no gate,1,20260619_131640,219,174400,175200,800,-4.107966591864445,-3286.373273491556,-4.107966591864445,-3286.373273491556,0.0,0.0,12,0.015,12,0.015,0,0.0,0,0.0,0,0,0,0,0,0,0,0,0,0,0,6,-67.59177925963309,0.0,0.1550268387139399,2.566465692419399,0.1159394328435588,0.194114244584321,1.0876697823106531,2.566465692419399,full RL,0.015
cold_nogate,Cold start no gate,Cold no gate,1,20260619_131640,220,175200,176000,800,-4.128486861411436,-3302.789489129149,-4.128486861411436,-3302.789489129149,0.0,0.0,10,0.0125,10,0.0125,0,0.0,0,0.0,0,0,0,0,0,0,0,0,0,0,0,5,-68.02689931241787,0.0,0.1564261498245946,2.54833304603153,0.1159044212435858,0.1969478784056034,1.0882369974861,2.54833304603153,full RL,0.0125
cold_nogate,Cold start no gate,Cold no gate,1,20260619_131640,221,176000,176800,800,-4.132029153926003,-3305.6233231408023,-4.132029153926003,-3305.6233231408023,0.0,0.0,12,0.015,12,0.015,0,0.0,0,0.0,0,0,0,0,0,0,0,0,0,0,0,6,-67.94515363908454,0.0,0.1560121273711469,2.569097605372008,0.1161335188642744,0.1958907358780194,1.0866603393228988,2.569097605372008,full RL,0.015
cold_nogate,Cold start no gate,Cold no gate,1,20260619_131640,222,176800,177600,800,-4.142414129566527,-3313.931303653221,-4.142414129566527,-3313.931303653221,0.0,0.0,12,0.015,12,0.015,0,0.0,0,0.0,0,0,0,0,0,0,0,0,0,0,0,6,-67.62354003431051,0.0,0.1552529261721238,2.536386306219242,0.1161309584743812,0.1943748938698664,1.0887754881600715,2.536386306219242,full RL,0.015
cold_nogate,Cold start no gate,Cold no gate,1,20260619_131640,223,177600,178400,800,-4.138019952203294,-3310.415961762635,-4.138019952203294,-3310.415961762635,0.0,0.0,12,0.015,12,0.015,0,0.0,0,0.0,0,0,0,0,0,0,0,0,0,0,0,6,-66.81555715149943,0.0,0.15556927979053,2.534993134201841,0.1159156826031584,0.1952228769779016,1.0874932371311066,2.534993134201841,full RL,0.015
cold_nogate,Cold start no gate,Cold no gate,1,20260619_131640,224,178400,179200,800,-4.110773453705708,-3288.618762964566,-4.110773453705708,-3288.618762964566,0.0,0.0,10,0.0125,10,0.0125,0,0.0,0,0.0,0,0,0,0,0,0,0,0,0,0,0,6,-67.14752363642708,0.0,0.1556306333859733,2.540188549285574,0.1156915876371142,0.1955696791348325,1.08407857083106,2.540188549285574,full RL,0.0125
cold_nogate,Cold start no gate,Cold no gate,1,20260619_131640,225,179200,180000,800,-4.1104472497331175,-3288.357799786494,-4.1104472497331175,-3288.357799786494,0.0,0.0,10,0.0125,10,0.0125,0,0.0,0,0.0,0,0,0,0,0,0,0,0,0,0,0,6,-68.13214511196577,0.0,0.154940601501118,2.553346855581765,0.1159133922285797,0.1939678107736562,1.0850937058292716,2.553346855581765,full RL,0.0125
cold_nogate,Cold start no gate,Cold no gate,1,20260619_131640,226,180000,180800,800,-4.118069224571604,-3294.455379657284,-4.118069224571604,-3294.455379657284,0.0,0.0,13,0.01625,13,0.01625,0,0.0,0,0.0,0,0,0,0,0,0,0,0,0,0,0,6,-67.41856119475244,0.0,0.1549955104225184,2.5531240918501226,0.1159726304629354,0.1940183903821014,1.085217298268335,2.5531240918501226,full RL,0.01625
cold_nogate,Cold start no gate,Cold no gate,1,20260619_131640,227,180800,181600,800,-4.078683314162124,-3262.946651329699,-4.078683314162124,-3262.946651329699,0.0,0.0,9,0.01125,9,0.01125,0,0.0,0,0.0,0,0,0,0,0,0,0,0,0,0,0,7,-67.56333424526281,0.0,0.1545375526456077,2.560302125661167,0.1156529583090813,0.1934221469821342,1.0830260980847992,2.560302125661167,full RL,0.01125
cold_nogate,Cold start no gate,Cold no gate,1,20260619_131640,228,181600,182400,800,-4.136833814462437,-3309.46705156995,-4.136833814462437,-3309.46705156995,0.0,0.0,8,0.01,8,0.01,0,0.0,0,0.0,0,0,0,0,0,0,0,0,0,0,0,5,-67.44308575883974,0.0,0.1582966803365321,2.5579268097425825,0.1158785076566296,0.2007148530164346,1.0841618319996351,2.5579268097425825,full RL,0.01
cold_nogate,Cold start no gate,Cold no gate,1,20260619_131640,229,182400,183200,800,-4.0572579369312045,-3245.8063495449637,-4.0572579369312045,-3245.8063495449637,0.0,0.0,10,0.0125,10,0.0125,0,0.0,0,0.0,0,0,0,0,0,0,0,0,0,0,0,6,-66.54456455279274,0.0,0.1544226034951143,2.575215529376294,0.115333639590098,0.1935115674001307,1.0830858152081482,2.575215529376294,full RL,0.0125
cold_nogate,Cold start no gate,Cold no gate,1,20260619_131640,230,183200,184000,800,-4.100914194241331,-3280.731355393065,-4.100914194241331,-3280.731355393065,0.0,0.0,12,0.015,12,0.015,0,0.0,0,0.0,0,0,0,0,0,0,0,0,0,0,0,6,-66.18860683121522,0.0,0.1553050085949588,2.5691748555582308,0.1158281209180084,0.1947818962719092,1.0848562710867822,2.5691748555582308,full RL,0.015
cold_nogate,Cold start no gate,Cold no gate,1,20260619_131640,231,184000,184800,800,-4.158101124092219,-3326.480899273776,-4.158101124092219,-3326.480899273776,0.0,0.0,12,0.015,12,0.015,0,0.0,0,0.0,0,0,0,0,0,0,0,0,0,0,0,7,-67.41755352888333,0.0,0.1561798693692956,2.559013993842996,0.1161421029551179,0.1962176357834734,1.085817525557006,2.559013993842996,full RL,0.015
cold_nogate,Cold start no gate,Cold no gate,1,20260619_131640,232,184800,185600,800,-4.132580259753985,-3306.0642078031883,-4.132580259753985,-3306.0642078031883,0.0,0.0,10,0.0125,10,0.0125,0,0.0,0,0.0,0,0,0,0,0,0,0,0,0,0,0,6,-67.92942134474742,0.0,0.1563257367255606,2.5771661463446662,0.1161926552917107,0.1964588181594105,1.0837850718316893,2.5771661463446662,full RL,0.0125
cold_nogate,Cold start no gate,Cold no gate,1,20260619_131640,233,185600,186400,800,-4.129975594767827,-3303.980475814262,-4.129975594767827,-3303.980475814262,0.0,0.0,10,0.0125,10,0.0125,0,0.0,0,0.0,0,0,0,0,0,0,0,0,0,0,0,6,-68.37458630052856,0.0,0.155250485036303,2.582012471068481,0.1165942219721157,0.1939067481004903,1.0892691403439465,2.582012471068481,full RL,0.0125
cold_nogate,Cold start no gate,Cold no gate,1,20260619_131640,234,186400,187200,800,-4.103912185705439,-3283.129748564351,-4.103912185705439,-3283.129748564351,0.0,0.0,10,0.0125,10,0.0125,0,0.0,0,0.0,0,0,0,0,0,0,0,0,0,0,0,6,-67.65057672958824,0.0,0.1549264886016607,2.559308263997025,0.1161960902981538,0.1936568869051675,1.088550646400376,2.559308263997025,full RL,0.0125
cold_nogate,Cold start no gate,Cold no gate,1,20260619_131640,235,187200,188000,800,-4.123809418811644,-3299.047535049315,-4.123809418811644,-3299.047535049315,0.0,0.0,8,0.01,8,0.01,0,0.0,0,0.0,0,0,0,0,0,0,0,0,0,0,0,7,-68.50499771125374,0.0,0.1556290184369231,2.555179349766206,0.1164409570831635,0.1948170797906826,1.0875774855518956,2.555179349766206,full RL,0.01
cold_nogate,Cold start no gate,Cold no gate,1,20260619_131640,236,188000,188800,800,-4.097611200455927,-3278.088960364742,-4.097611200455927,-3278.088960364742,0.0,0.0,11,0.01375,11,0.01375,0,0.0,0,0.0,0,0,0,0,0,0,0,0,0,0,0,6,-68.29963328804683,0.0,0.1553250267990875,2.5460278125778477,0.1160374948921098,0.1946125587060652,1.087374430014988,2.5460278125778477,full RL,0.01375
cold_nogate,Cold start no gate,Cold no gate,1,20260619_131640,237,188800,189600,800,-4.094283050940321,-3275.426440752257,-4.094283050940321,-3275.426440752257,0.0,0.0,11,0.01375,11,0.01375,0,0.0,0,0.0,0,0,0,0,0,0,0,0,0,0,0,6,-68.82688767395246,0.0,0.155462388936434,2.549906938668869,0.1158252760561104,0.1950995018167576,1.085753315581035,2.549906938668869,full RL,0.01375
cold_nogate,Cold start no gate,Cold no gate,1,20260619_131640,238,189600,190400,800,-4.166432895031586,-3333.146316025269,-4.166432895031586,-3333.146316025269,0.0,0.0,11,0.01375,11,0.01375,0,0.0,0,0.0,0,0,0,0,0,0,0,0,0,0,0,6,-67.84420107010942,0.0,0.1561839377373778,2.5544411997010457,0.1170211814199748,0.1953466940547807,1.094439718895313,2.5544411997010457,full RL,0.01375
cold_nogate,Cold start no gate,Cold no gate,1,20260619_131640,239,190400,191200,800,-4.171711038733547,-3337.3688309868376,-4.171711038733547,-3337.3688309868376,0.0,0.0,12,0.015,12,0.015,0,0.0,0,0.0,0,0,0,0,0,0,0,0,0,0,0,6,-68.53441524352115,0.0,0.1572601657465499,2.5424052204459144,0.1168585162460864,0.1976618152470133,1.0932374408156176,2.5424052204459144,full RL,0.015
cold_nogate,Cold start no gate,Cold no gate,1,20260619_131640,240,191200,192000,800,-4.112449398868791,-3289.959519095033,-4.112449398868791,-3289.959519095033,0.0,0.0,11,0.01375,11,0.01375,0,0.0,0,0.0,0,0,0,0,0,0,0,0,0,0,0,6,-67.88245653626177,0.0,0.1567381396142693,2.551847425372273,0.1159632941093855,0.1975129851191531,1.0872922815683324,2.551847425372273,full RL,0.01375
cold_nogate,Cold start no gate,Cold no gate,1,20260619_131640,241,192000,192800,800,-4.158246289968988,-3326.59703197519,-4.158246289968988,-3326.59703197519,0.0,0.0,7,0.00875,7,0.00875,0,0.0,0,0.0,0,0,0,0,0,0,0,0,0,0,0,6,-68.755739441208,0.0,0.1586352595696997,2.5460588063689897,0.1164127125753055,0.2008578065640939,1.0903054833162833,2.5460588063689897,full RL,0.00875
cold_nogate,Cold start no gate,Cold no gate,1,20260619_131640,242,192800,193600,800,-4.0673684777526615,-3253.894782202129,-4.0673684777526615,-3253.894782202129,0.0,0.0,10,0.0125,10,0.0125,0,0.0,0,0.0,0,0,0,0,0,0,0,0,0,0,0,6,-67.62736148360068,0.0,0.1569893530783073,2.5504605774314086,0.1151041341419858,0.1988745720146288,1.0801468471225273,2.5504605774314086,full RL,0.0125
cold_nogate,Cold start no gate,Cold no gate,1,20260619_131640,243,193600,194400,800,-4.110194949235795,-3288.155959388636,-4.110194949235795,-3288.155959388636,0.0,0.0,10,0.0125,10,0.0125,0,0.0,0,0.0,0,0,0,0,0,0,0,0,0,0,0,6,-67.82480666106869,0.0,0.1607053953334935,2.549568227910072,0.1151311106668959,0.2062796800000911,1.0817004512978596,2.549568227910072,full RL,0.0125
cold_nogate,Cold start no gate,Cold no gate,1,20260619_131640,244,194400,195200,800,-4.074177713593006,-3259.342170874405,-4.074177713593006,-3259.342170874405,0.0,0.0,26,0.0325,26,0.0325,0,0.0,0,0.0,0,0,0,0,0,0,0,0,0,0,0,6,-68.71986586022842,0.0,0.1573937347019508,2.524623188039527,0.1148069258609936,0.1999805435429081,1.0825649319140669,2.524623188039527,full RL,0.0325
cold_nogate,Cold start no gate,Cold no gate,1,20260619_131640,245,195200,196000,800,-4.0728553368253495,-3258.28426946028,-4.0728553368253495,-3258.28426946028,0.0,0.0,35,0.04375,35,0.04375,0,0.0,0,0.0,0,0,0,0,0,0,0,0,0,0,0,6,-68.12527529890781,0.0,0.1600828508956665,2.5327549325555765,0.1143288249892675,0.2058368768020655,1.0769841038124763,2.5327549325555765,full RL,0.04375
cold_nogate,Cold start no gate,Cold no gate,1,20260619_131640,246,196000,196800,800,-4.022932421902436,-3218.3459375219486,-4.022932421902436,-3218.3459375219486,0.0,0.0,10,0.0125,10,0.0125,0,0.0,0,0.0,0,0,0,0,0,0,0,0,0,0,0,6,-68.46148843515016,0.0,0.1567831873208185,2.5630372974430315,0.1143737549159076,0.1991926197257295,1.0805570440142342,2.5630372974430315,full RL,0.0125
cold_nogate,Cold start no gate,Cold no gate,1,20260619_131640,247,196800,197600,800,-4.06252613240336,-3250.0209059226872,-4.06252613240336,-3250.0209059226872,0.0,0.0,14,0.0175,14,0.0175,0,0.0,0,0.0,0,0,0,0,0,0,0,0,0,0,0,7,-68.36414758460455,0.0,0.1613789917040001,2.5957535696140326,0.1139630401777953,0.208794943230205,1.0792196984968991,2.5957535696140326,full RL,0.0175
cold_nogate,Cold start no gate,Cold no gate,1,20260619_131640,248,197600,198400,800,-4.027483552172694,-3221.986841738156,-4.027483552172694,-3221.986841738156,0.0,0.0,11,0.01375,11,0.01375,0,0.0,0,0.0,0,0,0,0,0,0,0,0,0,0,0,6,-67.87040897152804,0.0,0.1588172025504614,2.59998420995953,0.114285715740571,0.2033486893603516,1.0768963025427718,2.59998420995953,full RL,0.01375
cold_nogate,Cold start no gate,Cold no gate,1,20260619_131640,249,198400,199200,800,-4.040728808719458,-3232.5830469755665,-4.040728808719458,-3232.5830469755665,0.0,0.0,12,0.015,12,0.015,0,0.0,0,0.0,0,0,0,0,0,0,0,0,0,0,0,8,-67.92243795757679,0.0,0.1575669916602654,2.604493789607943,0.1147354953790271,0.2003984879415038,1.079305151352559,2.604493789607943,full RL,0.015
cold_nogate,Cold start no gate,Cold no gate,1,20260619_131640,250,199200,200000,800,-4.021273354965103,-3217.0186839720823,-4.021273354965103,-3217.0186839720823,0.0,0.0,11,0.01375,11,0.01375,0,0.0,0,0.0,0,0,0,0,0,0,0,0,0,0,0,8,-67.78749570647096,0.0,0.1580228289066622,2.5896700062196487,0.11433473575362,0.2017109220597044,1.076927049485488,2.5896700062196487,full RL,0.01375
cold_nogate,Cold start no gate,Cold no gate,1,20260619_131640,251,200000,200800,800,-4.007899781906755,-3206.3198255254047,-4.007899781906755,-3206.3198255254047,0.0,0.0,10,0.0125,10,0.0125,0,0.0,0,0.0,0,0,0,0,0,0,0,0,0,0,0,8,-68.30925310386726,0.0,0.1563759728737782,2.573670664823851,0.1145147634600148,0.1982371822875417,1.0789483465911696,2.573670664823851,full RL,0.0125
cold_nogate,Cold start no gate,Cold no gate,1,20260619_131640,252,200800,201600,800,-4.020554909254564,-3216.4439274036517,-4.020554909254564,-3216.4439274036517,0.0,0.0,10,0.0125,10,0.0125,0,0.0,0,0.0,0,0,0,0,0,0,0,0,0,0,0,8,-67.4378382536953,0.0,0.1574354023478039,2.572569634750323,0.1144637534369455,0.2004070512586623,1.080104816794241,2.572569634750323,full RL,0.0125
cold_nogate,Cold start no gate,Cold no gate,1,20260619_131640,253,201600,202400,800,-4.0075813824653554,-3206.065105972284,-4.0075813824653554,-3206.065105972284,0.0,0.0,8,0.01,8,0.01,0,0.0,0,0.0,0,0,0,0,0,0,0,0,0,0,0,8,-67.39003296135729,0.0,0.1569962454939008,2.574993187938844,0.1142710551368,0.1997214358510017,1.0773328381619738,2.574993187938844,full RL,0.01
cold_nogate,Cold start no gate,Cold no gate,1,20260619_131640,254,202400,203200,800,-3.992956617447813,-3194.36529395825,-3.992956617447813,-3194.36529395825,0.0,0.0,12,0.015,12,0.015,0,0.0,0,0.0,0,0,0,0,0,0,0,0,0,0,0,7,-67.68262502042285,0.0,0.1576885813861681,2.575069159348743,0.1140075079518199,0.2013696548205164,1.0738981693900027,2.575069159348743,full RL,0.015
cold_nogate,Cold start no gate,Cold no gate,1,20260619_131640,255,203200,204000,800,-4.015847286038289,-3212.677828830631,-4.015847286038289,-3212.677828830631,0.0,0.0,11,0.01375,11,0.01375,0,0.0,0,0.0,0,0,0,0,0,0,0,0,0,0,0,7,-68.0925870409028,0.0,0.1600635067121218,2.57078015493488,0.1138743846733412,0.2062526287509023,1.0787775814166527,2.57078015493488,full RL,0.01375
cold_nogate,Cold start no gate,Cold no gate,1,20260619_131640,256,204000,204800,800,-4.024414057066781,-3219.531245653425,-4.024414057066781,-3219.531245653425,0.0,0.0,11,0.01375,11,0.01375,0,0.0,0,0.0,0,0,0,0,0,0,0,0,0,0,0,8,-68.18476107359129,0.0,0.1584119222056759,2.57105064282581,0.114042104715042,0.2027817396963097,1.0800536955790832,2.57105064282581,full RL,0.01375
cold_nogate,Cold start no gate,Cold no gate,1,20260619_131640,257,204800,205600,800,-3.986723386792215,-3189.378709433772,-3.986723386792215,-3189.378709433772,0.0,0.0,14,0.0175,14,0.0175,0,0.0,0,0.0,0,0,0,0,0,0,0,0,0,0,0,8,-68.55632154057298,0.0,0.1576605577274005,2.5646661123803938,0.1134188510808493,0.2019022643739517,1.0694339870914549,2.5646661123803938,full RL,0.0175
cold_nogate,Cold start no gate,Cold no gate,1,20260619_131640,258,205600,206400,800,-4.025604936575244,-3220.483949260195,-4.025604936575244,-3220.483949260195,0.0,0.0,10,0.0125,10,0.0125,0,0.0,0,0.0,0,0,0,0,0,0,0,0,0,0,0,8,-68.51267572787219,0.0,0.1573551626656913,2.540478956871027,0.114124141427675,0.2005861839037076,1.0811515555110822,2.540478956871027,full RL,0.0125
cold_nogate,Cold start no gate,Cold no gate,1,20260619_131640,259,206400,207200,800,-4.074554979465642,-3259.643983572513,-4.074554979465642,-3259.643983572513,0.0,0.0,17,0.02125,17,0.02125,0,0.0,0,0.0,0,0,0,0,0,0,0,0,0,0,0,8,-68.11993387136238,0.0,0.1567695962699706,2.543499459362806,0.1151271439860321,0.1984120485539091,1.0880265799774749,2.543499459362806,full RL,0.02125
cold_nogate,Cold start no gate,Cold no gate,1,20260619_131640,260,207200,208000,800,-4.124810139679019,-3299.8481117432148,-4.124810139679019,-3299.8481117432148,0.0,0.0,22,0.0275,22,0.0275,0,0.0,0,0.0,0,0,0,0,0,0,0,0,0,0,0,8,-65.9757979578859,0.0,0.158829002385195,2.512898238068715,0.1155996138210428,0.2020583909493472,1.0904993163330858,2.512898238068715,full RL,0.0275
cold_nogate,Cold start no gate,Cold no gate,1,20260619_131640,261,208000,208800,800,-4.05062034272085,-3240.4962741766803,-4.05062034272085,-3240.4962741766803,0.0,0.0,10,0.0125,10,0.0125,0,0.0,0,0.0,0,0,0,0,0,0,0,0,0,0,0,8,-64.60259914646986,0.0,0.1568620058366125,2.514322656016134,0.1148606458096757,0.1988633658635492,1.0886786577993015,2.514322656016134,full RL,0.0125
cold_nogate,Cold start no gate,Cold no gate,1,20260619_131640,262,208800,209600,800,-4.064272450592117,-3251.417960473694,-4.064272450592117,-3251.417960473694,0.0,0.0,28,0.035,28,0.035,0,0.0,0,0.0,0,0,0,0,0,0,0,0,0,0,0,8,-64.13358771835362,0.0,0.1599630229764349,2.52733348013021,0.1144241358946459,0.2055019100582238,1.0851889011702212,2.52733348013021,full RL,0.035
cold_nogate,Cold start no gate,Cold no gate,1,20260619_131640,263,209600,210400,800,-4.058635980989017,-3246.9087847912133,-4.058635980989017,-3246.9087847912133,0.0,0.0,16,0.02,16,0.02,0,0.0,0,0.0,0,0,0,0,0,0,0,0,0,0,0,9,-63.217357036463,0.0,0.1586034228855161,2.541010095065758,0.1144266575133462,0.202780188257686,1.088503003870747,2.541010095065758,full RL,0.02
cold_nogate,Cold start no gate,Cold no gate,1,20260619_131640,264,210400,211200,800,-4.060849985861785,-3248.679988689428,-4.060849985861785,-3248.679988689428,0.0,0.0,39,0.04875,39,0.04875,0,0.0,0,0.0,0,0,0,0,0,0,0,0,0,0,0,8,-64.14420625654975,0.0,0.1573428544324011,2.5192556941568114,0.1144684915391416,0.2002172173256604,1.0860632401324852,2.5192556941568114,full RL,0.04875
cold_nogate,Cold start no gate,Cold no gate,1,20260619_131640,265,211200,212000,800,-4.064737066125081,-3251.7896529000645,-4.064737066125081,-3251.7896529000645,0.0,0.0,89,0.11125,89,0.11125,0,0.0,0,0.0,0,0,0,0,0,0,0,0,0,0,0,8,-63.44330179788778,0.0,0.1590663367978621,2.505795462796243,0.1142782803075519,0.2038543932881724,1.0876056099425528,2.505795462796243,full RL,0.11125
cold_nogate,Cold start no gate,Cold no gate,1,20260619_131640,266,212000,212800,800,-4.027276094612583,-3221.8208756900663,-4.027276094612583,-3221.8208756900663,0.0,0.0,10,0.0125,10,0.0125,0,0.0,0,0.0,0,0,0,0,0,0,0,0,0,0,0,7,-63.87745137267223,0.0,0.1576067549500472,2.5700024801950576,0.1141387797915283,0.2010747301085661,1.0843061264347846,2.5700024801950576,full RL,0.0125
cold_nogate,Cold start no gate,Cold no gate,1,20260619_131640,267,212800,213600,800,-4.088093348547786,-3270.474678838229,-4.088093348547786,-3270.474678838229,0.0,0.0,12,0.015,12,0.015,0,0.0,0,0.0,0,0,0,0,0,0,0,0,0,0,0,7,-63.70092746536636,0.0,0.1585462712717769,2.55862660308685,0.1148082241559518,0.202284318387602,1.0943928663356624,2.55862660308685,full RL,0.015
cold_nogate,Cold start no gate,Cold no gate,1,20260619_131640,268,213600,214400,800,-3.982207364180762,-3185.76589134461,-3.982207364180762,-3185.76589134461,0.0,0.0,10,0.0125,10,0.0125,0,0.0,0,0.0,0,0,0,0,0,0,0,0,0,0,0,7,-62.49336913125137,0.0,0.1570155209615027,2.557947428916464,0.1132095890484529,0.2008214528745525,1.074130258124811,2.557947428916464,full RL,0.0125
cold_nogate,Cold start no gate,Cold no gate,1,20260619_131640,269,214400,215200,800,-3.8933549280212416,-3114.683942416993,-3.8933549280212416,-3114.683942416993,0.0,0.0,12,0.015,12,0.015,0,0.0,0,0.0,0,0,0,0,0,0,0,0,0,0,0,7,-63.194303746214246,0.0,0.1553094555986254,2.544075307766832,0.1120497800198347,0.1985691311774162,1.0633315217485464,2.544075307766832,full RL,0.015
cold_nogate,Cold start no gate,Cold no gate,1,20260619_131640,270,215200,216000,800,-3.951360490101961,-3161.0883920815686,-3.951360490101961,-3161.0883920815686,0.0,0.0,64,0.08,64,0.08,0,0.0,0,0.0,0,0,0,0,0,0,0,0,0,0,0,8,-63.506609263837504,0.0,0.1570590473016195,2.521642562573959,0.112650088782925,0.2014680058203139,1.0678018373010505,2.521642562573959,full RL,0.08
cold_nogate,Cold start no gate,Cold no gate,1,20260619_131640,271,216000,216800,800,-3.9492909016206896,-3159.432721296552,-3.9492909016206896,-3159.432721296552,0.0,0.0,19,0.02375,19,0.02375,0,0.0,0,0.0,0,0,0,0,0,0,0,0,0,0,0,8,-63.45165506051876,0.0,0.1568107223140694,2.537817196895446,0.1125497228863539,0.2010717217417849,1.0672730064023317,2.537817196895446,full RL,0.02375
cold_nogate,Cold start no gate,Cold no gate,1,20260619_131640,272,216800,217600,800,-3.952263911996993,-3161.8111295975946,-3.952263911996993,-3161.8111295975946,0.0,0.0,11,0.01375,11,0.01375,0,0.0,0,0.0,0,0,0,0,0,0,0,0,0,0,0,7,-65.09678897178026,0.0,0.1562691020637083,2.606762256270315,0.1127900833403272,0.1997481207870893,1.0719174441306367,2.606762256270315,full RL,0.01375
cold_nogate,Cold start no gate,Cold no gate,1,20260619_131640,273,217600,218400,800,-3.946320965346233,-3157.0567722769865,-3.946320965346233,-3157.0567722769865,0.0,0.0,11,0.01375,11,0.01375,0,0.0,0,0.0,0,0,0,0,0,0,0,0,0,0,0,7,-64.29462835936533,0.0,0.155702513124619,2.595346944135088,0.1128568103174356,0.1985482159318024,1.074041958144614,2.595346944135088,full RL,0.01375
cold_nogate,Cold start no gate,Cold no gate,1,20260619_131640,274,218400,219200,800,-3.952509827543208,-3162.007862034566,-3.952509827543208,-3162.007862034566,0.0,0.0,9,0.01125,9,0.01125,0,0.0,0,0.0,0,0,0,0,0,0,0,0,0,0,0,7,-64.34422305769885,0.0,0.1567207327582132,2.616869417394298,0.1129201114034284,0.200521354112998,1.0739857512816564,2.616869417394298,full RL,0.01125
cold_nogate,Cold start no gate,Cold no gate,1,20260619_131640,275,219200,220000,800,-3.9866713846673023,-3189.337107733842,-3.9866713846673023,-3189.337107733842,0.0,0.0,11,0.01375,11,0.01375,0,0.0,0,0.0,0,0,0,0,0,0,0,0,0,0,0,7,-64.69321429626882,0.0,0.1571791053140449,2.586838388123738,0.1135356659501208,0.2008225446779689,1.0778289895639666,2.586838388123738,full RL,0.01375
cold_nogate,Cold start no gate,Cold no gate,1,20260619_131640,276,220000,220800,800,-3.9752960117753138,-3180.236809420251,-3.9752960117753138,-3180.236809420251,0.0,0.0,15,0.01875,15,0.01875,0,0.0,0,0.0,0,0,0,0,0,0,0,0,0,0,0,7,-64.76037966087131,0.0,0.1558105450784201,2.574642386426433,0.1135874492180039,0.1980336409388362,1.0810590622781953,2.574642386426433,full RL,0.01875
cold_nogate,Cold start no gate,Cold no gate,1,20260619_131640,277,220800,221600,800,-3.948161715208337,-3158.5293721666694,-3.948161715208337,-3158.5293721666694,0.0,0.0,33,0.04125,33,0.04125,0,0.0,0,0.0,0,0,0,0,0,0,0,0,0,0,0,7,-64.3759689563492,0.0,0.1556444005638207,2.5831822619108493,0.1130505315892587,0.1982382695383828,1.074367667988795,2.5831822619108493,full RL,0.04125
cold_nogate,Cold start no gate,Cold no gate,1,20260619_131640,278,221600,222400,800,-4.004624393124731,-3203.6995144997845,-4.004624393124731,-3203.6995144997845,0.0,0.0,60,0.075,60,0.075,0,0.0,0,0.0,0,0,0,0,0,0,0,0,0,0,0,7,-63.12267893782064,0.0,0.1571743942872263,2.5816233775121877,0.1139570687027612,0.2003917198716913,1.083144675690766,2.5816233775121877,full RL,0.075
cold_nogate,Cold start no gate,Cold no gate,1,20260619_131640,279,222400,223200,800,-4.011927306325436,-3209.541845060349,-4.011927306325436,-3209.541845060349,0.0,0.0,71,0.08875,71,0.08875,0,0.0,0,0.0,0,0,0,0,0,0,0,0,0,0,0,7,-62.830040091576734,0.0,0.157268392390855,2.5664164721070506,0.113855656089529,0.2006811286921809,1.078420769871182,2.5664164721070506,full RL,0.08875
cold_nogate,Cold start no gate,Cold no gate,1,20260619_131640,280,223200,224000,800,-4.047761217341149,-3238.208973872919,-4.047761217341149,-3238.208973872919,0.0,0.0,71,0.08875,71,0.08875,0,0.0,0,0.0,0,0,0,0,0,0,0,0,0,0,0,7,-61.78962273200364,0.0,0.1580255011932971,2.570440039266316,0.1142463407762321,0.2018046616103621,1.081980343655394,2.570440039266316,full RL,0.08875
cold_nogate,Cold start no gate,Cold no gate,1,20260619_131640,281,224000,224800,800,-4.109499870679147,-3287.5998965433173,-4.109499870679147,-3287.5998965433173,0.0,0.0,86,0.1075,86,0.1075,0,0.0,0,0.0,0,0,0,0,0,0,0,0,0,0,0,7,-61.04332725708991,0.0,0.16059782034286,2.5834594944757328,0.1145907885716598,0.2066048521140603,1.081406072785795,2.5834594944757328,full RL,0.1075
cold_nogate,Cold start no gate,Cold no gate,1,20260619_131640,282,224800,225600,800,-4.245851682164093,-3396.681345731274,-4.245851682164093,-3396.681345731274,0.0,0.0,14,0.0175,14,0.0175,0,0.0,0,0.0,0,0,0,0,0,0,0,0,0,0,0,6,-61.58029077750939,0.0,0.162701965744703,2.579811131070471,0.1163608887595675,0.2090430427298386,1.08324191921236,2.579811131070471,full RL,0.0175
cold_nogate,Cold start no gate,Cold no gate,1,20260619_131640,283,225600,226400,800,-4.204362636307931,-3363.4901090463454,-4.204362636307931,-3363.4901090463454,0.0,0.0,24,0.03,24,0.03,0,0.0,0,0.0,0,0,0,0,0,0,0,0,0,0,0,7,-63.0000275695387,0.0,0.1618313581843122,2.569104377880933,0.1158439909372292,0.2078187254313951,1.0830593673297453,2.569104377880933,full RL,0.03
cold_nogate,Cold start no gate,Cold no gate,1,20260619_131640,284,226400,227200,800,-4.158283658953077,-3326.626927162461,-4.158283658953077,-3326.626927162461,0.0,0.0,109,0.13625,109,0.13625,0,0.0,0,0.0,0,0,0,0,0,0,0,0,0,0,0,7,-61.99806264224924,0.0,0.1681543600470786,2.5653032041520305,0.1140119562371562,0.2222967638570009,1.0812991234344902,2.5653032041520305,full RL,0.13625
cold_nogate,Cold start no gate,Cold no gate,1,20260619_131640,285,227200,228000,800,-4.262333385375305,-3409.866708300244,-4.262333385375305,-3409.866708300244,0.0,0.0,205,0.25625,205,0.25625,0,0.0,0,0.0,0,0,0,0,0,0,0,0,0,0,0,7,-59.69639040601851,0.0,0.1747583984263077,2.54739391293964,0.1143946537098617,0.2351221431427537,1.0816233804976565,2.54739391293964,full RL,0.25625
cold_nogate,Cold start no gate,Cold no gate,1,20260619_131640,286,228000,228800,800,-4.215287152896749,-3372.229722317399,-4.215287152896749,-3372.229722317399,0.0,0.0,183,0.22875,183,0.22875,0,0.0,0,0.0,0,0,0,0,0,0,0,0,0,0,0,7,-59.05513126337792,0.0,0.1674432227168586,2.531050787333754,0.1149228722114384,0.2199635732222788,1.0825405340687904,2.531050787333754,full RL,0.22875
cold_nogate,Cold start no gate,Cold no gate,1,20260619_131640,287,228800,229600,800,-4.137845097105125,-3310.2760776841005,-4.137845097105125,-3310.2760776841005,0.0,0.0,67,0.08375,67,0.08375,0,0.0,0,0.0,0,0,0,0,0,0,0,0,0,0,0,7,-59.40979752736314,0.0,0.1597603740838208,2.5255652258499595,0.1152226462267459,0.2042981019408957,1.0923354935093932,2.5255652258499595,full RL,0.08375
cold_nogate,Cold start no gate,Cold no gate,1,20260619_131640,288,229600,230400,800,-4.055700363226614,-3244.560290581291,-4.055700363226614,-3244.560290581291,0.0,0.0,34,0.0425,34,0.0425,0,0.0,0,0.0,0,0,0,0,0,0,0,0,0,0,0,7,-61.24330163964487,0.0,0.1567909211746581,2.5179491185983807,0.1142737345856561,0.1993081077636601,1.0831639527757608,2.5179491185983807,full RL,0.0425
cold_nogate,Cold start no gate,Cold no gate,1,20260619_131640,289,230400,231200,800,-4.018549202160618,-3214.8393617284946,-4.018549202160618,-3214.8393617284946,0.0,0.0,43,0.05375,43,0.05375,0,0.0,0,0.0,0,0,0,0,0,0,0,0,0,0,0,7,-62.02930715159482,0.0,0.1565777065393943,2.5527829685189545,0.113815431265189,0.1993399818135995,1.0794848549701943,2.5527829685189545,full RL,0.05375
cold_nogate,Cold start no gate,Cold no gate,1,20260619_131640,290,231200,232000,800,-4.102856512602125,-3282.2852100817,-4.102856512602125,-3282.2852100817,0.0,0.0,46,0.0575,46,0.0575,0,0.0,0,0.0,0,0,0,0,0,0,0,0,0,0,0,7,-63.87455500752742,0.0,0.164890826721741,2.558816997637223,0.1136342668166925,0.2161473866267895,1.0808220393378192,2.558816997637223,full RL,0.0575
cold_nogate,Cold start no gate,Cold no gate,1,20260619_131640,291,232000,232800,800,-4.058173352004127,-3246.538681603301,-4.058173352004127,-3246.538681603301,0.0,0.0,34,0.0425,34,0.0425,0,0.0,0,0.0,0,0,0,0,0,0,0,0,0,0,0,7,-63.84442938184111,0.0,0.1587752731759995,2.5322196013038933,0.1139768316547843,0.2035737146972147,1.0859791721377472,2.5322196013038933,full RL,0.0425
cold_nogate,Cold start no gate,Cold no gate,1,20260619_131640,292,232800,233600,800,-4.03245310118646,-3225.962480949168,-4.03245310118646,-3225.962480949168,0.0,0.0,35,0.04375,35,0.04375,0,0.0,0,0.0,0,0,0,0,0,0,0,0,0,0,0,7,-63.55474935578809,0.0,0.1573434903636244,2.5714766049511013,0.1139791010891256,0.2007078796381232,1.08540354443801,2.5714766049511013,full RL,0.04375
cold_nogate,Cold start no gate,Cold no gate,1,20260619_131640,293,233600,234400,800,-4.039289603391686,-3231.431682713349,-4.039289603391686,-3231.431682713349,0.0,0.0,39,0.04875,39,0.04875,0,0.0,0,0.0,0,0,0,0,0,0,0,0,0,0,0,7,-65.31725820008069,0.0,0.158846203878529,2.52355512956882,0.1136343571483864,0.2040580506086716,1.0798952721146278,2.52355512956882,full RL,0.04875
cold_nogate,Cold start no gate,Cold no gate,1,20260619_131640,294,234400,235200,800,-4.063945353660668,-3251.1562829285344,-4.063945353660668,-3251.1562829285344,0.0,0.0,53,0.06625,53,0.06625,0,0.0,0,0.0,0,0,0,0,0,0,0,0,0,0,0,7,-64.05594240184087,0.0,0.1580079802179007,2.512204318659542,0.1143977512891622,0.2016182091466392,1.090524823770258,2.512204318659542,full RL,0.06625
cold_nogate,Cold start no gate,Cold no gate,1,20260619_131640,295,235200,236000,800,-4.044150727762148,-3235.3205822097184,-4.044150727762148,-3235.3205822097184,0.0,0.0,50,0.0625,50,0.0625,0,0.0,0,0.0,0,0,0,0,0,0,0,0,0,0,0,7,-64.3631199276532,0.0,0.1586095716614159,2.543417381868437,0.1140446927382045,0.2031744505846273,1.0844945049560493,2.543417381868437,full RL,0.0625
cold_nogate,Cold start no gate,Cold no gate,1,20260619_131640,296,236000,236800,800,-4.063315698278622,-3250.652558622897,-4.063315698278622,-3250.652558622897,0.0,0.0,28,0.035,28,0.035,0,0.0,0,0.0,0,0,0,0,0,0,0,0,0,0,0,7,-65.04890979074503,0.0,0.1596483272327741,2.534996217989317,0.1142126517999677,0.2050840026655805,1.0862769647764163,2.534996217989317,full RL,0.035
cold_nogate,Cold start no gate,Cold no gate,1,20260619_131640,297,236800,237600,800,-3.994533686440322,-3195.6269491522576,-3.994533686440322,-3195.6269491522576,0.0,0.0,49,0.06125,49,0.06125,0,0.0,0,0.0,0,0,0,0,0,0,0,0,0,0,0,7,-64.81274863218925,0.0,0.1579562645246307,2.504696818190098,0.1133108769965158,0.2026016520527456,1.0809675090201325,2.504696818190098,full RL,0.06125
cold_nogate,Cold start no gate,Cold no gate,1,20260619_131640,298,237600,238400,800,-3.970863132959149,-3176.69050636732,-3.970863132959149,-3176.69050636732,0.0,0.0,36,0.045,36,0.045,0,0.0,0,0.0,0,0,0,0,0,0,0,0,0,0,0,7,-64.56675689772294,0.0,0.1593699989631783,2.606898345787272,0.1127730891535537,0.2059669087728028,1.0753753122150678,2.606898345787272,full RL,0.045
cold_nogate,Cold start no gate,Cold no gate,1,20260619_131640,299,238400,239200,800,-3.9457888913029113,-3156.631113042329,-3.9457888913029113,-3156.631113042329,0.0,0.0,15,0.01875,15,0.01875,0,0.0,0,0.0,0,0,0,0,0,0,0,0,0,0,0,6,-65.59823133225336,0.0,0.1583527729551901,2.612770178232779,0.1119249126753359,0.2047806332350442,1.067022587195511,2.612770178232779,full RL,0.01875
cold_nogate,Cold start no gate,Cold no gate,1,20260619_131640,300,239200,240000,800,-4.0140485661809535,-3211.2388529447626,-4.0140485661809535,-3211.2388529447626,0.0,0.0,103,0.12875,103,0.12875,0,0.0,0,0.0,0,0,0,0,0,0,0,0,0,0,0,8,-65.1983420232533,0.0,0.1625547130975967,2.698654497420705,0.112492751193901,0.2126166750012923,1.0728095378853504,2.698654497420705,full RL,0.12875
cold_nogate,Cold start no gate,Cold no gate,2,20260619_174127,1,0,800,800,-9.601462556978658,-7681.170045582927,-9.601462556978658,-7681.170045582927,0.0,0.0,0,0.0,0,0.0,0,0.0,0,0.0,0,0,0,0,0,0,0,0,0,0,0,0,-15.463494494453217,0.0,0.3316832001089158,2.9821420030287413,0.166554611254495,0.4968117889633366,1.1007910670445606,2.9821420030287413,teacher critic,0.0
cold_nogate,Cold start no gate,Cold no gate,2,20260619_174127,2,800,1600,800,-12.552211505021596,-10041.769204017275,-12.552211505021596,-10041.769204017275,0.0,0.0,0,0.0,0,0.0,0,0.0,0,0.0,0,0,0,0,0,0,0,0,0,0,0,0,-15.56817795838927,0.0,0.3789783764291748,2.982237696539812,0.1915827642435292,0.5663739886148204,1.0992230932827782,2.982237696539812,teacher critic,0.0
cold_nogate,Cold start no gate,Cold no gate,2,20260619_174127,3,1600,2400,800,-12.52247679247104,-10017.98143397683,-12.52247679247104,-10017.98143397683,0.0,0.0,0,0.0,0,0.0,0,0.0,0,0.0,0,0,0,0,0,0,0,0,0,0,0,0,-15.460908491108682,0.0,0.3785104610846727,2.980680979299507,0.1914350511294635,0.5655858710398819,1.101511496003908,2.980680979299507,teacher critic,0.0
cold_nogate,Cold start no gate,Cold no gate,2,20260619_174127,4,2400,3200,800,-12.62888154131262,-10103.105233050095,-12.62888154131262,-10103.105233050095,0.0,0.0,0,0.0,0,0.0,0,0.0,0,0.0,0,0,0,0,0,0,0,0,0,0,0,0,-15.364282572992863,0.0,0.3805419596565275,2.975963211959595,0.1919624944280647,0.5691214248849903,1.100828041816523,2.975963211959595,teacher critic,0.0
cold_nogate,Cold start no gate,Cold no gate,2,20260619_174127,5,3200,4000,800,-12.609332847438315,-10087.466277950654,-12.609332847438315,-10087.466277950654,0.0,0.0,0,0.0,0,0.0,0,0.0,0,0.0,0,0,0,0,0,0,0,0,0,0,0,0,-15.623118958637264,0.0,0.3807828908256671,3.0039445097096973,0.1917950652437041,0.56977071640763,1.0989485457611017,3.0039445097096973,teacher critic,0.0
cold_nogate,Cold start no gate,Cold no gate,2,20260619_174127,6,4000,4800,800,-12.53455033860183,-10027.640270881464,-12.53455033860183,-10027.640270881464,0.0,0.0,0,0.0,0,0.0,0,0.0,0,0.0,0,0,0,0,0,0,0,0,0,0,0,0,-15.49954640183779,0.0,0.3783461704540842,2.97493622445478,0.1915687708511927,0.5651235700569758,1.1018185594675032,2.97493622445478,teacher critic,0.0
cold_nogate,Cold start no gate,Cold no gate,2,20260619_174127,7,4800,5600,800,-12.592846859758522,-10074.277487806818,-12.592846859758522,-10074.277487806818,0.0,0.0,0,0.0,0,0.0,0,0.0,0,0.0,0,0,0,0,0,0,0,0,0,0,0,0,-15.366957124907287,0.0,0.3800458221495617,2.969092563325546,0.1917970340368014,0.5682946102623221,1.1003729505567112,2.969092563325546,teacher critic,0.0
cold_nogate,Cold start no gate,Cold no gate,2,20260619_174127,8,5600,6400,800,-12.549979933023025,-10039.98394641842,-12.549979933023025,-10039.98394641842,0.0,0.0,0,0.0,0,0.0,0,0.0,0,0.0,0,0,0,0,0,0,0,0,0,0,0,0,-15.664323197679437,0.0,0.3802652000671914,2.984456256548242,0.191157579362642,0.5693728207717409,1.1001773808201745,2.984456256548242,teacher critic,0.0
cold_nogate,Cold start no gate,Cold no gate,2,20260619_174127,9,6400,7200,800,-12.702217109633922,-10161.773687707138,-12.702217109633922,-10161.773687707138,0.0,0.0,0,0.0,0,0.0,0,0.0,0,0.0,0,0,0,0,0,0,0,0,0,0,0,0,-15.72760744894427,0.0,0.38148473063897,2.994193136966089,0.1926489245020671,0.5703205367758728,1.103930576405991,2.994193136966089,teacher critic,0.0
cold_nogate,Cold start no gate,Cold no gate,2,20260619_174127,10,7200,8000,800,-12.618781632405316,-10095.025305924251,-12.618781632405316,-10095.025305924251,0.0,0.0,0,0.0,0,0.0,0,0.0,0,0.0,0,0,0,0,0,0,0,0,0,0,0,0,-15.3689014507718,0.0,0.3805178250038961,2.967297464070498,0.1919501220379849,0.5690855279698073,1.1005615044462136,2.967297464070498,teacher critic,0.0
cold_nogate,Cold start no gate,Cold no gate,2,20260619_174127,11,8000,8800,800,-14.704304637078272,-11763.44370966262,-14.704304637078272,-11763.44370966262,0.0,0.0,28,0.035,28,0.035,0,0.0,0,0.0,0,0,0,0,0,0,0,0,0,0,0,3,-39.45398131677968,0.0,0.4117797042627774,2.9760710796196577,0.2028988824248231,0.6206605261007317,1.0993367947240156,2.9760710796196577,handoff,0.035
cold_nogate,Cold start no gate,Cold no gate,2,20260619_174127,12,8800,9600,800,-17.76901397843049,-14215.211182744391,-17.76901397843049,-14215.211182744391,0.0,0.0,60,0.075,60,0.075,0,0.0,0,0.0,0,0,0,0,0,0,0,0,0,0,0,4,-30.5925759611261,0.0,0.3763904723869664,2.724764486235585,0.2310272666699498,0.5217536781039829,1.0372449205582344,2.724764486235585,handoff,0.075
cold_nogate,Cold start no gate,Cold no gate,2,20260619_174127,13,9600,10400,800,-21.156461981177472,-16925.169584941978,-21.156461981177472,-16925.169584941978,0.0,0.0,69,0.08625,69,0.08625,0,0.0,0,0.0,0,0,0,0,0,0,0,0,0,0,0,6,-36.76161607998739,0.0,0.5474955682603285,3.129510028455286,0.2182679560877549,0.8767231804329022,0.9319955489961766,3.129510028455286,handoff,0.08625
cold_nogate,Cold start no gate,Cold no gate,2,20260619_174127,14,10400,11200,800,-14.11345034405864,-11290.760275246914,-14.11345034405864,-11290.760275246914,0.0,0.0,55,0.06875,55,0.06875,0,0.0,0,0.0,0,0,0,0,0,0,0,0,0,0,0,5,-56.39479630721144,0.0,0.4679903880975697,3.3551740538162,0.1725879072398024,0.763392868955337,1.1084143182422452,3.3551740538162,handoff,0.06875
cold_nogate,Cold start no gate,Cold no gate,2,20260619_174127,15,11200,12000,800,-11.230122690440387,-8984.098152352311,-11.230122690440387,-8984.098152352311,0.0,0.0,77,0.09625,77,0.09625,0,0.0,0,0.0,0,0,0,0,0,0,0,0,0,0,0,8,-49.86779212857812,0.0,0.3309081207676643,2.761494633278346,0.1783348600845001,0.4834813814508286,1.107654885015926,2.761494633278346,handoff,0.09625
cold_nogate,Cold start no gate,Cold no gate,2,20260619_174127,16,12000,12800,800,-12.346676582896242,-9877.341266316991,-12.346676582896242,-9877.341266316991,0.0,0.0,84,0.105,84,0.105,0,0.0,0,0.0,0,0,0,0,0,0,0,0,0,0,0,7,-55.34117462654808,0.0,0.3936801237981845,2.6150536435432628,0.1778619058450682,0.6094983417513007,1.0916070347429616,2.6150536435432628,handoff,0.105
cold_nogate,Cold start no gate,Cold no gate,2,20260619_174127,17,12800,13600,800,-14.473355135110396,-11578.684108088317,-14.473355135110396,-11578.684108088317,0.0,0.0,86,0.1075,86,0.1075,0,0.0,0,0.0,0,0,0,0,0,0,0,0,0,0,0,6,-50.10512593323728,0.0,0.4474522214845092,2.7415259908398752,0.1859237569823014,0.7089806859867169,1.0547838266731495,2.7415259908398752,handoff,0.1075
cold_nogate,Cold start no gate,Cold no gate,2,20260619_174127,18,13600,14400,800,-11.58664968526198,-9269.319748209584,-11.58664968526198,-9269.319748209584,0.0,0.0,105,0.13125,105,0.13125,0,0.0,0,0.0,0,0,0,0,0,0,0,0,0,0,0,5,-50.52457577717894,0.0,0.3438577867074986,2.699731210871789,0.1829168786149617,0.5047986948000356,1.0961317451471513,2.699731210871789,handoff,0.13125
cold_nogate,Cold start no gate,Cold no gate,2,20260619_174127,19,14400,15200,800,-12.204022369152096,-9763.217895321675,-12.204022369152096,-9763.217895321675,0.0,0.0,147,0.18375,147,0.18375,0,0.0,0,0.0,0,0,0,0,0,0,0,0,0,0,0,5,-47.80983849759826,0.0,0.332718709765715,2.7679409857558994,0.1929562092364046,0.4724812102950254,1.0917282706931355,2.7679409857558994,handoff,0.18375
cold_nogate,Cold start no gate,Cold no gate,2,20260619_174127,20,15200,16000,800,-12.998361806601734,-10398.689445281389,-12.998361806601734,-10398.689445281389,0.0,0.0,41,0.05125,41,0.05125,0,0.0,0,0.0,0,0,0,0,0,0,0,0,0,0,0,1,-42.40065050777656,0.0,0.2937392713505519,2.6542969976795803,0.2092100662036611,0.3782684764974426,1.1180484589290465,2.6542969976795803,handoff,0.05125
cold_nogate,Cold start no gate,Cold no gate,2,20260619_174127,21,16000,16800,800,-19.203390339044088,-15362.71227123527,-19.203390339044088,-15362.71227123527,0.0,0.0,138,0.1725,138,0.1725,0,0.0,0,0.0,0,0,0,0,0,0,0,0,0,0,0,1,-43.94994682660911,0.0,0.3629094437040315,2.8619262273930985,0.2545065483797334,0.4713123390283296,1.2802004929174746,2.8619262273930985,full RL,0.1725
cold_nogate,Cold start no gate,Cold no gate,2,20260619_174127,22,16800,17600,800,-13.68903955316257,-10951.231642530056,-13.68903955316257,-10951.231642530056,0.0,0.0,152,0.19,152,0.19,0,0.0,0,0.0,0,0,0,0,0,0,0,0,0,0,0,2,-46.67315749549806,0.0,0.3153707098685072,2.7147377141534434,0.2114574913202208,0.4192839284167936,1.358142136032399,2.7147377141534434,full RL,0.19
cold_nogate,Cold start no gate,Cold no gate,2,20260619_174127,23,17600,18400,800,-9.44788368967147,-7558.306951737175,-9.44788368967147,-7558.306951737175,0.0,0.0,198,0.2475,198,0.2475,0,0.0,0,0.0,0,0,0,0,0,0,0,0,0,0,0,3,-47.79817370089461,0.0,0.2658506425128815,2.6648452712297512,0.1735600328500836,0.3581412521756792,1.2141922438291126,2.6648452712297512,full RL,0.2475
cold_nogate,Cold start no gate,Cold no gate,2,20260619_174127,24,18400,19200,800,-9.481683143408054,-7585.346514726443,-9.481683143408054,-7585.346514726443,0.0,0.0,83,0.10375,83,0.10375,0,0.0,0,0.0,0,0,0,0,0,0,0,0,0,0,0,4,-50.43630686646776,0.0,0.2550297858554461,2.611265187845788,0.176531768358841,0.3335278033520512,1.2168483958428196,2.611265187845788,full RL,0.10375
cold_nogate,Cold start no gate,Cold no gate,2,20260619_174127,25,19200,20000,800,-9.372760575324834,-7498.208460259868,-9.372760575324834,-7498.208460259868,0.0,0.0,81,0.10125,81,0.10125,0,0.0,0,0.0,0,0,0,0,0,0,0,0,0,0,0,5,-53.08537161735205,0.0,0.2563285927562339,2.619699855756324,0.1744010540379438,0.3382561314745239,1.2229815661271206,2.619699855756324,full RL,0.10125
cold_nogate,Cold start no gate,Cold no gate,2,20260619_174127,26,20000,20800,800,-9.304827106891445,-7443.861685513155,-9.304827106891445,-7443.861685513155,0.0,0.0,49,0.06125,49,0.06125,0,0.0,0,0.0,0,0,0,0,0,0,0,0,0,0,0,4,-51.81826055953832,0.0,0.2543480990939264,2.5880832575838326,0.1736126973401413,0.3350835008477116,1.2167812627054349,2.5880832575838326,full RL,0.06125
cold_nogate,Cold start no gate,Cold no gate,2,20260619_174127,27,20800,21600,800,-9.97710129492988,-7981.681035943905,-9.97710129492988,-7981.681035943905,0.0,0.0,150,0.1875,150,0.1875,0,0.0,0,0.0,0,0,0,0,0,0,0,0,0,0,0,5,-48.95607598412016,0.0,0.2914838690410787,2.382375297866986,0.1744620513067178,0.4085056867754395,1.23821491590936,2.382375297866986,full RL,0.1875
cold_nogate,Cold start no gate,Cold no gate,2,20260619_174127,28,21600,22400,800,-10.931988014651566,-8745.590411721252,-10.931988014651566,-8745.590411721252,0.0,0.0,200,0.25,200,0.25,0,0.0,0,0.0,0,0,0,0,0,0,0,0,0,0,0,3,-49.68667262058142,0.0,0.3289224368231435,2.459121644046263,0.1718719168928978,0.4859729567533891,1.216675560257216,2.459121644046263,full RL,0.25
cold_nogate,Cold start no gate,Cold no gate,2,20260619_174127,29,22400,23200,800,-11.08470182053783,-8867.761456430264,-11.08470182053783,-8867.761456430264,0.0,0.0,210,0.2625,210,0.2625,0,0.0,0,0.0,0,0,0,0,0,0,0,0,0,0,0,5,-46.57793459307908,0.0,0.3389957886276455,2.4062310413045798,0.1728032712793432,0.505188305975948,1.2139002457191603,2.4062310413045798,full RL,0.2625
cold_nogate,Cold start no gate,Cold no gate,2,20260619_174127,30,23200,24000,800,-10.327913949789409,-8262.331159831525,-10.327913949789409,-8262.331159831525,0.0,0.0,228,0.285,228,0.285,0,0.0,0,0.0,0,0,0,0,0,0,0,0,0,0,0,4,-49.666565626737565,0.0,0.3402653317286768,2.3951719285823287,0.1594911184162468,0.5210395450411067,1.196198627151778,2.3951719285823287,full RL,0.285
cold_nogate,Cold start no gate,Cold no gate,2,20260619_174127,31,24000,24800,800,-9.19731161407685,-7357.84929126148,-9.19731161407685,-7357.84929126148,0.0,0.0,259,0.32375,259,0.32375,0,0.0,0,0.0,0,0,0,0,0,0,0,0,0,0,0,4,-49.72713143705096,0.0,0.3104318840826242,2.426522881133849,0.1565118311640289,0.4643519370012193,1.151254682341253,2.426522881133849,full RL,0.32375
cold_nogate,Cold start no gate,Cold no gate,2,20260619_174127,32,24800,25600,800,-8.528174400650958,-6822.539520520766,-8.528174400650958,-6822.539520520766,0.0,0.0,256,0.32,256,0.32,0,0.0,0,0.0,0,0,0,0,0,0,0,0,0,0,0,4,-50.16731871779126,0.0,0.2995995652396353,2.258665469147616,0.1513176837213966,0.447881446757874,1.129551799391281,2.258665469147616,full RL,0.32
cold_nogate,Cold start no gate,Cold no gate,2,20260619_174127,33,25600,26400,800,-7.47753866765785,-5982.03093412628,-7.47753866765785,-5982.03093412628,0.0,0.0,278,0.3475,278,0.3475,0,0.0,0,0.0,0,0,0,0,0,0,0,0,0,0,0,4,-50.2746872469292,0.0,0.2666552154696625,2.386278705951326,0.1452172482758859,0.3880931826634392,1.13527756384071,2.386278705951326,full RL,0.3475
cold_nogate,Cold start no gate,Cold no gate,2,20260619_174127,34,26400,27200,800,-7.131057825237198,-5704.846260189758,-7.131057825237198,-5704.846260189758,0.0,0.0,377,0.47125,377,0.47125,0,0.0,0,0.0,0,0,0,0,0,0,0,0,0,0,0,5,-49.74245806665084,0.0,0.2663113627947506,2.380225784908987,0.1392994786815593,0.3933232469079419,1.1238650787840894,2.380225784908987,full RL,0.47125
cold_nogate,Cold start no gate,Cold no gate,2,20260619_174127,35,27200,28000,800,-7.01321170262584,-5610.569362100672,-7.01321170262584,-5610.569362100672,0.0,0.0,358,0.4475,358,0.4475,0,0.0,0,0.0,0,0,0,0,0,0,0,0,0,0,0,6,-51.82157483938039,0.0,0.2668405489116786,2.3503552023083785,0.1368922674111103,0.3967888304122469,1.119191986510407,2.3503552023083785,full RL,0.4475
cold_nogate,Cold start no gate,Cold no gate,2,20260619_174127,36,28000,28800,800,-7.021876156462927,-5617.500925170341,-7.021876156462927,-5617.500925170341,0.0,0.0,364,0.455,364,0.455,0,0.0,0,0.0,0,0,0,0,0,0,0,0,0,0,0,4,-55.24508972611022,0.0,0.2758730830897239,2.378112565174547,0.1346258766068457,0.4171202895726022,1.1196759549734998,2.378112565174547,full RL,0.455
cold_nogate,Cold start no gate,Cold no gate,2,20260619_174127,37,28800,29600,800,-7.034611215769969,-5627.688972615975,-7.034611215769969,-5627.688972615975,0.0,0.0,373,0.46625,373,0.46625,0,0.0,0,0.0,0,0,0,0,0,0,0,0,0,0,0,6,-57.22682841207632,0.0,0.2881599041977997,2.33827076420431,0.1314172993336533,0.4449025090619461,1.111897182026961,2.33827076420431,full RL,0.46625
cold_nogate,Cold start no gate,Cold no gate,2,20260619_174127,38,29600,30400,800,-6.875524991991111,-5500.419993592889,-6.875524991991111,-5500.419993592889,0.0,0.0,348,0.435,348,0.435,0,0.0,0,0.0,0,0,0,0,0,0,0,0,0,0,0,6,-55.07648111992114,0.0,0.2810853485257014,2.3486648560225376,0.1309369336766085,0.4312337633747943,1.115491386265394,2.3486648560225376,full RL,0.435
cold_nogate,Cold start no gate,Cold no gate,2,20260619_174127,39,30400,31200,800,-6.369451909370401,-5095.561527496321,-6.369451909370401,-5095.561527496321,0.0,0.0,376,0.47,376,0.47,0,0.0,0,0.0,0,0,0,0,0,0,0,0,0,0,0,5,-49.35703504228587,0.0,0.2606484424157569,2.328270134499121,0.1284061378215443,0.3928907470099695,1.1137553092755683,2.328270134499121,full RL,0.47
cold_nogate,Cold start no gate,Cold no gate,2,20260619_174127,40,31200,32000,800,-6.555480166564697,-5244.384133251758,-6.555480166564697,-5244.384133251758,0.0,0.0,365,0.45625,365,0.45625,0,0.0,0,0.0,0,0,0,0,0,0,0,0,0,0,0,7,-47.3454670199211,0.0,0.2642524424543362,2.319420938935025,0.1310924734004991,0.3974124115081733,1.11393372930134,2.319420938935025,full RL,0.45625
cold_nogate,Cold start no gate,Cold no gate,2,20260619_174127,41,32000,32800,800,-6.439721078635852,-5151.776862908681,-6.439721078635852,-5151.776862908681,0.0,0.0,362,0.4525,362,0.4525,0,0.0,0,0.0,0,0,0,0,0,0,0,0,0,0,0,5,-45.26092338295882,0.0,0.2593030280865651,2.3143359369975087,0.1301471583408465,0.3884588978322836,1.1095024197457115,2.3143359369975087,full RL,0.4525
cold_nogate,Cold start no gate,Cold no gate,2,20260619_174127,42,32800,33600,800,-6.583254490602795,-5266.603592482236,-6.583254490602795,-5266.603592482236,0.0,0.0,355,0.44375,355,0.44375,0,0.0,0,0.0,0,0,0,0,0,0,0,0,0,0,0,5,-46.07400539847231,0.0,0.2677069989474174,2.286417197342302,0.1298952686415813,0.4055187292532535,1.1163900629683483,2.286417197342302,full RL,0.44375
cold_nogate,Cold start no gate,Cold no gate,2,20260619_174127,43,33600,34400,800,-6.504068341031098,-5203.254672824878,-6.504068341031098,-5203.254672824878,0.0,0.0,397,0.49625,397,0.49625,0,0.0,0,0.0,0,0,0,0,0,0,0,0,0,0,0,5,-48.40415131919099,0.0,0.2688545505100823,2.242477734495708,0.1278957771840698,0.4098133238360948,1.1149157441928552,2.242477734495708,full RL,0.49625
cold_nogate,Cold start no gate,Cold no gate,2,20260619_174127,44,34400,35200,800,-6.250244017036023,-5000.195213628818,-6.250244017036023,-5000.195213628818,0.0,0.0,423,0.52875,423,0.52875,0,0.0,0,0.0,0,0,0,0,0,0,0,0,0,0,0,5,-50.4966616230173,0.0,0.2511992092464568,2.2544505692443977,0.128563811623132,0.3738346068697815,1.1047587527958211,2.2544505692443977,full RL,0.52875
cold_nogate,Cold start no gate,Cold no gate,2,20260619_174127,45,35200,36000,800,-6.000926838595734,-4800.741470876587,-6.000926838595734,-4800.741470876587,0.0,0.0,417,0.52125,417,0.52125,0,0.0,0,0.0,0,0,0,0,0,0,0,0,0,0,0,5,-51.70864165438502,0.0,0.246489795295365,2.259395578567478,0.1258911888077021,0.367088401783028,1.104134261688228,2.259395578567478,full RL,0.52125
cold_nogate,Cold start no gate,Cold no gate,2,20260619_174127,46,36000,36800,800,-5.78826707513387,-4630.613660107096,-5.78826707513387,-4630.613660107096,0.0,0.0,401,0.50125,401,0.50125,0,0.0,0,0.0,0,0,0,0,0,0,0,0,0,0,0,5,-51.94377703105687,0.0,0.2415645256019499,2.2581281926573524,0.1238306682747797,0.3592983829291202,1.097631818620138,2.2581281926573524,full RL,0.50125
cold_nogate,Cold start no gate,Cold no gate,2,20260619_174127,47,36800,37600,800,-5.469514001275261,-4375.611201020209,-5.469514001275261,-4375.611201020209,0.0,0.0,363,0.45375,363,0.45375,0,0.0,0,0.0,0,0,0,0,0,0,0,0,0,0,0,4,-51.92593159532265,0.0,0.2294830179561219,2.2448717556887914,0.1217909436948706,0.3371750922173732,1.0913658140823377,2.2448717556887914,full RL,0.45375
cold_nogate,Cold start no gate,Cold no gate,2,20260619_174127,48,37600,38400,800,-5.586778697292735,-4469.422957834188,-5.586778697292735,-4469.422957834188,0.0,0.0,360,0.45,360,0.45,0,0.0,0,0.0,0,0,0,0,0,0,0,0,0,0,0,5,-52.51666563813825,0.0,0.2333566231932057,2.282082239742465,0.1234583494385842,0.3432548969478272,1.091837800546959,2.282082239742465,full RL,0.45
cold_nogate,Cold start no gate,Cold no gate,2,20260619_174127,49,38400,39200,800,-5.554937576082726,-4443.950060866181,-5.554937576082726,-4443.950060866181,0.0,0.0,355,0.44375,355,0.44375,0,0.0,0,0.0,0,0,0,0,0,0,0,0,0,0,0,6,-54.61679754756108,0.0,0.2314978732693987,2.26937031324826,0.1233632238569009,0.3396325226818964,1.0901061598220347,2.26937031324826,full RL,0.44375
cold_nogate,Cold start no gate,Cold no gate,2,20260619_174127,50,39200,40000,800,-5.647242128169319,-4517.793702535455,-5.647242128169319,-4517.793702535455,0.0,0.0,341,0.42625,341,0.42625,0,0.0,0,0.0,0,0,0,0,0,0,0,0,0,0,0,5,-53.860515332976206,0.0,0.2341752560595556,2.3158152245090946,0.1243788419603433,0.3439716701587679,1.0952172535326317,2.3158152245090946,full RL,0.42625
cold_nogate,Cold start no gate,Cold no gate,2,20260619_174127,51,40000,40800,800,-5.644069568627186,-4515.255654901749,-5.644069568627186,-4515.255654901749,0.0,0.0,271,0.33875,271,0.33875,0,0.0,0,0.0,0,0,0,0,0,0,0,0,0,0,0,6,-56.08261209366401,0.0,0.2417136989287474,2.3393362719182846,0.122681058260362,0.3607463395971327,1.0830328888228475,2.3393362719182846,full RL,0.33875
cold_nogate,Cold start no gate,Cold no gate,2,20260619_174127,52,40800,41600,800,-5.695422996899574,-4556.338397519659,-5.695422996899574,-4556.338397519659,0.0,0.0,282,0.3525,282,0.3525,0,0.0,0,0.0,0,0,0,0,0,0,0,0,0,0,0,4,-57.08635546437608,0.0,0.242961909551666,2.3463838345138583,0.1231352119755246,0.3627886071278074,1.0892437783481077,2.3463838345138583,full RL,0.3525
cold_nogate,Cold start no gate,Cold no gate,2,20260619_174127,53,41600,42400,800,-5.72208771839854,-4577.670174718832,-5.72208771839854,-4577.670174718832,0.0,0.0,247,0.30875,247,0.30875,0,0.0,0,0.0,0,0,0,0,0,0,0,0,0,0,0,6,-55.7875316047074,0.0,0.2441630739887755,2.3724824742230908,0.1235755203829399,0.3647506275946111,1.090514129968526,2.3724824742230908,full RL,0.30875
cold_nogate,Cold start no gate,Cold no gate,2,20260619_174127,54,42400,43200,800,-5.534330228008246,-4427.464182406597,-5.534330228008246,-4427.464182406597,0.0,0.0,233,0.29125,233,0.29125,0,0.0,0,0.0,0,0,0,0,0,0,0,0,0,0,0,3,-56.69338941687431,0.0,0.2312397804097998,2.3941335002435267,0.1235342494127869,0.3389453114068127,1.0916516341871243,2.3941335002435267,full RL,0.29125
cold_nogate,Cold start no gate,Cold no gate,2,20260619_174127,55,43200,44000,800,-5.3530462556394784,-4282.437004511583,-5.3530462556394784,-4282.437004511583,0.0,0.0,242,0.3025,242,0.3025,0,0.0,0,0.0,0,0,0,0,0,0,0,0,0,0,0,4,-58.617719721784056,0.0,0.2249243833060665,2.359298880045742,0.1216972148450021,0.3281515517671309,1.0783398824429953,2.359298880045742,full RL,0.3025
cold_nogate,Cold start no gate,Cold no gate,2,20260619_174127,56,44000,44800,800,-5.438140829844481,-4350.512663875585,-5.438140829844481,-4350.512663875585,0.0,0.0,257,0.32125,257,0.32125,0,0.0,0,0.0,0,0,0,0,0,0,0,0,0,0,0,4,-57.39938686113896,0.0,0.2297843921646968,2.389311682335915,0.1224331885009854,0.3371355958284083,1.0921057491153512,2.389311682335915,full RL,0.32125
cold_nogate,Cold start no gate,Cold no gate,2,20260619_174127,57,44800,45600,800,-5.237684704906492,-4190.147763925193,-5.237684704906492,-4190.147763925193,0.0,0.0,312,0.39,312,0.39,0,0.0,0,0.0,0,0,0,0,0,0,0,0,0,0,0,3,-57.52999964586786,0.0,0.2236115727204279,2.323063092651921,0.1203119985562365,0.3269111468846193,1.074396110701954,2.323063092651921,full RL,0.39
cold_nogate,Cold start no gate,Cold no gate,2,20260619_174127,58,45600,46400,800,-5.238548754531514,-4190.839003625211,-5.238548754531514,-4190.839003625211,0.0,0.0,307,0.38375,307,0.38375,0,0.0,0,0.0,0,0,0,0,0,0,0,0,0,0,0,4,-58.86039676986002,0.0,0.2227363602390046,2.3522317308508605,0.1203517167871681,0.3251210036908412,1.0876072576299012,2.3522317308508605,full RL,0.38375
cold_nogate,Cold start no gate,Cold no gate,2,20260619_174127,59,46400,47200,800,-5.18522217455035,-4148.17773964028,-5.18522217455035,-4148.17773964028,0.0,0.0,313,0.39125,313,0.39125,0,0.0,0,0.0,0,0,0,0,0,0,0,0,0,0,0,5,-58.3551723055873,0.0,0.2179994575575607,2.38187633248333,0.1205430326754478,0.3154558824396736,1.0779597427293433,2.38187633248333,full RL,0.39125
cold_nogate,Cold start no gate,Cold no gate,2,20260619_174127,60,47200,48000,800,-5.085418395635278,-4068.3347165082223,-5.085418395635278,-4068.3347165082223,0.0,0.0,302,0.3775,302,0.3775,0,0.0,0,0.0,0,0,0,0,0,0,0,0,0,0,0,6,-58.874417948630025,0.0,0.2149697673831759,2.357624447316084,0.1197329486995756,0.3102065860667762,1.0825713251760782,2.357624447316084,full RL,0.3775
cold_nogate,Cold start no gate,Cold no gate,2,20260619_174127,61,48000,48800,800,-5.028533658058139,-4022.826926446511,-5.028533658058139,-4022.826926446511,0.0,0.0,291,0.36375,291,0.36375,0,0.0,0,0.0,0,0,0,0,0,0,0,0,0,0,0,4,-59.39416404742394,0.0,0.208454204076176,2.415594231344244,0.1199948251057796,0.2969135830465724,1.0848109081918254,2.415594231344244,full RL,0.36375
cold_nogate,Cold start no gate,Cold no gate,2,20260619_174127,62,48800,49600,800,-5.094020198673181,-4075.216158938544,-5.094020198673181,-4075.216158938544,0.0,0.0,314,0.3925,314,0.3925,0,0.0,0,0.0,0,0,0,0,0,0,0,0,0,0,0,7,-59.256692793624325,0.0,0.2158752305119356,2.398910220287462,0.1197466238278395,0.3120038371960316,1.0881877388946588,2.398910220287462,full RL,0.3925
cold_nogate,Cold start no gate,Cold no gate,2,20260619_174127,63,49600,50400,800,-5.0573090780719125,-4045.8472624575297,-5.0573090780719125,-4045.8472624575297,0.0,0.0,287,0.35875,287,0.35875,0,0.0,0,0.0,0,0,0,0,0,0,0,0,0,0,0,4,-59.04661335832725,0.0,0.2096979210504856,2.4428341241289218,0.1205600133476943,0.2988358287532769,1.0883759765899654,2.4428341241289218,full RL,0.35875
cold_nogate,Cold start no gate,Cold no gate,2,20260619_174127,64,50400,51200,800,-4.983308213726736,-3986.646570981389,-4.983308213726736,-3986.646570981389,0.0,0.0,225,0.28125,225,0.28125,0,0.0,0,0.0,0,0,0,0,0,0,0,0,0,0,0,4,-60.93663239637692,0.0,0.2079590414582155,2.448358938785645,0.1197203949126154,0.2961976880038156,1.0906512087374909,2.448358938785645,full RL,0.28125
cold_nogate,Cold start no gate,Cold no gate,2,20260619_174127,65,51200,52000,800,-5.045067122989846,-4036.053698391877,-5.045067122989846,-4036.053698391877,0.0,0.0,204,0.255,204,0.255,0,0.0,0,0.0,0,0,0,0,0,0,0,0,0,0,0,4,-59.486006354543065,0.0,0.2117077965127589,2.4599628688822577,0.120137384721822,0.3032782083036958,1.091461867900002,2.4599628688822577,full RL,0.255
cold_nogate,Cold start no gate,Cold no gate,2,20260619_174127,66,52000,52800,800,-4.977021042360526,-3981.616833888421,-4.977021042360526,-3981.616833888421,0.0,0.0,130,0.1625,130,0.1625,0,0.0,0,0.0,0,0,0,0,0,0,0,0,0,0,0,3,-60.749869820676736,0.0,0.207051437796831,2.496898516334909,0.119965391506279,0.2941374840873829,1.0960499363798482,2.496898516334909,full RL,0.1625
cold_nogate,Cold start no gate,Cold no gate,2,20260619_174127,67,52800,53600,800,-5.078547179801507,-4062.8377438412062,-5.078547179801507,-4062.8377438412062,0.0,0.0,180,0.225,180,0.225,0,0.0,0,0.0,0,0,0,0,0,0,0,0,0,0,0,3,-62.05131808253748,0.0,0.2147741023632621,2.512456161401872,0.1196208804788135,0.3099273242477108,1.0925785673022643,2.512456161401872,full RL,0.225
cold_nogate,Cold start no gate,Cold no gate,2,20260619_174127,68,53600,54400,800,-4.944122926797893,-3955.2983414383134,-4.944122926797893,-3955.2983414383134,0.0,0.0,123,0.15375,123,0.15375,0,0.0,0,0.0,0,0,0,0,0,0,0,0,0,0,0,4,-61.962484578554495,0.0,0.2089886927449569,2.542167397260698,0.1188572219255034,0.2991201635644104,1.088943611331283,2.542167397260698,full RL,0.15375
cold_nogate,Cold start no gate,Cold no gate,2,20260619_174127,69,54400,55200,800,-5.136030646330163,-4108.82451706413,-5.136030646330163,-4108.82451706413,0.0,0.0,128,0.16,128,0.16,0,0.0,0,0.0,0,0,0,0,0,0,0,0,0,0,0,4,-62.96392415691321,0.0,0.2212164775276726,2.6013493776277983,0.1196382914664799,0.3227946635888652,1.0993613713236394,2.6013493776277983,full RL,0.16
cold_nogate,Cold start no gate,Cold no gate,2,20260619_174127,70,55200,56000,800,-5.007195394469893,-4005.7563155759135,-5.007195394469893,-4005.7563155759135,0.0,0.0,180,0.225,180,0.225,0,0.0,0,0.0,0,0,0,0,0,0,0,0,0,0,0,3,-62.44936213387666,0.0,0.2117947152576726,2.5928299091820577,0.1194632924815605,0.3041261380337848,1.0892994353119136,2.5928299091820577,full RL,0.225
cold_nogate,Cold start no gate,Cold no gate,2,20260619_174127,71,56000,56800,800,-4.928402237336677,-3942.721789869341,-4.928402237336677,-3942.721789869341,0.0,0.0,136,0.17,136,0.17,0,0.0,0,0.0,0,0,0,0,0,0,0,0,0,0,0,3,-62.22562283784384,0.0,0.2087458354945812,2.6008379833256186,0.1186712926884128,0.2988203783007497,1.0869513755058993,2.6008379833256186,full RL,0.17
cold_nogate,Cold start no gate,Cold no gate,2,20260619_174127,72,56800,57600,800,-4.920991156620646,-3936.792925296517,-4.920991156620646,-3936.792925296517,0.0,0.0,187,0.23375,187,0.23375,0,0.0,0,0.0,0,0,0,0,0,0,0,0,0,0,0,2,-62.40081872878409,0.0,0.210956451409743,2.644162819753604,0.1178335125581705,0.3040793902613156,1.0910111331132004,2.644162819753604,full RL,0.23375
cold_nogate,Cold start no gate,Cold no gate,2,20260619_174127,73,57600,58400,800,-4.89886149768937,-3919.089198151496,-4.89886149768937,-3919.089198151496,0.0,0.0,172,0.215,172,0.215,0,0.0,0,0.0,0,0,0,0,0,0,0,0,0,0,0,3,-61.80179620175738,0.0,0.2060614485627231,2.6057274116206486,0.1185411916666658,0.2935817054587805,1.0877880593116265,2.6057274116206486,full RL,0.215
cold_nogate,Cold start no gate,Cold no gate,2,20260619_174127,74,58400,59200,800,-4.915067423524985,-3932.0539388199886,-4.915067423524985,-3932.0539388199886,0.0,0.0,169,0.21125,169,0.21125,0,0.0,0,0.0,0,0,0,0,0,0,0,0,0,0,0,2,-61.14220358953924,0.0,0.2080964417656646,2.612534442225808,0.1183805034473935,0.2978123800839356,1.0953841767637569,2.612534442225808,full RL,0.21125
cold_nogate,Cold start no gate,Cold no gate,2,20260619_174127,75,59200,60000,800,-4.89208954012609,-3913.671632100872,-4.89208954012609,-3913.671632100872,0.0,0.0,167,0.20875,167,0.20875,0,0.0,0,0.0,0,0,0,0,0,0,0,0,0,0,0,3,-58.72867646277234,0.0,0.2053951178750935,2.5405179977262837,0.1182839560019655,0.2925062797482214,1.0844873886262052,2.5405179977262837,full RL,0.20875
cold_nogate,Cold start no gate,Cold no gate,2,20260619_174127,76,60000,60800,800,-5.062671807000712,-4050.1374456005697,-5.062671807000712,-4050.1374456005697,0.0,0.0,126,0.1575,126,0.1575,0,0.0,0,0.0,0,0,0,0,0,0,0,0,0,0,0,2,-60.707183359022,0.0,0.2148775437431193,2.6124824534568347,0.1190089221466813,0.3107461653395573,1.0970635516489402,2.6124824534568347,full RL,0.1575
cold_nogate,Cold start no gate,Cold no gate,2,20260619_174127,77,60800,61600,800,-5.05385820785474,-4043.086566283792,-5.05385820785474,-4043.086566283792,0.0,0.0,249,0.31125,249,0.31125,0,0.0,0,0.0,0,0,0,0,0,0,0,0,0,0,0,2,-62.25791810741123,0.0,0.2147189136315885,2.726395580343137,0.1186204516406887,0.3108173756224883,1.0962028865282123,2.726395580343137,full RL,0.31125
cold_nogate,Cold start no gate,Cold no gate,2,20260619_174127,78,61600,62400,800,-5.101536371987244,-4081.229097589795,-5.101536371987244,-4081.229097589795,0.0,0.0,319,0.39875,319,0.39875,0,0.0,0,0.0,0,0,0,0,0,0,0,0,0,0,0,2,-63.830944126320105,0.0,0.21787935350031,2.733529410520191,0.1185275740613463,0.3172311329392737,1.094641742141988,2.733529410520191,full RL,0.39875
cold_nogate,Cold start no gate,Cold no gate,2,20260619_174127,79,62400,63200,800,-5.016814430586283,-4013.4515444690255,-5.016814430586283,-4013.4515444690255,0.0,0.0,181,0.22625,181,0.22625,0,0.0,0,0.0,0,0,0,0,0,0,0,0,0,0,0,3,-63.43551681431472,0.0,0.2140890776545604,2.6583000951358717,0.1183315807836681,0.3098465745254528,1.090539181737928,2.6583000951358717,full RL,0.22625
cold_nogate,Cold start no gate,Cold no gate,2,20260619_174127,80,63200,64000,800,-4.866613560472596,-3893.2908483780766,-4.866613560472596,-3893.2908483780766,0.0,0.0,190,0.2375,190,0.2375,0,0.0,0,0.0,0,0,0,0,0,0,0,0,0,0,0,3,-62.65410946525367,0.0,0.2068406987090527,2.635333602204014,0.1173074204760744,0.2963739769420309,1.0824662530474325,2.635333602204014,full RL,0.2375
cold_nogate,Cold start no gate,Cold no gate,2,20260619_174127,81,64000,64800,800,-4.851152912788149,-3880.922330230519,-4.851152912788149,-3880.922330230519,0.0,0.0,174,0.2175,174,0.2175,0,0.0,0,0.0,0,0,0,0,0,0,0,0,0,0,0,3,-61.53061992997698,0.0,0.2033038419526307,2.59911976717774,0.1177107897769519,0.2888968941283094,1.0879261955574724,2.59911976717774,full RL,0.2175
cold_nogate,Cold start no gate,Cold no gate,2,20260619_174127,82,64800,65600,800,-4.971016159016235,-3976.812927212988,-4.971016159016235,-3976.812927212988,0.0,0.0,162,0.2025,162,0.2025,0,0.0,0,0.0,0,0,0,0,0,0,0,0,0,0,0,3,-64.19397768313615,0.0,0.2030247209363844,2.6263075701810408,0.1192636649295616,0.2867857769432073,1.1017191928592274,2.6263075701810408,full RL,0.2025
cold_nogate,Cold start no gate,Cold no gate,2,20260619_174127,83,65600,66400,800,-5.805990516676729,-4644.792413341384,-5.805990516676729,-4644.792413341384,0.0,0.0,193,0.24125,193,0.24125,0,0.0,0,0.0,0,0,0,0,0,0,0,0,0,0,0,2,-61.347983335460185,0.0,0.2108703526164027,2.663423758972044,0.124686610206014,0.2970540950267913,1.104674485339721,2.663423758972044,full RL,0.24125
cold_nogate,Cold start no gate,Cold no gate,2,20260619_174127,84,66400,67200,800,-5.2670607351775285,-4213.648588142023,-5.2670607351775285,-4213.648588142023,0.0,0.0,210,0.2625,210,0.2625,0,0.0,0,0.0,0,0,0,0,0,0,0,0,0,0,0,5,-68.99919567770758,0.0,0.2333067402135018,2.6498128268019627,0.1189076312047096,0.347705849222294,1.102777944915291,2.6498128268019627,full RL,0.2625
cold_nogate,Cold start no gate,Cold no gate,2,20260619_174127,85,67200,68000,800,-4.937999886731945,-3950.399909385557,-4.937999886731945,-3950.399909385557,0.0,0.0,229,0.28625,229,0.28625,0,0.0,0,0.0,0,0,0,0,0,0,0,0,0,0,0,4,-68.32692557947428,0.0,0.2053870356242398,2.7416422458533134,0.1191083662547056,0.2916657049937741,1.1024484575692737,2.7416422458533134,full RL,0.28625
cold_nogate,Cold start no gate,Cold no gate,2,20260619_174127,86,68000,68800,800,-4.895699057524876,-3916.559246019901,-4.895699057524876,-3916.559246019901,0.0,0.0,312,0.39,312,0.39,0,0.0,0,0.0,0,0,0,0,0,0,0,0,0,0,0,4,-68.09938460621936,0.0,0.2053054116790155,2.812828541533122,0.1179013844009362,0.2927094389570947,1.0925268326085016,2.812828541533122,full RL,0.39
cold_nogate,Cold start no gate,Cold no gate,2,20260619_174127,87,68800,69600,800,-4.721286633006775,-3777.02930640542,-4.721286633006775,-3777.02930640542,0.0,0.0,289,0.36125,289,0.36125,0,0.0,0,0.0,0,0,0,0,0,0,0,0,0,0,0,3,-59.8774651278577,0.0,0.1918849553246055,2.77769603731349,0.1179478532212696,0.2658220574279414,1.0971351381006738,2.77769603731349,full RL,0.36125
cold_nogate,Cold start no gate,Cold no gate,2,20260619_174127,88,69600,70400,800,-4.722997104836603,-3778.3976838692815,-4.722997104836603,-3778.3976838692815,0.0,0.0,320,0.4,320,0.4,0,0.0,0,0.0,0,0,0,0,0,0,0,0,0,0,0,5,-63.05626914440597,0.0,0.1913687088930758,2.723095477556001,0.1181578666717897,0.264579551114362,1.0995171254447746,2.723095477556001,full RL,0.4
cold_nogate,Cold start no gate,Cold no gate,2,20260619_174127,89,70400,71200,800,-4.748344779654312,-3798.67582372345,-4.748344779654312,-3798.67582372345,0.0,0.0,308,0.385,308,0.385,0,0.0,0,0.0,0,0,0,0,0,0,0,0,0,0,0,6,-62.69085401091456,0.0,0.1935280825282327,2.791840984928683,0.1181274212333056,0.2689287438231599,1.1050008170865295,2.791840984928683,full RL,0.385
cold_nogate,Cold start no gate,Cold no gate,2,20260619_174127,90,71200,72000,800,-4.821962971695342,-3857.5703773562736,-4.821962971695342,-3857.5703773562736,0.0,0.0,371,0.46375,371,0.46375,0,0.0,0,0.0,0,0,0,0,0,0,0,0,0,0,0,6,-61.482807645607295,0.0,0.2016014426577848,2.8255887758091376,0.1176585418322268,0.2855443434833427,1.0932297191690807,2.8255887758091376,full RL,0.46375
cold_nogate,Cold start no gate,Cold no gate,2,20260619_174127,91,72000,72800,800,-4.821819955959854,-3857.4559647678834,-4.821819955959854,-3857.4559647678834,0.0,0.0,363,0.45375,363,0.45375,0,0.0,0,0.0,0,0,0,0,0,0,0,0,0,0,0,8,-58.57121871048855,0.0,0.1984697809148753,2.768589286194185,0.1182341717678111,0.2787053900619396,1.0995055680017352,2.768589286194185,full RL,0.45375
cold_nogate,Cold start no gate,Cold no gate,2,20260619_174127,92,72800,73600,800,-4.808616634297767,-3846.893307438214,-4.808616634297767,-3846.893307438214,0.0,0.0,323,0.40375,323,0.40375,0,0.0,0,0.0,0,0,0,0,0,0,0,0,0,0,0,6,-56.87867260136522,0.0,0.1973276934324501,2.7445556319073035,0.1184953665851245,0.2761600202797757,1.100758060813825,2.7445556319073035,full RL,0.40375
cold_nogate,Cold start no gate,Cold no gate,2,20260619_174127,93,73600,74400,800,-4.776934424480425,-3821.54753958434,-4.776934424480425,-3821.54753958434,0.0,0.0,303,0.37875,303,0.37875,0,0.0,0,0.0,0,0,0,0,0,0,0,0,0,0,0,7,-57.27644687994541,0.0,0.1973865010941278,2.689974837296006,0.117723839659566,0.2770491625286897,1.098115628318047,2.689974837296006,full RL,0.37875
cold_nogate,Cold start no gate,Cold no gate,2,20260619_174127,94,74400,75200,800,-4.912665325463987,-3930.1322603711897,-4.912665325463987,-3930.1322603711897,0.0,0.0,297,0.37125,297,0.37125,0,0.0,0,0.0,0,0,0,0,0,0,0,0,0,0,0,6,-56.65571792653054,0.0,0.2012163506542477,2.7044557710556774,0.1189769708671235,0.283455730441372,1.096642141057934,2.7044557710556774,full RL,0.37125
cold_nogate,Cold start no gate,Cold no gate,2,20260619_174127,95,75200,76000,800,-4.828160148207444,-3862.528118565955,-4.828160148207444,-3862.528118565955,0.0,0.0,212,0.265,212,0.265,0,0.0,0,0.0,0,0,0,0,0,0,0,0,0,0,0,6,-58.98753054767735,0.0,0.1924060729790128,2.66613298431912,0.1200063034265763,0.2648058425314494,1.1138765041817045,2.66613298431912,full RL,0.265
cold_nogate,Cold start no gate,Cold no gate,2,20260619_174127,96,76000,76800,800,-4.771923573050051,-3817.5388584400407,-4.771923573050051,-3817.5388584400407,0.0,0.0,146,0.1825,146,0.1825,0,0.0,0,0.0,0,0,0,0,0,0,0,0,0,0,0,6,-58.692684850844216,0.0,0.1901485037907138,2.614207375571993,0.1195814465159235,0.2607155610655042,1.1085675124737446,2.614207375571993,full RL,0.1825
cold_nogate,Cold start no gate,Cold no gate,2,20260619_174127,97,76800,77600,800,-4.783513328978748,-3826.810663182999,-4.783513328978748,-3826.810663182999,0.0,0.0,164,0.205,164,0.205,0,0.0,0,0.0,0,0,0,0,0,0,0,0,0,0,0,7,-57.75495972000408,0.0,0.1976234305458447,2.600747039713383,0.1181929311527346,0.2770539299389549,1.1036279025771991,2.600747039713383,full RL,0.205
cold_nogate,Cold start no gate,Cold no gate,2,20260619_174127,98,77600,78400,800,-4.87853990851392,-3902.831926811136,-4.87853990851392,-3902.831926811136,0.0,0.0,150,0.1875,150,0.1875,0,0.0,0,0.0,0,0,0,0,0,0,0,0,0,0,0,8,-56.84381904128634,0.0,0.1921496991671931,2.559659983535539,0.1208159646505257,0.2634834336838604,1.0912960242412435,2.559659983535539,full RL,0.1875
cold_nogate,Cold start no gate,Cold no gate,2,20260619_174127,99,78400,79200,800,-4.73528496336456,-3788.227970691648,-4.73528496336456,-3788.227970691648,0.0,0.0,245,0.30625,245,0.30625,0,0.0,0,0.0,0,0,0,0,0,0,0,0,0,0,0,8,-58.87721319180548,0.0,0.1889943158219139,2.546204240524162,0.1191884610747232,0.2588001705691046,1.119192611651338,2.546204240524162,full RL,0.30625
cold_nogate,Cold start no gate,Cold no gate,2,20260619_174127,100,79200,80000,800,-4.698884254068265,-3759.107403254612,-4.698884254068265,-3759.107403254612,0.0,0.0,231,0.28875,231,0.28875,0,0.0,0,0.0,0,0,0,0,0,0,0,0,0,0,0,8,-57.43515986130251,0.0,0.1906955167362396,2.5383027894116594,0.1181876969707475,0.2632033365017316,1.0905388218011542,2.5383027894116594,full RL,0.28875
cold_nogate,Cold start no gate,Cold no gate,2,20260619_174127,101,80000,80800,800,-4.728714148238288,-3782.9713185906303,-4.728714148238288,-3782.9713185906303,0.0,0.0,230,0.2875,230,0.2875,0,0.0,0,0.0,0,0,0,0,0,0,0,0,0,0,0,6,-57.45578864007291,0.0,0.1946816997328843,2.5408181943622026,0.1176887123379512,0.2716746871278173,1.0992201698813222,2.5408181943622026,full RL,0.2875
cold_nogate,Cold start no gate,Cold no gate,2,20260619_174127,102,80800,81600,800,-4.8006133183323785,-3840.490654665903,-4.8006133183323785,-3840.490654665903,0.0,0.0,189,0.23625,189,0.23625,0,0.0,0,0.0,0,0,0,0,0,0,0,0,0,0,0,7,-57.30933421394411,0.0,0.1924580110480742,2.547527604605648,0.1193450656723219,0.2655709564238266,1.093679308214794,2.547527604605648,full RL,0.23625
cold_nogate,Cold start no gate,Cold no gate,2,20260619_174127,103,81600,82400,800,-4.873225745959971,-3898.5805967679767,-4.873225745959971,-3898.5805967679767,0.0,0.0,177,0.22125,177,0.22125,0,0.0,0,0.0,0,0,0,0,0,0,0,0,0,0,0,7,-58.14847217219744,0.0,0.2025231468880112,2.5616570453995,0.1187071980257605,0.2863390957502619,1.1066042819092967,2.5616570453995,full RL,0.22125
cold_nogate,Cold start no gate,Cold no gate,2,20260619_174127,104,82400,83200,800,-4.942507549263124,-3954.006039410499,-4.942507549263124,-3954.006039410499,0.0,0.0,181,0.22625,181,0.22625,0,0.0,0,0.0,0,0,0,0,0,0,0,0,0,0,0,8,-56.77317530471112,0.0,0.2064192965883997,2.587467452464693,0.1189508197711112,0.2938877734056881,1.0968039183057954,2.587467452464693,full RL,0.22625
cold_nogate,Cold start no gate,Cold no gate,2,20260619_174127,105,83200,84000,800,-4.7669097646145575,-3813.527811691646,-4.7669097646145575,-3813.527811691646,0.0,0.0,170,0.2125,170,0.2125,0,0.0,0,0.0,0,0,0,0,0,0,0,0,0,0,0,8,-57.46431131821328,0.0,0.1961576324964903,2.5766263274073253,0.1182891480329692,0.2740261169600114,1.0917363124489805,2.5766263274073253,full RL,0.2125
cold_nogate,Cold start no gate,Cold no gate,2,20260619_174127,106,84000,84800,800,-5.0357674282641405,-4028.613942611312,-5.0357674282641405,-4028.613942611312,0.0,0.0,148,0.185,148,0.185,0,0.0,0,0.0,0,0,0,0,0,0,0,0,0,0,0,7,-57.03642656107877,0.0,0.2175286787993911,2.605325834580128,0.1180834259849716,0.3169739316138106,1.0873234945684036,2.605325834580128,full RL,0.185
cold_nogate,Cold start no gate,Cold no gate,2,20260619_174127,107,84800,85600,800,-4.997683054998516,-3998.146443998813,-4.997683054998516,-3998.146443998813,0.0,0.0,174,0.2175,174,0.2175,0,0.0,0,0.0,0,0,0,0,0,0,0,0,0,0,0,7,-56.832898304391165,0.0,0.2117089453067554,2.64840347417794,0.1187398163506107,0.3046780742629001,1.0952938423142855,2.64840347417794,full RL,0.2175
cold_nogate,Cold start no gate,Cold no gate,2,20260619_174127,108,85600,86400,800,-4.905120924799267,-3924.096739839413,-4.905120924799267,-3924.096739839413,0.0,0.0,291,0.36375,291,0.36375,0,0.0,0,0.0,0,0,0,0,0,0,0,0,0,0,0,7,-57.860406923441815,0.0,0.2055653215508956,2.7303022516086344,0.1182024112070133,0.2929282318947779,1.1053858192974828,2.7303022516086344,full RL,0.36375
cold_nogate,Cold start no gate,Cold no gate,2,20260619_174127,109,86400,87200,800,-4.848620532121259,-3878.896425697008,-4.848620532121259,-3878.896425697008,0.0,0.0,149,0.18625,149,0.18625,0,0.0,0,0.0,0,0,0,0,0,0,0,0,0,0,0,8,-58.28730553021148,0.0,0.2008877862084782,2.6286468186996785,0.1185469236563657,0.2832286487605907,1.097538061107202,2.6286468186996785,full RL,0.18625
cold_nogate,Cold start no gate,Cold no gate,2,20260619_174127,110,87200,88000,800,-5.043648082747166,-4034.918466197733,-5.043648082747166,-4034.918466197733,0.0,0.0,232,0.29,232,0.29,0,0.0,0,0.0,0,0,0,0,0,0,0,0,0,0,0,8,-57.28252768499101,0.0,0.2171723709924758,2.727973284597681,0.1179494537930389,0.3163952881919128,1.0964439425581554,2.727973284597681,full RL,0.29
cold_nogate,Cold start no gate,Cold no gate,2,20260619_174127,111,88000,88800,800,-5.095716925172841,-4076.5735401382726,-5.095716925172841,-4076.5735401382726,0.0,0.0,221,0.27625,221,0.27625,0,0.0,0,0.0,0,0,0,0,0,0,0,0,0,0,0,7,-57.76206369269028,0.0,0.2131750778906825,2.8492959525672177,0.1197013857257835,0.3066487700555815,1.0996437370630718,2.8492959525672177,full RL,0.27625
cold_nogate,Cold start no gate,Cold no gate,2,20260619_174127,112,88800,89600,800,-5.0946647860977246,-4075.73182887818,-5.0946647860977246,-4075.73182887818,0.0,0.0,156,0.195,156,0.195,0,0.0,0,0.0,0,0,0,0,0,0,0,0,0,0,0,6,-59.20036683393505,0.0,0.2167021259425031,2.710467600963227,0.1192058913148888,0.3141983605701176,1.116402036899025,2.710467600963227,full RL,0.195
cold_nogate,Cold start no gate,Cold no gate,2,20260619_174127,113,89600,90400,800,-5.167882924668436,-4134.306339734749,-5.167882924668436,-4134.306339734749,0.0,0.0,329,0.41125,329,0.41125,0,0.0,0,0.0,0,0,0,0,0,0,0,0,0,0,0,7,-57.469962601497286,0.0,0.2221695337964744,2.7845031719600684,0.1185155503770632,0.3258235172158855,1.1002834503599646,2.7845031719600684,full RL,0.41125
cold_nogate,Cold start no gate,Cold no gate,2,20260619_174127,114,90400,91200,800,-4.777191945969541,-3821.753556775633,-4.777191945969541,-3821.753556775633,0.0,0.0,194,0.2425,194,0.2425,0,0.0,0,0.0,0,0,0,0,0,0,0,0,0,0,0,8,-57.118093578076696,0.0,0.1966308198848092,2.5323358842439347,0.1183599374146718,0.2749017023549466,1.1021486840964276,2.5323358842439347,full RL,0.2425
cold_nogate,Cold start no gate,Cold no gate,2,20260619_174127,115,91200,92000,800,-4.991161611745523,-3992.9292893964175,-4.991161611745523,-3992.9292893964175,0.0,0.0,195,0.24375,195,0.24375,0,0.0,0,0.0,0,0,0,0,0,0,0,0,0,0,0,6,-57.937911303115584,0.0,0.2142703111345596,2.542277814847978,0.118101178650171,0.3104394436189482,1.0972418665054748,2.542277814847978,full RL,0.24375
cold_nogate,Cold start no gate,Cold no gate,2,20260619_174127,116,92000,92800,800,-4.814586491536452,-3851.6691932291615,-4.814586491536452,-3851.6691932291615,0.0,0.0,180,0.225,180,0.225,0,0.0,0,0.0,0,0,0,0,0,0,0,0,0,0,0,7,-57.22203011037209,0.0,0.2013862499256478,2.5495963167713853,0.1182231868738413,0.2845493129774543,1.1050630016039484,2.5495963167713853,full RL,0.225
cold_nogate,Cold start no gate,Cold no gate,2,20260619_174127,117,92800,93600,800,-5.077217080085436,-4061.773664068349,-5.077217080085436,-4061.773664068349,0.0,0.0,186,0.2325,186,0.2325,0,0.0,0,0.0,0,0,0,0,0,0,0,0,0,0,0,7,-58.37380051273362,0.0,0.2189962520308699,2.56642520976186,0.1184311622388052,0.3195613418229347,1.105344982572527,2.56642520976186,full RL,0.2325
cold_nogate,Cold start no gate,Cold no gate,2,20260619_174127,118,93600,94400,800,-4.781706196553096,-3825.364957242477,-4.781706196553096,-3825.364957242477,0.0,0.0,177,0.22125,177,0.22125,0,0.0,0,0.0,0,0,0,0,0,0,0,0,0,0,0,7,-56.17993774849697,0.0,0.2013677481724027,2.5998850392115287,0.1174599444443958,0.2852755519004096,1.09380043359434,2.5998850392115287,full RL,0.22125
cold_nogate,Cold start no gate,Cold no gate,2,20260619_174127,119,94400,95200,800,-5.057681353816955,-4046.145083053564,-5.057681353816955,-4046.145083053564,0.0,0.0,167,0.20875,167,0.20875,0,0.0,0,0.0,0,0,0,0,0,0,0,0,0,0,0,8,-57.51741454071191,0.0,0.2195375150204608,2.6498873227736226,0.117875183985278,0.3211998460556436,1.0951014536540122,2.6498873227736226,full RL,0.20875
cold_nogate,Cold start no gate,Cold no gate,2,20260619_174127,120,95200,96000,800,-4.860504369826151,-3888.40349586092,-4.860504369826151,-3888.40349586092,0.0,0.0,189,0.23625,189,0.23625,0,0.0,0,0.0,0,0,0,0,0,0,0,0,0,0,0,6,-57.545976696218304,0.0,0.2065984846812133,2.6633102143703127,0.1178125319992333,0.2953844373631933,1.1021646629989164,2.6633102143703127,full RL,0.23625
cold_nogate,Cold start no gate,Cold no gate,2,20260619_174127,121,96000,96800,800,-5.038144737261706,-4030.515789809365,-5.038144737261706,-4030.515789809365,0.0,0.0,176,0.22,176,0.22,0,0.0,0,0.0,0,0,0,0,0,0,0,0,0,0,0,7,-58.170602968254,0.0,0.2156303783089854,2.6319614404672507,0.1184221187565019,0.3128386378614688,1.0956512286912856,2.6319614404672507,full RL,0.22
cold_nogate,Cold start no gate,Cold no gate,2,20260619_174127,122,96800,97600,800,-4.988160492668044,-3990.528394134435,-4.988160492668044,-3990.528394134435,0.0,0.0,172,0.215,172,0.215,0,0.0,0,0.0,0,0,0,0,0,0,0,0,0,0,0,7,-57.258163247780544,0.0,0.2165954319522432,2.6271157199400363,0.1177383800841353,0.3154524838203512,1.10623726905319,2.6271157199400363,full RL,0.215
cold_nogate,Cold start no gate,Cold no gate,2,20260619_174127,123,97600,98400,800,-5.032329793577177,-4025.863834861742,-5.032329793577177,-4025.863834861742,0.0,0.0,169,0.21125,169,0.21125,0,0.0,0,0.0,0,0,0,0,0,0,0,0,0,0,0,7,-58.21861287319132,0.0,0.2138447475930983,2.593441366391005,0.1189126211216228,0.3087768740645737,1.0971920954306054,2.593441366391005,full RL,0.21125
cold_nogate,Cold start no gate,Cold no gate,2,20260619_174127,124,98400,99200,800,-5.099371661082277,-4079.497328865821,-5.099371661082277,-4079.497328865821,0.0,0.0,190,0.2375,190,0.2375,0,0.0,0,0.0,0,0,0,0,0,0,0,0,0,0,0,8,-58.05693325149264,0.0,0.2241945401622596,2.62111375932102,0.1177802814813452,0.3306087988431739,1.1042447424202848,2.62111375932102,full RL,0.2375
cold_nogate,Cold start no gate,Cold no gate,2,20260619_174127,125,99200,100000,800,-4.84825393673229,-3878.603149385832,-4.84825393673229,-3878.603149385832,0.0,0.0,187,0.23375,187,0.23375,0,0.0,0,0.0,0,0,0,0,0,0,0,0,0,0,0,6,-58.04149380235799,0.0,0.1957458075026273,2.654526031057287,0.1198315864060375,0.2716600285992172,1.0934515847294883,2.654526031057287,full RL,0.23375
cold_nogate,Cold start no gate,Cold no gate,2,20260619_174127,126,100000,100800,800,-5.025776120808129,-4020.620896646504,-5.025776120808129,-4020.620896646504,0.0,0.0,303,0.37875,303,0.37875,0,0.0,0,0.0,0,0,0,0,0,0,0,0,0,0,0,5,-60.037770368389374,0.0,0.2175351714393963,2.6833537436547203,0.1179990284404934,0.3170713144382991,1.1105134062567008,2.6833537436547203,full RL,0.37875
cold_nogate,Cold start no gate,Cold no gate,2,20260619_174127,127,100800,101600,800,-4.930428934843626,-3944.3431478749008,-4.930428934843626,-3944.3431478749008,0.0,0.0,297,0.37125,297,0.37125,0,0.0,0,0.0,0,0,0,0,0,0,0,0,0,0,0,5,-57.88488288033261,0.0,0.2075517990986176,2.685489336914202,0.1187115396515632,0.2963920585456719,1.1000855691523208,2.685489336914202,full RL,0.37125
cold_nogate,Cold start no gate,Cold no gate,2,20260619_174127,128,101600,102400,800,-5.194724074923467,-4155.779259938774,-5.194724074923467,-4155.779259938774,0.0,0.0,310,0.3875,310,0.3875,0,0.0,0,0.0,0,0,0,0,0,0,0,0,0,0,0,7,-58.68236630368688,0.0,0.2308443408268662,2.649669236561408,0.117567120966034,0.3441215606876983,1.1078526097312515,2.649669236561408,full RL,0.3875
cold_nogate,Cold start no gate,Cold no gate,2,20260619_174127,129,102400,103200,800,-5.024759162697141,-4019.807330157712,-5.024759162697141,-4019.807330157712,0.0,0.0,265,0.33125,265,0.33125,0,0.0,0,0.0,0,0,0,0,0,0,0,0,0,0,0,7,-60.14901333387945,0.0,0.2191285701661888,2.7544037291421546,0.1174389493403813,0.3208181909919962,1.1038061152708174,2.7544037291421546,full RL,0.33125
cold_nogate,Cold start no gate,Cold no gate,2,20260619_174127,130,103200,104000,800,-5.075148982811916,-4060.119186249533,-5.075148982811916,-4060.119186249533,0.0,0.0,238,0.2975,238,0.2975,0,0.0,0,0.0,0,0,0,0,0,0,0,0,0,0,0,6,-59.38460046740568,0.0,0.2163454786032886,2.6257993982897574,0.1192371061723687,0.3134538510342086,1.1070886506799091,2.6257993982897574,full RL,0.2975
cold_nogate,Cold start no gate,Cold no gate,2,20260619_174127,131,104000,104800,800,-5.138467109409909,-4110.773687527927,-5.138467109409909,-4110.773687527927,0.0,0.0,198,0.2475,198,0.2475,0,0.0,0,0.0,0,0,0,0,0,0,0,0,0,0,0,6,-58.57398810002837,0.0,0.2271667272882622,2.629574355804152,0.1177575894036565,0.3365758651728679,1.100334236058571,2.629574355804152,full RL,0.2475
cold_nogate,Cold start no gate,Cold no gate,2,20260619_174127,132,104800,105600,800,-5.328718290001384,-4262.974632001107,-5.328718290001384,-4262.974632001107,0.0,0.0,183,0.22875,183,0.22875,0,0.0,0,0.0,0,0,0,0,0,0,0,0,0,0,0,6,-59.976363785470085,0.0,0.2270170078161578,2.621437137721045,0.1211631218246755,0.33287089380764,1.0930225346249358,2.621437137721045,full RL,0.22875
cold_nogate,Cold start no gate,Cold no gate,2,20260619_174127,133,105600,106400,800,-5.189659776051778,-4151.727820841423,-5.189659776051778,-4151.727820841423,0.0,0.0,207,0.25875,207,0.25875,0,0.0,0,0.0,0,0,0,0,0,0,0,0,0,0,0,6,-59.72203059682363,0.0,0.2262025036768935,2.629719673739544,0.1192729570739315,0.3331320502798555,1.1011801133276342,2.629719673739544,full RL,0.25875
cold_nogate,Cold start no gate,Cold no gate,2,20260619_174127,134,106400,107200,800,-4.718426790890636,-3774.741432712509,-4.718426790890636,-3774.741432712509,0.0,0.0,169,0.21125,169,0.21125,0,0.0,0,0.0,0,0,0,0,0,0,0,0,0,0,0,6,-59.2876943655433,0.0,0.1902791034247928,2.5037333584441512,0.1193061894417601,0.2612520174078255,1.0843107759777464,2.5037333584441512,full RL,0.21125
cold_nogate,Cold start no gate,Cold no gate,2,20260619_174127,135,107200,108000,800,-4.818322088258752,-3854.657670607002,-4.818322088258752,-3854.657670607002,0.0,0.0,163,0.20375,163,0.20375,0,0.0,0,0.0,0,0,0,0,0,0,0,0,0,0,0,6,-61.492058503196176,0.0,0.1935503439096556,2.540407511675596,0.1202211119400269,0.2668795758792843,1.119103470711409,2.540407511675596,full RL,0.20375
cold_nogate,Cold start no gate,Cold no gate,2,20260619_174127,136,108000,108800,800,-4.8508327174128905,-3880.6661739303127,-4.8508327174128905,-3880.6661739303127,0.0,0.0,186,0.2325,186,0.2325,0,0.0,0,0.0,0,0,0,0,0,0,0,0,0,0,0,6,-62.287609399673215,0.0,0.2016408122770057,2.6960246879551164,0.1194606758626347,0.2838209486913767,1.116150405916358,2.6960246879551164,full RL,0.2325
cold_nogate,Cold start no gate,Cold no gate,2,20260619_174127,137,108800,109600,800,-4.845039643632768,-3876.031714906215,-4.845039643632768,-3876.031714906215,0.0,0.0,192,0.24,192,0.24,0,0.0,0,0.0,0,0,0,0,0,0,0,0,0,0,0,7,-60.37981647969809,0.0,0.2110325700762215,2.522699947999115,0.1167734826823191,0.3052916574701239,1.0948502437298036,2.522699947999115,full RL,0.24
cold_nogate,Cold start no gate,Cold no gate,2,20260619_174127,138,109600,110400,800,-4.877145440167952,-3901.7163521343614,-4.877145440167952,-3901.7163521343614,0.0,0.0,173,0.21625,173,0.21625,0,0.0,0,0.0,0,0,0,0,0,0,0,0,0,0,0,7,-59.436655757661015,0.0,0.2131342074496919,2.511610244926544,0.1167369633864526,0.3095314515129312,1.093005787149438,2.511610244926544,full RL,0.21625
cold_nogate,Cold start no gate,Cold no gate,2,20260619_174127,139,110400,111200,800,-4.759913311489379,-3807.930649191504,-4.759913311489379,-3807.930649191504,0.0,0.0,161,0.20125,161,0.20125,0,0.0,0,0.0,0,0,0,0,0,0,0,0,0,0,0,6,-59.32386272750864,0.0,0.2008496408225179,2.552217888248151,0.1176985420705423,0.2840007395744935,1.0877334585991285,2.552217888248151,full RL,0.20125
cold_nogate,Cold start no gate,Cold no gate,2,20260619_174127,140,111200,112000,800,-4.345746393228801,-3476.597114583041,-4.345746393228801,-3476.597114583041,0.0,0.0,164,0.205,164,0.205,0,0.0,0,0.0,0,0,0,0,0,0,0,0,0,0,0,8,-58.64746632501419,0.0,0.1821563094653442,2.578254189474535,0.1141880365959242,0.2501245823347642,1.0559381551638274,2.578254189474535,full RL,0.205
cold_nogate,Cold start no gate,Cold no gate,2,20260619_174127,141,112000,112800,800,-4.429973702989588,-3543.9789623916704,-4.429973702989588,-3543.9789623916704,0.0,0.0,153,0.19125,153,0.19125,0,0.0,0,0.0,0,0,0,0,0,0,0,0,0,0,0,6,-62.34363220449791,0.0,0.1856737096729583,2.5635053539735964,0.1151556761544963,0.2561917431914203,1.0731082832086476,2.5635053539735964,full RL,0.19125
cold_nogate,Cold start no gate,Cold no gate,2,20260619_174127,142,112800,113600,800,-4.458838792058404,-3567.071033646723,-4.458838792058404,-3567.071033646723,0.0,0.0,169,0.21125,169,0.21125,0,0.0,0,0.0,0,0,0,0,0,0,0,0,0,0,0,7,-61.01304418349332,0.0,0.1877555732497218,2.5731478501984952,0.1152370849079875,0.2602740615914562,1.0720406503910316,2.5731478501984952,full RL,0.21125
cold_nogate,Cold start no gate,Cold no gate,2,20260619_174127,143,113600,114400,800,-4.616829831326418,-3693.463865061135,-4.616829831326418,-3693.463865061135,0.0,0.0,168,0.21,168,0.21,0,0.0,0,0.0,0,0,0,0,0,0,0,0,0,0,0,6,-62.56393598183956,0.0,0.196693259583934,2.609998374987697,0.1160584043214884,0.2773281148463796,1.0741582053000882,2.609998374987697,full RL,0.21
cold_nogate,Cold start no gate,Cold no gate,2,20260619_174127,144,114400,115200,800,-4.647630671926422,-3718.1045375411377,-4.647630671926422,-3718.1045375411377,0.0,0.0,183,0.22875,183,0.22875,0,0.0,0,0.0,0,0,0,0,0,0,0,0,0,0,0,7,-62.78748824853983,0.0,0.1955366537972004,2.6306814846298607,0.1166975035631279,0.2743758040312729,1.0777244538508757,2.6306814846298607,full RL,0.22875
cold_nogate,Cold start no gate,Cold no gate,2,20260619_174127,145,115200,116000,800,-5.072988693462555,-4058.390954770044,-5.072988693462555,-4058.390954770044,0.0,0.0,197,0.24625,197,0.24625,0,0.0,0,0.0,0,0,0,0,0,0,0,0,0,0,0,7,-62.54801322138189,0.0,0.2190060267939808,2.6460985089174187,0.1188083998354682,0.3192036537524935,1.082207797201196,2.6460985089174187,full RL,0.24625
cold_nogate,Cold start no gate,Cold no gate,2,20260619_174127,146,116000,116800,800,-5.105203472455418,-4084.162777964335,-5.105203472455418,-4084.162777964335,0.0,0.0,335,0.41875,335,0.41875,0,0.0,0,0.0,0,0,0,0,0,0,0,0,0,0,0,6,-62.69364189012151,0.0,0.2197387427252704,2.721547607164553,0.1187360445006894,0.3207414409498514,1.0829561079094456,2.721547607164553,full RL,0.41875
cold_nogate,Cold start no gate,Cold no gate,2,20260619_174127,147,116800,117600,800,-6.078885123778839,-4863.108099023071,-6.078885123778839,-4863.108099023071,0.0,0.0,350,0.4375,350,0.4375,0,0.0,0,0.0,0,0,0,0,0,0,0,0,0,0,0,6,-62.77191406671557,0.0,0.252392774693452,2.890891702680108,0.1256760858061912,0.3791094635807128,1.0808250322507336,2.890891702680108,full RL,0.4375
cold_nogate,Cold start no gate,Cold no gate,2,20260619_174127,148,117600,118400,800,-6.063645323712149,-4850.916258969719,-6.063645323712149,-4850.916258969719,0.0,0.0,221,0.27625,221,0.27625,0,0.0,0,0.0,0,0,0,0,0,0,0,0,0,0,0,4,-64.30118066191847,0.0,0.2370559263016754,2.8121250508399958,0.1306134721213797,0.3434983804819712,1.0890028462773893,2.8121250508399958,full RL,0.27625
cold_nogate,Cold start no gate,Cold no gate,2,20260619_174127,149,118400,119200,800,-4.628726007425684,-3702.980805940547,-4.628726007425684,-3702.980805940547,0.0,0.0,187,0.23375,187,0.23375,0,0.0,0,0.0,0,0,0,0,0,0,0,0,0,0,0,5,-63.4777213843887,0.0,0.1918206821880481,2.6078527512308938,0.1168250592850267,0.2668163050910695,1.085142582430859,2.6078527512308938,full RL,0.23375
cold_nogate,Cold start no gate,Cold no gate,2,20260619_174127,150,119200,120000,800,-4.6721083458969,-3737.68667671752,-4.6721083458969,-3737.68667671752,0.0,0.0,181,0.22625,181,0.22625,0,0.0,0,0.0,0,0,0,0,0,0,0,0,0,0,0,5,-62.64101675987968,0.0,0.201477830884596,2.819724355337541,0.1154590197836641,0.2874966419855279,1.087682688428803,2.819724355337541,full RL,0.22625
cold_nogate,Cold start no gate,Cold no gate,2,20260619_174127,151,120000,120800,800,-4.898864500798751,-3919.0916006390007,-4.898864500798751,-3919.0916006390007,0.0,0.0,220,0.275,220,0.275,0,0.0,0,0.0,0,0,0,0,0,0,0,0,0,0,0,6,-61.76373342688692,0.0,0.2075927226642548,2.7639116909502377,0.1178686843450721,0.2973167609834375,1.0883641322627722,2.7639116909502377,full RL,0.275
cold_nogate,Cold start no gate,Cold no gate,2,20260619_174127,152,120800,121600,800,-4.781519754701998,-3825.215803761598,-4.781519754701998,-3825.215803761598,0.0,0.0,237,0.29625,237,0.29625,0,0.0,0,0.0,0,0,0,0,0,0,0,0,0,0,0,5,-63.32713414055263,0.0,0.2073474567712767,2.674088342271148,0.1157950278318068,0.2988998857107466,1.086478590648074,2.674088342271148,full RL,0.29625
cold_nogate,Cold start no gate,Cold no gate,2,20260619_174127,153,121600,122400,800,-4.547836835452869,-3638.269468362295,-4.547836835452869,-3638.269468362295,0.0,0.0,199,0.24875,199,0.24875,0,0.0,0,0.0,0,0,0,0,0,0,0,0,0,0,0,5,-61.77856080855213,0.0,0.1947511902684698,2.667303145661833,0.114634268791061,0.2748681117458788,1.0896288504040874,2.667303145661833,full RL,0.24875
cold_nogate,Cold start no gate,Cold no gate,2,20260619_174127,154,122400,123200,800,-4.605122157777236,-3684.097726221789,-4.605122157777236,-3684.097726221789,0.0,0.0,182,0.2275,182,0.2275,0,0.0,0,0.0,0,0,0,0,0,0,0,0,0,0,0,5,-61.36217493248853,0.0,0.1878521964525751,2.553855536108585,0.1174296753456248,0.2582747175595253,1.0919772558320018,2.553855536108585,full RL,0.2275
cold_nogate,Cold start no gate,Cold no gate,2,20260619_174127,155,123200,124000,800,-4.527392412074973,-3621.9139296599783,-4.527392412074973,-3621.9139296599783,0.0,0.0,183,0.22875,183,0.22875,0,0.0,0,0.0,0,0,0,0,0,0,0,0,0,0,0,4,-61.07433173154959,0.0,0.1862055776490109,2.540726863666123,0.1167435933730105,0.2556675619250113,1.091018934740076,2.540726863666123,full RL,0.22875
cold_nogate,Cold start no gate,Cold no gate,2,20260619_174127,156,124000,124800,800,-4.448878842031958,-3559.103073625566,-4.448878842031958,-3559.103073625566,0.0,0.0,200,0.25,200,0.25,0,0.0,0,0.0,0,0,0,0,0,0,0,0,0,0,0,4,-62.44491563073211,0.0,0.1829213966279344,2.6160632137048765,0.1158138593823102,0.2500289338735586,1.0887352665447838,2.6160632137048765,full RL,0.25
cold_nogate,Cold start no gate,Cold no gate,2,20260619_174127,157,124800,125600,800,-4.489359977265087,-3591.4879818120694,-4.489359977265087,-3591.4879818120694,0.0,0.0,218,0.2725,218,0.2725,0,0.0,0,0.0,0,0,0,0,0,0,0,0,0,0,0,5,-63.958864505165934,0.0,0.1840146856206105,2.5155590363548868,0.1162158686775044,0.2518135025637165,1.0948283900815323,2.5155590363548868,full RL,0.2725
cold_nogate,Cold start no gate,Cold no gate,2,20260619_174127,158,125600,126400,800,-4.340871055215313,-3472.69684417225,-4.340871055215313,-3472.69684417225,0.0,0.0,330,0.4125,330,0.4125,0,0.0,0,0.0,0,0,0,0,0,0,0,0,0,0,0,5,-60.63810540464988,0.0,0.1731268102311927,2.462968226405508,0.1157299252101518,0.2305236952522336,1.0823915698867084,2.462968226405508,full RL,0.4125
cold_nogate,Cold start no gate,Cold no gate,2,20260619_174127,159,126400,127200,800,-4.344630504775559,-3475.7044038204467,-4.344630504775559,-3475.7044038204467,0.0,0.0,170,0.2125,170,0.2125,0,0.0,0,0.0,0,0,0,0,0,0,0,0,0,0,0,4,-65.29309009787198,0.0,0.1695172846965257,2.499985596116346,0.1169904573724176,0.2220441120206337,1.0969702435325543,2.499985596116346,full RL,0.2125
cold_nogate,Cold start no gate,Cold no gate,2,20260619_174127,160,127200,128000,800,-4.377850972230638,-3502.28077778451,-4.377850972230638,-3502.28077778451,0.0,0.0,177,0.22125,177,0.22125,0,0.0,0,0.0,0,0,0,0,0,0,0,0,0,0,0,4,-64.82571362078602,0.0,0.162118387916906,2.518220420883324,0.1184356103039802,0.2058011655298319,1.0932323083526851,2.518220420883324,full RL,0.22125
cold_nogate,Cold start no gate,Cold no gate,2,20260619_174127,161,128000,128800,800,-4.32861272796479,-3462.8901823718325,-4.32861272796479,-3462.8901823718325,0.0,0.0,66,0.0825,66,0.0825,0,0.0,0,0.0,0,0,0,0,0,0,0,0,0,0,0,5,-66.54345646227762,0.0,0.1639325447511029,2.539683936894619,0.1177804271432396,0.2100846623589662,1.0967925173938666,2.539683936894619,full RL,0.0825
cold_nogate,Cold start no gate,Cold no gate,2,20260619_174127,162,128800,129600,800,-4.2221009060031305,-3377.6807248025043,-4.2221009060031305,-3377.6807248025043,0.0,0.0,40,0.05,40,0.05,0,0.0,0,0.0,0,0,0,0,0,0,0,0,0,0,0,4,-65.3859094757272,0.0,0.1593432680018055,2.5084397299590364,0.1164791378477952,0.2022073981558159,1.0915652011860923,2.5084397299590364,full RL,0.05
cold_nogate,Cold start no gate,Cold no gate,2,20260619_174127,163,129600,130400,800,-4.236649774462956,-3389.319819570365,-4.236649774462956,-3389.319819570365,0.0,0.0,10,0.0125,10,0.0125,0,0.0,0,0.0,0,0,0,0,0,0,0,0,0,0,0,4,-66.50247507070833,0.0,0.1598610806465902,2.554748012249945,0.1168154272073832,0.2029067340857971,1.0977942823455922,2.554748012249945,full RL,0.0125
cold_nogate,Cold start no gate,Cold no gate,2,20260619_174127,164,130400,131200,800,-4.2000507444209605,-3360.0405955367687,-4.2000507444209605,-3360.0405955367687,0.0,0.0,69,0.08625,69,0.08625,0,0.0,0,0.0,0,0,0,0,0,0,0,0,0,0,0,4,-66.23804178738749,0.0,0.1568856410376984,2.524942771835242,0.1164081792447854,0.1973631028306114,1.0837861119818526,2.524942771835242,full RL,0.08625
cold_nogate,Cold start no gate,Cold no gate,2,20260619_174127,165,131200,132000,800,-4.203087592566432,-3362.470074053146,-4.203087592566432,-3362.470074053146,0.0,0.0,116,0.145,116,0.145,0,0.0,0,0.0,0,0,0,0,0,0,0,0,0,0,0,7,-65.50253327810674,0.0,0.158205813501729,2.589052553111628,0.1164693395841292,0.1999422874193289,1.0853247285398306,2.589052553111628,full RL,0.145
cold_nogate,Cold start no gate,Cold no gate,2,20260619_174127,166,132000,132800,800,-4.9741470041557205,-3979.317603324576,-4.9741470041557205,-3979.317603324576,0.0,0.0,13,0.01625,13,0.01625,0,0.0,0,0.0,0,0,0,0,0,0,0,0,0,0,0,9,-64.60360757060607,0.0,0.2084755417473021,2.605421385825992,0.1141885935752424,0.3027624899193618,1.0852271326108718,2.605421385825992,full RL,0.01625
cold_nogate,Cold start no gate,Cold no gate,2,20260619_174127,167,132800,133600,800,-18.293882608905964,-14635.10608712477,-18.293882608905964,-14635.10608712477,0.0,0.0,51,0.06375,51,0.06375,0,0.0,0,0.0,0,0,0,0,0,0,0,0,0,0,0,2,-66.35490291034648,0.0,0.6130988701012382,5.75516841128109,0.1498694288091338,1.0763283113933426,1.2270467598063326,5.75516841128109,full RL,0.06375
cold_nogate,Cold start no gate,Cold no gate,2,20260619_174127,168,133600,134400,800,-5.01306504731906,-4010.452037855248,-5.01306504731906,-4010.452037855248,0.0,0.0,51,0.06375,51,0.06375,0,0.0,0,0.0,0,0,0,0,0,0,0,0,0,0,0,4,-67.30765190857971,0.0,0.2179086882132799,2.4901079145947733,0.1133823566525165,0.3224350197740433,1.0766548630371853,2.4901079145947733,full RL,0.06375
cold_nogate,Cold start no gate,Cold no gate,2,20260619_174127,169,134400,135200,800,-4.382719251731039,-3506.175401384832,-4.382719251731039,-3506.175401384832,0.0,0.0,17,0.02125,17,0.02125,0,0.0,0,0.0,0,0,0,0,0,0,0,0,0,0,0,7,-69.4722710823537,0.0,0.1627750431563688,2.4549041991172658,0.1186334513813686,0.2069166349313689,1.093497577430969,2.4549041991172658,full RL,0.02125
cold_nogate,Cold start no gate,Cold no gate,2,20260619_174127,170,135200,136000,800,-4.2422178709060185,-3393.7742967248146,-4.2422178709060185,-3393.7742967248146,0.0,0.0,29,0.03625,29,0.03625,0,0.0,0,0.0,0,0,0,0,0,0,0,0,0,0,0,6,-66.16367846814819,0.0,0.1565860417079662,2.446093098384779,0.1175027120541996,0.1956693713617328,1.0919258639642218,2.446093098384779,full RL,0.03625
cold_nogate,Cold start no gate,Cold no gate,2,20260619_174127,171,136000,136800,800,-4.248712206577436,-3398.969765261949,-4.248712206577436,-3398.969765261949,0.0,0.0,124,0.155,124,0.155,0,0.0,0,0.0,0,0,0,0,0,0,0,0,0,0,0,6,-67.22066483421293,0.0,0.1600083768079238,2.429779524615526,0.1169983018616088,0.2030184517542388,1.0846299056966506,2.429779524615526,full RL,0.155
cold_nogate,Cold start no gate,Cold no gate,2,20260619_174127,172,136800,137600,800,-4.347974641584101,-3478.379713267281,-4.347974641584101,-3478.379713267281,0.0,0.0,205,0.25625,205,0.25625,0,0.0,0,0.0,0,0,0,0,0,0,0,0,0,0,0,6,-67.50313343126527,0.0,0.1654604062579396,2.391199221827435,0.1177910472698505,0.2131297652460287,1.088268877347501,2.391199221827435,full RL,0.25625
cold_nogate,Cold start no gate,Cold no gate,2,20260619_174127,173,137600,138400,800,-4.248631872207706,-3398.9054977661644,-4.248631872207706,-3398.9054977661644,0.0,0.0,185,0.23125,185,0.23125,0,0.0,0,0.0,0,0,0,0,0,0,0,0,0,0,0,7,-67.0281284142369,0.0,0.1624049967456277,2.436157672052559,0.1166258535558332,0.2081841399354221,1.085533631273412,2.436157672052559,full RL,0.23125
cold_nogate,Cold start no gate,Cold no gate,2,20260619_174127,174,138400,139200,800,-4.126413095957744,-3301.1304767661954,-4.126413095957744,-3301.1304767661954,0.0,0.0,189,0.23625,189,0.23625,0,0.0,0,0.0,0,0,0,0,0,0,0,0,0,0,0,7,-67.37166130941955,0.0,0.1601749160143056,2.439041728095731,0.1148572860929876,0.2054925459356237,1.0788085174353963,2.439041728095731,full RL,0.23625
cold_nogate,Cold start no gate,Cold no gate,2,20260619_174127,175,139200,140000,800,-4.163582495617066,-3330.865996493653,-4.163582495617066,-3330.865996493653,0.0,0.0,122,0.1525,122,0.1525,0,0.0,0,0.0,0,0,0,0,0,0,0,0,0,0,0,6,-68.14860978279478,0.0,0.1576220700931937,2.489274275686,0.1158112801492494,0.199432860037138,1.088084619931137,2.489274275686,full RL,0.1525
cold_nogate,Cold start no gate,Cold no gate,2,20260619_174127,176,140000,140800,800,-4.146045408343898,-3316.8363266751185,-4.146045408343898,-3316.8363266751185,0.0,0.0,22,0.0275,22,0.0275,0,0.0,0,0.0,0,0,0,0,0,0,0,0,0,0,0,6,-67.89395851692746,0.0,0.1569224978165116,2.5298397785084035,0.1157764549855957,0.1980685406474275,1.089500712851926,2.5298397785084035,full RL,0.0275
cold_nogate,Cold start no gate,Cold no gate,2,20260619_174127,177,140800,141600,800,-4.142071879508406,-3313.657503606725,-4.142071879508406,-3313.657503606725,0.0,0.0,41,0.05125,41,0.05125,0,0.0,0,0.0,0,0,0,0,0,0,0,0,0,0,0,6,-69.03942023580396,0.0,0.1556245978537516,2.544445285477707,0.116098770880682,0.1951504248268211,1.0923503952617546,2.544445285477707,full RL,0.05125
cold_nogate,Cold start no gate,Cold no gate,2,20260619_174127,178,141600,142400,800,-4.100824601365363,-3280.6596810922906,-4.100824601365363,-3280.6596810922906,0.0,0.0,19,0.02375,19,0.02375,0,0.0,0,0.0,0,0,0,0,0,0,0,0,0,0,0,6,-68.79946201312498,0.0,0.1559448077215988,2.569190862272592,0.1156395691442384,0.1962500462989592,1.0963765465488071,2.569190862272592,full RL,0.02375
cold_nogate,Cold start no gate,Cold no gate,2,20260619_174127,179,142400,143200,800,-4.122061961996941,-3297.6495695975527,-4.122061961996941,-3297.6495695975527,0.0,0.0,15,0.01875,15,0.01875,0,0.0,0,0.0,0,0,0,0,0,0,0,0,0,0,0,6,-70.20781867709115,0.0,0.1567317944978555,2.56428711905653,0.1157104505071091,0.1977531384886018,1.0999729450966784,2.56428711905653,full RL,0.01875
cold_nogate,Cold start no gate,Cold no gate,2,20260619_174127,180,143200,144000,800,-4.105737244032958,-3284.5897952263663,-4.105737244032958,-3284.5897952263663,0.0,0.0,11,0.01375,11,0.01375,0,0.0,0,0.0,0,0,0,0,0,0,0,0,0,0,0,6,-67.12945774102434,0.0,0.1551864706436949,2.576743738285245,0.1159019693173659,0.1944709719700239,1.0889607099697232,2.576743738285245,full RL,0.01375
cold_nogate,Cold start no gate,Cold no gate,2,20260619_174127,181,144000,144800,800,-4.114611772723515,-3291.689418178812,-4.114611772723515,-3291.689418178812,0.0,0.0,13,0.01625,13,0.01625,0,0.0,0,0.0,0,0,0,0,0,0,0,0,0,0,0,5,-67.28059017435976,0.0,0.1561918758175297,2.568808360011701,0.1159278712450216,0.1964558803900379,1.0891096700857488,2.568808360011701,full RL,0.01625
cold_nogate,Cold start no gate,Cold no gate,2,20260619_174127,182,144800,145600,800,-4.154775852422135,-3323.8206819377074,-4.154775852422135,-3323.8206819377074,0.0,0.0,18,0.0225,18,0.0225,0,0.0,0,0.0,0,0,0,0,0,0,0,0,0,0,0,5,-66.85780744932413,0.0,0.1567705936041411,2.5709870390167,0.1163337335560742,0.197207453652208,1.0907482329017983,2.5709870390167,full RL,0.0225
cold_nogate,Cold start no gate,Cold no gate,2,20260619_174127,183,145600,146400,800,-4.143001333064211,-3314.401066451369,-4.143001333064211,-3314.401066451369,0.0,0.0,30,0.0375,30,0.0375,0,0.0,0,0.0,0,0,0,0,0,0,0,0,0,0,0,5,-67.8639000579285,0.0,0.1596724759219047,2.549404358250854,0.115637210741582,0.2037077411022274,1.0931752633609682,2.549404358250854,full RL,0.0375
cold_nogate,Cold start no gate,Cold no gate,2,20260619_174127,184,146400,147200,800,-4.119058696408571,-3295.2469571268566,-4.119058696408571,-3295.2469571268566,0.0,0.0,25,0.03125,25,0.03125,0,0.0,0,0.0,0,0,0,0,0,0,0,0,0,0,0,6,-67.34801706172493,0.0,0.1595154476127524,2.491056756032662,0.1150013551686359,0.2040295400568688,1.0886272567815718,2.491056756032662,full RL,0.03125
cold_nogate,Cold start no gate,Cold no gate,2,20260619_174127,185,147200,148000,800,-3.976280521226672,-3181.0244169813377,-3.976280521226672,-3181.0244169813377,0.0,0.0,20,0.025,20,0.025,0,0.0,0,0.0,0,0,0,0,0,0,0,0,0,0,0,6,-67.30670146890577,0.0,0.1558739412466587,2.477572574506894,0.1128235990373149,0.1989242834560025,1.0861527503137671,2.477572574506894,full RL,0.025
cold_nogate,Cold start no gate,Cold no gate,2,20260619_174127,186,148000,148800,800,-4.029110573656661,-3223.288458925329,-4.029110573656661,-3223.288458925329,0.0,0.0,50,0.0625,50,0.0625,0,0.0,0,0.0,0,0,0,0,0,0,0,0,0,0,0,6,-66.83581677434586,0.0,0.1578301552011983,2.5000663972803068,0.1135316962260631,0.2021286141763336,1.0816078830587914,2.5000663972803068,full RL,0.0625
cold_nogate,Cold start no gate,Cold no gate,2,20260619_174127,187,148800,149600,800,-4.201343134079489,-3361.0745072635914,-4.201343134079489,-3361.0745072635914,0.0,0.0,51,0.06375,51,0.06375,0,0.0,0,0.0,0,0,0,0,0,0,0,0,0,0,0,7,-67.8374177751582,0.0,0.1650776406800664,2.497095021244604,0.1152765205349118,0.2148787608252211,1.0843446441682585,2.497095021244604,full RL,0.06375
cold_nogate,Cold start no gate,Cold no gate,2,20260619_174127,188,149600,150400,800,-4.16083979799511,-3328.671838396088,-4.16083979799511,-3328.671838396088,0.0,0.0,66,0.0825,66,0.0825,0,0.0,0,0.0,0,0,0,0,0,0,0,0,0,0,0,7,-66.94729551838702,0.0,0.1603317239180605,2.490346575039723,0.1153893196597092,0.2052741281764117,1.083984021081938,2.490346575039723,full RL,0.0825
cold_nogate,Cold start no gate,Cold no gate,2,20260619_174127,189,150400,151200,800,-4.09062425896432,-3272.4994071714564,-4.09062425896432,-3272.4994071714564,0.0,0.0,31,0.03875,31,0.03875,0,0.0,0,0.0,0,0,0,0,0,0,0,0,0,0,0,7,-66.69870642191722,0.0,0.160929239047543,2.5051418811141843,0.1140156160378623,0.2078428620572238,1.0773748685145108,2.5051418811141843,full RL,0.03875
cold_nogate,Cold start no gate,Cold no gate,2,20260619_174127,190,151200,152000,800,-4.20908945913303,-3367.271567306424,-4.20908945913303,-3367.271567306424,0.0,0.0,86,0.1075,86,0.1075,0,0.0,0,0.0,0,0,0,0,0,0,0,0,0,0,0,7,-67.40200769452258,0.0,0.1642515487627621,2.494350438889967,0.1157252655676771,0.2127778319578472,1.083312423903498,2.494350438889967,full RL,0.1075
cold_nogate,Cold start no gate,Cold no gate,2,20260619_174127,191,152000,152800,800,-4.185217704975183,-3348.174163980146,-4.185217704975183,-3348.174163980146,0.0,0.0,35,0.04375,35,0.04375,0,0.0,0,0.0,0,0,0,0,0,0,0,0,0,0,0,6,-67.8276377835981,0.0,0.1629449394538378,2.505541120129408,0.1153011490192849,0.2105887298883906,1.0803469850696312,2.505541120129408,full RL,0.04375
cold_nogate,Cold start no gate,Cold no gate,2,20260619_174127,192,152800,153600,800,-4.213368196112317,-3370.694556889853,-4.213368196112317,-3370.694556889853,0.0,0.0,83,0.10375,83,0.10375,0,0.0,0,0.0,0,0,0,0,0,0,0,0,0,0,0,5,-66.95227113609792,0.0,0.1629833680593934,2.4831207617978066,0.1157326959878352,0.2102340401309516,1.0819757426609606,2.4831207617978066,full RL,0.10375
cold_nogate,Cold start no gate,Cold no gate,2,20260619_174127,193,153600,154400,800,-4.136725308739045,-3309.380246991236,-4.136725308739045,-3309.380246991236,0.0,0.0,53,0.06625,53,0.06625,0,0.0,0,0.0,0,0,0,0,0,0,0,0,0,0,0,6,-66.77888217364182,0.0,0.1610492934952671,2.515101361324241,0.114739652869027,0.2073589341215071,1.0782787893479218,2.515101361324241,full RL,0.06625
cold_nogate,Cold start no gate,Cold no gate,2,20260619_174127,194,154400,155200,800,-4.174250316237873,-3339.4002529902987,-4.174250316237873,-3339.4002529902987,0.0,0.0,40,0.05,40,0.05,0,0.0,0,0.0,0,0,0,0,0,0,0,0,0,0,0,5,-66.87407485228562,0.0,0.1616685173494188,2.496907621114019,0.115161560326127,0.2081754743727107,1.0815880459791,2.496907621114019,full RL,0.05
cold_nogate,Cold start no gate,Cold no gate,2,20260619_174127,195,155200,156000,800,-4.198024256104008,-3358.419404883206,-4.198024256104008,-3358.419404883206,0.0,0.0,62,0.0775,62,0.0775,0,0.0,0,0.0,0,0,0,0,0,0,0,0,0,0,0,5,-66.43805468912103,0.0,0.1616775535522157,2.496722104103185,0.1157115461247536,0.2076435609796779,1.085514888713965,2.496722104103185,full RL,0.0775
cold_nogate,Cold start no gate,Cold no gate,2,20260619_174127,196,156000,156800,800,-4.189886442659586,-3351.9091541276684,-4.189886442659586,-3351.9091541276684,0.0,0.0,92,0.115,92,0.115,0,0.0,0,0.0,0,0,0,0,0,0,0,0,0,0,0,5,-66.88301408020538,0.0,0.1640570381659827,2.4825003412728397,0.1151612193441894,0.2129528569877759,1.0814359332174046,2.4825003412728397,full RL,0.115
cold_nogate,Cold start no gate,Cold no gate,2,20260619_174127,197,156800,157600,800,-4.1181609660703415,-3294.528772856273,-4.1181609660703415,-3294.528772856273,0.0,0.0,71,0.08875,71,0.08875,0,0.0,0,0.0,0,0,0,0,0,0,0,0,0,0,0,5,-66.49088443156813,0.0,0.1624694756857374,2.4843580900534903,0.1139031128782683,0.2110358384932065,1.0732746838432266,2.4843580900534903,full RL,0.08875
cold_nogate,Cold start no gate,Cold no gate,2,20260619_174127,198,157600,158400,800,-4.197463241384714,-3357.9705931077715,-4.197463241384714,-3357.9705931077715,0.0,0.0,86,0.1075,86,0.1075,0,0.0,0,0.0,0,0,0,0,0,0,0,0,0,0,0,6,-65.98088152809203,0.0,0.1642516610309123,2.5112433795566176,0.1150902265635847,0.2134130954982399,1.0803242850574848,2.5112433795566176,full RL,0.1075
cold_nogate,Cold start no gate,Cold no gate,2,20260619_174127,199,158400,159200,800,-4.249373187573966,-3399.498550059173,-4.249373187573966,-3399.498550059173,0.0,0.0,88,0.11,88,0.11,0,0.0,0,0.0,0,0,0,0,0,0,0,0,0,0,0,5,-67.34733513729986,0.0,0.1631542106659448,2.5041727001480467,0.1163722525378058,0.2099361687940837,1.0909268160723775,2.5041727001480467,full RL,0.11
cold_nogate,Cold start no gate,Cold no gate,2,20260619_174127,200,159200,160000,800,-4.168377585517379,-3334.702068413903,-4.168377585517379,-3334.702068413903,0.0,0.0,78,0.0975,78,0.0975,0,0.0,0,0.0,0,0,0,0,0,0,0,0,0,0,0,5,-65.65648034643743,0.0,0.1610592989834775,2.466098099824876,0.115186099468502,0.206932498498453,1.0848716380716596,2.466098099824876,full RL,0.0975
cold_nogate,Cold start no gate,Cold no gate,2,20260619_174127,201,160000,160800,800,-4.163014287192627,-3330.4114297541014,-4.163014287192627,-3330.4114297541014,0.0,0.0,144,0.18,144,0.18,0,0.0,0,0.0,0,0,0,0,0,0,0,0,0,0,0,5,-66.19754759148839,0.0,0.1619568265595057,2.467543524627729,0.1150150772759001,0.2088985758431112,1.0817852681763456,2.467543524627729,full RL,0.18
cold_nogate,Cold start no gate,Cold no gate,2,20260619_174127,202,160800,161600,800,-4.137567483219583,-3310.0539865756664,-4.137567483219583,-3310.0539865756664,0.0,0.0,78,0.0975,78,0.0975,0,0.0,0,0.0,0,0,0,0,0,0,0,0,0,0,0,6,-66.40901960828637,0.0,0.1584994138203646,2.4681564971174907,0.1152159118241939,0.2017829158165352,1.0831467008532845,2.4681564971174907,full RL,0.0975
cold_nogate,Cold start no gate,Cold no gate,2,20260619_174127,203,161600,162400,800,-4.196305716451495,-3357.044573161196,-4.196305716451495,-3357.044573161196,0.0,0.0,145,0.18125,145,0.18125,0,0.0,0,0.0,0,0,0,0,0,0,0,0,0,0,0,5,-66.96904766392402,0.0,0.1612660638832361,2.481329002213556,0.1157012403466975,0.2068308874197748,1.0869579732054206,2.481329002213556,full RL,0.18125
cold_nogate,Cold start no gate,Cold no gate,2,20260619_174127,204,162400,163200,800,-4.118787727758899,-3295.0301822071187,-4.118787727758899,-3295.0301822071187,0.0,0.0,140,0.175,140,0.175,0,0.0,0,0.0,0,0,0,0,0,0,0,0,0,0,0,5,-66.92411362980533,0.0,0.16054819543863,2.457525678352795,0.114346470060708,0.206749920816552,1.07406573174366,2.457525678352795,full RL,0.175
cold_nogate,Cold start no gate,Cold no gate,2,20260619_174127,205,163200,164000,800,-4.203275303418293,-3362.6202427346343,-4.203275303418293,-3362.6202427346343,0.0,0.0,146,0.1825,146,0.1825,0,0.0,0,0.0,0,0,0,0,0,0,0,0,0,0,0,5,-66.6951938470421,0.0,0.1599068726160645,2.470498853692675,0.1158402495781934,0.2039734956539357,1.0845808552048255,2.470498853692675,full RL,0.1825
cold_nogate,Cold start no gate,Cold no gate,2,20260619_174127,206,164000,164800,800,-4.15800662525017,-3326.4053002001365,-4.15800662525017,-3326.4053002001365,0.0,0.0,78,0.0975,78,0.0975,0,0.0,0,0.0,0,0,0,0,0,0,0,0,0,0,0,5,-65.58896335852023,0.0,0.1602560628215903,2.519967326083588,0.1152430951492053,0.2052690304939753,1.0838966382101076,2.519967326083588,full RL,0.0975
cold_nogate,Cold start no gate,Cold no gate,2,20260619_174127,207,164800,165600,800,-4.203216559986771,-3362.573247989417,-4.203216559986771,-3362.573247989417,0.0,0.0,39,0.04875,39,0.04875,0,0.0,0,0.0,0,0,0,0,0,0,0,0,0,0,0,5,-66.23511749386057,0.0,0.1621226705038919,2.5126610051843272,0.1156593101683538,0.2085860308394301,1.081904165772675,2.5126610051843272,full RL,0.04875
cold_nogate,Cold start no gate,Cold no gate,2,20260619_174127,208,165600,166400,800,-4.146241183880196,-3316.9929471041573,-4.146241183880196,-3316.9929471041573,0.0,0.0,30,0.0375,30,0.0375,0,0.0,0,0.0,0,0,0,0,0,0,0,0,0,0,0,6,-66.02226276880776,0.0,0.1599570837173005,2.534231217784054,0.1153402746802778,0.2045738927543231,1.079006207472348,2.534231217784054,full RL,0.0375
cold_nogate,Cold start no gate,Cold no gate,2,20260619_174127,209,166400,167200,800,-4.160596024715455,-3328.476819772364,-4.160596024715455,-3328.476819772364,0.0,0.0,19,0.02375,19,0.02375,0,0.0,0,0.0,0,0,0,0,0,0,0,0,0,0,0,6,-65.86283820529297,0.0,0.1610825552158094,2.5615392799391543,0.1154342442163652,0.2067308662152535,1.0782246514536695,2.5615392799391543,full RL,0.02375
cold_nogate,Cold start no gate,Cold no gate,2,20260619_174127,210,167200,168000,800,-4.100222132926304,-3280.177706341044,-4.100222132926304,-3280.177706341044,0.0,0.0,60,0.075,60,0.075,0,0.0,0,0.0,0,0,0,0,0,0,0,0,0,0,0,6,-66.0191081209656,0.0,0.1577184123320771,2.5316313441666125,0.1148638411111343,0.2005729835530199,1.075123539635428,2.5316313441666125,full RL,0.075
cold_nogate,Cold start no gate,Cold no gate,2,20260619_174127,211,168000,168800,800,-4.088745870014255,-3270.996696011404,-4.088745870014255,-3270.996696011404,0.0,0.0,80,0.1,80,0.1,0,0.0,0,0.0,0,0,0,0,0,0,0,0,0,0,0,6,-65.55475087785635,0.0,0.1583281267335784,2.562043116303016,0.1146746665406807,0.2019815869264762,1.0740208997507326,2.562043116303016,full RL,0.1
cold_nogate,Cold start no gate,Cold no gate,2,20260619_174127,212,168800,169600,800,-4.089061199493539,-3271.248959594831,-4.089061199493539,-3271.248959594831,0.0,0.0,79,0.09875,79,0.09875,0,0.0,0,0.0,0,0,0,0,0,0,0,0,0,0,0,6,-65.64849168548665,0.0,0.1579142224016763,2.557837794940326,0.1149026605752094,0.2009257842281432,1.079111473624264,2.557837794940326,full RL,0.09875
cold_nogate,Cold start no gate,Cold no gate,2,20260619_174127,213,169600,170400,800,-4.053644204989216,-3242.915363991373,-4.053644204989216,-3242.915363991373,0.0,0.0,40,0.05,40,0.05,0,0.0,0,0.0,0,0,0,0,0,0,0,0,0,0,0,6,-65.11346067692716,0.0,0.1566809078952276,2.556726838062048,0.1143077794533824,0.1990540363370727,1.072133685449741,2.556726838062048,full RL,0.05
cold_nogate,Cold start no gate,Cold no gate,2,20260619_174127,214,170400,171200,800,-4.0506749538280005,-3240.5399630624,-4.0506749538280005,-3240.5399630624,0.0,0.0,11,0.01375,11,0.01375,0,0.0,0,0.0,0,0,0,0,0,0,0,0,0,0,0,6,-66.98147842368076,0.0,0.1558265994912263,2.5823564656366784,0.1149462763364413,0.1967069226460113,1.0786460514956446,2.5823564656366784,full RL,0.01375
cold_nogate,Cold start no gate,Cold no gate,2,20260619_174127,215,171200,172000,800,-4.144155653751007,-3315.324523000805,-4.144155653751007,-3315.324523000805,0.0,0.0,13,0.01625,13,0.01625,0,0.0,0,0.0,0,0,0,0,0,0,0,0,0,0,0,6,-66.93464375292797,0.0,0.1579109697041391,2.6156758647084644,0.1161822049268809,0.1996397344813974,1.08782110849365,2.6156758647084644,full RL,0.01625
cold_nogate,Cold start no gate,Cold no gate,2,20260619_174127,216,172000,172800,800,-4.091521670427712,-3273.2173363421693,-4.091521670427712,-3273.2173363421693,0.0,0.0,13,0.01625,13,0.01625,0,0.0,0,0.0,0,0,0,0,0,0,0,0,0,0,0,6,-67.1594404450617,0.0,0.1554098590112723,2.573813106596674,0.1154605809248457,0.1953591370976989,1.0815054859094255,2.573813106596674,full RL,0.01625
cold_nogate,Cold start no gate,Cold no gate,2,20260619_174127,217,172800,173600,800,-4.123041878686265,-3298.433502949012,-4.123041878686265,-3298.433502949012,0.0,0.0,11,0.01375,11,0.01375,0,0.0,0,0.0,0,0,0,0,0,0,0,0,0,0,0,6,-67.77115804276411,0.0,0.1562720271966594,2.568778744604117,0.1158493068145584,0.1966947475787603,1.0863070938125197,2.568778744604117,full RL,0.01375
cold_nogate,Cold start no gate,Cold no gate,2,20260619_174127,218,173600,174400,800,-4.10481152160906,-3283.8492172872475,-4.10481152160906,-3283.8492172872475,0.0,0.0,7,0.00875,7,0.00875,0,0.0,0,0.0,0,0,0,0,0,0,0,0,0,0,0,6,-68.09148771668106,0.0,0.1549776448744209,2.5540550211267146,0.1158971008217069,0.1940581889271349,1.0851796120280368,2.5540550211267146,full RL,0.00875
cold_nogate,Cold start no gate,Cold no gate,2,20260619_174127,219,174400,175200,800,-4.107966591864445,-3286.373273491556,-4.107966591864445,-3286.373273491556,0.0,0.0,12,0.015,12,0.015,0,0.0,0,0.0,0,0,0,0,0,0,0,0,0,0,0,6,-67.59177925963309,0.0,0.1550268387139399,2.566465692419399,0.1159394328435588,0.194114244584321,1.0876697823106531,2.566465692419399,full RL,0.015
cold_nogate,Cold start no gate,Cold no gate,2,20260619_174127,220,175200,176000,800,-4.128486861411436,-3302.789489129149,-4.128486861411436,-3302.789489129149,0.0,0.0,10,0.0125,10,0.0125,0,0.0,0,0.0,0,0,0,0,0,0,0,0,0,0,0,5,-68.02689931241787,0.0,0.1564261498245946,2.54833304603153,0.1159044212435858,0.1969478784056034,1.0882369974861,2.54833304603153,full RL,0.0125
cold_nogate,Cold start no gate,Cold no gate,2,20260619_174127,221,176000,176800,800,-4.132029153926003,-3305.6233231408023,-4.132029153926003,-3305.6233231408023,0.0,0.0,12,0.015,12,0.015,0,0.0,0,0.0,0,0,0,0,0,0,0,0,0,0,0,6,-67.94515363908454,0.0,0.1560121273711469,2.569097605372008,0.1161335188642744,0.1958907358780194,1.0866603393228988,2.569097605372008,full RL,0.015
cold_nogate,Cold start no gate,Cold no gate,2,20260619_174127,222,176800,177600,800,-4.142414129566527,-3313.931303653221,-4.142414129566527,-3313.931303653221,0.0,0.0,12,0.015,12,0.015,0,0.0,0,0.0,0,0,0,0,0,0,0,0,0,0,0,6,-67.62354003431051,0.0,0.1552529261721238,2.536386306219242,0.1161309584743812,0.1943748938698664,1.0887754881600715,2.536386306219242,full RL,0.015
cold_nogate,Cold start no gate,Cold no gate,2,20260619_174127,223,177600,178400,800,-4.138019952203294,-3310.415961762635,-4.138019952203294,-3310.415961762635,0.0,0.0,12,0.015,12,0.015,0,0.0,0,0.0,0,0,0,0,0,0,0,0,0,0,0,6,-66.81555715149943,0.0,0.15556927979053,2.534993134201841,0.1159156826031584,0.1952228769779016,1.0874932371311066,2.534993134201841,full RL,0.015
cold_nogate,Cold start no gate,Cold no gate,2,20260619_174127,224,178400,179200,800,-4.110773453705708,-3288.618762964566,-4.110773453705708,-3288.618762964566,0.0,0.0,10,0.0125,10,0.0125,0,0.0,0,0.0,0,0,0,0,0,0,0,0,0,0,0,6,-67.14752363642708,0.0,0.1556306333859733,2.540188549285574,0.1156915876371142,0.1955696791348325,1.08407857083106,2.540188549285574,full RL,0.0125
cold_nogate,Cold start no gate,Cold no gate,2,20260619_174127,225,179200,180000,800,-4.1104472497331175,-3288.357799786494,-4.1104472497331175,-3288.357799786494,0.0,0.0,10,0.0125,10,0.0125,0,0.0,0,0.0,0,0,0,0,0,0,0,0,0,0,0,6,-68.13214511196577,0.0,0.154940601501118,2.553346855581765,0.1159133922285797,0.1939678107736562,1.0850937058292716,2.553346855581765,full RL,0.0125
cold_nogate,Cold start no gate,Cold no gate,2,20260619_174127,226,180000,180800,800,-4.118069224571604,-3294.455379657284,-4.118069224571604,-3294.455379657284,0.0,0.0,13,0.01625,13,0.01625,0,0.0,0,0.0,0,0,0,0,0,0,0,0,0,0,0,6,-67.41856119475244,0.0,0.1549955104225184,2.5531240918501226,0.1159726304629354,0.1940183903821014,1.085217298268335,2.5531240918501226,full RL,0.01625
cold_nogate,Cold start no gate,Cold no gate,2,20260619_174127,227,180800,181600,800,-4.078683314162124,-3262.946651329699,-4.078683314162124,-3262.946651329699,0.0,0.0,9,0.01125,9,0.01125,0,0.0,0,0.0,0,0,0,0,0,0,0,0,0,0,0,7,-67.56333424526281,0.0,0.1545375526456077,2.560302125661167,0.1156529583090813,0.1934221469821342,1.0830260980847992,2.560302125661167,full RL,0.01125
cold_nogate,Cold start no gate,Cold no gate,2,20260619_174127,228,181600,182400,800,-4.136833814462437,-3309.46705156995,-4.136833814462437,-3309.46705156995,0.0,0.0,8,0.01,8,0.01,0,0.0,0,0.0,0,0,0,0,0,0,0,0,0,0,0,5,-67.44308575883974,0.0,0.1582966803365321,2.5579268097425825,0.1158785076566296,0.2007148530164346,1.0841618319996351,2.5579268097425825,full RL,0.01
cold_nogate,Cold start no gate,Cold no gate,2,20260619_174127,229,182400,183200,800,-4.0572579369312045,-3245.8063495449637,-4.0572579369312045,-3245.8063495449637,0.0,0.0,10,0.0125,10,0.0125,0,0.0,0,0.0,0,0,0,0,0,0,0,0,0,0,0,6,-66.54456455279274,0.0,0.1544226034951143,2.575215529376294,0.115333639590098,0.1935115674001307,1.0830858152081482,2.575215529376294,full RL,0.0125
cold_nogate,Cold start no gate,Cold no gate,2,20260619_174127,230,183200,184000,800,-4.100914194241331,-3280.731355393065,-4.100914194241331,-3280.731355393065,0.0,0.0,12,0.015,12,0.015,0,0.0,0,0.0,0,0,0,0,0,0,0,0,0,0,0,6,-66.18860683121522,0.0,0.1553050085949588,2.5691748555582308,0.1158281209180084,0.1947818962719092,1.0848562710867822,2.5691748555582308,full RL,0.015
cold_nogate,Cold start no gate,Cold no gate,2,20260619_174127,231,184000,184800,800,-4.158101124092219,-3326.480899273776,-4.158101124092219,-3326.480899273776,0.0,0.0,12,0.015,12,0.015,0,0.0,0,0.0,0,0,0,0,0,0,0,0,0,0,0,7,-67.41755352888333,0.0,0.1561798693692956,2.559013993842996,0.1161421029551179,0.1962176357834734,1.085817525557006,2.559013993842996,full RL,0.015
cold_nogate,Cold start no gate,Cold no gate,2,20260619_174127,232,184800,185600,800,-4.132580259753985,-3306.0642078031883,-4.132580259753985,-3306.0642078031883,0.0,0.0,10,0.0125,10,0.0125,0,0.0,0,0.0,0,0,0,0,0,0,0,0,0,0,0,6,-67.92942134474742,0.0,0.1563257367255606,2.5771661463446662,0.1161926552917107,0.1964588181594105,1.0837850718316893,2.5771661463446662,full RL,0.0125
cold_nogate,Cold start no gate,Cold no gate,2,20260619_174127,233,185600,186400,800,-4.129975594767827,-3303.980475814262,-4.129975594767827,-3303.980475814262,0.0,0.0,10,0.0125,10,0.0125,0,0.0,0,0.0,0,0,0,0,0,0,0,0,0,0,0,6,-68.37458630052856,0.0,0.155250485036303,2.582012471068481,0.1165942219721157,0.1939067481004903,1.0892691403439465,2.582012471068481,full RL,0.0125
cold_nogate,Cold start no gate,Cold no gate,2,20260619_174127,234,186400,187200,800,-4.103912185705439,-3283.129748564351,-4.103912185705439,-3283.129748564351,0.0,0.0,10,0.0125,10,0.0125,0,0.0,0,0.0,0,0,0,0,0,0,0,0,0,0,0,6,-67.65057672958824,0.0,0.1549264886016607,2.559308263997025,0.1161960902981538,0.1936568869051675,1.088550646400376,2.559308263997025,full RL,0.0125
cold_nogate,Cold start no gate,Cold no gate,2,20260619_174127,235,187200,188000,800,-4.123809418811644,-3299.047535049315,-4.123809418811644,-3299.047535049315,0.0,0.0,8,0.01,8,0.01,0,0.0,0,0.0,0,0,0,0,0,0,0,0,0,0,0,7,-68.50499771125374,0.0,0.1556290184369231,2.555179349766206,0.1164409570831635,0.1948170797906826,1.0875774855518956,2.555179349766206,full RL,0.01
cold_nogate,Cold start no gate,Cold no gate,2,20260619_174127,236,188000,188800,800,-4.097611200455927,-3278.088960364742,-4.097611200455927,-3278.088960364742,0.0,0.0,11,0.01375,11,0.01375,0,0.0,0,0.0,0,0,0,0,0,0,0,0,0,0,0,6,-68.29963328804683,0.0,0.1553250267990875,2.5460278125778477,0.1160374948921098,0.1946125587060652,1.087374430014988,2.5460278125778477,full RL,0.01375
cold_nogate,Cold start no gate,Cold no gate,2,20260619_174127,237,188800,189600,800,-4.094283050940321,-3275.426440752257,-4.094283050940321,-3275.426440752257,0.0,0.0,11,0.01375,11,0.01375,0,0.0,0,0.0,0,0,0,0,0,0,0,0,0,0,0,6,-68.82688767395246,0.0,0.155462388936434,2.549906938668869,0.1158252760561104,0.1950995018167576,1.085753315581035,2.549906938668869,full RL,0.01375
cold_nogate,Cold start no gate,Cold no gate,2,20260619_174127,238,189600,190400,800,-4.166432895031586,-3333.146316025269,-4.166432895031586,-3333.146316025269,0.0,0.0,11,0.01375,11,0.01375,0,0.0,0,0.0,0,0,0,0,0,0,0,0,0,0,0,6,-67.84420107010942,0.0,0.1561839377373778,2.5544411997010457,0.1170211814199748,0.1953466940547807,1.094439718895313,2.5544411997010457,full RL,0.01375
cold_nogate,Cold start no gate,Cold no gate,2,20260619_174127,239,190400,191200,800,-4.171711038733547,-3337.3688309868376,-4.171711038733547,-3337.3688309868376,0.0,0.0,12,0.015,12,0.015,0,0.0,0,0.0,0,0,0,0,0,0,0,0,0,0,0,6,-68.53441524352115,0.0,0.1572601657465499,2.5424052204459144,0.1168585162460864,0.1976618152470133,1.0932374408156176,2.5424052204459144,full RL,0.015
cold_nogate,Cold start no gate,Cold no gate,2,20260619_174127,240,191200,192000,800,-4.112449398868791,-3289.959519095033,-4.112449398868791,-3289.959519095033,0.0,0.0,11,0.01375,11,0.01375,0,0.0,0,0.0,0,0,0,0,0,0,0,0,0,0,0,6,-67.88245653626177,0.0,0.1567381396142693,2.551847425372273,0.1159632941093855,0.1975129851191531,1.0872922815683324,2.551847425372273,full RL,0.01375
cold_nogate,Cold start no gate,Cold no gate,2,20260619_174127,241,192000,192800,800,-4.158246289968988,-3326.59703197519,-4.158246289968988,-3326.59703197519,0.0,0.0,7,0.00875,7,0.00875,0,0.0,0,0.0,0,0,0,0,0,0,0,0,0,0,0,6,-68.755739441208,0.0,0.1586352595696997,2.5460588063689897,0.1164127125753055,0.2008578065640939,1.0903054833162833,2.5460588063689897,full RL,0.00875
cold_nogate,Cold start no gate,Cold no gate,2,20260619_174127,242,192800,193600,800,-4.0673684777526615,-3253.894782202129,-4.0673684777526615,-3253.894782202129,0.0,0.0,10,0.0125,10,0.0125,0,0.0,0,0.0,0,0,0,0,0,0,0,0,0,0,0,6,-67.62736148360068,0.0,0.1569893530783073,2.5504605774314086,0.1151041341419858,0.1988745720146288,1.0801468471225273,2.5504605774314086,full RL,0.0125
cold_nogate,Cold start no gate,Cold no gate,2,20260619_174127,243,193600,194400,800,-4.110194949235795,-3288.155959388636,-4.110194949235795,-3288.155959388636,0.0,0.0,10,0.0125,10,0.0125,0,0.0,0,0.0,0,0,0,0,0,0,0,0,0,0,0,6,-67.82480666106869,0.0,0.1607053953334935,2.549568227910072,0.1151311106668959,0.2062796800000911,1.0817004512978596,2.549568227910072,full RL,0.0125
cold_nogate,Cold start no gate,Cold no gate,2,20260619_174127,244,194400,195200,800,-4.074177713593006,-3259.342170874405,-4.074177713593006,-3259.342170874405,0.0,0.0,26,0.0325,26,0.0325,0,0.0,0,0.0,0,0,0,0,0,0,0,0,0,0,0,6,-68.71986586022842,0.0,0.1573937347019508,2.524623188039527,0.1148069258609936,0.1999805435429081,1.0825649319140669,2.524623188039527,full RL,0.0325
cold_nogate,Cold start no gate,Cold no gate,2,20260619_174127,245,195200,196000,800,-4.0728553368253495,-3258.28426946028,-4.0728553368253495,-3258.28426946028,0.0,0.0,35,0.04375,35,0.04375,0,0.0,0,0.0,0,0,0,0,0,0,0,0,0,0,0,6,-68.12527529890781,0.0,0.1600828508956665,2.5327549325555765,0.1143288249892675,0.2058368768020655,1.0769841038124763,2.5327549325555765,full RL,0.04375
cold_nogate,Cold start no gate,Cold no gate,2,20260619_174127,246,196000,196800,800,-4.022932421902436,-3218.3459375219486,-4.022932421902436,-3218.3459375219486,0.0,0.0,10,0.0125,10,0.0125,0,0.0,0,0.0,0,0,0,0,0,0,0,0,0,0,0,6,-68.46148843515016,0.0,0.1567831873208185,2.5630372974430315,0.1143737549159076,0.1991926197257295,1.0805570440142342,2.5630372974430315,full RL,0.0125
cold_nogate,Cold start no gate,Cold no gate,2,20260619_174127,247,196800,197600,800,-4.06252613240336,-3250.0209059226872,-4.06252613240336,-3250.0209059226872,0.0,0.0,14,0.0175,14,0.0175,0,0.0,0,0.0,0,0,0,0,0,0,0,0,0,0,0,7,-68.36414758460455,0.0,0.1613789917040001,2.5957535696140326,0.1139630401777953,0.208794943230205,1.0792196984968991,2.5957535696140326,full RL,0.0175
cold_nogate,Cold start no gate,Cold no gate,2,20260619_174127,248,197600,198400,800,-4.027483552172694,-3221.986841738156,-4.027483552172694,-3221.986841738156,0.0,0.0,11,0.01375,11,0.01375,0,0.0,0,0.0,0,0,0,0,0,0,0,0,0,0,0,6,-67.87040897152804,0.0,0.1588172025504614,2.59998420995953,0.114285715740571,0.2033486893603516,1.0768963025427718,2.59998420995953,full RL,0.01375
cold_nogate,Cold start no gate,Cold no gate,2,20260619_174127,249,198400,199200,800,-4.040728808719458,-3232.5830469755665,-4.040728808719458,-3232.5830469755665,0.0,0.0,12,0.015,12,0.015,0,0.0,0,0.0,0,0,0,0,0,0,0,0,0,0,0,8,-67.92243795757679,0.0,0.1575669916602654,2.604493789607943,0.1147354953790271,0.2003984879415038,1.079305151352559,2.604493789607943,full RL,0.015
cold_nogate,Cold start no gate,Cold no gate,2,20260619_174127,250,199200,200000,800,-4.021273354965103,-3217.0186839720823,-4.021273354965103,-3217.0186839720823,0.0,0.0,11,0.01375,11,0.01375,0,0.0,0,0.0,0,0,0,0,0,0,0,0,0,0,0,8,-67.78749570647096,0.0,0.1580228289066622,2.5896700062196487,0.11433473575362,0.2017109220597044,1.076927049485488,2.5896700062196487,full RL,0.01375
cold_nogate,Cold start no gate,Cold no gate,2,20260619_174127,251,200000,200800,800,-4.007899781906755,-3206.3198255254047,-4.007899781906755,-3206.3198255254047,0.0,0.0,10,0.0125,10,0.0125,0,0.0,0,0.0,0,0,0,0,0,0,0,0,0,0,0,8,-68.30925310386726,0.0,0.1563759728737782,2.573670664823851,0.1145147634600148,0.1982371822875417,1.0789483465911696,2.573670664823851,full RL,0.0125
cold_nogate,Cold start no gate,Cold no gate,2,20260619_174127,252,200800,201600,800,-4.020554909254564,-3216.4439274036517,-4.020554909254564,-3216.4439274036517,0.0,0.0,10,0.0125,10,0.0125,0,0.0,0,0.0,0,0,0,0,0,0,0,0,0,0,0,8,-67.4378382536953,0.0,0.1574354023478039,2.572569634750323,0.1144637534369455,0.2004070512586623,1.080104816794241,2.572569634750323,full RL,0.0125
cold_nogate,Cold start no gate,Cold no gate,2,20260619_174127,253,201600,202400,800,-4.0075813824653554,-3206.065105972284,-4.0075813824653554,-3206.065105972284,0.0,0.0,8,0.01,8,0.01,0,0.0,0,0.0,0,0,0,0,0,0,0,0,0,0,0,8,-67.39003296135729,0.0,0.1569962454939008,2.574993187938844,0.1142710551368,0.1997214358510017,1.0773328381619738,2.574993187938844,full RL,0.01
cold_nogate,Cold start no gate,Cold no gate,2,20260619_174127,254,202400,203200,800,-3.992956617447813,-3194.36529395825,-3.992956617447813,-3194.36529395825,0.0,0.0,12,0.015,12,0.015,0,0.0,0,0.0,0,0,0,0,0,0,0,0,0,0,0,7,-67.68262502042285,0.0,0.1576885813861681,2.575069159348743,0.1140075079518199,0.2013696548205164,1.0738981693900027,2.575069159348743,full RL,0.015
cold_nogate,Cold start no gate,Cold no gate,2,20260619_174127,255,203200,204000,800,-4.015847286038289,-3212.677828830631,-4.015847286038289,-3212.677828830631,0.0,0.0,11,0.01375,11,0.01375,0,0.0,0,0.0,0,0,0,0,0,0,0,0,0,0,0,7,-68.0925870409028,0.0,0.1600635067121218,2.57078015493488,0.1138743846733412,0.2062526287509023,1.0787775814166527,2.57078015493488,full RL,0.01375
cold_nogate,Cold start no gate,Cold no gate,2,20260619_174127,256,204000,204800,800,-4.024414057066781,-3219.531245653425,-4.024414057066781,-3219.531245653425,0.0,0.0,11,0.01375,11,0.01375,0,0.0,0,0.0,0,0,0,0,0,0,0,0,0,0,0,8,-68.18476107359129,0.0,0.1584119222056759,2.57105064282581,0.114042104715042,0.2027817396963097,1.0800536955790832,2.57105064282581,full RL,0.01375
cold_nogate,Cold start no gate,Cold no gate,2,20260619_174127,257,204800,205600,800,-3.986723386792215,-3189.378709433772,-3.986723386792215,-3189.378709433772,0.0,0.0,14,0.0175,14,0.0175,0,0.0,0,0.0,0,0,0,0,0,0,0,0,0,0,0,8,-68.55632154057298,0.0,0.1576605577274005,2.5646661123803938,0.1134188510808493,0.2019022643739517,1.0694339870914549,2.5646661123803938,full RL,0.0175
cold_nogate,Cold start no gate,Cold no gate,2,20260619_174127,258,205600,206400,800,-4.025604936575244,-3220.483949260195,-4.025604936575244,-3220.483949260195,0.0,0.0,10,0.0125,10,0.0125,0,0.0,0,0.0,0,0,0,0,0,0,0,0,0,0,0,8,-68.51267572787219,0.0,0.1573551626656913,2.540478956871027,0.114124141427675,0.2005861839037076,1.0811515555110822,2.540478956871027,full RL,0.0125
cold_nogate,Cold start no gate,Cold no gate,2,20260619_174127,259,206400,207200,800,-4.074554979465642,-3259.643983572513,-4.074554979465642,-3259.643983572513,0.0,0.0,17,0.02125,17,0.02125,0,0.0,0,0.0,0,0,0,0,0,0,0,0,0,0,0,8,-68.11993387136238,0.0,0.1567695962699706,2.543499459362806,0.1151271439860321,0.1984120485539091,1.0880265799774749,2.543499459362806,full RL,0.02125
cold_nogate,Cold start no gate,Cold no gate,2,20260619_174127,260,207200,208000,800,-4.124810139679019,-3299.8481117432148,-4.124810139679019,-3299.8481117432148,0.0,0.0,22,0.0275,22,0.0275,0,0.0,0,0.0,0,0,0,0,0,0,0,0,0,0,0,8,-65.9757979578859,0.0,0.158829002385195,2.512898238068715,0.1155996138210428,0.2020583909493472,1.0904993163330858,2.512898238068715,full RL,0.0275
cold_nogate,Cold start no gate,Cold no gate,2,20260619_174127,261,208000,208800,800,-4.05062034272085,-3240.4962741766803,-4.05062034272085,-3240.4962741766803,0.0,0.0,10,0.0125,10,0.0125,0,0.0,0,0.0,0,0,0,0,0,0,0,0,0,0,0,8,-64.60259914646986,0.0,0.1568620058366125,2.514322656016134,0.1148606458096757,0.1988633658635492,1.0886786577993015,2.514322656016134,full RL,0.0125
cold_nogate,Cold start no gate,Cold no gate,2,20260619_174127,262,208800,209600,800,-4.064272450592117,-3251.417960473694,-4.064272450592117,-3251.417960473694,0.0,0.0,28,0.035,28,0.035,0,0.0,0,0.0,0,0,0,0,0,0,0,0,0,0,0,8,-64.13358771835362,0.0,0.1599630229764349,2.52733348013021,0.1144241358946459,0.2055019100582238,1.0851889011702212,2.52733348013021,full RL,0.035
cold_nogate,Cold start no gate,Cold no gate,2,20260619_174127,263,209600,210400,800,-4.058635980989017,-3246.9087847912133,-4.058635980989017,-3246.9087847912133,0.0,0.0,16,0.02,16,0.02,0,0.0,0,0.0,0,0,0,0,0,0,0,0,0,0,0,9,-63.217357036463,0.0,0.1586034228855161,2.541010095065758,0.1144266575133462,0.202780188257686,1.088503003870747,2.541010095065758,full RL,0.02
cold_nogate,Cold start no gate,Cold no gate,2,20260619_174127,264,210400,211200,800,-4.060849985861785,-3248.679988689428,-4.060849985861785,-3248.679988689428,0.0,0.0,39,0.04875,39,0.04875,0,0.0,0,0.0,0,0,0,0,0,0,0,0,0,0,0,8,-64.14420625654975,0.0,0.1573428544324011,2.5192556941568114,0.1144684915391416,0.2002172173256604,1.0860632401324852,2.5192556941568114,full RL,0.04875
cold_nogate,Cold start no gate,Cold no gate,2,20260619_174127,265,211200,212000,800,-4.064737066125081,-3251.7896529000645,-4.064737066125081,-3251.7896529000645,0.0,0.0,89,0.11125,89,0.11125,0,0.0,0,0.0,0,0,0,0,0,0,0,0,0,0,0,8,-63.44330179788778,0.0,0.1590663367978621,2.505795462796243,0.1142782803075519,0.2038543932881724,1.0876056099425528,2.505795462796243,full RL,0.11125
cold_nogate,Cold start no gate,Cold no gate,2,20260619_174127,266,212000,212800,800,-4.027276094612583,-3221.8208756900663,-4.027276094612583,-3221.8208756900663,0.0,0.0,10,0.0125,10,0.0125,0,0.0,0,0.0,0,0,0,0,0,0,0,0,0,0,0,7,-63.87745137267223,0.0,0.1576067549500472,2.5700024801950576,0.1141387797915283,0.2010747301085661,1.0843061264347846,2.5700024801950576,full RL,0.0125
cold_nogate,Cold start no gate,Cold no gate,2,20260619_174127,267,212800,213600,800,-4.088093348547786,-3270.474678838229,-4.088093348547786,-3270.474678838229,0.0,0.0,12,0.015,12,0.015,0,0.0,0,0.0,0,0,0,0,0,0,0,0,0,0,0,7,-63.70092746536636,0.0,0.1585462712717769,2.55862660308685,0.1148082241559518,0.202284318387602,1.0943928663356624,2.55862660308685,full RL,0.015
cold_nogate,Cold start no gate,Cold no gate,2,20260619_174127,268,213600,214400,800,-3.982207364180762,-3185.76589134461,-3.982207364180762,-3185.76589134461,0.0,0.0,10,0.0125,10,0.0125,0,0.0,0,0.0,0,0,0,0,0,0,0,0,0,0,0,7,-62.49336913125137,0.0,0.1570155209615027,2.557947428916464,0.1132095890484529,0.2008214528745525,1.074130258124811,2.557947428916464,full RL,0.0125
cold_nogate,Cold start no gate,Cold no gate,2,20260619_174127,269,214400,215200,800,-3.8933549280212416,-3114.683942416993,-3.8933549280212416,-3114.683942416993,0.0,0.0,12,0.015,12,0.015,0,0.0,0,0.0,0,0,0,0,0,0,0,0,0,0,0,7,-63.194303746214246,0.0,0.1553094555986254,2.544075307766832,0.1120497800198347,0.1985691311774162,1.0633315217485464,2.544075307766832,full RL,0.015
cold_nogate,Cold start no gate,Cold no gate,2,20260619_174127,270,215200,216000,800,-3.951360490101961,-3161.0883920815686,-3.951360490101961,-3161.0883920815686,0.0,0.0,64,0.08,64,0.08,0,0.0,0,0.0,0,0,0,0,0,0,0,0,0,0,0,8,-63.506609263837504,0.0,0.1570590473016195,2.521642562573959,0.112650088782925,0.2014680058203139,1.0678018373010505,2.521642562573959,full RL,0.08
cold_nogate,Cold start no gate,Cold no gate,2,20260619_174127,271,216000,216800,800,-3.9492909016206896,-3159.432721296552,-3.9492909016206896,-3159.432721296552,0.0,0.0,19,0.02375,19,0.02375,0,0.0,0,0.0,0,0,0,0,0,0,0,0,0,0,0,8,-63.45165506051876,0.0,0.1568107223140694,2.537817196895446,0.1125497228863539,0.2010717217417849,1.0672730064023317,2.537817196895446,full RL,0.02375
cold_nogate,Cold start no gate,Cold no gate,2,20260619_174127,272,216800,217600,800,-3.952263911996993,-3161.8111295975946,-3.952263911996993,-3161.8111295975946,0.0,0.0,11,0.01375,11,0.01375,0,0.0,0,0.0,0,0,0,0,0,0,0,0,0,0,0,7,-65.09678897178026,0.0,0.1562691020637083,2.606762256270315,0.1127900833403272,0.1997481207870893,1.0719174441306367,2.606762256270315,full RL,0.01375
cold_nogate,Cold start no gate,Cold no gate,2,20260619_174127,273,217600,218400,800,-3.946320965346233,-3157.0567722769865,-3.946320965346233,-3157.0567722769865,0.0,0.0,11,0.01375,11,0.01375,0,0.0,0,0.0,0,0,0,0,0,0,0,0,0,0,0,7,-64.29462835936533,0.0,0.155702513124619,2.595346944135088,0.1128568103174356,0.1985482159318024,1.074041958144614,2.595346944135088,full RL,0.01375
cold_nogate,Cold start no gate,Cold no gate,2,20260619_174127,274,218400,219200,800,-3.952509827543208,-3162.007862034566,-3.952509827543208,-3162.007862034566,0.0,0.0,9,0.01125,9,0.01125,0,0.0,0,0.0,0,0,0,0,0,0,0,0,0,0,0,7,-64.34422305769885,0.0,0.1567207327582132,2.616869417394298,0.1129201114034284,0.200521354112998,1.0739857512816564,2.616869417394298,full RL,0.01125
cold_nogate,Cold start no gate,Cold no gate,2,20260619_174127,275,219200,220000,800,-3.9866713846673023,-3189.337107733842,-3.9866713846673023,-3189.337107733842,0.0,0.0,11,0.01375,11,0.01375,0,0.0,0,0.0,0,0,0,0,0,0,0,0,0,0,0,7,-64.69321429626882,0.0,0.1571791053140449,2.586838388123738,0.1135356659501208,0.2008225446779689,1.0778289895639666,2.586838388123738,full RL,0.01375
cold_nogate,Cold start no gate,Cold no gate,2,20260619_174127,276,220000,220800,800,-3.9752960117753138,-3180.236809420251,-3.9752960117753138,-3180.236809420251,0.0,0.0,15,0.01875,15,0.01875,0,0.0,0,0.0,0,0,0,0,0,0,0,0,0,0,0,7,-64.76037966087131,0.0,0.1558105450784201,2.574642386426433,0.1135874492180039,0.1980336409388362,1.0810590622781953,2.574642386426433,full RL,0.01875
cold_nogate,Cold start no gate,Cold no gate,2,20260619_174127,277,220800,221600,800,-3.948161715208337,-3158.5293721666694,-3.948161715208337,-3158.5293721666694,0.0,0.0,33,0.04125,33,0.04125,0,0.0,0,0.0,0,0,0,0,0,0,0,0,0,0,0,7,-64.3759689563492,0.0,0.1556444005638207,2.5831822619108493,0.1130505315892587,0.1982382695383828,1.074367667988795,2.5831822619108493,full RL,0.04125
cold_nogate,Cold start no gate,Cold no gate,2,20260619_174127,278,221600,222400,800,-4.004624393124731,-3203.6995144997845,-4.004624393124731,-3203.6995144997845,0.0,0.0,60,0.075,60,0.075,0,0.0,0,0.0,0,0,0,0,0,0,0,0,0,0,0,7,-63.12267893782064,0.0,0.1571743942872263,2.5816233775121877,0.1139570687027612,0.2003917198716913,1.083144675690766,2.5816233775121877,full RL,0.075
cold_nogate,Cold start no gate,Cold no gate,2,20260619_174127,279,222400,223200,800,-4.011927306325436,-3209.541845060349,-4.011927306325436,-3209.541845060349,0.0,0.0,71,0.08875,71,0.08875,0,0.0,0,0.0,0,0,0,0,0,0,0,0,0,0,0,7,-62.830040091576734,0.0,0.157268392390855,2.5664164721070506,0.113855656089529,0.2006811286921809,1.078420769871182,2.5664164721070506,full RL,0.08875
cold_nogate,Cold start no gate,Cold no gate,2,20260619_174127,280,223200,224000,800,-4.047761217341149,-3238.208973872919,-4.047761217341149,-3238.208973872919,0.0,0.0,71,0.08875,71,0.08875,0,0.0,0,0.0,0,0,0,0,0,0,0,0,0,0,0,7,-61.78962273200364,0.0,0.1580255011932971,2.570440039266316,0.1142463407762321,0.2018046616103621,1.081980343655394,2.570440039266316,full RL,0.08875
cold_nogate,Cold start no gate,Cold no gate,2,20260619_174127,281,224000,224800,800,-4.109499870679147,-3287.5998965433173,-4.109499870679147,-3287.5998965433173,0.0,0.0,86,0.1075,86,0.1075,0,0.0,0,0.0,0,0,0,0,0,0,0,0,0,0,0,7,-61.04332725708991,0.0,0.16059782034286,2.5834594944757328,0.1145907885716598,0.2066048521140603,1.081406072785795,2.5834594944757328,full RL,0.1075
cold_nogate,Cold start no gate,Cold no gate,2,20260619_174127,282,224800,225600,800,-4.245851682164093,-3396.681345731274,-4.245851682164093,-3396.681345731274,0.0,0.0,14,0.0175,14,0.0175,0,0.0,0,0.0,0,0,0,0,0,0,0,0,0,0,0,6,-61.58029077750939,0.0,0.162701965744703,2.579811131070471,0.1163608887595675,0.2090430427298386,1.08324191921236,2.579811131070471,full RL,0.0175
cold_nogate,Cold start no gate,Cold no gate,2,20260619_174127,283,225600,226400,800,-4.204362636307931,-3363.4901090463454,-4.204362636307931,-3363.4901090463454,0.0,0.0,24,0.03,24,0.03,0,0.0,0,0.0,0,0,0,0,0,0,0,0,0,0,0,7,-63.0000275695387,0.0,0.1618313581843122,2.569104377880933,0.1158439909372292,0.2078187254313951,1.0830593673297453,2.569104377880933,full RL,0.03
cold_nogate,Cold start no gate,Cold no gate,2,20260619_174127,284,226400,227200,800,-4.158283658953077,-3326.626927162461,-4.158283658953077,-3326.626927162461,0.0,0.0,109,0.13625,109,0.13625,0,0.0,0,0.0,0,0,0,0,0,0,0,0,0,0,0,7,-61.99806264224924,0.0,0.1681543600470786,2.5653032041520305,0.1140119562371562,0.2222967638570009,1.0812991234344902,2.5653032041520305,full RL,0.13625
cold_nogate,Cold start no gate,Cold no gate,2,20260619_174127,285,227200,228000,800,-4.262333385375305,-3409.866708300244,-4.262333385375305,-3409.866708300244,0.0,0.0,205,0.25625,205,0.25625,0,0.0,0,0.0,0,0,0,0,0,0,0,0,0,0,0,7,-59.69639040601851,0.0,0.1747583984263077,2.54739391293964,0.1143946537098617,0.2351221431427537,1.0816233804976565,2.54739391293964,full RL,0.25625
cold_nogate,Cold start no gate,Cold no gate,2,20260619_174127,286,228000,228800,800,-4.215287152896749,-3372.229722317399,-4.215287152896749,-3372.229722317399,0.0,0.0,183,0.22875,183,0.22875,0,0.0,0,0.0,0,0,0,0,0,0,0,0,0,0,0,7,-59.05513126337792,0.0,0.1674432227168586,2.531050787333754,0.1149228722114384,0.2199635732222788,1.0825405340687904,2.531050787333754,full RL,0.22875
cold_nogate,Cold start no gate,Cold no gate,2,20260619_174127,287,228800,229600,800,-4.137845097105125,-3310.2760776841005,-4.137845097105125,-3310.2760776841005,0.0,0.0,67,0.08375,67,0.08375,0,0.0,0,0.0,0,0,0,0,0,0,0,0,0,0,0,7,-59.40979752736314,0.0,0.1597603740838208,2.5255652258499595,0.1152226462267459,0.2042981019408957,1.0923354935093932,2.5255652258499595,full RL,0.08375
cold_nogate,Cold start no gate,Cold no gate,2,20260619_174127,288,229600,230400,800,-4.055700363226614,-3244.560290581291,-4.055700363226614,-3244.560290581291,0.0,0.0,34,0.0425,34,0.0425,0,0.0,0,0.0,0,0,0,0,0,0,0,0,0,0,0,7,-61.24330163964487,0.0,0.1567909211746581,2.5179491185983807,0.1142737345856561,0.1993081077636601,1.0831639527757608,2.5179491185983807,full RL,0.0425
cold_nogate,Cold start no gate,Cold no gate,2,20260619_174127,289,230400,231200,800,-4.018549202160618,-3214.8393617284946,-4.018549202160618,-3214.8393617284946,0.0,0.0,43,0.05375,43,0.05375,0,0.0,0,0.0,0,0,0,0,0,0,0,0,0,0,0,7,-62.02930715159482,0.0,0.1565777065393943,2.5527829685189545,0.113815431265189,0.1993399818135995,1.0794848549701943,2.5527829685189545,full RL,0.05375
cold_nogate,Cold start no gate,Cold no gate,2,20260619_174127,290,231200,232000,800,-4.102856512602125,-3282.2852100817,-4.102856512602125,-3282.2852100817,0.0,0.0,46,0.0575,46,0.0575,0,0.0,0,0.0,0,0,0,0,0,0,0,0,0,0,0,7,-63.87455500752742,0.0,0.164890826721741,2.558816997637223,0.1136342668166925,0.2161473866267895,1.0808220393378192,2.558816997637223,full RL,0.0575
cold_nogate,Cold start no gate,Cold no gate,2,20260619_174127,291,232000,232800,800,-4.058173352004127,-3246.538681603301,-4.058173352004127,-3246.538681603301,0.0,0.0,34,0.0425,34,0.0425,0,0.0,0,0.0,0,0,0,0,0,0,0,0,0,0,0,7,-63.84442938184111,0.0,0.1587752731759995,2.5322196013038933,0.1139768316547843,0.2035737146972147,1.0859791721377472,2.5322196013038933,full RL,0.0425
cold_nogate,Cold start no gate,Cold no gate,2,20260619_174127,292,232800,233600,800,-4.03245310118646,-3225.962480949168,-4.03245310118646,-3225.962480949168,0.0,0.0,35,0.04375,35,0.04375,0,0.0,0,0.0,0,0,0,0,0,0,0,0,0,0,0,7,-63.55474935578809,0.0,0.1573434903636244,2.5714766049511013,0.1139791010891256,0.2007078796381232,1.08540354443801,2.5714766049511013,full RL,0.04375
cold_nogate,Cold start no gate,Cold no gate,2,20260619_174127,293,233600,234400,800,-4.039289603391686,-3231.431682713349,-4.039289603391686,-3231.431682713349,0.0,0.0,39,0.04875,39,0.04875,0,0.0,0,0.0,0,0,0,0,0,0,0,0,0,0,0,7,-65.31725820008069,0.0,0.158846203878529,2.52355512956882,0.1136343571483864,0.2040580506086716,1.0798952721146278,2.52355512956882,full RL,0.04875
cold_nogate,Cold start no gate,Cold no gate,2,20260619_174127,294,234400,235200,800,-4.063945353660668,-3251.1562829285344,-4.063945353660668,-3251.1562829285344,0.0,0.0,53,0.06625,53,0.06625,0,0.0,0,0.0,0,0,0,0,0,0,0,0,0,0,0,7,-64.05594240184087,0.0,0.1580079802179007,2.512204318659542,0.1143977512891622,0.2016182091466392,1.090524823770258,2.512204318659542,full RL,0.06625
cold_nogate,Cold start no gate,Cold no gate,2,20260619_174127,295,235200,236000,800,-4.044150727762148,-3235.3205822097184,-4.044150727762148,-3235.3205822097184,0.0,0.0,50,0.0625,50,0.0625,0,0.0,0,0.0,0,0,0,0,0,0,0,0,0,0,0,7,-64.3631199276532,0.0,0.1586095716614159,2.543417381868437,0.1140446927382045,0.2031744505846273,1.0844945049560493,2.543417381868437,full RL,0.0625
cold_nogate,Cold start no gate,Cold no gate,2,20260619_174127,296,236000,236800,800,-4.063315698278622,-3250.652558622897,-4.063315698278622,-3250.652558622897,0.0,0.0,28,0.035,28,0.035,0,0.0,0,0.0,0,0,0,0,0,0,0,0,0,0,0,7,-65.04890979074503,0.0,0.1596483272327741,2.534996217989317,0.1142126517999677,0.2050840026655805,1.0862769647764163,2.534996217989317,full RL,0.035
cold_nogate,Cold start no gate,Cold no gate,2,20260619_174127,297,236800,237600,800,-3.994533686440322,-3195.6269491522576,-3.994533686440322,-3195.6269491522576,0.0,0.0,49,0.06125,49,0.06125,0,0.0,0,0.0,0,0,0,0,0,0,0,0,0,0,0,7,-64.81274863218925,0.0,0.1579562645246307,2.504696818190098,0.1133108769965158,0.2026016520527456,1.0809675090201325,2.504696818190098,full RL,0.06125
cold_nogate,Cold start no gate,Cold no gate,2,20260619_174127,298,237600,238400,800,-3.970863132959149,-3176.69050636732,-3.970863132959149,-3176.69050636732,0.0,0.0,36,0.045,36,0.045,0,0.0,0,0.0,0,0,0,0,0,0,0,0,0,0,0,7,-64.56675689772294,0.0,0.1593699989631783,2.606898345787272,0.1127730891535537,0.2059669087728028,1.0753753122150678,2.606898345787272,full RL,0.045
cold_nogate,Cold start no gate,Cold no gate,2,20260619_174127,299,238400,239200,800,-3.9457888913029113,-3156.631113042329,-3.9457888913029113,-3156.631113042329,0.0,0.0,15,0.01875,15,0.01875,0,0.0,0,0.0,0,0,0,0,0,0,0,0,0,0,0,6,-65.59823133225336,0.0,0.1583527729551901,2.612770178232779,0.1119249126753359,0.2047806332350442,1.067022587195511,2.612770178232779,full RL,0.01875
cold_nogate,Cold start no gate,Cold no gate,2,20260619_174127,300,239200,240000,800,-4.0140485661809535,-3211.2388529447626,-4.0140485661809535,-3211.2388529447626,0.0,0.0,103,0.12875,103,0.12875,0,0.0,0,0.0,0,0,0,0,0,0,0,0,0,0,0,8,-65.1983420232533,0.0,0.1625547130975967,2.698654497420705,0.112492751193901,0.2126166750012923,1.0728095378853504,2.698654497420705,full RL,0.12875
of_gate,OF-MPC pretrained + gate,OF gate,1,20260619_131652,1,0,800,800,-9.584571098320843,-7667.656878656675,-9.584571098320843,-7667.656878656675,0.0,0.0,0,0.0,0,0.0,0,0.0,0,0.0,800,0,0,0,0,0,0,0,0,0,0,0,-15.446401863537972,0.0,0.33180508455504,2.979664293365488,0.1664380302969688,0.4971721388131112,1.0994269567228645,2.979664293365488,teacher critic,0.0
of_gate,OF-MPC pretrained + gate,OF gate,1,20260619_131652,2,800,1600,800,-12.558687897186418,-10046.950317749135,-12.558687897186418,-10046.950317749135,0.0,0.0,0,0.0,0,0.0,0,0.0,0,0.0,800,0,0,0,0,0,0,0,0,0,0,0,-15.488350051245448,0.0,0.37938984340385,2.9796807631872757,0.1916572602244647,0.5671224265832353,1.0988782459866404,2.9796807631872757,teacher critic,0.0
of_gate,OF-MPC pretrained + gate,OF gate,1,20260619_131652,3,1600,2400,800,-12.546450197677478,-10037.160158141982,-12.546450197677478,-10037.160158141982,0.0,0.0,0,0.0,0,0.0,0,0.0,0,0.0,800,0,0,0,0,0,0,0,0,0,0,0,-15.445895060651424,0.0,0.3792027086239358,2.9781234572938047,0.1915942079969065,0.5668112092509652,1.0997146895043586,2.9781234572938047,teacher critic,0.0
of_gate,OF-MPC pretrained + gate,OF gate,1,20260619_131652,4,2400,3200,800,-12.590591544631764,-10072.473235705413,-12.590591544631764,-10072.473235705413,0.0,0.0,0,0.0,0,0.0,0,0.0,0,0.0,800,0,0,0,0,0,0,0,0,0,0,0,-15.4075565112783,0.0,0.3800175665285003,2.972515462724971,0.1918061785424956,0.5682289545145048,1.0994410576637326,2.972515462724971,teacher critic,0.0
of_gate,OF-MPC pretrained + gate,OF gate,1,20260619_131652,5,3200,4000,800,-12.580750768378344,-10064.600614702676,-12.580750768378344,-10064.600614702676,0.0,0.0,0,0.0,0,0.0,0,0.0,0,0.0,800,0,0,0,0,0,0,0,0,0,0,0,-15.49009054794584,0.0,0.3801289163083486,2.988399270562752,0.1917355426316243,0.5685222899850729,1.098687654258136,2.988399270562752,teacher critic,0.0
of_gate,OF-MPC pretrained + gate,OF gate,1,20260619_131652,6,4000,4800,800,-12.552560988841323,-10042.04879107306,-12.552560988841323,-10042.04879107306,0.0,0.0,0,0.0,0,0.0,0,0.0,0,0.0,800,0,0,0,0,0,0,0,0,0,0,0,-15.462287458375728,0.0,0.3791636813277513,2.9742979855581666,0.1916463171913697,0.5666810454641329,1.0999122442541989,2.9742979855581666,teacher critic,0.0
of_gate,OF-MPC pretrained + gate,OF gate,1,20260619_131652,7,4800,5600,800,-12.574392261829976,-10059.51380946398,-12.574392261829976,-10059.51380946398,0.0,0.0,0,0.0,0,0.0,0,0.0,0,0.0,800,0,0,0,0,0,0,0,0,0,0,0,-15.40959863315723,0.0,0.3798449320373831,2.974487601216822,0.19173289435328,0.5679569697214862,1.0993331855327328,2.974487601216822,teacher critic,0.0
of_gate,OF-MPC pretrained + gate,OF gate,1,20260619_131652,8,5600,6400,800,-12.558825197371853,-10047.06015789748,-12.558825197371853,-10047.06015789748,0.0,0.0,0,0.0,0,0.0,0,0.0,0,0.0,800,0,0,0,0,0,0,0,0,0,0,0,-15.522654777834193,0.0,0.3799364556610338,2.980640435850773,0.1914767205739941,0.5683961907480735,1.099171020340218,2.980640435850773,teacher critic,0.0
of_gate,OF-MPC pretrained + gate,OF gate,1,20260619_131652,9,6400,7200,800,-12.619328582744838,-10095.46286619587,-12.619328582744838,-10095.46286619587,0.0,0.0,0,0.0,0,0.0,0,0.0,0,0.0,800,0,0,0,0,0,0,0,0,0,0,0,-15.541549068793929,0.0,0.3804327190926715,2.984556757254495,0.1920722906677036,0.5687931475176394,1.100670976205674,2.984556757254495,teacher critic,0.0
of_gate,OF-MPC pretrained + gate,OF gate,1,20260619_131652,10,7200,8000,800,-12.585425344218052,-10068.34027537444,-12.585425344218052,-10068.34027537444,0.0,0.0,0,0.0,0,0.0,0,0.0,0,0.0,800,0,0,0,0,0,0,0,0,0,0,0,-15.411249651420349,0.0,0.3800567128195127,2.9738049149615904,0.191791173575945,0.5683222520630804,1.0994020865669645,2.9738049149615904,teacher critic,0.0
of_gate,OF-MPC pretrained + gate,OF gate,1,20260619_131652,11,8000,8800,800,-32.99706838722431,-26397.65470977945,-32.52424033670082,-26019.39226936066,0.4728280505234849,378.262440418788,0,0.0,0,0.0,36,0.045,0,0.0,764,0,18,18,0,0,0,18,0,18,0,18,-110.07758099509464,1.1395029733845812,0.6178200931872957,2.9704754768961834,0.2993532270321274,0.936286959342464,1.1323057516015704,2.9704754768961834,handoff,0.045
of_gate,OF-MPC pretrained + gate,OF gate,1,20260619_131652,12,8800,9600,800,-12.781996422079969,-10225.597137663975,-12.446179956228423,-9956.94396498274,0.3358164658515465,268.6531726812372,0,0.0,0,0.0,23,0.02875,0,0.0,777,0,16,16,0,0,0,7,0,7,0,7,-37.32979834195402,1.6319775688536264,0.3334015438111354,2.9803822248914003,0.1935175383318116,0.4732855492904591,1.092787188222069,2.9803822248914003,handoff,0.02875
of_gate,OF-MPC pretrained + gate,OF gate,1,20260619_131652,13,9600,10400,800,-10.886298110512012,-8709.03848840961,-10.157561164252112,-8126.0489314016895,0.7287369462598996,582.9895570079196,0,0.0,0,0.0,39,0.04875,0,0.0,761,0,26,26,0,0,0,13,0,13,0,13,-32.28019031761511,3.498811964979179,0.3161177738728719,2.972851226463036,0.1651400207588625,0.4670955269868812,1.091888281365136,2.972851226463036,handoff,0.04875
of_gate,OF-MPC pretrained + gate,OF gate,1,20260619_131652,14,10400,11200,800,-10.253001619772595,-8202.401295818076,-9.650019570884329,-7720.015656707463,0.6029820488882666,482.3856391106133,0,0.0,0,0.0,26,0.0325,0,0.0,774,0,23,23,0,0,0,3,0,3,0,3,-36.60429456601975,4.75100358103492,0.3649876591402491,2.913413130349113,0.1461748209175679,0.5838004973629303,1.1114932392160708,2.913413130349113,handoff,0.0325
of_gate,OF-MPC pretrained + gate,OF gate,1,20260619_131652,15,11200,12000,800,-8.803760843372391,-7043.008674697913,-7.757177253353014,-6205.741802682411,1.046583590019376,837.2668720155009,0,0.0,0,0.0,41,0.05125,0,0.0,759,0,32,32,0,0,0,9,0,9,0,9,-42.5927832596243,4.772908038735865,0.2706465872979809,2.923701269532046,0.1433784626016263,0.3979147119943355,1.1392282150577515,2.923701269532046,handoff,0.05125
of_gate,OF-MPC pretrained + gate,OF gate,1,20260619_131652,16,12000,12800,800,-7.393365830914645,-5914.692664731716,-6.529642172451449,-5223.713737961159,0.8637236584631982,690.9789267705586,0,0.0,0,0.0,32,0.04,0,0.0,768,0,21,21,0,0,0,11,0,11,0,11,-47.271031751803946,5.641667713582146,0.2379625180910178,2.8002414794465835,0.1356883870596881,0.3402366491223474,1.0751636950402568,2.8002414794465835,handoff,0.04
of_gate,OF-MPC pretrained + gate,OF gate,1,20260619_131652,17,12800,13600,800,-7.264083463889867,-5811.266771111894,-6.416741327293264,-5133.393061834611,0.8473421365966051,677.8737092772841,0,0.0,0,0.0,17,0.02125,0,0.0,783,0,14,14,0,0,0,3,0,3,0,3,-47.58722528439699,6.709384128352991,0.2231272468451847,3.002166383495876,0.1415401751221759,0.3047143185681935,1.0973612139032194,3.002166383495876,handoff,0.02125
of_gate,OF-MPC pretrained + gate,OF gate,1,20260619_131652,18,13600,14400,800,-6.591370779022838,-5273.09662321827,-5.840823600702976,-4672.658880562381,0.7505471783198625,600.43774265589,0,0.0,0,0.0,29,0.03625,0,0.0,771,0,27,27,0,0,0,2,0,2,0,2,-45.750381665118766,7.142457769064125,0.2106179405756957,2.5971769700690857,0.1249542063068239,0.2962816748445676,1.0805345348027258,2.5971769700690857,handoff,0.03625
of_gate,OF-MPC pretrained + gate,OF gate,1,20260619_131652,19,14400,15200,800,-8.98292076127543,-7186.336609020344,-7.056102890158198,-5644.882312126559,1.926817871117231,1541.4542968937849,0,0.0,0,0.0,27,0.03375,0,0.0,773,0,25,25,0,0,0,2,0,2,0,2,-47.465982051659125,8.48409783511629,0.2237164047877557,2.9298384288170496,0.1403671405319111,0.3070656690436003,1.1030848757861178,2.9298384288170496,handoff,0.03375
of_gate,OF-MPC pretrained + gate,OF gate,1,20260619_131652,20,15200,16000,800,-7.530163374058916,-6024.130699247133,-5.991968568061168,-4793.574854448934,1.5381948059977482,1230.5558447981985,0,0.0,0,0.0,31,0.03875,0,0.0,769,0,28,28,0,0,0,3,0,3,0,3,-76.26362883388845,9.534746085307944,0.240010181905309,2.9188697195650093,0.1264981294279232,0.3535222343826948,1.069487115000101,2.9188697195650093,handoff,0.03875
of_gate,OF-MPC pretrained + gate,OF gate,1,20260619_131652,21,16000,16800,800,-6.752710999399335,-5402.168799519468,-6.136994770563954,-4909.595816451163,0.6157162288353792,492.5729830683034,0,0.0,0,0.0,34,0.0425,0,0.0,766,0,30,30,0,0,0,4,0,4,0,4,-86.5635368309047,2.602857664088461,0.2815432705908515,3.3385609628559223,0.1185010215653387,0.4445855196163643,1.0796158402506069,3.3385609628559223,full RL,0.0425
of_gate,OF-MPC pretrained + gate,OF gate,1,20260619_131652,22,16800,17600,800,-6.714752311878476,-5371.801849502781,-5.874810762841943,-4699.848610273554,0.8399415490365334,671.9532392292267,0,0.0,0,0.0,34,0.0425,0,0.0,766,0,31,31,0,0,0,3,0,3,0,3,-81.59426858286395,8.058449130049253,0.239662285255776,2.450603657150566,0.1193723278897136,0.3599522426218384,1.0700900906091828,2.450603657150566,full RL,0.0425
of_gate,OF-MPC pretrained + gate,OF gate,1,20260619_131652,23,17600,18400,800,-7.216983221306568,-5773.586577045255,-5.841915269924801,-4673.532215939841,1.3750679513817676,1100.054361105414,0,0.0,0,0.0,48,0.06,0,0.0,752,0,41,41,0,0,0,7,0,7,0,7,-82.36512664335237,9.679570041142478,0.2004389729085396,2.5429654435179714,0.1281397404921148,0.2727382053249644,1.1103764708531751,2.5429654435179714,full RL,0.06
of_gate,OF-MPC pretrained + gate,OF gate,1,20260619_131652,24,18400,19200,800,-9.190998814648218,-7352.799051718573,-6.515650530408797,-5212.520424327037,2.675348284239421,2140.2786273915367,0,0.0,0,0.0,23,0.02875,0,0.0,777,0,19,19,0,0,0,4,0,4,0,4,-79.51917296272018,12.986120728415504,0.204164444968162,2.917066548858429,0.1334042066741804,0.2749246832621435,1.1173705711554645,2.917066548858429,full RL,0.02875
of_gate,OF-MPC pretrained + gate,OF gate,1,20260619_131652,25,19200,20000,800,-6.010624092764022,-4808.499274211218,-5.272889487345197,-4218.311589876158,0.7377346054188243,590.1876843350594,0,0.0,0,0.0,19,0.02375,0,0.0,781,0,16,16,0,0,0,3,0,3,0,3,-76.72807119176991,7.77304932225955,0.1881968065740469,2.6905236633744494,0.1213166172057036,0.2550769959423903,1.1175487695900448,2.6905236633744494,full RL,0.02375
of_gate,OF-MPC pretrained + gate,OF gate,1,20260619_131652,26,20000,20800,800,-9.928459661632328,-7942.767729305862,-7.990841225899414,-6392.672980719532,1.9376184357329131,1550.0947485863308,0,0.0,0,0.0,28,0.035,0,0.0,772,0,25,25,0,0,0,3,0,3,0,3,-46.470574714395525,9.91474041121802,0.3295690762449058,2.89348186094918,0.1278949809996177,0.5312431714901938,1.1084782279933711,2.89348186094918,full RL,0.035
of_gate,OF-MPC pretrained + gate,OF gate,1,20260619_131652,27,20800,21600,800,-9.320935458767964,-7456.748367014372,-7.313674786250665,-5850.939829000532,2.007260672517302,1605.8085380138414,0,0.0,0,0.0,21,0.02625,0,0.0,779,0,17,17,0,0,0,4,0,4,0,4,-48.20285660061308,9.737249243581555,0.3047057664644136,2.943572885446031,0.1253424592407789,0.4840690736880484,1.1125685811815869,2.943572885446031,full RL,0.02625
of_gate,OF-MPC pretrained + gate,OF gate,1,20260619_131652,28,21600,22400,800,-7.913571391049102,-6330.857112839281,-5.990194843872241,-4792.155875097793,1.923376547176861,1538.7012377414885,0,0.0,0,0.0,18,0.0225,0,0.0,782,0,13,13,0,0,0,5,0,5,0,5,-74.19028122471912,10.149105931740936,0.2091406676613188,2.9428910268844106,0.1333198965966699,0.2849614387259677,1.0983899344056716,2.9428910268844106,full RL,0.0225
of_gate,OF-MPC pretrained + gate,OF gate,1,20260619_131652,29,22400,23200,800,-8.616709176029955,-6893.367340823965,-6.4564702919043775,-5165.176233523502,2.16023888412558,1728.191107300464,0,0.0,0,0.0,41,0.05125,0,0.0,759,0,35,35,0,0,0,6,0,6,0,6,-72.93618785708145,10.252272135657494,0.2165039329248591,2.920861192107622,0.1396691397378123,0.2933387261119059,1.097508038430932,2.920861192107622,full RL,0.05125
of_gate,OF-MPC pretrained + gate,OF gate,1,20260619_131652,30,23200,24000,800,-5.314954768506904,-4251.963814805523,-4.783906157359813,-3827.1249258878506,0.5310486111470898,424.8388889176719,0,0.0,0,0.0,27,0.03375,0,0.0,773,0,21,21,0,0,0,6,0,6,0,6,-78.21201765207309,4.391482400024121,0.167506503895065,2.5715584948421224,0.1215107127227042,0.2135022950674258,1.09595718860772,2.5715584948421224,full RL,0.03375
of_gate,OF-MPC pretrained + gate,OF gate,1,20260619_131652,31,24000,24800,800,-6.86701742684872,-5493.613941478976,-5.571563241006518,-4457.250592805214,1.295454185842203,1036.3633486737624,0,0.0,0,0.0,26,0.0325,0,0.0,774,0,20,20,0,0,0,6,0,6,0,6,-75.6633059626954,10.124133532643343,0.1921619503549804,2.929540879794331,0.1296437182147518,0.2546801824952091,1.1047919398482478,2.929540879794331,full RL,0.0325
of_gate,OF-MPC pretrained + gate,OF gate,1,20260619_131652,32,24800,25600,800,-7.81188584932492,-6249.508679459936,-5.736641799340244,-4589.313439472196,2.0752440499846765,1660.1952399877412,0,0.0,0,0.0,38,0.0475,0,0.0,762,0,32,32,0,0,0,6,0,6,0,6,-75.44638069490247,13.720749378876878,0.1826385547145906,2.55369098065853,0.1253736830749361,0.2399034263542451,1.098544143011753,2.55369098065853,full RL,0.0475
of_gate,OF-MPC pretrained + gate,OF gate,1,20260619_131652,33,25600,26400,800,-7.765454592599969,-6212.363674079976,-5.979546735551475,-4783.63738844118,1.785907857048496,1428.7262856387968,0,0.0,0,0.0,33,0.04125,0,0.0,767,0,26,26,0,0,0,7,0,7,0,7,-67.17609035409623,10.20763778122684,0.1946877487912736,3.0893307739139004,0.1314420817702817,0.2579334158122656,1.1633881089508802,3.0893307739139004,full RL,0.04125
of_gate,OF-MPC pretrained + gate,OF gate,1,20260619_131652,34,26400,27200,800,-5.917699268236677,-4734.159414589341,-5.072794112216952,-4058.235289773562,0.8449051560197232,675.9241248157786,0,0.0,0,0.0,42,0.0525,0,0.0,758,0,36,36,0,0,0,6,0,6,0,6,-70.12190496439018,3.5801695783966934,0.1770919698330977,2.6489285066264188,0.1246996346285361,0.2294843050376594,1.0901217760731563,2.6489285066264188,full RL,0.0525
of_gate,OF-MPC pretrained + gate,OF gate,1,20260619_131652,35,27200,28000,800,-6.765667366400903,-5412.5338931207225,-5.235412491512795,-4188.329993210236,1.5302548748881075,1224.203899910486,0,0.0,0,0.0,59,0.07375,0,0.0,741,0,52,52,0,0,0,7,0,7,0,7,-75.33755676342366,9.385464967486785,0.1776590063977214,2.6497434128877444,0.1220323442490648,0.2332856685463779,1.0964261209840909,2.6497434128877444,full RL,0.07375
of_gate,OF-MPC pretrained + gate,OF gate,1,20260619_131652,36,28000,28800,800,-5.674126755312598,-4539.301404250078,-4.689964709805591,-3751.971767844473,0.984162045507006,787.3296364056048,0,0.0,0,0.0,54,0.0675,0,0.0,746,0,46,46,0,0,0,8,0,8,0,8,-66.43162804029043,3.7763940023507354,0.1688941870601397,2.596570092615196,0.1193646174311762,0.2184237566891032,1.0737279813502814,2.596570092615196,full RL,0.0675
of_gate,OF-MPC pretrained + gate,OF gate,1,20260619_131652,37,28800,29600,800,-5.681894624078809,-4545.515699263047,-4.827916854547537,-3862.3334836380295,0.8539777695312722,683.1822156250178,0,0.0,0,0.0,49,0.06125,0,0.0,751,0,42,42,0,0,0,7,0,7,0,7,-70.65323172532362,3.5474247899836184,0.1735045957357419,2.632225083003277,0.1214175248469263,0.2255916666245574,1.0978837489206343,2.632225083003277,full RL,0.06125
of_gate,OF-MPC pretrained + gate,OF gate,1,20260619_131652,38,29600,30400,800,-6.4119654869032345,-5129.572389522587,-5.229454960038781,-4183.563968031025,1.182510526864452,946.0084214915616,0,0.0,0,0.0,58,0.0725,0,0.0,742,0,51,51,0,0,0,7,0,7,0,7,-73.41653218136378,6.696835571799854,0.1807262851217215,2.6947828208585065,0.1252140311202604,0.2362385391231826,1.1303673070951623,2.6947828208585065,full RL,0.0725
of_gate,OF-MPC pretrained + gate,OF gate,1,20260619_131652,39,30400,31200,800,-6.087916857648618,-4870.333486118894,-4.891868675826441,-3913.494940661152,1.1960481818221778,956.8385454577422,0,0.0,0,0.0,65,0.08125,0,0.0,735,0,58,58,0,0,0,7,0,7,0,7,-73.46503893624049,3.195179382705337,0.1765458667782987,2.655397233244855,0.1213861066011727,0.2317056269554248,1.1128502235300504,2.655397233244855,full RL,0.08125
of_gate,OF-MPC pretrained + gate,OF gate,1,20260619_131652,40,31200,32000,800,-6.925053470130319,-5540.042776104255,-5.234744946273272,-4187.795957018618,1.690308523857047,1352.2468190856375,0,0.0,0,0.0,54,0.0675,0,0.0,746,0,47,47,0,0,0,7,0,7,0,7,-66.84545202082643,10.529525127870302,0.1796681189247019,2.616752968528488,0.1225419647838243,0.2367942730655794,1.1126366663115077,2.616752968528488,full RL,0.0675
of_gate,OF-MPC pretrained + gate,OF gate,1,20260619_131652,41,32000,32800,800,-5.847109396795258,-4677.687517436206,-4.796344896967724,-3837.075917574179,1.050764499827533,840.6115998620264,0,0.0,0,0.0,60,0.075,0,0.0,740,0,53,53,0,0,0,7,0,7,0,7,-69.17474089605105,2.7375452031733403,0.1759040574221136,2.6524486133685627,0.1211154620337408,0.2306926528104863,1.121056727718322,2.6524486133685627,full RL,0.075
of_gate,OF-MPC pretrained + gate,OF gate,1,20260619_131652,42,32800,33600,800,-7.469988947353409,-5975.991157882727,-5.710614890005397,-4568.491912004318,1.7593740573480126,1407.49924587841,0,0.0,0,0.0,50,0.0625,0,0.0,750,0,43,43,0,0,0,7,0,7,0,7,-67.53326282503394,9.995101341287803,0.1993148726791914,2.834104519486175,0.1311786211691663,0.2674511241892166,1.110922050331255,2.834104519486175,full RL,0.0625
of_gate,OF-MPC pretrained + gate,OF gate,1,20260619_131652,43,33600,34400,800,-9.22377953091343,-7379.023624730743,-6.627823458422053,-5302.258766737642,2.5959560724913757,2076.7648579931,0,0.0,0,0.0,56,0.07,0,0.0,744,0,51,51,0,0,0,5,0,5,0,5,-67.00589410701207,10.136809953210816,0.2151176084304001,3.0784521298431287,0.1325821931429332,0.2976530237178671,1.1056288937532162,3.0784521298431287,full RL,0.07
of_gate,OF-MPC pretrained + gate,OF gate,1,20260619_131652,44,34400,35200,800,-6.829708619753497,-5463.766895802797,-5.10578725859335,-4084.62980687468,1.7239213611601476,1379.137088928118,0,0.0,0,0.0,64,0.08,0,0.0,736,0,58,58,0,0,0,6,0,6,0,6,-72.62588423285206,9.908386200661552,0.1746072140440194,2.628730570994776,0.1199455367530441,0.2292688913349947,1.0913131803590126,2.628730570994776,full RL,0.08
of_gate,OF-MPC pretrained + gate,OF gate,1,20260619_131652,45,35200,36000,800,-7.767447384151888,-6213.95790732151,-5.773949371563217,-4619.159497250574,1.9934980125886703,1594.7984100709364,0,0.0,0,0.0,52,0.065,0,0.0,748,0,46,46,0,0,0,6,0,6,0,6,-67.25896482575592,11.619694535452853,0.203485258472378,2.932396959769676,0.1323433070024461,0.27462720994231,1.1055590336837002,2.932396959769676,full RL,0.065
of_gate,OF-MPC pretrained + gate,OF gate,1,20260619_131652,46,36000,36800,800,-7.053490498685051,-5642.7923989480405,-5.2757333061662965,-4220.586644933037,1.777757192518754,1422.205754015003,0,0.0,0,0.0,73,0.09125,0,0.0,727,0,67,67,0,0,0,6,0,6,0,6,-68.79017256643078,10.99477870498426,0.1880458079838904,2.947820216351431,0.1266112884241137,0.2494803275436671,1.127542382301371,2.947820216351431,full RL,0.09125
of_gate,OF-MPC pretrained + gate,OF gate,1,20260619_131652,47,36800,37600,800,-8.28721837167474,-6629.774697339792,-6.014302647494153,-4811.442117995322,2.272915724180586,1818.3325793444687,0,0.0,0,0.0,52,0.065,0,0.0,748,0,46,46,0,0,0,6,0,6,0,6,-70.56769086092186,10.087518172161383,0.2057556262600585,3.076783495856091,0.1326157398544565,0.2788955126656605,1.0939110876823857,3.076783495856091,full RL,0.065
of_gate,OF-MPC pretrained + gate,OF gate,1,20260619_131652,48,37600,38400,800,-6.525408298966542,-5220.326639173233,-5.21684960033625,-4173.479680269,1.3085586986302908,1046.846958904233,0,0.0,0,0.0,56,0.07,0,0.0,744,0,50,50,0,0,0,6,0,6,0,6,-73.15897481223385,3.6996453604766906,0.1850644817314994,2.6121481870098364,0.1251446370734649,0.2449843263895338,1.152048353620215,2.6121481870098364,full RL,0.07
of_gate,OF-MPC pretrained + gate,OF gate,1,20260619_131652,49,38400,39200,800,-7.089438691689863,-5671.550953351891,-5.268233521201112,-4214.586816960889,1.8212051704887533,1456.9641363910027,0,0.0,0,0.0,52,0.065,0,0.0,748,0,47,47,0,0,0,5,0,5,0,5,-72.22045732618358,9.772505773797915,0.1883435565231209,2.7048609904322234,0.1199069518379654,0.2567801612082764,1.08906150437178,2.7048609904322234,full RL,0.065
of_gate,OF-MPC pretrained + gate,OF gate,1,20260619_131652,50,39200,40000,800,-7.461729579454725,-5969.38366356378,-5.01508481615528,-4012.067852924224,2.446644763299446,1957.3158106395567,0,0.0,0,0.0,69,0.08625,0,0.0,731,0,64,64,0,0,0,5,0,5,0,5,-67.46283348082352,12.686821070889858,0.1896973422665412,2.557598578368413,0.1153626621300499,0.2640320224030325,1.0849390388029634,2.557598578368413,full RL,0.08625
of_gate,OF-MPC pretrained + gate,OF gate,1,20260619_131652,51,40000,40800,800,-6.83263619991514,-5466.108959932112,-5.189905772115045,-4151.924617692036,1.6427304278000951,1314.184342240076,0,0.0,0,0.0,55,0.06875,0,0.0,745,0,50,50,0,0,0,5,0,5,0,5,-67.8820411008328,9.932375574101297,0.1774718399000387,2.6680694938173133,0.1196951001151537,0.2352485796849237,1.0999835552749633,2.6680694938173133,full RL,0.06875
of_gate,OF-MPC pretrained + gate,OF gate,1,20260619_131652,52,40800,41600,800,-9.711070867453952,-7768.856693963162,-6.662507562067035,-5330.006049653628,3.0485633053869186,2438.850644309535,0,0.0,0,0.0,54,0.0675,0,0.0,746,0,49,49,0,0,0,5,0,5,0,5,-71.38464512147573,11.979256644193905,0.2189937550787349,3.038834510649906,0.1385109439662911,0.2994765661911787,1.113875424455257,3.038834510649906,full RL,0.0675
of_gate,OF-MPC pretrained + gate,OF gate,1,20260619_131652,53,41600,42400,800,-6.568634797205412,-5254.90783776433,-5.179420458931585,-4143.536367145268,1.389214338273829,1111.371470619063,0,0.0,0,0.0,46,0.0575,0,0.0,754,0,40,40,0,0,0,6,0,6,0,6,-70.50109104244325,6.755699883296519,0.182034284397443,2.633154319658104,0.1235098726586873,0.2405586961361987,1.120351207464223,2.633154319658104,full RL,0.0575
of_gate,OF-MPC pretrained + gate,OF gate,1,20260619_131652,54,42400,43200,800,-7.570855163515607,-6056.684130812486,-5.7687033542396815,-4614.9626833917455,1.8021518092759248,1441.72144742074,0,0.0,0,0.0,59,0.07375,0,0.0,741,0,53,53,0,0,0,6,0,6,0,6,-69.35256180559315,9.924926767615636,0.2050027106999514,3.042053293279139,0.1335231186367125,0.2764823027631903,1.1393682460815202,3.042053293279139,full RL,0.07375
of_gate,OF-MPC pretrained + gate,OF gate,1,20260619_131652,55,43200,44000,800,-9.359449699593618,-7487.559759674895,-6.519077071665065,-5215.261657332052,2.840372627928555,2272.298102342844,0,0.0,0,0.0,68,0.085,0,0.0,732,0,61,61,0,0,0,7,0,7,0,7,-69.18536618220537,10.035496358466542,0.2204099985408445,3.038808551039324,0.1406124975274138,0.3002074995542752,1.1076245089720875,3.038808551039324,full RL,0.085
of_gate,OF-MPC pretrained + gate,OF gate,1,20260619_131652,56,44000,44800,800,-7.002998520025613,-5602.39881602049,-5.379061691319703,-4303.249353055762,1.6239368287059108,1299.1494629647286,0,0.0,0,0.0,58,0.0725,0,0.0,742,0,52,52,0,0,0,6,0,6,0,6,-67.50651124324327,10.069741526533504,0.1925740324175022,3.0837421801111877,0.1256261815823421,0.2595218832526623,1.1108483302553744,3.0837421801111877,full RL,0.0725
of_gate,OF-MPC pretrained + gate,OF gate,1,20260619_131652,57,44800,45600,800,-7.156917375456292,-5725.533900365033,-5.504820249913637,-4403.8561999309095,1.652097125542654,1321.6777004341232,0,0.0,0,0.0,47,0.05875,0,0.0,753,0,40,40,0,0,0,7,0,7,0,7,-67.13294548523447,10.098380939443125,0.2016977049172941,3.114137885605828,0.1293305669966825,0.2740648428379056,1.093132513972722,3.114137885605828,full RL,0.05875
of_gate,OF-MPC pretrained + gate,OF gate,1,20260619_131652,58,45600,46400,800,-6.472797198905642,-5178.237759124514,-5.010377920226931,-4008.302336181545,1.4624192786787111,1169.935422942969,0,0.0,0,0.0,41,0.05125,0,0.0,759,0,35,35,0,0,0,6,0,6,0,6,-69.10638370636082,9.88458737125876,0.1732602582180548,2.636802735093852,0.1187051541433,0.2278153622928097,1.0876043493643586,2.636802735093852,full RL,0.05125
of_gate,OF-MPC pretrained + gate,OF gate,1,20260619_131652,59,46400,47200,800,-7.563358860707228,-6050.687088565783,-5.677257169599895,-4541.805735679916,1.8861016911073327,1508.8813528858666,0,0.0,0,0.0,21,0.02625,0,0.0,779,0,15,15,0,0,0,6,0,6,0,6,-70.7848894485943,10.108524190862065,0.2056944189649748,3.137268264412853,0.1301786741950069,0.2812101637349427,1.105873103908689,3.137268264412853,full RL,0.02625
of_gate,OF-MPC pretrained + gate,OF gate,1,20260619_131652,60,47200,48000,800,-4.352033023389379,-3481.6264187115034,-4.157317090525848,-3325.8536724206783,0.1947159328635315,155.7727462908252,0,0.0,0,0.0,13,0.01625,0,0.0,787,0,9,9,0,0,0,4,0,4,0,4,-66.21372014246606,1.611951473919726,0.1638854725540197,2.51603746444448,0.1142921985278551,0.2134787465801843,1.079122813274989,2.51603746444448,full RL,0.01625
of_gate,OF-MPC pretrained + gate,OF gate,1,20260619_131652,61,48000,48800,800,-6.787669526183067,-5430.135620946454,-5.405894002952704,-4324.715202362163,1.3817755232303648,1105.4204185842918,0,0.0,0,0.0,23,0.02875,0,0.0,777,0,18,18,0,0,0,4,1,4,1,4,-66.04884605791597,9.72958726608764,0.1973639887962888,3.0925658470717394,0.1276643069907616,0.2670636706018159,1.0885739488787745,3.0925658470717394,full RL,0.02875
of_gate,OF-MPC pretrained + gate,OF gate,1,20260619_131652,62,48800,49600,800,-5.83500865468158,-4668.006923745264,-4.779740055551017,-3823.7920444408137,1.055268599130564,844.2148793044513,0,0.0,0,0.0,23,0.02875,0,0.0,777,0,19,19,0,0,0,4,0,4,0,4,-64.64823978249865,8.568381524451002,0.1753319442788375,2.5153576498912003,0.1177476329495013,0.2329162556081738,1.0585803600751484,2.5153576498912003,full RL,0.02875
of_gate,OF-MPC pretrained + gate,OF gate,1,20260619_131652,63,49600,50400,800,-4.848155304967066,-3878.5242439736526,-4.290599958549932,-3432.479966839945,0.5575553464171342,446.0442771337074,0,0.0,0,0.0,21,0.02625,0,0.0,779,0,16,16,0,0,0,5,0,5,0,5,-67.0857251900029,6.006448362889805,0.1660298295417312,2.565896779578281,0.1144498793351133,0.2176097797483492,1.057250141742641,2.565896779578281,full RL,0.02625
of_gate,OF-MPC pretrained + gate,OF gate,1,20260619_131652,64,50400,51200,800,-5.459336934429233,-4367.469547543386,-4.710490491215812,-3768.3923929726498,0.7488464432134196,599.0771545707357,0,0.0,0,0.0,28,0.035,0,0.0,772,0,23,23,0,0,0,5,0,5,0,5,-72.52742497874976,6.212757271933494,0.1791168796730043,2.622746462328678,0.1180761715518493,0.2401575877941593,1.0777720777464634,2.622746462328678,full RL,0.035
of_gate,OF-MPC pretrained + gate,OF gate,1,20260619_131652,65,51200,52000,800,-7.124719086561345,-5699.775269249076,-5.572135467347104,-4457.708373877683,1.5525836192142417,1242.0668953713932,0,0.0,0,0.0,28,0.035,0,0.0,772,0,23,23,0,0,0,5,0,5,0,5,-68.45199301358946,9.99980665141134,0.2044715341006373,2.9674580710731675,0.1293823777884777,0.2795606904127968,1.1060266149152729,2.9674580710731675,full RL,0.035
of_gate,OF-MPC pretrained + gate,OF gate,1,20260619_131652,66,52000,52800,800,-7.513441628573664,-6010.753302858931,-5.642387138387997,-4513.909710710398,1.871054490185668,1496.843592148534,0,0.0,0,0.0,19,0.02375,0,0.0,781,0,14,14,0,0,0,5,0,5,0,5,-60.90366391522821,9.828430974351903,0.1938156989298793,2.8998179468244416,0.1271734494316195,0.2604579484281392,1.0763607598269496,2.8998179468244416,full RL,0.02375
of_gate,OF-MPC pretrained + gate,OF gate,1,20260619_131652,67,52800,53600,800,-8.114252529425615,-6491.402023540492,-6.028038432030327,-4822.430745624261,2.0862140973952883,1668.9712779162303,0,0.0,0,0.0,19,0.02375,0,0.0,781,0,14,14,0,0,0,5,0,5,0,5,-64.77266007933406,10.003365547699037,0.2042541621640299,2.9496907905095213,0.1319394737915941,0.2765688505364657,1.0943951816171178,2.9496907905095213,full RL,0.02375
of_gate,OF-MPC pretrained + gate,OF gate,1,20260619_131652,68,53600,54400,800,-5.067738969417953,-4054.191175534362,-4.47657205955498,-3581.2576476439835,0.5911669098629742,472.9335278903793,0,0.0,0,0.0,18,0.0225,0,0.0,782,0,14,14,0,0,0,4,0,4,0,4,-65.84171018642871,6.035762777291149,0.166249835422799,2.614816616593089,0.116062438924237,0.216437231921361,1.0647298281203414,2.614816616593089,full RL,0.0225
of_gate,OF-MPC pretrained + gate,OF gate,1,20260619_131652,69,54400,55200,800,-5.297514337329236,-4238.011469863389,-4.678352605345179,-3742.682084276143,0.6191617319840578,495.3293855872462,0,0.0,0,0.0,14,0.0175,0,0.0,786,0,10,10,0,0,0,4,0,4,0,4,-66.75607706045582,5.56279675324584,0.1749898129778911,2.604761164757804,0.1177856492939145,0.2321939766618677,1.0695006258741984,2.604761164757804,full RL,0.0175
of_gate,OF-MPC pretrained + gate,OF gate,1,20260619_131652,70,55200,56000,800,-7.25017118035742,-5800.136944285936,-5.742549203050187,-4594.0393624401495,1.5076219773072324,1206.097581845786,0,0.0,0,0.0,16,0.02,0,0.0,784,0,11,11,0,0,0,5,0,5,0,5,-64.15129568647899,9.929234329142613,0.2072796818776452,3.055484836991468,0.1323775446783955,0.2821818190768949,1.100718342697976,3.055484836991468,full RL,0.02
of_gate,OF-MPC pretrained + gate,OF gate,1,20260619_131652,71,56000,56800,800,-6.405454167799332,-5124.363334239466,-5.335801807534263,-4268.64144602741,1.0696523602650705,855.7218882120562,0,0.0,0,0.0,10,0.0125,0,0.0,790,0,6,6,0,0,0,4,0,4,0,4,-63.52948191530095,9.896873715077428,0.1911660928417505,2.9615615622854534,0.1289364050783563,0.2533957806051447,1.102877743907269,2.9615615622854534,full RL,0.0125
of_gate,OF-MPC pretrained + gate,OF gate,1,20260619_131652,72,56800,57600,800,-4.623296923117475,-3698.63753849398,-4.265950064336779,-3412.760051469423,0.3573468587806958,285.8774870245567,0,0.0,0,0.0,12,0.015,0,0.0,788,0,7,7,0,0,0,5,0,5,0,5,-64.1016706834431,5.133416912312768,0.1645542098742946,2.591481843979807,0.1152485672203243,0.2138598525282649,1.0701685992998708,2.591481843979807,full RL,0.015
of_gate,OF-MPC pretrained + gate,OF gate,1,20260619_131652,73,57600,58400,800,-4.994635132513583,-3995.7081060108662,-4.519474342148735,-3615.579473718988,0.4751607903648483,380.12863229187866,0,0.0,0,0.0,14,0.0175,0,0.0,786,0,10,10,0,0,0,4,0,4,0,4,-65.1264173569142,6.073837393065645,0.1687155959627057,2.6316908416348497,0.1183357489060612,0.2190954430193502,1.077422960879428,2.6316908416348497,full RL,0.0175
of_gate,OF-MPC pretrained + gate,OF gate,1,20260619_131652,74,58400,59200,800,-6.883487002434743,-5506.789601947794,-5.363102210717617,-4290.481768574094,1.520384791717126,1216.3078333737008,0,0.0,0,0.0,18,0.0225,0,0.0,782,0,14,14,0,0,0,4,0,4,0,4,-66.47749206769697,9.958890754779867,0.190726770910485,2.988425864448402,0.1282371041983019,0.2532164376226681,1.0896876120921326,2.988425864448402,full RL,0.0225
of_gate,OF-MPC pretrained + gate,OF gate,1,20260619_131652,75,59200,60000,800,-6.169276739409707,-4935.421391527765,-5.259326344562416,-4207.461075649932,0.9099503948472892,727.9603158778314,0,0.0,0,0.0,13,0.01625,0,0.0,787,0,9,9,0,0,0,4,0,4,0,4,-63.51682196174602,9.755095636033507,0.1946398029669399,2.9437186307076786,0.1292477041003648,0.260031901833515,1.0877035836025013,2.9437186307076786,full RL,0.01625
of_gate,OF-MPC pretrained + gate,OF gate,1,20260619_131652,76,60000,60800,800,-7.884747139977812,-6307.79771198225,-5.47660726093369,-4381.285808746952,2.408139879044122,1926.511903235298,0,0.0,0,0.0,13,0.01625,0,0.0,787,0,8,8,0,0,0,5,0,5,0,5,-67.1268814083636,11.37204726557411,0.1975305929525476,2.925518335548474,0.1282568303975387,0.2668043555075565,1.1009497431144664,2.925518335548474,full RL,0.01625
of_gate,OF-MPC pretrained + gate,OF gate,1,20260619_131652,77,60800,61600,800,-6.782366540492799,-5425.893232394239,-5.299143758036991,-4239.315006429593,1.4832227824558075,1186.5782259646462,0,0.0,0,0.0,13,0.01625,0,0.0,787,0,7,7,0,0,0,6,0,6,0,6,-65.36784375021261,9.751344212995896,0.1914562984228377,3.010640968973746,0.1283380232039985,0.2545745736416769,1.0940765932983458,3.010640968973746,full RL,0.01625
of_gate,OF-MPC pretrained + gate,OF gate,1,20260619_131652,78,61600,62400,800,-5.848378981730746,-4678.7031853845965,-5.031051071378038,-4024.840857102431,0.8173279103527067,653.8623282821653,0,0.0,0,0.0,10,0.0125,0,0.0,790,0,5,5,0,0,0,5,0,5,0,5,-62.80683547732974,9.77927187080453,0.1927975421148631,2.9361112841481827,0.1262019794320245,0.2593931047977018,1.083285887608195,2.9361112841481827,full RL,0.0125
of_gate,OF-MPC pretrained + gate,OF gate,1,20260619_131652,79,62400,63200,800,-6.979361566679702,-5583.489253343761,-5.675858432845646,-4540.686746276517,1.3035031338340537,1042.802507067243,0,0.0,0,0.0,16,0.02,0,0.0,784,0,11,11,0,0,0,5,0,5,0,5,-64.33015332845002,9.933947992800247,0.2053410502768084,2.9698095073891864,0.1344417786106204,0.2762403219429964,1.108811385893953,2.9698095073891864,full RL,0.02
of_gate,OF-MPC pretrained + gate,OF gate,1,20260619_131652,80,63200,64000,800,-4.996357120340503,-3997.085696272402,-4.601125053334369,-3680.900042667495,0.3952320670061335,316.18565360490686,0,0.0,0,0.0,8,0.01,0,0.0,792,0,4,4,0,0,0,4,0,4,0,4,-62.7838274746681,8.652240641887829,0.1710960841318896,2.5885624234938405,0.118211382605558,0.2239807856582211,1.076012165402005,2.5885624234938405,full RL,0.01
of_gate,OF-MPC pretrained + gate,OF gate,1,20260619_131652,81,64000,64800,800,-8.582898604912229,-6866.318883929784,-6.293904534172006,-5035.123627337604,2.288994070740224,1831.1952565921788,0,0.0,0,0.0,19,0.02375,0,0.0,781,0,13,13,0,0,0,6,0,6,0,6,-64.6386094924901,9.83855057592329,0.2166120652385136,2.985760734211624,0.1393019062076723,0.293922224269355,1.1072792591156118,2.985760734211624,full RL,0.02375
of_gate,OF-MPC pretrained + gate,OF gate,1,20260619_131652,82,64800,65600,800,-7.837181673435748,-6269.745338748598,-5.979253227555448,-4783.402582044359,1.8579284458802996,1486.3427567042395,0,0.0,0,0.0,19,0.02375,0,0.0,781,0,13,13,0,0,0,5,1,5,1,5,-62.893111762989406,9.92914765949658,0.2045866039705831,2.9213314287461003,0.1344223375065028,0.2747508704346635,1.1043713459639193,2.9213314287461003,full RL,0.02375
of_gate,OF-MPC pretrained + gate,OF gate,1,20260619_131652,83,65600,66400,800,-6.911310796904238,-5529.04863752339,-5.565066876625335,-4452.053501300268,1.346243920278904,1076.9951362231232,0,0.0,0,0.0,10,0.0125,0,0.0,790,0,6,6,0,0,0,4,0,4,0,4,-64.86835315734265,11.057763797935488,0.1952388024793498,2.930101781678104,0.1301356187267765,0.2603419862319232,1.0977310712421628,2.930101781678104,full RL,0.0125
of_gate,OF-MPC pretrained + gate,OF gate,1,20260619_131652,84,66400,67200,800,-5.956375609793862,-4765.10048783509,-5.054201115685089,-4043.360892548071,0.902174494108773,721.7395952870185,0,0.0,0,0.0,14,0.0175,0,0.0,786,0,9,9,0,0,0,5,0,5,0,5,-63.36096274435943,9.788747399680666,0.1949473172471439,2.9570076071686917,0.1262379369307033,0.2636566975635845,1.0762123343638312,2.9570076071686917,full RL,0.0175
of_gate,OF-MPC pretrained + gate,OF gate,1,20260619_131652,85,67200,68000,800,-5.309666100317809,-4247.732880254247,-4.700959952301652,-3760.7679618413217,0.6087061480161565,486.9649184129252,0,0.0,0,0.0,9,0.01125,0,0.0,791,0,4,4,0,0,0,5,0,5,0,5,-63.36731247365992,8.717397219529703,0.1698939566062299,2.539403118034216,0.1181777137660663,0.2216101994463934,1.082297767732599,2.539403118034216,full RL,0.01125
of_gate,OF-MPC pretrained + gate,OF gate,1,20260619_131652,86,68000,68800,800,-7.226479261284992,-5781.183409027994,-5.629413666730873,-4503.530933384698,1.5970655945541186,1277.6524756432948,0,0.0,0,0.0,22,0.0275,0,0.0,778,0,18,18,0,0,0,4,0,4,0,4,-62.507159981212,10.851403930004295,0.197610859531145,2.900749019019713,0.1298879799503488,0.2653337391119412,1.0972924499417558,2.900749019019713,full RL,0.0275
of_gate,OF-MPC pretrained + gate,OF gate,1,20260619_131652,87,68800,69600,800,-7.8986622802533715,-6318.929824202697,-6.261559460833565,-5009.247568666852,1.6371028194198072,1309.6822555358458,0,0.0,0,0.0,16,0.02,0,0.0,784,0,11,11,0,0,0,5,0,5,0,5,-65.76547433087092,9.92557442826053,0.2238449498700438,3.030341604709406,0.1407297858912276,0.3069601138488601,1.1148129455012108,3.030341604709406,full RL,0.02
of_gate,OF-MPC pretrained + gate,OF gate,1,20260619_131652,88,69600,70400,800,-8.155022046985348,-6524.017637588278,-6.239830752889322,-4991.864602311458,1.9151912940960256,1532.1530352768204,0,0.0,0,0.0,31,0.03875,0,0.0,769,0,26,26,0,0,0,5,0,5,0,5,-64.53341956176894,9.897696540845883,0.2218791352305075,2.973718060289229,0.1399664408221881,0.3037918296388269,1.1046526452785352,2.973718060289229,full RL,0.03875
of_gate,OF-MPC pretrained + gate,OF gate,1,20260619_131652,89,70400,71200,800,-4.893913567228135,-3915.130853782508,-4.58497390981278,-3667.979127850224,0.3089396574153552,247.1517259322842,0,0.0,0,0.0,19,0.02375,0,0.0,781,0,14,14,0,0,0,5,0,5,0,5,-63.64855457001954,2.3830303153587087,0.178390134948301,2.594934546436207,0.119205924085714,0.2375743458108881,1.0886760470033203,2.594934546436207,full RL,0.02375
of_gate,OF-MPC pretrained + gate,OF gate,1,20260619_131652,90,71200,72000,800,-5.528024368324266,-4422.4194946594125,-4.420355397682129,-3536.2843181457038,1.1076689706421354,886.1351765137083,0,0.0,0,0.0,20,0.025,0,0.0,780,0,15,15,0,0,0,4,1,4,1,4,-63.475276655242055,8.110126533658851,0.1683659944632313,2.5539528578000272,0.1165616489155957,0.2201703400108668,1.0778947536159396,2.5539528578000272,full RL,0.025
of_gate,OF-MPC pretrained + gate,OF gate,1,20260619_131652,91,72000,72800,800,-4.899020571116389,-3919.216456893111,-4.310270933523415,-3448.216746818732,0.5887496375929736,470.99971007437887,0,0.0,0,0.0,20,0.025,0,0.0,780,0,15,15,0,0,0,5,0,5,0,5,-65.34119182060056,4.39873096773292,0.1709643750740087,2.5780884524476733,0.1147823398374423,0.227146410310575,1.0884471695408937,2.5780884524476733,full RL,0.025
of_gate,OF-MPC pretrained + gate,OF gate,1,20260619_131652,92,72800,73600,800,-5.456872060373756,-4365.497648299005,-4.746995206888568,-3797.5961655108554,0.7098768534851875,567.90148278815,0,0.0,0,0.0,13,0.01625,0,0.0,787,0,8,8,0,0,0,5,0,5,0,5,-63.633373264145575,8.514844381182897,0.1726807372359943,2.603816651855027,0.1183830424024428,0.2269784320695457,1.0772095283295493,2.603816651855027,full RL,0.01625
of_gate,OF-MPC pretrained + gate,OF gate,1,20260619_131652,93,73600,74400,800,-8.220709818288123,-6576.567854630498,-6.236261563423946,-4989.009250739157,1.9844482548641769,1587.5586038913414,0,0.0,0,0.0,23,0.02875,0,0.0,777,0,19,19,0,0,0,4,0,4,0,4,-65.70660526461234,9.914247500952913,0.2205323659466262,3.0102265582228824,0.1387863990928444,0.3022783328004079,1.1003098263038886,3.0102265582228824,full RL,0.02875
of_gate,OF-MPC pretrained + gate,OF gate,1,20260619_131652,94,74400,75200,800,-7.995963315818795,-6396.770652655036,-6.16028204732092,-4928.225637856736,1.8356812684978736,1468.545014798299,0,0.0,0,0.0,19,0.02375,0,0.0,781,0,14,14,0,0,0,5,0,5,0,5,-67.62679491143672,10.091701410252222,0.2190377073424642,3.052930239791237,0.1393429882473487,0.2987324264375798,1.106264568661692,3.052930239791237,full RL,0.02375
of_gate,OF-MPC pretrained + gate,OF gate,1,20260619_131652,95,75200,76000,800,-6.839964464404984,-5471.971571523987,-5.515523179434948,-4412.418543547959,1.3244412849700349,1059.5530279760278,0,0.0,0,0.0,21,0.02625,0,0.0,779,0,16,16,0,0,0,5,0,5,0,5,-67.07486464046735,9.798486763081954,0.204772945658823,2.9238007833970414,0.1318420809934183,0.2777038103242277,1.0872232133087696,2.9238007833970414,full RL,0.02625
of_gate,OF-MPC pretrained + gate,OF gate,1,20260619_131652,96,76000,76800,800,-5.964873978289777,-4771.8991826318215,-4.947587868123963,-3958.0702944991694,1.017286110165814,813.8288881326512,0,0.0,0,0.0,10,0.0125,0,0.0,790,0,5,5,0,0,0,5,0,5,0,5,-64.48776185880877,9.641127529639007,0.178769725436029,2.955326798124645,0.1181498032470727,0.2393896476249853,1.0941264822681154,2.955326798124645,full RL,0.0125
of_gate,OF-MPC pretrained + gate,OF gate,1,20260619_131652,97,76800,77600,800,-7.524952805199603,-6019.962244159682,-5.830044698253723,-4664.035758602979,1.694908106945879,1355.926485556703,0,0.0,0,0.0,9,0.01125,0,0.0,791,0,5,5,0,0,0,4,0,4,0,4,-64.78975741676834,10.765551556284048,0.2040455945536782,2.991964603906468,0.1326706864954967,0.2754205026118598,1.0938254716279592,2.991964603906468,full RL,0.01125
of_gate,OF-MPC pretrained + gate,OF gate,1,20260619_131652,98,77600,78400,800,-7.813371899485926,-6250.697519588741,-5.953325473156164,-4762.660378524931,1.860046426329764,1488.037141063811,0,0.0,0,0.0,24,0.03,0,0.0,776,0,18,18,0,0,0,6,0,6,0,6,-65.37002999519927,9.820692810082765,0.2139069288290883,2.980715345878025,0.1375251356357808,0.2902887220223958,1.0922074321234598,2.980715345878025,full RL,0.03
of_gate,OF-MPC pretrained + gate,OF gate,1,20260619_131652,99,78400,79200,800,-7.474784575652393,-5979.827660521914,-5.879868812562259,-4703.895050049808,1.5949157630901345,1275.9326104721076,0,0.0,0,0.0,16,0.02,0,0.0,784,0,12,12,0,0,0,4,0,4,0,4,-64.25455479527068,9.817358650828924,0.2131166431287069,2.976445958052466,0.137554199587922,0.2886790866694919,1.0966682651927582,2.976445958052466,full RL,0.02
of_gate,OF-MPC pretrained + gate,OF gate,1,20260619_131652,100,79200,80000,800,-5.886365175317841,-4709.092140254273,-4.8656311574085445,-3892.5049259268353,1.0207340179092976,816.5872143274381,0,0.0,0,0.0,11,0.01375,0,0.0,789,0,10,10,0,0,0,1,0,1,0,1,-66.69603947467783,11.038745872372512,0.1712292477242295,2.5526443876955227,0.1197522203497587,0.2227062750987003,1.0853519569538768,2.5526443876955227,full RL,0.01375
of_gate,OF-MPC pretrained + gate,OF gate,1,20260619_131652,101,80000,80800,800,-5.483698773367955,-4386.959018694364,-4.746343366455811,-3797.074693164649,0.7373554069121434,589.8843255297147,0,0.0,0,0.0,20,0.025,0,0.0,780,0,15,15,0,0,0,5,0,5,0,5,-62.33928143741514,9.70650323044085,0.1785242951459452,2.955677600207082,0.1226549265235017,0.2343936637683888,1.092725053682909,2.955677600207082,full RL,0.025
of_gate,OF-MPC pretrained + gate,OF gate,1,20260619_131652,102,80800,81600,800,-6.087113158312784,-4869.690526650227,-5.098963823068305,-4079.171058454645,0.9881493352444785,790.5194681955827,0,0.0,0,0.0,17,0.02125,0,0.0,783,0,13,13,0,0,0,4,0,4,0,4,-63.57322402567024,9.84552402115834,0.19503392455108,2.9944739799470312,0.1264967873972685,0.2635710617048915,1.1005362260848606,2.9944739799470312,full RL,0.02125
of_gate,OF-MPC pretrained + gate,OF gate,1,20260619_131652,103,81600,82400,800,-4.920644312741937,-3936.515450193549,-4.399987457302344,-3519.989965841876,0.5206568554395927,416.5254843516742,0,0.0,0,0.0,19,0.02375,0,0.0,781,0,16,16,0,0,0,3,0,3,0,3,-63.50093063797556,7.724019778011661,0.1702657427510866,2.5774727336608407,0.115300860766555,0.2252306247356182,1.0788368642135628,2.5774727336608407,full RL,0.02375
of_gate,OF-MPC pretrained + gate,OF gate,1,20260619_131652,104,82400,83200,800,-5.101523262829138,-4081.2186102633104,-4.446525256650483,-3557.2202053203864,0.6549980061786548,523.9984049429238,0,0.0,0,0.0,16,0.02,0,0.0,784,0,13,13,0,0,0,3,0,3,0,3,-64.11112090606218,4.894421345078408,0.1744881194881868,2.588426681893054,0.117612655223873,0.2313635837525007,1.0905774406413036,2.588426681893054,full RL,0.02
of_gate,OF-MPC pretrained + gate,OF gate,1,20260619_131652,105,83200,84000,800,-4.532782558879112,-3626.2260471032896,-4.394757184551184,-3515.8057476409467,0.1380253743279286,110.42029946234294,0,0.0,0,0.0,8,0.01,0,0.0,792,0,5,5,0,0,0,3,0,3,0,3,-66.26116705216225,2.3708654799078053,0.1777642688730323,2.6733538888294106,0.116622299427233,0.2389062383188317,1.0788465560640996,2.6733538888294106,full RL,0.01
of_gate,OF-MPC pretrained + gate,OF gate,1,20260619_131652,106,84000,84800,800,-4.314941133377914,-3451.952906702332,-4.169390672996301,-3335.512538397041,0.1455504603816121,116.44036830528968,0,0.0,0,0.0,9,0.01125,0,0.0,791,0,5,5,0,0,0,4,0,4,0,4,-61.92558887605355,1.4723486073884196,0.1644902048955685,2.5830129795921835,0.1154409434933058,0.2135394662978312,1.0723146876159355,2.5830129795921835,full RL,0.01125
of_gate,OF-MPC pretrained + gate,OF gate,1,20260619_131652,107,84800,85600,800,-5.807693853965839,-4646.155083172671,-5.050737508041724,-4040.590006433379,0.756956345924114,605.5650767392912,0,0.0,0,0.0,7,0.00875,0,0.0,793,0,4,4,0,0,0,3,0,3,0,3,-66.86762843825954,9.638050093499452,0.1979729162687604,2.9522213857170527,0.1260675263818391,0.2698783061556817,1.1086604591558364,2.9522213857170527,full RL,0.00875
of_gate,OF-MPC pretrained + gate,OF gate,1,20260619_131652,108,85600,86400,800,-7.327791158570744,-5862.232926856595,-5.803320528468101,-4642.65642277448,1.5244706301026425,1219.576504082114,0,0.0,0,0.0,15,0.01875,0,0.0,785,0,13,13,0,0,0,2,0,2,0,2,-69.40662942604581,9.891284639289236,0.2104343403096426,3.0031591355040064,0.1333215071710264,0.2875471734482588,1.10090938852515,3.0031591355040064,full RL,0.01875
of_gate,OF-MPC pretrained + gate,OF gate,1,20260619_131652,109,86400,87200,800,-8.534594165876051,-6827.67533270084,-6.375653557666042,-5100.522846132833,2.1589406082100107,1727.1524865680085,0,0.0,0,0.0,21,0.02625,0,0.0,779,0,17,17,0,0,0,4,0,4,0,4,-64.4144970628962,9.864665722448262,0.229258145003469,2.9946965407966104,0.1345575247431425,0.3239587652637955,1.1061076207771374,2.9946965407966104,full RL,0.02625
of_gate,OF-MPC pretrained + gate,OF gate,1,20260619_131652,110,87200,88000,800,-5.123529237512016,-4098.823390009613,-4.513028873922746,-3610.423099138197,0.6105003635892722,488.4002908714177,0,0.0,0,0.0,18,0.0225,0,0.0,782,0,16,16,0,0,0,2,0,2,0,2,-61.43931886660448,9.447575100754545,0.1747444145566181,2.542625597246058,0.1153747999668517,0.2341140291463845,1.0834947373010697,2.542625597246058,full RL,0.0225
of_gate,OF-MPC pretrained + gate,OF gate,1,20260619_131652,111,88000,88800,800,-4.876590257585035,-3901.272206068028,-4.435856091794741,-3548.6848734357927,0.4407341657902941,352.5873326322353,0,0.0,0,0.0,7,0.00875,0,0.0,793,0,3,3,0,0,0,4,0,4,0,4,-63.985759898968354,8.226817997146401,0.169728033394607,2.5692601872203227,0.1160909062313697,0.2233651605578443,1.0829235960815038,2.5692601872203227,full RL,0.00875
of_gate,OF-MPC pretrained + gate,OF gate,1,20260619_131652,112,88800,89600,800,-5.480867793333077,-4384.694234666462,-4.675872634501838,-3740.69810760147,0.8049951588312397,643.9961270649918,0,0.0,0,0.0,10,0.0125,0,0.0,790,0,7,7,0,0,0,3,0,3,0,3,-66.50900338066504,12.81068757913356,0.1724049285875185,2.635634085573088,0.1166627339603213,0.2281471232147156,1.0954367147616568,2.635634085573088,full RL,0.0125
of_gate,OF-MPC pretrained + gate,OF gate,1,20260619_131652,113,89600,90400,800,-6.24318479295991,-4994.547834367928,-4.679922137298055,-3743.937709838444,1.5632626556618556,1250.6101245294844,0,0.0,0,0.0,10,0.0125,0,0.0,790,0,4,4,0,0,0,6,0,6,0,6,-64.97598429095012,9.79906241330016,0.1750915383790672,2.9766192194114183,0.1205830174356457,0.2296000593224887,1.0958290432574764,2.9766192194114183,full RL,0.0125
of_gate,OF-MPC pretrained + gate,OF gate,1,20260619_131652,114,90400,91200,800,-6.07017337506591,-4856.138700052728,-5.141773615099533,-4113.418892079626,0.9283997599663776,742.719807973102,0,0.0,0,0.0,14,0.0175,0,0.0,786,0,11,11,0,0,0,3,0,3,0,3,-66.05645315046911,9.87602137024246,0.1982436234546655,2.995519787412036,0.1268615780110239,0.2696256688983071,1.0987570799947028,2.995519787412036,full RL,0.0175
of_gate,OF-MPC pretrained + gate,OF gate,1,20260619_131652,115,91200,92000,800,-6.194279096594143,-4955.423277275315,-5.159395837974898,-4127.516670379919,1.0348832586192462,827.906606895397,0,0.0,0,0.0,18,0.0225,0,0.0,782,0,11,11,0,0,0,7,0,7,0,7,-65.83122158455308,10.02371002832867,0.1948835396536937,3.060533656657469,0.1280875510237099,0.2616795282836776,1.108090937826113,3.060533656657469,full RL,0.0225
of_gate,OF-MPC pretrained + gate,OF gate,1,20260619_131652,116,92000,92800,800,-8.167494300780632,-6533.995440624506,-6.200154348009107,-4960.123478407286,1.9673399527715252,1573.8719622172202,0,0.0,0,0.0,15,0.01875,0,0.0,785,0,12,12,0,0,0,3,0,3,0,3,-68.36776360177294,9.923285716152977,0.2200330407495808,3.0311938211097527,0.1380569756410458,0.3020091058581157,1.1071535419464906,3.0311938211097527,full RL,0.01875
of_gate,OF-MPC pretrained + gate,OF gate,1,20260619_131652,117,92800,93600,800,-8.986709249266578,-7189.367399413263,-6.560048055756297,-5248.0384446050375,2.426661193510281,1941.3289548082248,0,0.0,0,0.0,15,0.01875,0,0.0,785,0,12,12,0,0,0,3,0,3,0,3,-65.74066070992944,10.25824771515305,0.2264071773707966,3.0297846927578007,0.1389204787540841,0.313893875987509,1.1089837904408126,3.0297846927578007,full RL,0.01875
of_gate,OF-MPC pretrained + gate,OF gate,1,20260619_131652,118,93600,94400,800,-7.2200446413023505,-5776.035713041881,-5.525810405138191,-4420.648324110553,1.6942342361641602,1355.387388931328,0,0.0,0,0.0,11,0.01375,0,0.0,789,0,8,8,0,0,0,3,0,3,0,3,-65.5678281058781,10.396274000358556,0.1915605758583755,2.937662804637569,0.1270396199069877,0.2560815318097633,1.092656796166151,2.937662804637569,full RL,0.01375
of_gate,OF-MPC pretrained + gate,OF gate,1,20260619_131652,119,94400,95200,800,-7.54210848623217,-6033.686788985736,-5.733782734961396,-4587.026187969117,1.808325751270774,1446.6606010166192,0,0.0,0,0.0,18,0.0225,0,0.0,782,0,15,15,0,0,0,3,0,3,0,3,-67.42062134847549,10.62808813432558,0.2076024075845378,3.120359320545049,0.1281007162864217,0.2871040988826539,1.099612866370149,3.120359320545049,full RL,0.0225
of_gate,OF-MPC pretrained + gate,OF gate,1,20260619_131652,120,95200,96000,800,-6.323941148110063,-5059.152918488051,-5.1705289238627525,-4136.423139090202,1.153412224247311,922.7297793978488,0,0.0,0,0.0,32,0.04,0,0.0,768,0,28,28,0,0,0,4,0,4,0,4,-68.58791638858861,9.68086895461036,0.1998217971850082,2.998527622177562,0.1268580523070288,0.2727855420629875,1.0882399738535449,2.998527622177562,full RL,0.04
of_gate,OF-MPC pretrained + gate,OF gate,1,20260619_131652,121,96000,96800,800,-5.582671638241681,-4466.137310593345,-4.724804783660846,-3779.843826928677,0.8578668545808358,686.2934836646687,0,0.0,0,0.0,26,0.0325,0,0.0,774,0,23,23,0,0,0,3,0,3,0,3,-69.37637659164488,9.69388686450495,0.1876240698588608,2.989343414911673,0.1198967186018702,0.2553514211158515,1.0922378404070183,2.989343414911673,full RL,0.0325
of_gate,OF-MPC pretrained + gate,OF gate,1,20260619_131652,122,96800,97600,800,-4.799904378272861,-3839.9235026182887,-4.172588350791091,-3338.0706806328726,0.6273160274817701,501.8528219854161,0,0.0,0,0.0,39,0.04875,0,0.0,761,0,36,36,0,0,0,3,0,3,0,3,-67.05711353538584,2.8661143812277,0.1691676619719182,2.645085094793046,0.1132799092812606,0.2250554146625758,1.0623985604005657,2.645085094793046,full RL,0.04875
of_gate,OF-MPC pretrained + gate,OF gate,1,20260619_131652,123,97600,98400,800,-7.482403158813309,-5985.922527050647,-5.219897697457331,-4175.918157965864,2.2625054613559765,1810.004369084781,0,0.0,0,0.0,49,0.06125,0,0.0,751,0,47,47,0,0,0,2,0,2,0,2,-71.5447845762236,13.555298337904988,0.1857929276737271,2.6476133516319464,0.1165627895699464,0.2550230657775079,1.0623560574810305,2.6476133516319464,full RL,0.06125
of_gate,OF-MPC pretrained + gate,OF gate,1,20260619_131652,124,98400,99200,800,-5.569938865648663,-4455.95109251893,-4.598169186252458,-3678.535349001967,0.9717696793962044,777.4157435169635,0,0.0,0,0.0,28,0.035,0,0.0,772,0,24,24,0,0,0,4,0,4,0,4,-68.89125889621346,9.218615452661432,0.177792996963212,2.558135601907111,0.1145412977659796,0.2410446961604444,1.0685701707895636,2.558135601907111,full RL,0.035
of_gate,OF-MPC pretrained + gate,OF gate,1,20260619_131652,125,99200,100000,800,-6.237549625240611,-4990.039700192488,-4.941549856614195,-3953.239885291356,1.295999768626416,1036.7998149011328,0,0.0,0,0.0,24,0.03,0,0.0,776,0,22,22,0,0,0,2,0,2,0,2,-59.24157470819273,12.730442654112956,0.1777532624766095,2.5767694520871487,0.1176028449902464,0.2379036799629726,1.0577119266946249,2.5767694520871487,full RL,0.03
of_gate,OF-MPC pretrained + gate,OF gate,1,20260619_131652,126,100000,100800,800,-6.495066149585499,-5196.052919668399,-5.213656099963573,-4170.9248799708585,1.2814100496219254,1025.1280396975403,0,0.0,0,0.0,39,0.04875,0,0.0,761,0,37,37,0,0,0,2,0,2,0,2,-65.49346688397452,9.71063814437109,0.1975605925313368,2.968758524932582,0.127441476662287,0.2676797084003864,1.092802050105781,2.968758524932582,full RL,0.04875
of_gate,OF-MPC pretrained + gate,OF gate,1,20260619_131652,127,100800,101600,800,-4.610999190828303,-3688.7993526626415,-4.374451281545512,-3499.561025236409,0.2365479092827909,189.2383274262328,0,0.0,0,0.0,13,0.01625,0,0.0,787,0,11,11,0,0,0,2,0,2,0,2,-68.76683101110189,2.6002802608461413,0.1789345727307247,2.626613406563422,0.1158029662950879,0.2420661791663615,1.093125210481738,2.626613406563422,full RL,0.01625
of_gate,OF-MPC pretrained + gate,OF gate,1,20260619_131652,128,101600,102400,800,-5.393248031432594,-4314.598425146075,-4.674209184135574,-3739.367347308459,0.7190388472970191,575.2310778376152,0,0.0,0,0.0,24,0.03,0,0.0,776,0,21,21,0,0,0,3,0,3,0,3,-68.96252615569233,9.63739647383778,0.1812823905585521,3.013852828047902,0.121266426684526,0.2412983544325783,1.1051883243420877,3.013852828047902,full RL,0.03
of_gate,OF-MPC pretrained + gate,OF gate,1,20260619_131652,129,102400,103200,800,-6.006115410143199,-4804.892328114559,-4.93508377366145,-3948.06701892916,1.0710316364817478,856.8253091853983,0,0.0,0,0.0,16,0.02,0,0.0,784,0,12,12,0,0,0,3,1,3,1,3,-68.99688204468794,9.588302959223574,0.1963149063775362,3.074448180949787,0.1224402770347447,0.2701895357203278,1.0636669873005231,3.074448180949787,full RL,0.02
of_gate,OF-MPC pretrained + gate,OF gate,1,20260619_131652,130,103200,104000,800,-5.82855156623435,-4662.84125298748,-4.963382349430242,-3970.705879544194,0.8651692168041082,692.1353734432865,0,0.0,0,0.0,11,0.01375,0,0.0,789,0,7,7,0,0,0,4,0,4,0,4,-68.47849484115761,9.667827767104676,0.1906101849318364,2.964799096871843,0.1252921743584905,0.2559281955051823,1.0791345610606728,2.964799096871843,full RL,0.01375
of_gate,OF-MPC pretrained + gate,OF gate,1,20260619_131652,131,104000,104800,800,-8.554787409095846,-6843.829927276677,-6.518399963667767,-5214.719970934213,2.03638744542808,1629.109956342464,0,0.0,0,0.0,9,0.01125,0,0.0,791,0,7,7,0,0,0,2,0,2,0,2,-68.46760864424402,10.848075688670765,0.2225440814490696,3.019852213083425,0.1412775480429643,0.3038106148551749,1.1330806982145751,3.019852213083425,full RL,0.01125
of_gate,OF-MPC pretrained + gate,OF gate,1,20260619_131652,132,104800,105600,800,-6.300163213495559,-5040.130570796447,-5.212074715365231,-4169.659772292185,1.0880884981303265,870.4707985042612,0,0.0,0,0.0,11,0.01375,0,0.0,789,0,9,9,0,0,0,2,0,2,0,2,-68.04161943397025,9.665046843855675,0.1980168321500234,2.9441542231083986,0.1262965929704975,0.2697370713295492,1.0942530286373673,2.9441542231083986,full RL,0.01375
of_gate,OF-MPC pretrained + gate,OF gate,1,20260619_131652,133,105600,106400,800,-8.229644662365184,-6583.715729892147,-6.266922246259226,-5013.537797007381,1.9627224161059555,1570.1779328847645,0,0.0,0,0.0,16,0.02,0,0.0,784,0,15,15,0,0,0,1,0,1,0,1,-72.58783583232855,10.183735534548568,0.2158385849701354,3.028321318579742,0.1358060846524783,0.2958710852877926,1.1169839533769754,3.028321318579742,full RL,0.02
of_gate,OF-MPC pretrained + gate,OF gate,1,20260619_131652,134,106400,107200,800,-9.543429307806788,-7634.74344624543,-6.843538083083425,-5474.83046646674,2.6998912247233617,2159.912979778689,0,0.0,0,0.0,16,0.02,0,0.0,784,0,14,14,0,0,0,2,0,2,0,2,-65.49498951894975,12.472165513402716,0.2345097443692424,3.001329352588129,0.1420201194631097,0.3269993692753751,1.093974083528248,3.001329352588129,full RL,0.02
of_gate,OF-MPC pretrained + gate,OF gate,1,20260619_131652,135,107200,108000,800,-6.1460154789340775,-4916.812383147262,-5.062156853440606,-4049.725482752485,1.083858625493471,867.0869003947768,0,0.0,0,0.0,22,0.0275,0,0.0,778,0,19,19,0,0,0,3,0,3,0,3,-68.65141271251696,9.892484672637856,0.1967462695342702,3.038854311214152,0.1253860327112243,0.268106506357316,1.0873269160540455,3.038854311214152,full RL,0.0275
of_gate,OF-MPC pretrained + gate,OF gate,1,20260619_131652,136,108000,108800,800,-4.840573089551287,-3872.45847164103,-4.394042019862075,-3515.23361588966,0.4465310696892126,357.2248557513701,0,0.0,0,0.0,21,0.02625,0,0.0,779,0,19,19,0,0,0,2,0,2,0,2,-73.4757254986315,3.959349467031643,0.1783470309810755,2.592932049079081,0.1151887047533306,0.2415053572088205,1.072492122591321,2.592932049079081,full RL,0.02625
of_gate,OF-MPC pretrained + gate,OF gate,1,20260619_131652,137,108800,109600,800,-4.702463899700694,-3761.971119760556,-4.242532635730869,-3394.0261085846946,0.4599312639698268,367.9450111758615,0,0.0,0,0.0,30,0.0375,0,0.0,770,0,27,27,0,0,0,3,0,3,0,3,-67.89472714637725,2.8647213453090874,0.1673630273667389,2.60815922584419,0.1153065076611711,0.2194195470723066,1.0711468121987964,2.60815922584419,full RL,0.0375
of_gate,OF-MPC pretrained + gate,OF gate,1,20260619_131652,138,109600,110400,800,-6.032764947859203,-4826.211958287362,-5.031340595096156,-4025.072476076925,1.0014243527630458,801.1394822104365,0,0.0,0,0.0,25,0.03125,0,0.0,775,0,22,22,0,0,0,3,0,3,0,3,-64.86889734600118,9.743981720480882,0.1900976038527191,2.8918294289481423,0.1226601585200085,0.2575350491854297,1.12677157686154,2.8918294289481423,full RL,0.03125
of_gate,OF-MPC pretrained + gate,OF gate,1,20260619_131652,139,110400,111200,800,-7.858142866732639,-6286.514293386112,-6.0812299891344015,-4864.983991307521,1.776912877598239,1421.5303020785911,0,0.0,0,0.0,7,0.00875,0,0.0,793,0,4,4,0,0,0,3,0,3,0,3,-66.63355412990904,10.751602852008029,0.2115584894510074,3.0951590715309294,0.1353628905039104,0.2877540883981043,1.1163570595864925,3.0951590715309294,full RL,0.00875
of_gate,OF-MPC pretrained + gate,OF gate,1,20260619_131652,140,111200,112000,800,-8.435286681957468,-6748.229345565975,-6.466136952869923,-5172.9095622959385,1.9691497290875464,1575.319783270037,0,0.0,0,0.0,18,0.0225,0,0.0,782,0,14,14,0,0,0,4,0,4,0,4,-64.84567534245036,9.941370248541295,0.2279469334880085,2.92010954728471,0.1432796226123462,0.3126142443636708,1.1137376897249402,2.92010954728471,full RL,0.0225
of_gate,OF-MPC pretrained + gate,OF gate,1,20260619_131652,141,112000,112800,800,-6.04375608725984,-4835.004869807872,-4.698264253841165,-3758.611403072932,1.3454918334186745,1076.3934667349397,0,0.0,0,0.0,15,0.01875,0,0.0,785,0,10,10,0,0,0,5,0,5,0,5,-67.22668332430464,11.16767384664021,0.1725913959053241,2.803248933076816,0.1143070033365467,0.2308757884741016,1.081230465471784,2.803248933076816,full RL,0.01875
of_gate,OF-MPC pretrained + gate,OF gate,1,20260619_131652,142,112800,113600,800,-8.079612629794015,-6463.690103835212,-6.116204829192806,-4892.9638633542445,1.9634078006012083,1570.726240480967,0,0.0,0,0.0,25,0.03125,0,0.0,775,0,22,22,0,0,0,3,0,3,0,3,-69.25100310340781,9.776130757877295,0.2225461915754363,3.03742765030006,0.1369174391776082,0.3081749439732645,1.1036540782532618,3.03742765030006,full RL,0.03125
of_gate,OF-MPC pretrained + gate,OF gate,1,20260619_131652,143,113600,114400,800,-4.930640527206351,-3944.512421765081,-4.436202097428327,-3548.961677942661,0.494438429778025,395.55074382242,0,0.0,0,0.0,9,0.01125,0,0.0,791,0,6,6,0,0,0,3,0,3,0,3,-69.45667283592468,9.588265898860554,0.1752729134912718,2.6124915455485507,0.1139476231031673,0.2365982038793762,1.0767084029812342,2.6124915455485507,full RL,0.01125
of_gate,OF-MPC pretrained + gate,OF gate,1,20260619_131652,144,114400,115200,800,-5.375254737892467,-4300.2037903139735,-4.569987889680877,-3655.990311744701,0.8052668482115902,644.2134785692722,0,0.0,0,0.0,15,0.01875,0,0.0,785,0,11,11,0,0,0,4,0,4,0,4,-58.6198353892944,7.47343663404417,0.1728704707977748,2.683980610082358,0.1151959269218213,0.2305450146737283,1.0632684878186298,2.683980610082358,full RL,0.01875
of_gate,OF-MPC pretrained + gate,OF gate,1,20260619_131652,145,115200,116000,800,-7.054787426614144,-5643.829941291316,-5.580134531072179,-4464.107624857744,1.474652895541965,1179.722316433572,0,0.0,0,0.0,9,0.01125,0,0.0,791,0,6,6,0,0,0,3,0,3,0,3,-67.06385895234973,9.931962306139434,0.2054918791930945,2.9369439892657283,0.1305730024515951,0.2804107559345941,1.091488212811476,2.9369439892657283,full RL,0.01125
of_gate,OF-MPC pretrained + gate,OF gate,1,20260619_131652,146,116000,116800,800,-8.65116446198125,-6920.931569584999,-6.3541219910610565,-5083.297592848845,2.297042470920194,1837.6339767361555,0,0.0,0,0.0,13,0.01625,0,0.0,787,0,10,10,0,0,0,3,0,3,0,3,-65.58044415539644,9.983527630551787,0.2218432985208661,3.007233194819776,0.1363648341377182,0.307321762904014,1.0973875570618845,3.007233194819776,full RL,0.01625
of_gate,OF-MPC pretrained + gate,OF gate,1,20260619_131652,147,116800,117600,800,-7.988364855376278,-6390.691884301023,-6.098670181092192,-4878.936144873754,1.8896946742840877,1511.75573942727,0,0.0,0,0.0,11,0.01375,0,0.0,789,0,6,6,0,0,0,5,0,5,0,5,-68.04509517371912,10.161566977188183,0.2164174314477876,2.951220980134565,0.1367585171780013,0.2960763457175738,1.111680960350859,2.951220980134565,full RL,0.01375
of_gate,OF-MPC pretrained + gate,OF gate,1,20260619_131652,148,117600,118400,800,-4.315860248033196,-3452.6881984265565,-4.136472437550267,-3309.177950040213,0.1793878104829293,143.51024838634345,0,0.0,0,0.0,13,0.01625,0,0.0,787,0,10,10,0,0,0,3,0,3,0,3,-70.80693084717541,1.0264247584342954,0.1664249281842209,2.636462698485616,0.1142592947238975,0.2185905616445441,1.0747787542254872,2.636462698485616,full RL,0.01625
of_gate,OF-MPC pretrained + gate,OF gate,1,20260619_131652,149,118400,119200,800,-4.399583110759807,-3519.666488607846,-4.150998878989399,-3320.799103191519,0.2485842317704085,198.86738541632684,0,0.0,0,0.0,11,0.01375,0,0.0,789,0,8,8,0,0,0,3,0,3,0,3,-69.40280257460734,4.727070584035913,0.1703963639000561,2.6503089697848736,0.1127765059730091,0.2280162218271031,1.0677003248045946,2.6503089697848736,full RL,0.01375
of_gate,OF-MPC pretrained + gate,OF gate,1,20260619_131652,150,119200,120000,800,-8.201014324451979,-6560.811459561583,-5.312114122240326,-4249.69129779226,2.8889002022116523,2311.120161769322,0,0.0,0,0.0,18,0.0225,0,0.0,782,0,13,13,0,0,0,5,0,5,0,5,-70.14850499155386,9.715250438161227,0.1899552781576792,2.9607099423073464,0.1260380351565808,0.2538725211587775,1.087631947634392,2.9607099423073464,full RL,0.0225
of_gate,OF-MPC pretrained + gate,OF gate,1,20260619_131652,151,120000,120800,800,-4.942492499900357,-3953.993999920286,-4.506731432336408,-3605.385145869126,0.4357610675639505,348.60885405116045,0,0.0,0,0.0,15,0.01875,0,0.0,785,0,11,11,0,0,0,4,0,4,0,4,-57.35278278104704,4.148896457333666,0.1710929702066587,2.6402337162032268,0.1184660566167471,0.2237198837965703,1.0831986993044145,2.6402337162032268,full RL,0.01875
of_gate,OF-MPC pretrained + gate,OF gate,1,20260619_131652,152,120800,121600,800,-7.271509924549584,-5817.207939639668,-5.543136834697207,-4434.509467757765,1.7283730898523786,1382.6984718819028,0,0.0,0,0.0,12,0.015,0,0.0,788,0,8,8,0,0,0,4,0,4,0,4,-68.99040680568112,13.328025571672612,0.1985748267237779,3.0427169491197787,0.1274843054085412,0.2696653480390146,1.0920089851120038,3.0427169491197787,full RL,0.015
of_gate,OF-MPC pretrained + gate,OF gate,1,20260619_131652,153,121600,122400,800,-5.714024967423434,-4571.219973938747,-4.738701836828176,-3790.9614694625407,0.9753231305952572,780.2585044762056,0,0.0,0,0.0,9,0.01125,0,0.0,791,0,6,6,0,0,0,3,0,3,0,3,-72.51430033904921,10.49432174557036,0.1655206661921815,2.579000154267362,0.1178308317991534,0.2132105005852097,1.0873969036023552,2.579000154267362,full RL,0.01125
of_gate,OF-MPC pretrained + gate,OF gate,1,20260619_131652,154,122400,123200,800,-6.684856809509721,-5347.885447607777,-5.011983874297997,-4009.5870994383977,1.672872935211725,1338.29834816938,0,0.0,0,0.0,12,0.015,0,0.0,788,0,6,6,0,0,0,6,0,6,0,6,-66.24793841191365,9.934173074277734,0.1876455614512768,3.007907326615509,0.1253553444307663,0.2499357784717873,1.1052822839853786,3.007907326615509,full RL,0.015
of_gate,OF-MPC pretrained + gate,OF gate,1,20260619_131652,155,123200,124000,800,-6.293283105982826,-5034.62648478626,-5.174880727525792,-4139.904582020634,1.1184023784570345,894.7219027656275,0,0.0,0,0.0,12,0.015,0,0.0,788,0,9,9,0,0,0,3,0,3,0,3,-68.8309631723323,9.690500354343207,0.1917323361317373,2.9886445509860096,0.126993826556673,0.2564708457068017,1.1049992318751651,2.9886445509860096,full RL,0.015
of_gate,OF-MPC pretrained + gate,OF gate,1,20260619_131652,156,124000,124800,800,-6.185055140650338,-4948.044112520271,-4.871387719047947,-3897.110175238357,1.3136674216023918,1050.9339372819134,0,0.0,0,0.0,14,0.0175,0,0.0,786,0,11,11,0,0,0,3,0,3,0,3,-68.70325490269136,10.632638621345398,0.1681083267040292,2.667167572582855,0.1170423971469693,0.219174256261089,1.0817490807951278,2.667167572582855,full RL,0.0175
of_gate,OF-MPC pretrained + gate,OF gate,1,20260619_131652,157,124800,125600,800,-7.473369529233089,-5978.695623386471,-5.706804872320538,-4565.44389785643,1.7665646569125508,1413.2517255300406,0,0.0,0,0.0,16,0.02,0,0.0,784,0,12,12,0,0,0,4,0,4,0,4,-72.11299769314917,9.875169624149414,0.2114070910825831,3.0274219426435707,0.1287043585319525,0.2941098236332136,1.1161552739595615,3.0274219426435707,full RL,0.02
of_gate,OF-MPC pretrained + gate,OF gate,1,20260619_131652,158,125600,126400,800,-7.223073262714383,-5778.458610171507,-5.684012085085175,-4547.209668068141,1.5390611776292078,1231.2489421033663,0,0.0,0,0.0,10,0.0125,0,0.0,790,0,7,7,0,0,0,3,0,3,0,3,-63.97453936806869,9.924369116581682,0.2151401897086305,3.038183778732389,0.1338870528267974,0.2963933265904637,1.1002804298335378,3.038183778732389,full RL,0.0125
of_gate,OF-MPC pretrained + gate,OF gate,1,20260619_131652,159,126400,127200,800,-5.899595447605662,-4719.676358084529,-5.062591926331481,-4050.073541065185,0.8370035212741798,669.6028170193438,0,0.0,0,0.0,9,0.01125,0,0.0,791,0,6,6,0,0,0,3,0,3,0,3,-67.40592118160168,9.803533424409476,0.1906505557909824,2.9503793893774173,0.1273395007704267,0.253961610811538,1.1100562883835925,2.9503793893774173,full RL,0.01125
of_gate,OF-MPC pretrained + gate,OF gate,1,20260619_131652,160,127200,128000,800,-6.065740957014064,-4852.592765611252,-5.108596544103348,-4086.877235282678,0.9571444129107166,765.7155303285733,0,0.0,0,0.0,15,0.01875,0,0.0,785,0,10,10,0,0,0,5,0,5,0,5,-68.65178128616913,9.846941296357906,0.1916120086231249,2.9424653698238217,0.1277443844591627,0.2554796327870871,1.112214354331997,2.9424653698238217,full RL,0.01875
of_gate,OF-MPC pretrained + gate,OF gate,1,20260619_131652,161,128000,128800,800,-6.8913398395044165,-5513.0718716035335,-5.515826382095932,-4412.661105676745,1.3755134574084855,1100.4107659267884,0,0.0,0,0.0,14,0.0175,0,0.0,786,0,10,10,0,0,0,4,0,4,0,4,-70.03752094483661,9.84879382490277,0.2041569168081524,3.051805761182038,0.1323582721251614,0.2759555614911433,1.099747009017194,3.051805761182038,full RL,0.0175
of_gate,OF-MPC pretrained + gate,OF gate,1,20260619_131652,162,128800,129600,800,-5.699226268521329,-4559.381014817063,-4.920595073680232,-3936.4760589441858,0.7786311948410972,622.9049558728777,0,0.0,0,0.0,7,0.00875,0,0.0,793,0,2,2,0,0,0,5,0,5,0,5,-65.38760669215549,9.701347272157143,0.1904272893394533,3.011540997898919,0.1250847167978057,0.255769861881101,1.0799819214198885,3.011540997898919,full RL,0.00875
of_gate,OF-MPC pretrained + gate,OF gate,1,20260619_131652,163,129600,130400,800,-4.902977649585615,-3922.382119668492,-4.453719674022653,-3562.9757392181227,0.4492579755629621,359.4063804503697,0,0.0,0,0.0,4,0.005,0,0.0,796,0,1,1,0,0,0,3,0,3,0,3,-68.6429487206641,9.564054832560789,0.1651546728328764,2.578329586921029,0.1169492852295837,0.2133600604361691,1.0881958726193024,2.578329586921029,full RL,0.005
of_gate,OF-MPC pretrained + gate,OF gate,1,20260619_131652,164,130400,131200,800,-6.022082469589708,-4817.665975671766,-5.065505372055973,-4052.404297644778,0.9565770975337344,765.2616780269876,0,0.0,0,0.0,9,0.01125,0,0.0,791,0,6,6,0,0,0,3,0,3,0,3,-67.91749963803136,9.82766887797635,0.1917039321805865,2.9500028870043598,0.1263149261328686,0.2570929382283044,1.1037672904868887,2.9500028870043598,full RL,0.01125
of_gate,OF-MPC pretrained + gate,OF gate,1,20260619_131652,165,131200,132000,800,-6.191169739147912,-4952.935791318329,-5.09999034934946,-4079.992279479568,1.0911793897984523,872.9435118387619,0,0.0,0,0.0,9,0.01125,0,0.0,791,0,6,6,0,0,0,3,0,3,0,3,-63.281972937283854,9.755123691113925,0.1917119467982492,2.9600716617893568,0.1258526747236586,0.2575712188728399,1.094354705434642,2.9600716617893568,full RL,0.01125
of_gate,OF-MPC pretrained + gate,OF gate,1,20260619_131652,166,132000,132800,800,-6.512715680954313,-5210.172544763451,-5.238285108884528,-4190.628087107622,1.2744305720697846,1019.5444576558276,0,0.0,0,0.0,7,0.00875,0,0.0,793,0,3,3,0,0,0,4,0,4,0,4,-66.10314863439976,10.023582917427698,0.1880345897082634,2.917147431953026,0.1275887698042258,0.2484804096123011,1.1121652058716571,2.917147431953026,full RL,0.00875
of_gate,OF-MPC pretrained + gate,OF gate,1,20260619_131652,167,132800,133600,800,-6.685833946867006,-5348.6671574936045,-5.240292716916818,-4192.234173533454,1.4455412299501886,1156.432983960151,0,0.0,0,0.0,18,0.0225,0,0.0,782,0,15,15,0,0,0,3,0,3,0,3,-69.50893170577785,9.740307126580625,0.1935502901256625,2.9604996730384414,0.125484889721172,0.2616156905301529,1.0857768899717066,2.9604996730384414,full RL,0.0225
of_gate,OF-MPC pretrained + gate,OF gate,1,20260619_131652,168,133600,134400,800,-6.087598809196792,-4870.079047357433,-5.0433671009749865,-4034.693680779989,1.044231708221805,835.3853665774442,0,0.0,0,0.0,14,0.0175,0,0.0,786,0,10,10,0,0,0,4,0,4,0,4,-65.71790771574479,9.777818827310188,0.1873022317621917,2.940545438775132,0.126868049875892,0.2477364136484914,1.1036633279487025,2.940545438775132,full RL,0.0175
of_gate,OF-MPC pretrained + gate,OF gate,1,20260619_131652,169,134400,135200,800,-7.775684534566552,-6220.547627653242,-5.909458551122125,-4727.5668408977,1.866225983444428,1492.9807867555423,0,0.0,0,0.0,23,0.02875,0,0.0,777,0,19,19,0,0,0,4,0,4,0,4,-66.01361873204701,9.773133830282102,0.2185304923375551,3.0295098295620164,0.1354377542499373,0.301623230425173,1.0997102487922723,3.0295098295620164,full RL,0.02875
of_gate,OF-MPC pretrained + gate,OF gate,1,20260619_131652,170,135200,136000,800,-5.57418613984246,-4459.348911873968,-4.589676296092726,-3671.7410368741807,0.984509843749735,787.607874999788,0,0.0,0,0.0,21,0.02625,0,0.0,779,0,17,17,0,0,0,4,0,4,0,4,-67.86861386923056,8.959226634443677,0.1668391403659275,2.5379133627515102,0.1157307692034705,0.2179475115283846,1.0843092685996134,2.5379133627515102,full RL,0.02625
of_gate,OF-MPC pretrained + gate,OF gate,1,20260619_131652,171,136000,136800,800,-7.410779727548074,-5928.62378203846,-5.757906005334896,-4606.324804267917,1.6528737222131786,1322.298977770543,0,0.0,0,0.0,13,0.01625,0,0.0,787,0,10,10,0,0,0,3,0,3,0,3,-63.73712521103562,9.73001172455489,0.213834367041367,2.9495072219008307,0.1342332160500236,0.2934355180327104,1.0864066980351788,2.9495072219008307,full RL,0.01625
of_gate,OF-MPC pretrained + gate,OF gate,1,20260619_131652,172,136800,137600,800,-5.881664461476047,-4705.3315691808375,-5.018413786138138,-4014.731028910511,0.8632506753379089,690.6005402703271,0,0.0,0,0.0,12,0.015,0,0.0,788,0,7,7,0,0,0,5,0,5,0,5,-64.75789620921216,9.794962893026316,0.1869443824326416,2.908017395732429,0.1272996109667968,0.2465891538984864,1.108367062548742,2.908017395732429,full RL,0.015
of_gate,OF-MPC pretrained + gate,OF gate,1,20260619_131652,173,137600,138400,800,-7.445331206455808,-5956.264965164647,-5.802711550809181,-4642.169240647345,1.6426196556466277,1314.0957245173022,0,0.0,0,0.0,17,0.02125,0,0.0,783,0,12,12,0,0,0,5,0,5,0,5,-63.6608767308453,9.796082946148596,0.2120210518377525,2.951244201465101,0.1362686844800324,0.2877734191954727,1.097685492718229,2.951244201465101,full RL,0.02125
of_gate,OF-MPC pretrained + gate,OF gate,1,20260619_131652,174,138400,139200,800,-5.132610945127892,-4106.088756102314,-4.494741959684967,-3595.7935677479736,0.6378689854429244,510.29518835433953,0,0.0,0,0.0,6,0.0075,0,0.0,794,0,2,2,0,0,0,4,0,4,0,4,-65.19792116101792,10.167759372460251,0.167520440446243,2.584047951698324,0.1159625842898534,0.2190782966026326,1.0871105972999673,2.584047951698324,full RL,0.0075
of_gate,OF-MPC pretrained + gate,OF gate,1,20260619_131652,175,139200,140000,800,-6.286495796953651,-5029.196637562921,-5.163314395233384,-4130.651516186707,1.1231814017202673,898.5451213762137,0,0.0,0,0.0,12,0.015,0,0.0,788,0,8,8,0,0,0,4,0,4,0,4,-66.44985064747777,9.924394315675636,0.1934171954459038,3.03515453924706,0.1267614783048388,0.2600729125869687,1.1111859253110743,3.03515453924706,full RL,0.015
of_gate,OF-MPC pretrained + gate,OF gate,1,20260619_131652,176,140000,140800,800,-6.115473324796287,-4892.37865983703,-5.117125818623132,-4093.7006548985055,0.9983475061731544,798.6780049385235,0,0.0,0,0.0,14,0.0175,0,0.0,786,0,9,9,0,0,0,5,0,5,0,5,-65.82775893086932,9.773042818073396,0.1928047145707203,2.993317758030741,0.1268458208451057,0.2587636082963349,1.104926224150235,2.993317758030741,full RL,0.0175
of_gate,OF-MPC pretrained + gate,OF gate,1,20260619_131652,177,140800,141600,800,-7.314760322715065,-5851.808258172052,-5.176541063962576,-4141.232851170061,2.13821925875249,1710.575407001992,0,0.0,0,0.0,23,0.02875,0,0.0,777,0,16,16,0,0,0,7,0,7,0,7,-64.74290540750599,9.729378528384787,0.1878743359355155,2.989689218724777,0.1266524216511884,0.2490962502198426,1.0998163306776925,2.989689218724777,full RL,0.02875
of_gate,OF-MPC pretrained + gate,OF gate,1,20260619_131652,178,141600,142400,800,-6.379625416649501,-5103.700333319601,-5.141040757692547,-4112.832606154037,1.2385846589569531,990.8677271655624,0,0.0,0,0.0,14,0.0175,0,0.0,786,0,9,9,0,0,0,5,0,5,0,5,-64.74086917797979,9.815627701250463,0.190060809443165,2.9804167966154864,0.1259138157919657,0.2542078030943642,1.1046491922899162,2.9804167966154864,full RL,0.0175
of_gate,OF-MPC pretrained + gate,OF gate,1,20260619_131652,179,142400,143200,800,-6.066597890395619,-4853.278312316495,-4.979543788570831,-3983.635030856664,1.0870541018247886,869.6432814598309,0,0.0,0,0.0,14,0.0175,0,0.0,786,0,10,10,0,0,0,4,0,4,0,4,-66.25912659263395,9.745455608438638,0.1879773622515597,2.9748820626798533,0.1250315730146501,0.2509231514884693,1.0862684083062644,2.9748820626798533,full RL,0.0175
of_gate,OF-MPC pretrained + gate,OF gate,1,20260619_131652,180,143200,144000,800,-5.916646502234726,-4733.3172017877805,-5.014017444514368,-4011.2139556114944,0.9026290577203572,722.1032461762858,0,0.0,0,0.0,11,0.01375,0,0.0,789,0,7,7,0,0,0,4,0,4,0,4,-62.596557329736015,9.78383906989754,0.186291930154003,2.899562973037007,0.1271927095008318,0.2453911508071742,1.0947965740913457,2.899562973037007,full RL,0.01375
of_gate,OF-MPC pretrained + gate,OF gate,1,20260619_131652,181,144000,144800,800,-8.009941047956756,-6407.952838365405,-6.126407507376384,-4901.126005901107,1.8835335405803717,1506.8268324642972,0,0.0,0,0.0,11,0.01375,0,0.0,789,0,6,6,0,0,0,5,0,5,0,5,-64.07200510401515,9.781597284139544,0.2142522512487151,2.9778596883344903,0.1377481830031275,0.2907563194943027,1.1084824036106975,2.9778596883344903,full RL,0.01375
of_gate,OF-MPC pretrained + gate,OF gate,1,20260619_131652,182,144800,145600,800,-6.777481838466184,-5421.985470772946,-5.0777234489839325,-4062.178759187146,1.6997583894822494,1359.8067115857996,0,0.0,0,0.0,15,0.01875,0,0.0,785,0,9,9,0,0,0,6,0,6,0,6,-67.04959393550212,9.74491191248558,0.1855456136771148,2.950473801257885,0.126124650159105,0.2449665771951246,1.1011784127129205,2.950473801257885,full RL,0.01875
of_gate,OF-MPC pretrained + gate,OF gate,1,20260619_131652,183,145600,146400,800,-6.483343996508138,-5186.67519720651,-5.225409764504161,-4180.327811603329,1.2579342320039764,1006.3473856031812,0,0.0,0,0.0,22,0.0275,0,0.0,778,0,18,18,0,0,0,4,0,4,0,4,-65.7311694505803,9.844581465550096,0.1910839339980834,2.955996393814303,0.1272034004967575,0.2549644674994093,1.1106511461430515,2.955996393814303,full RL,0.0275
of_gate,OF-MPC pretrained + gate,OF gate,1,20260619_131652,184,146400,147200,800,-5.854100489880222,-4683.280391904177,-4.887670094391757,-3910.1360755134056,0.966430395488465,773.144316390772,0,0.0,0,0.0,16,0.02,0,0.0,784,0,12,12,0,0,0,4,0,4,0,4,-64.36348640385961,9.68365754467943,0.1769202623980812,2.924749877963848,0.1225750077715688,0.2312655170245935,1.0938260585201314,2.924749877963848,full RL,0.02
of_gate,OF-MPC pretrained + gate,OF gate,1,20260619_131652,185,147200,148000,800,-5.2588166501925615,-4207.053320154049,-4.551563516669861,-3641.250813335889,0.7072531335227004,565.8025068181603,0,0.0,0,0.0,13,0.01625,0,0.0,787,0,10,10,0,0,0,3,0,3,0,3,-66.16996101133896,10.236973855946225,0.1660188865610689,2.601744350948877,0.1177619935329966,0.2142757795891412,1.111472110479396,2.601744350948877,full RL,0.01625
of_gate,OF-MPC pretrained + gate,OF gate,1,20260619_131652,186,148000,148800,800,-8.049036440551765,-6439.229152441412,-6.030732169669001,-4824.585735735201,2.0183042708827634,1614.6434167062107,0,0.0,0,0.0,16,0.02,0,0.0,784,0,11,11,0,0,0,5,0,5,0,5,-63.912112200297656,9.795692833943551,0.2154796067247693,2.9828646211240084,0.1362181429618247,0.2947410704877138,1.0990890212786368,2.9828646211240084,full RL,0.02
of_gate,OF-MPC pretrained + gate,OF gate,1,20260619_131652,187,148800,149600,800,-7.621611345965388,-6097.28907677231,-5.965952385202847,-4772.761908162278,1.6556589607625405,1324.5271686100325,0,0.0,0,0.0,12,0.015,0,0.0,788,0,6,6,0,0,0,6,0,6,0,6,-65.1064257083226,9.8492158978917,0.2142439211506262,3.0040953414763862,0.1382396442350831,0.2902481980661692,1.1122039552626055,3.0040953414763862,full RL,0.015
of_gate,OF-MPC pretrained + gate,OF gate,1,20260619_131652,188,149600,150400,800,-6.401499469692007,-5121.199575753606,-5.189606476756277,-4151.6851814050215,1.21189299293573,969.514394348584,0,0.0,0,0.0,15,0.01875,0,0.0,785,0,10,10,0,0,0,5,0,5,0,5,-66.94886633518331,9.737893708568782,0.1893820487262386,2.946136040152396,0.1282756574868629,0.2504884399656143,1.1045930642463255,2.946136040152396,full RL,0.01875
of_gate,OF-MPC pretrained + gate,OF gate,1,20260619_131652,189,150400,151200,800,-6.258001661525234,-5006.401329220187,-4.434509598425178,-3547.6076787401425,1.823492063100056,1458.793650480045,0,0.0,0,0.0,20,0.025,0,0.0,780,0,14,14,0,0,0,6,0,6,0,6,-67.83882816472965,7.823685033820949,0.1582297097847674,2.558400609650562,0.1159406987962534,0.2005187207732813,1.084345528359313,2.558400609650562,full RL,0.025
of_gate,OF-MPC pretrained + gate,OF gate,1,20260619_131652,190,151200,152000,800,-7.616221336932974,-6092.977069546379,-5.927269880823408,-4741.815904658726,1.6889514561095669,1351.1611648876533,0,0.0,0,0.0,13,0.01625,0,0.0,787,0,8,8,0,0,0,5,0,5,0,5,-64.71113552647921,9.806531334179097,0.2139330334593334,3.0043813995891924,0.1368429487534464,0.2910231181652205,1.1071266545764993,3.0043813995891924,full RL,0.01625
of_gate,OF-MPC pretrained + gate,OF gate,1,20260619_131652,191,152000,152800,800,-6.569974848407528,-5255.979878726022,-5.176268835977799,-4141.01506878224,1.3937060124297287,1114.964809943783,0,0.0,0,0.0,20,0.025,0,0.0,780,0,16,16,0,0,0,4,0,4,0,4,-65.5846727696644,9.730478837866126,0.1894571440325205,2.929833344715973,0.1272192024214405,0.2516950856436006,1.1001983273353555,2.929833344715973,full RL,0.025
of_gate,OF-MPC pretrained + gate,OF gate,1,20260619_131652,192,152800,153600,800,-8.594939517757025,-6875.95161420562,-6.244113215070631,-4995.290572056505,2.3508263026863925,1880.661042149114,0,0.0,0,0.0,10,0.0125,0,0.0,790,0,7,7,0,0,0,3,0,3,0,3,-63.64843017656449,12.952870933237492,0.2166078593635209,2.949712779902086,0.1368405509652428,0.2963751677617989,1.100221815050039,2.949712779902086,full RL,0.0125
of_gate,OF-MPC pretrained + gate,OF gate,1,20260619_131652,193,153600,154400,800,-6.483183979868014,-5186.547183894411,-5.270246245879969,-4216.196996703975,1.212937733988046,970.3501871904368,0,0.0,0,0.0,16,0.02,0,0.0,784,0,10,10,0,0,0,6,0,6,0,6,-63.09580529742914,9.683900374804178,0.1952982903010345,2.9484663516784053,0.1267500369283752,0.2638465436736937,1.0990098259317749,2.9484663516784053,full RL,0.02
of_gate,OF-MPC pretrained + gate,OF gate,1,20260619_131652,194,154400,155200,800,-6.136416279400209,-4909.133023520168,-4.385704621961264,-3508.563697569012,1.7507116574389452,1400.569325951156,0,0.0,0,0.0,17,0.02125,0,0.0,783,0,11,11,0,0,0,6,0,6,0,6,-66.62997889717633,9.78243281030791,0.1574730535751801,2.5704529375495326,0.1161383772568101,0.19880772989355,1.086285896187674,2.5704529375495326,full RL,0.02125
of_gate,OF-MPC pretrained + gate,OF gate,1,20260619_131652,195,155200,156000,800,-6.3371458947055865,-5069.716715764469,-5.176223972940732,-4140.979178352585,1.1609219217648532,928.7375374118824,0,0.0,0,0.0,18,0.0225,0,0.0,782,0,13,13,0,0,0,5,0,5,0,5,-63.81217345267123,9.7523012101854,0.1945038335877527,2.951399237032547,0.1269601814538116,0.2620474857216939,1.1031716742895852,2.951399237032547,full RL,0.0225
of_gate,OF-MPC pretrained + gate,OF gate,1,20260619_131652,196,156000,156800,800,-8.039200788651314,-6431.360630921052,-6.061718334412358,-4849.374667529886,1.977482454238955,1581.985963391164,0,0.0,0,0.0,31,0.03875,0,0.0,769,0,26,26,0,0,0,5,0,5,0,5,-64.43692913438349,9.859972579620848,0.2153355776488049,2.968808369295345,0.1383801973990045,0.2922909578986052,1.1202834430838888,2.968808369295345,full RL,0.03875
of_gate,OF-MPC pretrained + gate,OF gate,1,20260619_131652,197,156800,157600,800,-5.113024854488162,-4090.41988359053,-4.333148581939444,-3466.518865551556,0.7798762725487178,623.9010180389743,0,0.0,0,0.0,20,0.025,0,0.0,780,0,16,16,0,0,0,4,0,4,0,4,-66.21799739411779,10.18781960606271,0.1605492806721191,2.542277925093288,0.1145397358829563,0.206558825461282,1.0771767320804404,2.542277925093288,full RL,0.025
of_gate,OF-MPC pretrained + gate,OF gate,1,20260619_131652,198,157600,158400,800,-7.37064956527169,-5896.519652217352,-5.60357563357137,-4482.860506857096,1.7670739317003217,1413.6591453602573,0,0.0,0,0.0,17,0.02125,0,0.0,783,0,14,14,0,0,0,3,0,3,0,3,-66.42359304992351,10.406975244575412,0.2007134016926366,2.953469984846322,0.1277201396457427,0.2737066637395306,1.1091513931523873,2.953469984846322,full RL,0.02125
of_gate,OF-MPC pretrained + gate,OF gate,1,20260619_131652,199,158400,159200,800,-6.676790936413077,-5341.432749130462,-5.297795891348324,-4238.236713078659,1.3789950450647552,1103.1960360518042,0,0.0,0,0.0,15,0.01875,0,0.0,785,0,11,11,0,0,0,4,0,4,0,4,-64.48509133989694,9.748650342580468,0.1918266506978508,2.9509727370353858,0.1265066334780056,0.2571466679176961,1.1068335051574931,2.9509727370353858,full RL,0.01875
of_gate,OF-MPC pretrained + gate,OF gate,1,20260619_131652,200,159200,160000,800,-6.0118531758946805,-4809.482540715744,-5.066079170338104,-4052.863336270483,0.9457740055565764,756.6192044452612,0,0.0,0,0.0,13,0.01625,0,0.0,787,0,8,8,0,0,0,5,0,5,0,5,-65.34566905443592,9.8375366181863,0.1897443048216893,2.973074553503295,0.1274509617265883,0.2520376479167902,1.1149098692414108,2.973074553503295,full RL,0.01625
of_gate,OF-MPC pretrained + gate,OF gate,1,20260619_131652,201,160000,160800,800,-4.4791614165385685,-3583.3291332308545,-4.143634773118102,-3314.907818494481,0.3355266434204654,268.4213147363723,0,0.0,0,0.0,14,0.0175,0,0.0,786,0,9,9,0,0,0,5,0,5,0,5,-65.56626571531979,4.362767935622019,0.165323106702208,2.547153811626174,0.1132777751863146,0.2173684382181014,1.0812073102392206,2.547153811626174,full RL,0.0175
of_gate,OF-MPC pretrained + gate,OF gate,1,20260619_131652,202,160800,161600,800,-6.009301014461498,-4807.440811569199,-5.020396144118105,-4016.316915294484,0.9889048703433932,791.1238962747146,0,0.0,0,0.0,17,0.02125,0,0.0,783,0,12,12,0,0,0,5,0,5,0,5,-66.80134008366008,9.720638694434497,0.190317272986,2.954494574084663,0.1262213104221763,0.2544132355498237,1.0981654208059228,2.954494574084663,full RL,0.02125
of_gate,OF-MPC pretrained + gate,OF gate,1,20260619_131652,203,161600,162400,800,-4.794756718941887,-3835.80537515351,-4.339496642559976,-3471.5973140479814,0.4552600763819103,364.20806110552826,0,0.0,0,0.0,6,0.0075,0,0.0,794,0,2,2,0,0,0,4,0,4,0,4,-66.36272132133479,8.832613946626825,0.1619724693480329,2.498810459259005,0.1156736818886348,0.208271256807431,1.081260772486578,2.498810459259005,full RL,0.0075
of_gate,OF-MPC pretrained + gate,OF gate,1,20260619_131652,204,162400,163200,800,-5.929941632145018,-4743.953305716014,-5.0043171385774174,-4003.4537108619343,0.9256244935676,740.49959485408,0,0.0,0,0.0,12,0.015,0,0.0,788,0,7,7,0,0,0,5,0,5,0,5,-66.2197646418274,9.818933677668651,0.1892656831039354,2.9821058383944887,0.1264108730221937,0.252120493185677,1.1057144701895203,2.9821058383944887,full RL,0.015
of_gate,OF-MPC pretrained + gate,OF gate,1,20260619_131652,205,163200,164000,800,-4.734665208254719,-3787.732166603775,-4.377488904452905,-3501.991123562324,0.3571763038018136,285.7410430414509,0,0.0,0,0.0,12,0.015,0,0.0,788,0,7,7,0,0,0,5,0,5,0,5,-58.92612536212596,3.8337650472581632,0.1697618309180364,2.6137057948478173,0.1164278675784604,0.2230957942576124,1.0816648030720963,2.6137057948478173,full RL,0.015
of_gate,OF-MPC pretrained + gate,OF gate,1,20260619_131652,206,164000,164800,800,-6.069169134376453,-4855.335307501162,-5.056436557464542,-4045.1492459716337,1.0127325769119118,810.1860615295294,0,0.0,0,0.0,9,0.01125,0,0.0,791,0,5,5,0,0,0,4,0,4,0,4,-66.38358588283779,9.769266263936323,0.1881526354930651,2.9512457502285088,0.1265696377596875,0.2497356332264428,1.1028516243876534,2.9512457502285088,full RL,0.01125
of_gate,OF-MPC pretrained + gate,OF gate,1,20260619_131652,207,164800,165600,800,-4.735762462688905,-3788.609970151124,-4.384175115452052,-3507.340092361642,0.3515873472368528,281.2698777894823,0,0.0,0,0.0,9,0.01125,0,0.0,791,0,2,2,0,0,0,7,0,7,0,7,-65.36831467632476,5.859019761490547,0.1647175320306367,2.6599556829649487,0.1162554080267693,0.213179656034504,1.1029460462997336,2.6599556829649487,full RL,0.01125
of_gate,OF-MPC pretrained + gate,OF gate,1,20260619_131652,208,165600,166400,800,-5.717350279946978,-4573.880223957583,-4.953619616713868,-3962.8956933710942,0.7637306632331112,610.984530586489,0,0.0,0,0.0,5,0.00625,0,0.0,795,0,2,2,0,0,0,3,0,3,0,3,-65.29915142933726,9.758179022343269,0.1887291620121053,2.9651878654702277,0.126162679443089,0.2512956445811215,1.107521271542367,2.9651878654702277,full RL,0.00625
of_gate,OF-MPC pretrained + gate,OF gate,1,20260619_131652,209,166400,167200,800,-6.3140944897621845,-5051.275591809747,-5.222010722249629,-4177.608577799703,1.092083767512555,873.667014010044,0,0.0,0,0.0,9,0.01125,0,0.0,791,0,4,4,0,0,0,5,0,5,0,5,-59.83408812458242,9.734821152808356,0.1933733908321503,2.981608295134322,0.1268332540123047,0.2599135276519959,1.0983710710029002,2.981608295134322,full RL,0.01125
of_gate,OF-MPC pretrained + gate,OF gate,1,20260619_131652,210,167200,168000,800,-6.0280201783308565,-4822.416142664685,-4.993710176926378,-3994.9681415411023,1.0343100014044777,827.4480011235822,0,0.0,0,0.0,9,0.01125,0,0.0,791,0,3,3,0,0,0,6,0,6,0,6,-67.11553378254871,9.670373445873256,0.1893661540923622,2.9601339483259608,0.1244220185738513,0.2543102896108731,1.0844551326804974,2.9601339483259608,full RL,0.01125
of_gate,OF-MPC pretrained + gate,OF gate,1,20260619_131652,211,168000,168800,800,-5.773304741620259,-4618.643793296207,-4.928049202668479,-3942.439362134784,0.8452555389517802,676.2044311614242,0,0.0,0,0.0,8,0.01,0,0.0,792,0,4,4,0,0,0,4,0,4,0,4,-64.59249519861237,9.72074152669571,0.1891454985461998,3.005980482622704,0.1250541593101226,0.2532368377822771,1.0782548601917754,3.005980482622704,full RL,0.01
of_gate,OF-MPC pretrained + gate,OF gate,1,20260619_131652,212,168800,169600,800,-5.380032659145014,-4304.026127316011,-4.17422660774895,-3339.38128619916,1.2058060513960642,964.6448411168514,0,0.0,0,0.0,9,0.01125,0,0.0,791,0,2,2,0,0,0,7,0,7,0,7,-66.38632039038623,7.7784519276033794,0.1578090159440693,2.598586527311,0.1141578568475469,0.2014601750405917,1.079858238685618,2.598586527311,full RL,0.01125
of_gate,OF-MPC pretrained + gate,OF gate,1,20260619_131652,213,169600,170400,800,-6.881564094900418,-5505.251275920335,-5.29939086577561,-4239.512692620488,1.5821732291248067,1265.7385832998457,0,0.0,0,0.0,11,0.01375,0,0.0,789,0,6,6,0,0,0,5,0,5,0,5,-66.20016590768421,10.046142327783365,0.188749261338606,2.9790706727775387,0.1266996530946861,0.2507988695825259,1.096832522965323,2.9790706727775387,full RL,0.01375
of_gate,OF-MPC pretrained + gate,OF gate,1,20260619_131652,214,170400,171200,800,-6.158152598466896,-4926.522078773517,-5.04349041100887,-4034.792328807096,1.114662187458026,891.7297499664207,0,0.0,0,0.0,9,0.01125,0,0.0,791,0,4,4,0,0,0,5,0,5,0,5,-63.79284552074557,9.748018029010677,0.1910792619492509,2.99422726962888,0.1241607966926563,0.2579977272058456,1.0970846443286844,2.99422726962888,full RL,0.01125
of_gate,OF-MPC pretrained + gate,OF gate,1,20260619_131652,215,171200,172000,800,-7.273416458802421,-5818.733167041937,-5.446650882733272,-4357.320706186618,1.826765576069149,1461.4124608553193,0,0.0,0,0.0,14,0.0175,0,0.0,786,0,8,8,0,0,0,6,0,6,0,6,-65.24578130191969,9.726143682202071,0.1939679275462694,3.0259886954382296,0.1264783579820457,0.2614574971104932,1.1013091044976555,3.0259886954382296,full RL,0.0175
of_gate,OF-MPC pretrained + gate,OF gate,1,20260619_131652,216,172000,172800,800,-5.829118604944636,-4663.294883955708,-4.889651975812004,-3911.7215806496033,0.9394666291326318,751.5733033061055,0,0.0,0,0.0,12,0.015,0,0.0,788,0,7,7,0,0,0,5,0,5,0,5,-60.647354524030106,9.735542807037811,0.1870017019860748,2.9547188206285,0.1252796492489954,0.2487237547231542,1.0979546974458645,2.9547188206285,full RL,0.015
of_gate,OF-MPC pretrained + gate,OF gate,1,20260619_131652,217,172800,173600,800,-5.592459507526382,-4473.967606021105,-4.520885115560521,-3616.708092448417,1.0715743919658596,857.2595135726876,0,0.0,0,0.0,20,0.025,0,0.0,780,0,14,14,0,0,0,6,0,6,0,6,-64.91173777472522,10.23192020650675,0.1604303336664852,2.6056883831239475,0.1157968548835701,0.2050638124494003,1.0960314407225416,2.6056883831239475,full RL,0.025
of_gate,OF-MPC pretrained + gate,OF gate,1,20260619_131652,218,173600,174400,800,-5.268304804840476,-4214.643843872381,-4.598702765114882,-3678.962212091905,0.6696020397255935,535.6816317804748,0,0.0,0,0.0,15,0.01875,0,0.0,785,0,10,10,0,0,0,5,0,5,0,5,-58.39221030012106,7.550427383447084,0.1775177339411766,2.5755622189915925,0.1161515462014593,0.238883921680894,1.0807131427534338,2.5755622189915925,full RL,0.01875
of_gate,OF-MPC pretrained + gate,OF gate,1,20260619_131652,219,174400,175200,800,-7.369194767801758,-5895.355814241407,-5.367641103806684,-4294.112883045347,2.001553663995075,1601.2429311960598,0,0.0,0,0.0,13,0.01625,0,0.0,787,0,7,7,0,0,0,6,0,6,0,6,-65.3700787463049,11.71258881750941,0.192610424569686,2.9409619937591174,0.1256503012112525,0.2595705479281196,1.1055068160400996,2.9409619937591174,full RL,0.01625
of_gate,OF-MPC pretrained + gate,OF gate,1,20260619_131652,220,175200,176000,800,-6.298282261950749,-5038.625809560599,-5.091419496468286,-4073.135597174629,1.2068627654824615,965.4902123859692,0,0.0,0,0.0,27,0.03375,0,0.0,773,0,22,22,0,0,0,5,0,5,0,5,-57.63512574302752,9.728954135552758,0.1923022220752913,3.013826878692896,0.126388250311843,0.2582161938387395,1.0983667491244735,3.013826878692896,full RL,0.03375
of_gate,OF-MPC pretrained + gate,OF gate,1,20260619_131652,221,176000,176800,800,-6.38936227441167,-5111.489819529335,-5.093750210546907,-4075.0001684375256,1.295612063864762,1036.4896510918095,0,0.0,0,0.0,15,0.01875,0,0.0,785,0,11,11,0,0,0,4,0,4,0,4,-60.45743980589236,9.984935951660487,0.1882706140287006,2.9199093521694977,0.1253953319371345,0.2511458961202668,1.0969986215027436,2.9199093521694977,full RL,0.01875
of_gate,OF-MPC pretrained + gate,OF gate,1,20260619_131652,222,176800,177600,800,-4.405651576921363,-3524.52126153709,-4.118724029738226,-3294.979223790581,0.2869275471831372,229.54203774650975,0,0.0,0,0.0,15,0.01875,0,0.0,785,0,10,10,0,0,0,5,0,5,0,5,-62.81290583038083,2.802899900607115,0.1650479879146417,2.580248938318107,0.1135105415981548,0.2165854342311287,1.0800547408343395,2.580248938318107,full RL,0.01875
of_gate,OF-MPC pretrained + gate,OF gate,1,20260619_131652,223,177600,178400,800,-6.212777556020773,-4970.222044816619,-4.999667772909055,-3999.734218327244,1.213109783111719,970.4878264893752,0,0.0,0,0.0,17,0.02125,0,0.0,783,0,12,12,0,0,0,5,0,5,0,5,-64.6622507777297,9.737209381398682,0.1904508985504621,2.99136434789358,0.1243920346540473,0.2565097624468769,1.0957773743470267,2.99136434789358,full RL,0.02125
of_gate,OF-MPC pretrained + gate,OF gate,1,20260619_131652,224,178400,179200,800,-4.434566432296894,-3547.653145837515,-4.227244059505688,-3381.7952476045502,0.2073223727912058,165.85789823296471,0,0.0,0,0.0,5,0.00625,0,0.0,795,0,1,1,0,0,0,4,0,4,0,4,-65.13227589974622,5.315400686032486,0.1652047427736951,2.5741440725818734,0.1150327716158425,0.2153767139315477,1.06868056818243,2.5741440725818734,full RL,0.00625
of_gate,OF-MPC pretrained + gate,OF gate,1,20260619_131652,225,179200,180000,800,-4.54979771491142,-3639.838171929136,-4.179537473622715,-3343.6299788981723,0.3702602412887041,296.2081930309633,0,0.0,0,0.0,7,0.00875,0,0.0,793,0,3,3,0,0,0,4,0,4,0,4,-63.54465147066219,7.995935969094194,0.1619445300099487,2.582752831861057,0.1140779615959336,0.2098110984239638,1.0813818221694933,2.582752831861057,full RL,0.00875
of_gate,OF-MPC pretrained + gate,OF gate,1,20260619_131652,226,180000,180800,800,-7.5674957860847805,-6053.996628867824,-5.814138214714328,-4651.310571771463,1.7533575713704534,1402.686057096363,0,0.0,0,0.0,27,0.03375,0,0.0,773,0,22,22,0,0,0,5,0,5,0,5,-62.24192046195572,9.763748653376553,0.2150761638835632,3.006094009972287,0.1359431177975451,0.2942092099695813,1.107529054748522,3.006094009972287,full RL,0.03375
of_gate,OF-MPC pretrained + gate,OF gate,1,20260619_131652,227,180800,181600,800,-7.065919926399057,-5652.735941119246,-5.1293854125975376,-4103.50833007803,1.93653451380152,1549.227611041216,0,0.0,0,0.0,17,0.02125,0,0.0,783,0,10,10,0,0,0,7,0,7,0,7,-61.172390527282914,9.70049372652734,0.186144881471665,2.950013927197688,0.1253550943428613,0.2469346686004688,1.1011442432781515,2.950013927197688,full RL,0.02125
of_gate,OF-MPC pretrained + gate,OF gate,1,20260619_131652,228,181600,182400,800,-7.232059043726237,-5785.64723498099,-5.174773245395845,-4139.818596316676,2.0572857983303927,1645.8286386643142,0,0.0,0,0.0,34,0.0425,0,0.0,766,0,27,27,0,0,0,7,0,7,0,7,-63.02418071901707,9.734140779605044,0.1882434267101955,3.007605418225694,0.1248917307898414,0.2515951226305495,1.0834952881663278,3.007605418225694,full RL,0.0425
of_gate,OF-MPC pretrained + gate,OF gate,1,20260619_131652,229,182400,183200,800,-5.871843589353789,-4697.474871483031,-4.966126805783295,-3972.901444626637,0.905716783570494,724.5734268563951,0,0.0,0,0.0,8,0.01,0,0.0,792,0,5,5,0,0,0,3,0,3,0,3,-64.40110098083687,9.73482452368868,0.1891831026959076,2.99784167473274,0.12567734846561,0.2526888569262052,1.08921064752051,2.99784167473274,full RL,0.01
of_gate,OF-MPC pretrained + gate,OF gate,1,20260619_131652,230,183200,184000,800,-6.265889654434541,-5012.711723547633,-5.012011760858342,-4009.609408686673,1.2538778935761994,1003.1023148609596,0,0.0,0,0.0,10,0.0125,0,0.0,790,0,5,5,0,0,0,5,0,5,0,5,-64.77922300402213,9.738663188009358,0.1863435068360015,2.9474227950752265,0.1252819814696865,0.2474050322023164,1.096995516899797,2.9474227950752265,full RL,0.0125
of_gate,OF-MPC pretrained + gate,OF gate,1,20260619_131652,231,184000,184800,800,-4.201420665928294,-3361.136532742636,-4.109040769789004,-3287.232615831203,0.0923798961392907,73.90391691143256,0,0.0,0,0.0,4,0.005,0,0.0,796,0,0,0,0,0,0,4,0,4,0,4,-64.3044331353642,2.033851872384549,0.1595522995205107,2.6064312091538118,0.1151702117230226,0.2039343873179988,1.097980710425706,2.6064312091538118,full RL,0.005
of_gate,OF-MPC pretrained + gate,OF gate,1,20260619_131652,232,184800,185600,800,-5.85287868880688,-4682.302951045504,-4.924216880041066,-3939.373504032853,0.9286618087658128,742.9294470126503,0,0.0,0,0.0,11,0.01375,0,0.0,789,0,6,6,0,0,0,5,0,5,0,5,-65.64061522080226,9.752729318342135,0.1890434335004914,2.975339285196128,0.1250000268461368,0.2530868401548461,1.097303467990646,2.975339285196128,full RL,0.01375
of_gate,OF-MPC pretrained + gate,OF gate,1,20260619_131652,233,185600,186400,800,-7.80206454602632,-6241.651636821056,-5.93528396956653,-4748.227175653225,1.86678057645979,1493.424461167832,0,0.0,0,0.0,10,0.0125,0,0.0,790,0,6,6,0,0,0,4,0,4,0,4,-64.01247844791033,9.73874973501951,0.2127534687355547,2.967741792901734,0.1356102065460798,0.2898967309250296,1.1026319360200143,2.967741792901734,full RL,0.0125
of_gate,OF-MPC pretrained + gate,OF gate,1,20260619_131652,234,186400,187200,800,-4.727835145865141,-3782.268116692113,-4.297117708614153,-3437.6941668913223,0.4307174372509881,344.5739498007905,0,0.0,0,0.0,4,0.005,0,0.0,796,0,1,1,0,0,0,3,0,3,0,3,-65.46982906916992,9.500233494633784,0.1631083344168644,2.654874237593617,0.1151488886971441,0.2110677801365846,1.0945321191363324,2.654874237593617,full RL,0.005
of_gate,OF-MPC pretrained + gate,OF gate,1,20260619_131652,235,187200,188000,800,-5.731480619331069,-4585.184495464855,-4.815210594176941,-3852.168475341553,0.9162700251541274,733.0160201233019,0,0.0,0,0.0,11,0.01375,0,0.0,789,0,6,6,0,0,0,5,0,5,0,5,-66.67419360770793,9.634906335856934,0.1849250507087434,2.9392016674515844,0.1240119480900864,0.2458381533274004,1.0815610686460428,2.9392016674515844,full RL,0.01375
of_gate,OF-MPC pretrained + gate,OF gate,1,20260619_131652,236,188000,188800,800,-5.85546960157188,-4684.375681257504,-4.953959086555923,-3963.167269244738,0.901510515015956,721.2084120127648,0,0.0,0,0.0,8,0.01,0,0.0,792,0,3,3,0,0,0,5,0,5,0,5,-66.33398573223656,9.706478638282372,0.1887820995855135,2.9534633930632594,0.1252720891444851,0.2522921100265419,1.102312195503672,2.9534633930632594,full RL,0.01
of_gate,OF-MPC pretrained + gate,OF gate,1,20260619_131652,237,188800,189600,800,-4.710867573570663,-3768.694058856531,-4.240793902890754,-3392.635122312603,0.4700736706799094,376.0589365439276,0,0.0,0,0.0,9,0.01125,0,0.0,791,0,5,5,0,0,0,4,0,4,0,4,-68.72008230982578,6.945986133169493,0.1609050866400878,2.5621934305876835,0.1141612411991475,0.2076489320810281,1.080206424891796,2.5621934305876835,full RL,0.01125
of_gate,OF-MPC pretrained + gate,OF gate,1,20260619_131652,238,189600,190400,800,-6.014065582259215,-4811.252465807372,-4.936889202855321,-3949.511362284256,1.0771763794038938,861.7411035231149,0,0.0,0,0.0,9,0.01125,0,0.0,791,0,4,4,0,0,0,5,0,5,0,5,-65.72032726117777,9.663167995255144,0.1883972623809646,2.952040446127455,0.1238854746366256,0.2529090501253035,1.0774205856361516,2.952040446127455,full RL,0.01125
of_gate,OF-MPC pretrained + gate,OF gate,1,20260619_131652,239,190400,191200,800,-7.192571773097745,-5754.057418478196,-5.334745367135797,-4267.796293708638,1.8578264059619487,1486.261124769559,0,0.0,0,0.0,6,0.0075,0,0.0,794,0,3,3,0,0,0,3,0,3,0,3,-64.18426700400414,15.09121097286849,0.1875491357528901,2.9722420561191143,0.1255394083331374,0.2495588631726427,1.0982301203855176,2.9722420561191143,full RL,0.0075
of_gate,OF-MPC pretrained + gate,OF gate,1,20260619_131652,240,191200,192000,800,-6.192803306289687,-4954.242645031749,-5.0787459878197545,-4062.9967902558033,1.1140573184699316,891.2458547759453,0,0.0,0,0.0,7,0.00875,0,0.0,793,0,3,3,0,0,0,4,0,4,0,4,-62.18108183519723,9.694771267606225,0.1893235745705414,2.935366196244331,0.1245852354084638,0.2540619137326189,1.0918144651591009,2.935366196244331,full RL,0.00875
of_gate,OF-MPC pretrained + gate,OF gate,1,20260619_131652,241,192000,192800,800,-6.97410809365119,-5579.286474920952,-5.184815633429468,-4147.852506743575,1.7892924602217226,1431.433968177378,0,0.0,0,0.0,15,0.01875,0,0.0,785,0,8,8,0,0,0,7,0,7,0,7,-65.15332461875721,9.642216776212004,0.1881925905320508,2.932872339094274,0.1251427226891101,0.2512424583749916,1.0915179397933206,2.932872339094274,full RL,0.01875
of_gate,OF-MPC pretrained + gate,OF gate,1,20260619_131652,242,192800,193600,800,-6.634438519394646,-5307.550815515717,-5.122296765947235,-4097.837412757788,1.51214175344741,1209.713402757928,0,0.0,0,0.0,22,0.0275,0,0.0,778,0,15,15,0,0,0,7,0,7,0,7,-64.85249630179294,9.628758729319776,0.1852727937209008,2.9208397745175034,0.1257457988332429,0.2447997886085587,1.097147397922965,2.9208397745175034,full RL,0.0275
of_gate,OF-MPC pretrained + gate,OF gate,1,20260619_131652,243,193600,194400,800,-4.178976497296747,-3343.181197837398,-4.034862917854856,-3227.8903342838844,0.1441135794418918,115.29086355351345,0,0.0,0,0.0,7,0.00875,0,0.0,793,0,2,2,0,0,0,5,0,5,0,5,-65.22066786422397,1.7105019599199287,0.1584469205336303,2.543083568512941,0.1137105908144886,0.2031832502527719,1.075906626036081,2.543083568512941,full RL,0.00875
of_gate,OF-MPC pretrained + gate,OF gate,1,20260619_131652,244,194400,195200,800,-4.118025591146519,-3294.420472917215,-4.003691979573022,-3202.9535836584173,0.1143336115734975,91.46688925879803,0,0.0,0,0.0,5,0.00625,0,0.0,795,0,1,1,0,0,0,4,0,4,0,4,-63.9255503759631,2.1805175817878664,0.1585945858221395,2.5711700088826888,0.11333672232407,0.203852449320209,1.0777519406717322,2.5711700088826888,full RL,0.00625
of_gate,OF-MPC pretrained + gate,OF gate,1,20260619_131652,245,195200,196000,800,-8.731557305016379,-6985.245844013103,-6.16633035892316,-4933.064287138528,2.5652269460932176,2052.181556874574,0,0.0,0,0.0,13,0.01625,0,0.0,787,0,8,8,0,0,0,5,0,5,0,5,-63.75273755402088,9.733681059703493,0.2147543572186953,3.0303928453169533,0.1352058153603052,0.2943028990770853,1.099141482849311,3.0303928453169533,full RL,0.01625
of_gate,OF-MPC pretrained + gate,OF gate,1,20260619_131652,246,196000,196800,800,-4.1568886806456575,-3325.5109445165263,-4.0517249138940645,-3241.379931115252,0.1051637667515935,84.1310134012748,0,0.0,0,0.0,6,0.0075,0,0.0,794,0,2,2,0,0,0,4,0,4,0,4,-63.88529344251526,1.656461748480797,0.1595599026283353,2.632869054769742,0.114099309023562,0.2050204962331086,1.0814097952140558,2.632869054769742,full RL,0.0075
of_gate,OF-MPC pretrained + gate,OF gate,1,20260619_131652,247,196800,197600,800,-6.791812184908667,-5433.449747926934,-5.113750370738696,-4091.000296590957,1.6780618141699717,1342.4494513359773,0,0.0,0,0.0,12,0.015,0,0.0,788,0,8,8,0,0,0,4,0,4,0,4,-64.20342237151476,9.698428677171412,0.1831747995488239,2.997703042486989,0.1209627358346873,0.2453868632629606,1.0980634387786885,2.997703042486989,full RL,0.015
of_gate,OF-MPC pretrained + gate,OF gate,1,20260619_131652,248,197600,198400,800,-4.993330277160607,-3994.6642217284857,-4.414430637359046,-3531.544509887237,0.5788996398015612,463.11971184124894,0,0.0,0,0.0,10,0.0125,0,0.0,790,0,6,6,0,0,0,4,0,4,0,4,-62.57813673344185,9.666086718242036,0.173987128349402,2.9682965834539345,0.1182188121225372,0.2297554445762668,1.093412002554508,2.9682965834539345,full RL,0.0125
of_gate,OF-MPC pretrained + gate,OF gate,1,20260619_131652,249,198400,199200,800,-4.339269142614146,-3471.4153140913168,-4.021368472178699,-3217.094777742959,0.3179006704354464,254.3205363483572,0,0.0,0,0.0,6,0.0075,0,0.0,794,0,3,3,0,0,0,3,0,3,0,3,-63.270169693535536,7.400842684767326,0.1615185678031148,2.660216610403211,0.1121527822178819,0.2108843533883476,1.070147985394685,2.660216610403211,full RL,0.0075
of_gate,OF-MPC pretrained + gate,OF gate,1,20260619_131652,250,199200,200000,800,-8.561962541953717,-6849.570033562974,-5.654467653707334,-4523.574122965867,2.907494888246384,2325.995910597107,0,0.0,0,0.0,16,0.02,0,0.0,784,0,10,10,0,0,0,6,0,6,0,6,-64.38652416721095,9.745860922139393,0.1997926044507253,2.994978095296233,0.1301591691384402,0.2694260397630104,1.0968779479625428,2.994978095296233,full RL,0.02
of_gate,OF-MPC pretrained + gate,OF gate,1,20260619_131652,251,200000,200800,800,-7.6939727465170575,-6155.178197213646,-5.859127890414039,-4687.302312331231,1.8348448561030188,1467.875884882415,0,0.0,0,0.0,10,0.0125,0,0.0,790,0,5,5,0,0,0,5,0,5,0,5,-65.12140341833413,9.72512724543405,0.2148599754812663,3.024493055268067,0.1340370379729527,0.2956829129895799,1.0937467752910082,3.024493055268067,full RL,0.0125
of_gate,OF-MPC pretrained + gate,OF gate,1,20260619_131652,252,200800,201600,800,-4.347298372505389,-3477.8386980043106,-4.182131833546412,-3345.7054668371293,0.1651665389589761,132.13323116718095,0,0.0,0,0.0,7,0.00875,0,0.0,793,0,3,3,0,0,0,4,0,4,0,4,-60.675877301461696,2.7192607700824736,0.1617554406707812,2.5956203824795807,0.116006237870599,0.2075046434709633,1.1008228873340695,2.5956203824795807,full RL,0.00875
of_gate,OF-MPC pretrained + gate,OF gate,1,20260619_131652,253,201600,202400,800,-4.422601236048947,-3538.0809888391573,-4.173544808213786,-3338.835846571029,0.2490564278351611,199.2451422681289,0,0.0,0,0.0,10,0.0125,0,0.0,790,0,5,5,0,0,0,5,0,5,0,5,-63.78837378596779,3.936983957839296,0.1628467836448419,2.559752635779205,0.1151770002115498,0.210516567078134,1.0794038401301598,2.559752635779205,full RL,0.0125
of_gate,OF-MPC pretrained + gate,OF gate,1,20260619_131652,254,202400,203200,800,-5.840769015286522,-4672.615212229218,-4.898627570986764,-3918.9020567894113,0.9421414442997592,753.7131554398075,0,0.0,0,0.0,11,0.01375,0,0.0,789,0,5,5,0,0,0,6,0,6,0,6,-64.34173678938214,9.706239902878677,0.1868296290514481,2.978187824058466,0.1252409660735419,0.2484182920293544,1.0982924807777654,2.978187824058466,full RL,0.01375
of_gate,OF-MPC pretrained + gate,OF gate,1,20260619_131652,255,203200,204000,800,-6.791946488526265,-5433.557190821012,-5.1997818107572815,-4159.825448605825,1.5921646777689835,1273.7317422151868,0,0.0,0,0.0,11,0.01375,0,0.0,789,0,7,7,0,0,0,4,0,4,0,4,-65.82556551591017,9.673945258642306,0.1880400531307726,2.9789302456870246,0.1253485954190448,0.2507315108425003,1.095224148214124,2.9789302456870246,full RL,0.01375
of_gate,OF-MPC pretrained + gate,OF gate,1,20260619_131652,256,204000,204800,800,-5.914519248851427,-4731.615399081142,-4.990665941060831,-3992.532752848665,0.9238533077905956,739.0826462324766,0,0.0,0,0.0,8,0.01,0,0.0,792,0,3,3,0,0,0,5,0,5,0,5,-57.01933638733476,9.74282912955565,0.1890924872411708,2.9906091157395736,0.1264537141451717,0.2517312603371699,1.0997705666869335,2.9906091157395736,full RL,0.01
of_gate,OF-MPC pretrained + gate,OF gate,1,20260619_131652,257,204800,205600,800,-7.476827808028292,-5981.462246422634,-5.086362611657915,-4069.090089326332,2.390465196370378,1912.3721570963023,0,0.0,0,0.0,20,0.025,0,0.0,780,0,14,14,0,0,0,6,0,6,0,6,-64.34626865766018,9.68249343322493,0.1862204432154337,2.9625342731831665,0.1242038573977419,0.2482370290331256,1.0891691238731496,2.9625342731831665,full RL,0.025
of_gate,OF-MPC pretrained + gate,OF gate,1,20260619_131652,258,205600,206400,800,-4.453958442145929,-3563.166753716743,-4.146795556188188,-3317.43644495055,0.3071628859577415,245.7303087661932,0,0.0,0,0.0,9,0.01125,0,0.0,791,0,6,6,0,0,0,3,0,3,0,3,-65.1594979710311,6.395544148929325,0.1604411504543445,2.622360423113776,0.114767144600803,0.2061151563078859,1.0868260028008625,2.622360423113776,full RL,0.01125
of_gate,OF-MPC pretrained + gate,OF gate,1,20260619_131652,259,206400,207200,800,-4.788287642352283,-3830.630113881826,-4.378562031545098,-3502.8496252360783,0.409725610807185,327.780488645748,0,0.0,0,0.0,13,0.01625,0,0.0,787,0,9,9,0,0,0,4,0,4,0,4,-57.25750580519377,5.087194899530728,0.1649071325464233,2.558302336278132,0.1169211156697001,0.2128931494231465,1.0829023954441015,2.558302336278132,full RL,0.01625
of_gate,OF-MPC pretrained + gate,OF gate,1,20260619_131652,260,207200,208000,800,-6.364080171797971,-5091.264137438377,-5.017311328739014,-4013.849062991211,1.3467688430589566,1077.4150744471654,0,0.0,0,0.0,21,0.02625,0,0.0,779,0,16,16,0,0,0,5,0,5,0,5,-63.66455559135432,9.660826314230974,0.1864122547429802,2.9336192034524515,0.1252248322545001,0.2475996772314603,1.0995509634440954,2.9336192034524515,full RL,0.02625
of_gate,OF-MPC pretrained + gate,OF gate,1,20260619_131652,261,208000,208800,800,-4.734728496084123,-3787.782796867298,-4.145055872754596,-3316.044698203677,0.5896726233295265,471.7380986636212,0,0.0,0,0.0,8,0.01,0,0.0,792,0,5,5,0,0,0,3,0,3,0,3,-62.35162421002042,7.907610741252595,0.1589355902699196,2.5906858008804647,0.1133156415482574,0.2045555389915819,1.089877512692174,2.5906858008804647,full RL,0.01
of_gate,OF-MPC pretrained + gate,OF gate,1,20260619_131652,262,208800,209600,800,-4.819230159860994,-3855.384127888795,-4.358420654221669,-3486.736523377335,0.4608095056393249,368.6476045114599,0,0.0,0,0.0,7,0.00875,0,0.0,793,0,3,3,0,0,0,4,0,4,0,4,-64.15426665107941,6.031409731456586,0.166950602335941,2.5861566863650296,0.1159271236974103,0.2179740809744718,1.0763589875533524,2.5861566863650296,full RL,0.00875
of_gate,OF-MPC pretrained + gate,OF gate,1,20260619_131652,263,209600,210400,800,-5.802173600753645,-4641.738880602916,-4.883278214978037,-3906.622571982429,0.9188953857756088,735.116308620487,0,0.0,0,0.0,12,0.015,0,0.0,788,0,7,7,0,0,0,5,0,5,0,5,-62.74023315477791,9.75884516836982,0.186024882665397,2.971195311919871,0.1252988416540855,0.2467509236767085,1.101693422527133,2.971195311919871,full RL,0.015
of_gate,OF-MPC pretrained + gate,OF gate,1,20260619_131652,264,210400,211200,800,-4.966217899328128,-3972.974319462503,-4.349785752065706,-3479.828601652565,0.6164321472624211,493.1457178099369,0,0.0,0,0.0,10,0.0125,0,0.0,790,0,7,7,0,0,0,3,0,3,0,3,-61.87678707478767,10.245929831262371,0.1615400791492491,2.6007468772676816,0.1162364185337952,0.206843739764703,1.09975365973732,2.6007468772676816,full RL,0.0125
of_gate,OF-MPC pretrained + gate,OF gate,1,20260619_131652,265,211200,212000,800,-7.484873024603308,-5987.898419682647,-5.350290077237003,-4280.232061789602,2.134582947366305,1707.6663578930438,0,0.0,0,0.0,14,0.0175,0,0.0,786,0,10,10,0,0,0,4,0,4,0,4,-63.61194616399439,12.320757022097116,0.1906868968510671,2.9531386014782584,0.1253821101140643,0.2559916835880699,1.0928599692987624,2.9531386014782584,full RL,0.0175
of_gate,OF-MPC pretrained + gate,OF gate,1,20260619_131652,266,212000,212800,800,-6.241552515489572,-4993.242012391658,-5.14639625439487,-4117.117003515896,1.095156261094704,876.1250088757633,0,0.0,0,0.0,9,0.01125,0,0.0,791,0,4,4,0,0,0,5,0,5,0,5,-59.49977322859718,9.693893397041045,0.1930017832832272,2.965246464885695,0.1259233014747232,0.2600802650917311,1.1039099846778213,2.965246464885695,full RL,0.01125
of_gate,OF-MPC pretrained + gate,OF gate,1,20260619_131652,267,212800,213600,800,-6.64086771859343,-5312.694174874744,-5.0218282664060245,-4017.46261312482,1.619039452187405,1295.231561749924,0,0.0,0,0.0,13,0.01625,0,0.0,787,0,6,6,0,0,0,7,0,7,0,7,-63.27885778149823,9.762621250774927,0.1850255099416014,2.9619390413199653,0.1250129680517103,0.2450380518314925,1.105740164186927,2.9619390413199653,full RL,0.01625
of_gate,OF-MPC pretrained + gate,OF gate,1,20260619_131652,268,213600,214400,800,-7.411823607529397,-5929.458886023517,-5.444774143751698,-4355.819315001359,1.9670494637776992,1573.639571022159,0,0.0,0,0.0,16,0.02,0,0.0,784,0,11,11,0,0,0,5,0,5,0,5,-63.43344057364106,13.691129169758096,0.1924893033577437,2.952247575261765,0.1264429871615396,0.2585356195539478,1.1028949116358069,2.952247575261765,full RL,0.02
of_gate,OF-MPC pretrained + gate,OF gate,1,20260619_131652,269,214400,215200,800,-7.333395202861891,-5866.716162289513,-5.124875257040271,-4099.900205632217,2.208519945821619,1766.8159566572951,0,0.0,0,0.0,14,0.0175,0,0.0,786,0,7,7,0,0,0,7,0,7,0,7,-63.48229997648866,10.277699971038624,0.1860330980470802,2.975576441526812,0.1256702025323477,0.2463959935618127,1.0988751964039456,2.975576441526812,full RL,0.0175
of_gate,OF-MPC pretrained + gate,OF gate,1,20260619_131652,270,215200,216000,800,-7.451284212252889,-5961.027369802311,-5.472465900410225,-4377.97272032818,1.9788183118426632,1583.0546494741309,0,0.0,0,0.0,8,0.01,0,0.0,792,0,4,4,0,0,0,4,0,4,0,4,-64.2664867559962,11.06442378648708,0.1931375882893529,2.9768177166362197,0.1249257725123727,0.2613494040663332,1.101990976115855,2.9768177166362197,full RL,0.01
of_gate,OF-MPC pretrained + gate,OF gate,1,20260619_131652,271,216000,216800,800,-6.642706615960999,-5314.165292768799,-5.332068282634725,-4265.65462610778,1.3106383333262754,1048.5106666610204,0,0.0,0,0.0,12,0.015,0,0.0,788,0,6,6,0,0,0,6,0,6,0,6,-63.61214124989908,9.764572812019209,0.2017241587003114,3.038961795935336,0.1304744783040062,0.2729738390966167,1.1003528109781555,3.038961795935336,full RL,0.015
of_gate,OF-MPC pretrained + gate,OF gate,1,20260619_131652,272,216800,217600,800,-4.729819734324323,-3783.8557874594585,-4.333526047453288,-3466.82083796263,0.3962936868710359,317.03494949682874,0,0.0,0,0.0,8,0.01,0,0.0,792,0,2,2,0,0,0,6,0,6,0,6,-56.40339310765205,5.16223162110211,0.1666572303490734,2.6170692191877265,0.1159080403308022,0.2174064203673447,1.079199050867794,2.6170692191877265,full RL,0.01
of_gate,OF-MPC pretrained + gate,OF gate,1,20260619_131652,273,217600,218400,800,-4.419272621166365,-3535.418096933092,-4.087127483606954,-3269.701986885563,0.3321451375594111,265.7161100475289,0,0.0,0,0.0,10,0.0125,0,0.0,790,0,4,4,0,0,0,6,0,6,0,6,-63.82659009603253,3.882132187087767,0.1621113927159183,2.6037268138319405,0.1132198130778701,0.2110029723539664,1.0757426853680734,2.6037268138319405,full RL,0.0125
of_gate,OF-MPC pretrained + gate,OF gate,1,20260619_131652,274,218400,219200,800,-4.190053405138181,-3352.0427241105444,-4.0025443636701485,-3202.0354909361185,0.1875090414680318,150.00723317442544,0,0.0,0,0.0,8,0.01,0,0.0,792,0,3,3,0,0,0,5,0,5,0,5,-64.58246136150854,2.209071974456311,0.1612106511892475,2.64676937313385,0.1128288608787975,0.2095924414996975,1.074533057951288,2.64676937313385,full RL,0.01
of_gate,OF-MPC pretrained + gate,OF gate,1,20260619_131652,275,219200,220000,800,-6.634537416370137,-5307.62993309611,-5.135798109768245,-4108.638487814596,1.498739306601892,1198.9914452815135,0,0.0,0,0.0,7,0.00875,0,0.0,793,0,3,3,0,0,0,4,0,4,0,4,-64.44337166218406,10.46710039971451,0.1873672877461737,2.9918565686248257,0.1247578670973602,0.2499767083949872,1.094563765597805,2.9918565686248257,full RL,0.00875
of_gate,OF-MPC pretrained + gate,OF gate,1,20260619_131652,276,220000,220800,800,-5.838189972013356,-4670.551977610685,-4.901392965796896,-3921.1143726375167,0.9367970062164598,749.4376049731678,0,0.0,0,0.0,8,0.01,0,0.0,792,0,4,4,0,0,0,4,0,4,0,4,-64.44972821897295,9.64428767498721,0.1840325211245437,2.90993312714005,0.125406537619297,0.2426585046297904,1.1100998215351363,2.90993312714005,full RL,0.01
of_gate,OF-MPC pretrained + gate,OF gate,1,20260619_131652,277,220800,221600,800,-4.969924320555196,-3975.939456444157,-4.234650510421602,-3387.7204083372817,0.7352738101335947,588.2190481068758,0,0.0,0,0.0,10,0.0125,0,0.0,790,0,5,5,0,0,0,5,0,5,0,5,-64.60512828925516,10.049779398813804,0.1634232071690574,2.6169934160662365,0.1128099889936443,0.2140364253444705,1.0723711637931692,2.6169934160662365,full RL,0.0125
of_gate,OF-MPC pretrained + gate,OF gate,1,20260619_131652,278,221600,222400,800,-5.812027722630741,-4649.622178104592,-4.892797909876242,-3914.2383279009937,0.9192298127544986,735.3838502035989,0,0.0,0,0.0,8,0.01,0,0.0,792,0,3,3,0,0,0,5,0,5,0,5,-63.02032205168621,9.74276403462104,0.1887971474069645,2.976262729903169,0.1247894208734334,0.2528048739404955,1.0907608015202237,2.976262729903169,full RL,0.01
of_gate,OF-MPC pretrained + gate,OF gate,1,20260619_131652,279,222400,223200,800,-7.139160654224801,-5711.328523379841,-5.452129098050754,-4361.703278440604,1.687031556174044,1349.6252449392352,0,0.0,0,0.0,8,0.01,0,0.0,792,0,5,5,0,0,0,3,0,3,0,3,-63.068957865136326,12.07304173244794,0.1948614457242077,2.963897608496893,0.127222805167216,0.2625000862811994,1.0962231773897426,2.963897608496893,full RL,0.01
of_gate,OF-MPC pretrained + gate,OF gate,1,20260619_131652,280,223200,224000,800,-7.429635797506708,-5943.708638005366,-5.72760367745393,-4582.082941963144,1.7020321200527764,1361.625696042221,0,0.0,0,0.0,16,0.02,0,0.0,784,0,12,12,0,0,0,4,0,4,0,4,-63.0335949612612,9.76645033498081,0.2088861968787813,2.945689840227942,0.1353731706446136,0.2823992231129489,1.1007337946388662,2.945689840227942,full RL,0.02
of_gate,OF-MPC pretrained + gate,OF gate,1,20260619_131652,281,224000,224800,800,-4.198513803640632,-3358.8110429125054,-3.991773319766749,-3193.418655813399,0.206740483873883,165.39238709910646,0,0.0,0,0.0,6,0.0075,0,0.0,794,0,2,2,0,0,0,4,0,4,0,4,-65.39095857265136,2.6577478522281344,0.1577196761758418,2.546990476019232,0.1125573587055236,0.20288199364616,1.070797323130575,2.546990476019232,full RL,0.0075
of_gate,OF-MPC pretrained + gate,OF gate,1,20260619_131652,282,224800,225600,800,-9.66985514608019,-7735.884116864152,-6.794459392461667,-5435.567513969334,2.8753957536185224,2300.316602894818,0,0.0,0,0.0,21,0.02625,0,0.0,779,0,15,15,0,0,0,6,0,6,0,6,-63.311187005558736,13.975655439494268,0.2267013755192992,3.014288977490878,0.1402862050548999,0.3131165459836985,1.1331816219250457,3.014288977490878,full RL,0.02625
of_gate,OF-MPC pretrained + gate,OF gate,1,20260619_131652,283,225600,226400,800,-6.979919269785057,-5583.935415828046,-5.277427681509376,-4221.942145207501,1.702491588275681,1361.9932706205448,0,0.0,0,0.0,9,0.01125,0,0.0,791,0,5,5,0,0,0,4,0,4,0,4,-64.99965386054134,10.058772492407927,0.1875032665657381,2.887437273714397,0.1255375228653219,0.2494690102661543,1.104171445828078,2.887437273714397,full RL,0.01125
of_gate,OF-MPC pretrained + gate,OF gate,1,20260619_131652,284,226400,227200,800,-6.2782927125586845,-5022.634170046948,-5.066879792699753,-4053.5038341598015,1.211412919858931,969.1303358871448,0,0.0,0,0.0,8,0.01,0,0.0,792,0,4,4,0,0,0,4,0,4,0,4,-64.92808454539079,9.718752954358829,0.1893490309194423,3.0110271632674994,0.1251301929514908,0.2535678688873938,1.1022464029529622,3.0110271632674994,full RL,0.01
of_gate,OF-MPC pretrained + gate,OF gate,1,20260619_131652,285,227200,228000,800,-6.939052273770767,-5551.241819016614,-5.477654613196905,-4382.123690557524,1.461397660573862,1169.1181284590896,0,0.0,0,0.0,9,0.01125,0,0.0,791,0,5,5,0,0,0,4,0,4,0,4,-64.86162617015157,9.773591593389888,0.203081213645569,3.000791551938676,0.1304449616010318,0.2757174656901063,1.10534927466979,3.000791551938676,full RL,0.01125
of_gate,OF-MPC pretrained + gate,OF gate,1,20260619_131652,286,228000,228800,800,-7.295710278300675,-5836.56822264054,-5.7000079148993,-4560.00633191944,1.5957023634013752,1276.5618907211,0,0.0,0,0.0,13,0.01625,0,0.0,787,0,8,8,0,0,0,5,0,5,0,5,-63.66538182375757,9.75485915641872,0.2093556581734766,2.9727575961421167,0.1351276129400023,0.2835837034069509,1.0990958069002117,2.9727575961421167,full RL,0.01625
of_gate,OF-MPC pretrained + gate,OF gate,1,20260619_131652,287,228800,229600,800,-6.606274934201508,-5285.019947361207,-5.129121589028128,-4103.297271222503,1.4771533451733805,1181.7226761387042,0,0.0,0,0.0,16,0.02,0,0.0,784,0,12,12,0,0,0,4,0,4,0,4,-66.30674120600702,9.845799732199175,0.185346079363916,2.9241802319156704,0.1251019548424727,0.2455902038853593,1.0958125070048026,2.9241802319156704,full RL,0.02
of_gate,OF-MPC pretrained + gate,OF gate,1,20260619_131652,288,229600,230400,800,-4.69338725455438,-3754.709803643504,-4.243608892056836,-3394.887113645468,0.4497783624975443,359.82268999803546,0,0.0,0,0.0,15,0.01875,0,0.0,785,0,9,9,0,0,0,6,0,6,0,6,-65.9712207718461,4.270623511751927,0.1623708127905484,2.649674548769383,0.115206827574034,0.2095347980070628,1.0983540394138385,2.649674548769383,full RL,0.01875
of_gate,OF-MPC pretrained + gate,OF gate,1,20260619_131652,289,230400,231200,800,-8.114445202299185,-6491.556161839348,-6.023278902516823,-4818.623122013459,2.091166299782363,1672.9330398258903,0,0.0,0,0.0,32,0.04,0,0.0,768,0,28,28,0,0,0,4,0,4,0,4,-63.62844298068774,9.79059852696625,0.2157163397349469,2.987776362003274,0.1365800369318423,0.2948526425380516,1.11243737994127,2.987776362003274,full RL,0.04
of_gate,OF-MPC pretrained + gate,OF gate,1,20260619_131652,290,231200,232000,800,-6.090612270178371,-4872.489816142697,-4.982898337089516,-3986.318669671613,1.1077139330888548,886.1711464710838,0,0.0,0,0.0,9,0.01125,0,0.0,791,0,5,5,0,0,0,4,0,4,0,4,-67.23222402773399,9.658886852088989,0.1867271431977245,2.925653380797712,0.125266269550335,0.2481880168451141,1.1065963412665991,2.925653380797712,full RL,0.01125
of_gate,OF-MPC pretrained + gate,OF gate,1,20260619_131652,291,232000,232800,800,-6.349988705816727,-5079.9909646533815,-5.144534745112137,-4115.62779608971,1.2054539607045895,964.3631685636716,0,0.0,0,0.0,8,0.01,0,0.0,792,0,4,4,0,0,0,4,0,4,0,4,-66.64012753266468,9.696721312863172,0.1886397290612501,2.9489618562860187,0.1260947799786027,0.2511846781438975,1.1084151935156803,2.9489618562860187,full RL,0.01
of_gate,OF-MPC pretrained + gate,OF gate,1,20260619_131652,292,232800,233600,800,-4.646570345272278,-3717.256276217823,-4.17272889072653,-3338.183112581224,0.4738414545457488,379.073163636599,0,0.0,0,0.0,11,0.01375,0,0.0,789,0,6,6,0,0,0,5,0,5,0,5,-64.59468660037203,6.491933090422537,0.1629480569156471,2.626459484163832,0.1140012857206315,0.2118948281106628,1.0820680006838257,2.626459484163832,full RL,0.01375
of_gate,OF-MPC pretrained + gate,OF gate,1,20260619_131652,293,233600,234400,800,-7.533159362809807,-6026.527490247845,-5.838868664718824,-4671.094931775059,1.6942906980909822,1355.4325584727858,0,0.0,0,0.0,10,0.0125,0,0.0,790,0,5,5,0,0,0,5,0,5,0,5,-63.99286908177601,9.786531098401111,0.2116083072242844,2.981386870393635,0.1357250285412473,0.2874915859073214,1.105708265454342,2.981386870393635,full RL,0.0125
of_gate,OF-MPC pretrained + gate,OF gate,1,20260619_131652,294,234400,235200,800,-7.611051344087242,-6088.841075269794,-5.878345489733517,-4702.676391786814,1.7327058543537257,1386.1646834829803,0,0.0,0,0.0,12,0.015,0,0.0,788,0,7,7,0,0,0,5,0,5,0,5,-64.05050454354262,9.812311970681858,0.2108210328164537,2.9645978920893867,0.1359688518502367,0.2856732137826708,1.1041468147076254,2.9645978920893867,full RL,0.015
of_gate,OF-MPC pretrained + gate,OF gate,1,20260619_131652,295,235200,236000,800,-5.522437948850791,-4417.950359080633,-4.6768465158685855,-3741.477212694868,0.8455914329822058,676.4731463857647,0,0.0,0,0.0,8,0.01,0,0.0,792,0,3,3,0,0,0,5,0,5,0,5,-65.14527981007245,9.788256693903197,0.1733683489336296,2.964591141772587,0.1213014452543203,0.2254352526129389,1.107330914395448,2.964591141772587,full RL,0.01
of_gate,OF-MPC pretrained + gate,OF gate,1,20260619_131652,296,236000,236800,800,-5.550913262801076,-4440.73061024086,-4.238693824290437,-3390.9550594323496,1.3122194385106385,1049.7755508085108,0,0.0,0,0.0,8,0.01,0,0.0,792,0,2,2,0,0,0,6,0,6,0,6,-65.2559376240498,9.35879946483407,0.1589307898965772,2.5681088627083,0.11398954031813,0.2038720394750244,1.0835550584530886,2.5681088627083,full RL,0.01
of_gate,OF-MPC pretrained + gate,OF gate,1,20260619_131652,297,236800,237600,800,-5.496758711139012,-4397.40696891121,-4.223898072611888,-3379.1184580895106,1.2728606385271246,1018.2885108216996,0,0.0,0,0.0,9,0.01125,0,0.0,791,0,3,3,0,0,0,6,0,6,0,6,-65.99761134855089,9.298434214089752,0.1565713762504618,2.5467393591422933,0.11395533249911,0.1991874200018135,1.084117690309942,2.5467393591422933,full RL,0.01125
of_gate,OF-MPC pretrained + gate,OF gate,1,20260619_131652,298,237600,238400,800,-4.523888786794398,-3619.1110294355194,-4.187598022185397,-3350.0784177483174,0.3362907646090013,269.03261168720104,0,0.0,0,0.0,5,0.00625,0,0.0,795,0,2,2,0,0,0,3,0,3,0,3,-64.98913396887383,7.534188155585546,0.159910519458873,2.6351979258087117,0.1149820657212991,0.2048389731964469,1.0948180003307475,2.6351979258087117,full RL,0.00625
of_gate,OF-MPC pretrained + gate,OF gate,1,20260619_131652,299,238400,239200,800,-6.131908696773476,-4905.5269574187805,-5.007325833486696,-4005.860666789357,1.1245828632867796,899.6662906294237,0,0.0,0,0.0,11,0.01375,0,0.0,789,0,5,5,0,0,0,6,0,6,0,6,-64.58285736750838,9.773232053081646,0.1869313439773146,2.963514881805964,0.1247607894788339,0.2491018984757954,1.0991643147281978,2.963514881805964,full RL,0.01375
of_gate,OF-MPC pretrained + gate,OF gate,1,20260619_131652,300,239200,240000,800,-6.189522996010408,-4951.618396808326,-4.973539744100531,-3978.831795280425,1.2159832519098783,972.7866015279026,0,0.0,0,0.0,17,0.02125,0,0.0,783,0,12,12,0,0,0,5,0,5,0,5,-64.03920496874048,9.762197881818524,0.1876364661679797,2.9808648666018485,0.124195296806057,0.2510776355299025,1.0975699138273458,2.9808648666018485,full RL,0.02125
of_gate,OF-MPC pretrained + gate,OF gate,2,20260619_174130,1,0,800,800,-9.584571098320843,-7667.656878656675,-9.584571098320843,-7667.656878656675,0.0,0.0,0,0.0,0,0.0,0,0.0,0,0.0,800,0,0,0,0,0,0,0,0,0,0,0,-15.446401863537972,0.0,0.33180508455504,2.979664293365488,0.1664380302969688,0.4971721388131112,1.0994269567228645,2.979664293365488,teacher critic,0.0
of_gate,OF-MPC pretrained + gate,OF gate,2,20260619_174130,2,800,1600,800,-12.558687897186418,-10046.950317749135,-12.558687897186418,-10046.950317749135,0.0,0.0,0,0.0,0,0.0,0,0.0,0,0.0,800,0,0,0,0,0,0,0,0,0,0,0,-15.488350051245448,0.0,0.37938984340385,2.9796807631872757,0.1916572602244647,0.5671224265832353,1.0988782459866404,2.9796807631872757,teacher critic,0.0
of_gate,OF-MPC pretrained + gate,OF gate,2,20260619_174130,3,1600,2400,800,-12.546450197677478,-10037.160158141982,-12.546450197677478,-10037.160158141982,0.0,0.0,0,0.0,0,0.0,0,0.0,0,0.0,800,0,0,0,0,0,0,0,0,0,0,0,-15.445895060651424,0.0,0.3792027086239358,2.9781234572938047,0.1915942079969065,0.5668112092509652,1.0997146895043586,2.9781234572938047,teacher critic,0.0
of_gate,OF-MPC pretrained + gate,OF gate,2,20260619_174130,4,2400,3200,800,-12.590591544631764,-10072.473235705413,-12.590591544631764,-10072.473235705413,0.0,0.0,0,0.0,0,0.0,0,0.0,0,0.0,800,0,0,0,0,0,0,0,0,0,0,0,-15.4075565112783,0.0,0.3800175665285003,2.972515462724971,0.1918061785424956,0.5682289545145048,1.0994410576637326,2.972515462724971,teacher critic,0.0
of_gate,OF-MPC pretrained + gate,OF gate,2,20260619_174130,5,3200,4000,800,-12.580750768378344,-10064.600614702676,-12.580750768378344,-10064.600614702676,0.0,0.0,0,0.0,0,0.0,0,0.0,0,0.0,800,0,0,0,0,0,0,0,0,0,0,0,-15.49009054794584,0.0,0.3801289163083486,2.988399270562752,0.1917355426316243,0.5685222899850729,1.098687654258136,2.988399270562752,teacher critic,0.0
of_gate,OF-MPC pretrained + gate,OF gate,2,20260619_174130,6,4000,4800,800,-12.552560988841323,-10042.04879107306,-12.552560988841323,-10042.04879107306,0.0,0.0,0,0.0,0,0.0,0,0.0,0,0.0,800,0,0,0,0,0,0,0,0,0,0,0,-15.462287458375728,0.0,0.3791636813277513,2.9742979855581666,0.1916463171913697,0.5666810454641329,1.0999122442541989,2.9742979855581666,teacher critic,0.0
of_gate,OF-MPC pretrained + gate,OF gate,2,20260619_174130,7,4800,5600,800,-12.574392261829976,-10059.51380946398,-12.574392261829976,-10059.51380946398,0.0,0.0,0,0.0,0,0.0,0,0.0,0,0.0,800,0,0,0,0,0,0,0,0,0,0,0,-15.40959863315723,0.0,0.3798449320373831,2.974487601216822,0.19173289435328,0.5679569697214862,1.0993331855327328,2.974487601216822,teacher critic,0.0
of_gate,OF-MPC pretrained + gate,OF gate,2,20260619_174130,8,5600,6400,800,-12.558825197371853,-10047.06015789748,-12.558825197371853,-10047.06015789748,0.0,0.0,0,0.0,0,0.0,0,0.0,0,0.0,800,0,0,0,0,0,0,0,0,0,0,0,-15.522654777834193,0.0,0.3799364556610338,2.980640435850773,0.1914767205739941,0.5683961907480735,1.099171020340218,2.980640435850773,teacher critic,0.0
of_gate,OF-MPC pretrained + gate,OF gate,2,20260619_174130,9,6400,7200,800,-12.619328582744838,-10095.46286619587,-12.619328582744838,-10095.46286619587,0.0,0.0,0,0.0,0,0.0,0,0.0,0,0.0,800,0,0,0,0,0,0,0,0,0,0,0,-15.541549068793929,0.0,0.3804327190926715,2.984556757254495,0.1920722906677036,0.5687931475176394,1.100670976205674,2.984556757254495,teacher critic,0.0
of_gate,OF-MPC pretrained + gate,OF gate,2,20260619_174130,10,7200,8000,800,-12.585425344218052,-10068.34027537444,-12.585425344218052,-10068.34027537444,0.0,0.0,0,0.0,0,0.0,0,0.0,0,0.0,800,0,0,0,0,0,0,0,0,0,0,0,-15.411249651420349,0.0,0.3800567128195127,2.9738049149615904,0.191791173575945,0.5683222520630804,1.0994020865669645,2.9738049149615904,teacher critic,0.0
of_gate,OF-MPC pretrained + gate,OF gate,2,20260619_174130,11,8000,8800,800,-32.99706838722431,-26397.65470977945,-32.52424033670082,-26019.39226936066,0.4728280505234849,378.262440418788,0,0.0,0,0.0,36,0.045,0,0.0,764,0,18,18,0,0,0,18,0,18,0,18,-110.07758099509464,1.1395029733845812,0.6178200931872957,2.9704754768961834,0.2993532270321274,0.936286959342464,1.1323057516015704,2.9704754768961834,handoff,0.045
of_gate,OF-MPC pretrained + gate,OF gate,2,20260619_174130,12,8800,9600,800,-12.781996422079969,-10225.597137663975,-12.446179956228423,-9956.94396498274,0.3358164658515465,268.6531726812372,0,0.0,0,0.0,23,0.02875,0,0.0,777,0,16,16,0,0,0,7,0,7,0,7,-37.32979834195402,1.6319775688536264,0.3334015438111354,2.9803822248914003,0.1935175383318116,0.4732855492904591,1.092787188222069,2.9803822248914003,handoff,0.02875
of_gate,OF-MPC pretrained + gate,OF gate,2,20260619_174130,13,9600,10400,800,-10.886298110512012,-8709.03848840961,-10.157561164252112,-8126.0489314016895,0.7287369462598996,582.9895570079196,0,0.0,0,0.0,39,0.04875,0,0.0,761,0,26,26,0,0,0,13,0,13,0,13,-32.28019031761511,3.498811964979179,0.3161177738728719,2.972851226463036,0.1651400207588625,0.4670955269868812,1.091888281365136,2.972851226463036,handoff,0.04875
of_gate,OF-MPC pretrained + gate,OF gate,2,20260619_174130,14,10400,11200,800,-10.253001619772595,-8202.401295818076,-9.650019570884329,-7720.015656707463,0.6029820488882666,482.3856391106133,0,0.0,0,0.0,26,0.0325,0,0.0,774,0,23,23,0,0,0,3,0,3,0,3,-36.60429456601975,4.75100358103492,0.3649876591402491,2.913413130349113,0.1461748209175679,0.5838004973629303,1.1114932392160708,2.913413130349113,handoff,0.0325
of_gate,OF-MPC pretrained + gate,OF gate,2,20260619_174130,15,11200,12000,800,-8.803760843372391,-7043.008674697913,-7.757177253353014,-6205.741802682411,1.046583590019376,837.2668720155009,0,0.0,0,0.0,41,0.05125,0,0.0,759,0,32,32,0,0,0,9,0,9,0,9,-42.5927832596243,4.772908038735865,0.2706465872979809,2.923701269532046,0.1433784626016263,0.3979147119943355,1.1392282150577515,2.923701269532046,handoff,0.05125
of_gate,OF-MPC pretrained + gate,OF gate,2,20260619_174130,16,12000,12800,800,-7.393365830914645,-5914.692664731716,-6.529642172451449,-5223.713737961159,0.8637236584631982,690.9789267705586,0,0.0,0,0.0,32,0.04,0,0.0,768,0,21,21,0,0,0,11,0,11,0,11,-47.271031751803946,5.641667713582146,0.2379625180910178,2.8002414794465835,0.1356883870596881,0.3402366491223474,1.0751636950402568,2.8002414794465835,handoff,0.04
of_gate,OF-MPC pretrained + gate,OF gate,2,20260619_174130,17,12800,13600,800,-7.264083463889867,-5811.266771111894,-6.416741327293264,-5133.393061834611,0.8473421365966051,677.8737092772841,0,0.0,0,0.0,17,0.02125,0,0.0,783,0,14,14,0,0,0,3,0,3,0,3,-47.58722528439699,6.709384128352991,0.2231272468451847,3.002166383495876,0.1415401751221759,0.3047143185681935,1.0973612139032194,3.002166383495876,handoff,0.02125
of_gate,OF-MPC pretrained + gate,OF gate,2,20260619_174130,18,13600,14400,800,-6.591370779022838,-5273.09662321827,-5.840823600702976,-4672.658880562381,0.7505471783198625,600.43774265589,0,0.0,0,0.0,29,0.03625,0,0.0,771,0,27,27,0,0,0,2,0,2,0,2,-45.750381665118766,7.142457769064125,0.2106179405756957,2.5971769700690857,0.1249542063068239,0.2962816748445676,1.0805345348027258,2.5971769700690857,handoff,0.03625
of_gate,OF-MPC pretrained + gate,OF gate,2,20260619_174130,19,14400,15200,800,-8.98292076127543,-7186.336609020344,-7.056102890158198,-5644.882312126559,1.926817871117231,1541.4542968937849,0,0.0,0,0.0,27,0.03375,0,0.0,773,0,25,25,0,0,0,2,0,2,0,2,-47.465982051659125,8.48409783511629,0.2237164047877557,2.9298384288170496,0.1403671405319111,0.3070656690436003,1.1030848757861178,2.9298384288170496,handoff,0.03375
of_gate,OF-MPC pretrained + gate,OF gate,2,20260619_174130,20,15200,16000,800,-7.530163374058916,-6024.130699247133,-5.991968568061168,-4793.574854448934,1.5381948059977482,1230.5558447981985,0,0.0,0,0.0,31,0.03875,0,0.0,769,0,28,28,0,0,0,3,0,3,0,3,-76.26362883388845,9.534746085307944,0.240010181905309,2.9188697195650093,0.1264981294279232,0.3535222343826948,1.069487115000101,2.9188697195650093,handoff,0.03875
of_gate,OF-MPC pretrained + gate,OF gate,2,20260619_174130,21,16000,16800,800,-6.752710999399335,-5402.168799519468,-6.136994770563954,-4909.595816451163,0.6157162288353792,492.5729830683034,0,0.0,0,0.0,34,0.0425,0,0.0,766,0,30,30,0,0,0,4,0,4,0,4,-86.5635368309047,2.602857664088461,0.2815432705908515,3.3385609628559223,0.1185010215653387,0.4445855196163643,1.0796158402506069,3.3385609628559223,full RL,0.0425
of_gate,OF-MPC pretrained + gate,OF gate,2,20260619_174130,22,16800,17600,800,-6.714752311878476,-5371.801849502781,-5.874810762841943,-4699.848610273554,0.8399415490365334,671.9532392292267,0,0.0,0,0.0,34,0.0425,0,0.0,766,0,31,31,0,0,0,3,0,3,0,3,-81.59426858286395,8.058449130049253,0.239662285255776,2.450603657150566,0.1193723278897136,0.3599522426218384,1.0700900906091828,2.450603657150566,full RL,0.0425
of_gate,OF-MPC pretrained + gate,OF gate,2,20260619_174130,23,17600,18400,800,-7.216983221306568,-5773.586577045255,-5.841915269924801,-4673.532215939841,1.3750679513817676,1100.054361105414,0,0.0,0,0.0,48,0.06,0,0.0,752,0,41,41,0,0,0,7,0,7,0,7,-82.36512664335237,9.679570041142478,0.2004389729085396,2.5429654435179714,0.1281397404921148,0.2727382053249644,1.1103764708531751,2.5429654435179714,full RL,0.06
of_gate,OF-MPC pretrained + gate,OF gate,2,20260619_174130,24,18400,19200,800,-9.190998814648218,-7352.799051718573,-6.515650530408797,-5212.520424327037,2.675348284239421,2140.2786273915367,0,0.0,0,0.0,23,0.02875,0,0.0,777,0,19,19,0,0,0,4,0,4,0,4,-79.51917296272018,12.986120728415504,0.204164444968162,2.917066548858429,0.1334042066741804,0.2749246832621435,1.1173705711554645,2.917066548858429,full RL,0.02875
of_gate,OF-MPC pretrained + gate,OF gate,2,20260619_174130,25,19200,20000,800,-6.010624092764022,-4808.499274211218,-5.272889487345197,-4218.311589876158,0.7377346054188243,590.1876843350594,0,0.0,0,0.0,19,0.02375,0,0.0,781,0,16,16,0,0,0,3,0,3,0,3,-76.72807119176991,7.77304932225955,0.1881968065740469,2.6905236633744494,0.1213166172057036,0.2550769959423903,1.1175487695900448,2.6905236633744494,full RL,0.02375
of_gate,OF-MPC pretrained + gate,OF gate,2,20260619_174130,26,20000,20800,800,-9.928459661632328,-7942.767729305862,-7.990841225899414,-6392.672980719532,1.9376184357329131,1550.0947485863308,0,0.0,0,0.0,28,0.035,0,0.0,772,0,25,25,0,0,0,3,0,3,0,3,-46.470574714395525,9.91474041121802,0.3295690762449058,2.89348186094918,0.1278949809996177,0.5312431714901938,1.1084782279933711,2.89348186094918,full RL,0.035
of_gate,OF-MPC pretrained + gate,OF gate,2,20260619_174130,27,20800,21600,800,-9.320935458767964,-7456.748367014372,-7.313674786250665,-5850.939829000532,2.007260672517302,1605.8085380138414,0,0.0,0,0.0,21,0.02625,0,0.0,779,0,17,17,0,0,0,4,0,4,0,4,-48.20285660061308,9.737249243581555,0.3047057664644136,2.943572885446031,0.1253424592407789,0.4840690736880484,1.1125685811815869,2.943572885446031,full RL,0.02625
of_gate,OF-MPC pretrained + gate,OF gate,2,20260619_174130,28,21600,22400,800,-7.913571391049102,-6330.857112839281,-5.990194843872241,-4792.155875097793,1.923376547176861,1538.7012377414885,0,0.0,0,0.0,18,0.0225,0,0.0,782,0,13,13,0,0,0,5,0,5,0,5,-74.19028122471912,10.149105931740936,0.2091406676613188,2.9428910268844106,0.1333198965966699,0.2849614387259677,1.0983899344056716,2.9428910268844106,full RL,0.0225
of_gate,OF-MPC pretrained + gate,OF gate,2,20260619_174130,29,22400,23200,800,-8.616709176029955,-6893.367340823965,-6.4564702919043775,-5165.176233523502,2.16023888412558,1728.191107300464,0,0.0,0,0.0,41,0.05125,0,0.0,759,0,35,35,0,0,0,6,0,6,0,6,-72.93618785708145,10.252272135657494,0.2165039329248591,2.920861192107622,0.1396691397378123,0.2933387261119059,1.097508038430932,2.920861192107622,full RL,0.05125
of_gate,OF-MPC pretrained + gate,OF gate,2,20260619_174130,30,23200,24000,800,-5.314954768506904,-4251.963814805523,-4.783906157359813,-3827.1249258878506,0.5310486111470898,424.8388889176719,0,0.0,0,0.0,27,0.03375,0,0.0,773,0,21,21,0,0,0,6,0,6,0,6,-78.21201765207309,4.391482400024121,0.167506503895065,2.5715584948421224,0.1215107127227042,0.2135022950674258,1.09595718860772,2.5715584948421224,full RL,0.03375
of_gate,OF-MPC pretrained + gate,OF gate,2,20260619_174130,31,24000,24800,800,-6.86701742684872,-5493.613941478976,-5.571563241006518,-4457.250592805214,1.295454185842203,1036.3633486737624,0,0.0,0,0.0,26,0.0325,0,0.0,774,0,20,20,0,0,0,6,0,6,0,6,-75.6633059626954,10.124133532643343,0.1921619503549804,2.929540879794331,0.1296437182147518,0.2546801824952091,1.1047919398482478,2.929540879794331,full RL,0.0325
of_gate,OF-MPC pretrained + gate,OF gate,2,20260619_174130,32,24800,25600,800,-7.81188584932492,-6249.508679459936,-5.736641799340244,-4589.313439472196,2.0752440499846765,1660.1952399877412,0,0.0,0,0.0,38,0.0475,0,0.0,762,0,32,32,0,0,0,6,0,6,0,6,-75.44638069490247,13.720749378876878,0.1826385547145906,2.55369098065853,0.1253736830749361,0.2399034263542451,1.098544143011753,2.55369098065853,full RL,0.0475
of_gate,OF-MPC pretrained + gate,OF gate,2,20260619_174130,33,25600,26400,800,-7.765454592599969,-6212.363674079976,-5.979546735551475,-4783.63738844118,1.785907857048496,1428.7262856387968,0,0.0,0,0.0,33,0.04125,0,0.0,767,0,26,26,0,0,0,7,0,7,0,7,-67.17609035409623,10.20763778122684,0.1946877487912736,3.0893307739139004,0.1314420817702817,0.2579334158122656,1.1633881089508802,3.0893307739139004,full RL,0.04125
of_gate,OF-MPC pretrained + gate,OF gate,2,20260619_174130,34,26400,27200,800,-5.917699268236677,-4734.159414589341,-5.072794112216952,-4058.235289773562,0.8449051560197232,675.9241248157786,0,0.0,0,0.0,42,0.0525,0,0.0,758,0,36,36,0,0,0,6,0,6,0,6,-70.12190496439018,3.5801695783966934,0.1770919698330977,2.6489285066264188,0.1246996346285361,0.2294843050376594,1.0901217760731563,2.6489285066264188,full RL,0.0525
of_gate,OF-MPC pretrained + gate,OF gate,2,20260619_174130,35,27200,28000,800,-6.765667366400903,-5412.5338931207225,-5.235412491512795,-4188.329993210236,1.5302548748881075,1224.203899910486,0,0.0,0,0.0,59,0.07375,0,0.0,741,0,52,52,0,0,0,7,0,7,0,7,-75.33755676342366,9.385464967486785,0.1776590063977214,2.6497434128877444,0.1220323442490648,0.2332856685463779,1.0964261209840909,2.6497434128877444,full RL,0.07375
of_gate,OF-MPC pretrained + gate,OF gate,2,20260619_174130,36,28000,28800,800,-5.674126755312598,-4539.301404250078,-4.689964709805591,-3751.971767844473,0.984162045507006,787.3296364056048,0,0.0,0,0.0,54,0.0675,0,0.0,746,0,46,46,0,0,0,8,0,8,0,8,-66.43162804029043,3.7763940023507354,0.1688941870601397,2.596570092615196,0.1193646174311762,0.2184237566891032,1.0737279813502814,2.596570092615196,full RL,0.0675
of_gate,OF-MPC pretrained + gate,OF gate,2,20260619_174130,37,28800,29600,800,-5.681894624078809,-4545.515699263047,-4.827916854547537,-3862.3334836380295,0.8539777695312722,683.1822156250178,0,0.0,0,0.0,49,0.06125,0,0.0,751,0,42,42,0,0,0,7,0,7,0,7,-70.65323172532362,3.5474247899836184,0.1735045957357419,2.632225083003277,0.1214175248469263,0.2255916666245574,1.0978837489206343,2.632225083003277,full RL,0.06125
of_gate,OF-MPC pretrained + gate,OF gate,2,20260619_174130,38,29600,30400,800,-6.4119654869032345,-5129.572389522587,-5.229454960038781,-4183.563968031025,1.182510526864452,946.0084214915616,0,0.0,0,0.0,58,0.0725,0,0.0,742,0,51,51,0,0,0,7,0,7,0,7,-73.41653218136378,6.696835571799854,0.1807262851217215,2.6947828208585065,0.1252140311202604,0.2362385391231826,1.1303673070951623,2.6947828208585065,full RL,0.0725
of_gate,OF-MPC pretrained + gate,OF gate,2,20260619_174130,39,30400,31200,800,-6.087916857648618,-4870.333486118894,-4.891868675826441,-3913.494940661152,1.1960481818221778,956.8385454577422,0,0.0,0,0.0,65,0.08125,0,0.0,735,0,58,58,0,0,0,7,0,7,0,7,-73.46503893624049,3.195179382705337,0.1765458667782987,2.655397233244855,0.1213861066011727,0.2317056269554248,1.1128502235300504,2.655397233244855,full RL,0.08125
of_gate,OF-MPC pretrained + gate,OF gate,2,20260619_174130,40,31200,32000,800,-6.925053470130319,-5540.042776104255,-5.234744946273272,-4187.795957018618,1.690308523857047,1352.2468190856375,0,0.0,0,0.0,54,0.0675,0,0.0,746,0,47,47,0,0,0,7,0,7,0,7,-66.84545202082643,10.529525127870302,0.1796681189247019,2.616752968528488,0.1225419647838243,0.2367942730655794,1.1126366663115077,2.616752968528488,full RL,0.0675
of_gate,OF-MPC pretrained + gate,OF gate,2,20260619_174130,41,32000,32800,800,-5.847109396795258,-4677.687517436206,-4.796344896967724,-3837.075917574179,1.050764499827533,840.6115998620264,0,0.0,0,0.0,60,0.075,0,0.0,740,0,53,53,0,0,0,7,0,7,0,7,-69.17474089605105,2.7375452031733403,0.1759040574221136,2.6524486133685627,0.1211154620337408,0.2306926528104863,1.121056727718322,2.6524486133685627,full RL,0.075
of_gate,OF-MPC pretrained + gate,OF gate,2,20260619_174130,42,32800,33600,800,-7.469988947353409,-5975.991157882727,-5.710614890005397,-4568.491912004318,1.7593740573480126,1407.49924587841,0,0.0,0,0.0,50,0.0625,0,0.0,750,0,43,43,0,0,0,7,0,7,0,7,-67.53326282503394,9.995101341287803,0.1993148726791914,2.834104519486175,0.1311786211691663,0.2674511241892166,1.110922050331255,2.834104519486175,full RL,0.0625
of_gate,OF-MPC pretrained + gate,OF gate,2,20260619_174130,43,33600,34400,800,-9.22377953091343,-7379.023624730743,-6.627823458422053,-5302.258766737642,2.5959560724913757,2076.7648579931,0,0.0,0,0.0,56,0.07,0,0.0,744,0,51,51,0,0,0,5,0,5,0,5,-67.00589410701207,10.136809953210816,0.2151176084304001,3.0784521298431287,0.1325821931429332,0.2976530237178671,1.1056288937532162,3.0784521298431287,full RL,0.07
of_gate,OF-MPC pretrained + gate,OF gate,2,20260619_174130,44,34400,35200,800,-6.829708619753497,-5463.766895802797,-5.10578725859335,-4084.62980687468,1.7239213611601476,1379.137088928118,0,0.0,0,0.0,64,0.08,0,0.0,736,0,58,58,0,0,0,6,0,6,0,6,-72.62588423285206,9.908386200661552,0.1746072140440194,2.628730570994776,0.1199455367530441,0.2292688913349947,1.0913131803590126,2.628730570994776,full RL,0.08
of_gate,OF-MPC pretrained + gate,OF gate,2,20260619_174130,45,35200,36000,800,-7.767447384151888,-6213.95790732151,-5.773949371563217,-4619.159497250574,1.9934980125886703,1594.7984100709364,0,0.0,0,0.0,52,0.065,0,0.0,748,0,46,46,0,0,0,6,0,6,0,6,-67.25896482575592,11.619694535452853,0.203485258472378,2.932396959769676,0.1323433070024461,0.27462720994231,1.1055590336837002,2.932396959769676,full RL,0.065
of_gate,OF-MPC pretrained + gate,OF gate,2,20260619_174130,46,36000,36800,800,-7.053490498685051,-5642.7923989480405,-5.2757333061662965,-4220.586644933037,1.777757192518754,1422.205754015003,0,0.0,0,0.0,73,0.09125,0,0.0,727,0,67,67,0,0,0,6,0,6,0,6,-68.79017256643078,10.99477870498426,0.1880458079838904,2.947820216351431,0.1266112884241137,0.2494803275436671,1.127542382301371,2.947820216351431,full RL,0.09125
of_gate,OF-MPC pretrained + gate,OF gate,2,20260619_174130,47,36800,37600,800,-8.28721837167474,-6629.774697339792,-6.014302647494153,-4811.442117995322,2.272915724180586,1818.3325793444687,0,0.0,0,0.0,52,0.065,0,0.0,748,0,46,46,0,0,0,6,0,6,0,6,-70.56769086092186,10.087518172161383,0.2057556262600585,3.076783495856091,0.1326157398544565,0.2788955126656605,1.0939110876823857,3.076783495856091,full RL,0.065
of_gate,OF-MPC pretrained + gate,OF gate,2,20260619_174130,48,37600,38400,800,-6.525408298966542,-5220.326639173233,-5.21684960033625,-4173.479680269,1.3085586986302908,1046.846958904233,0,0.0,0,0.0,56,0.07,0,0.0,744,0,50,50,0,0,0,6,0,6,0,6,-73.15897481223385,3.6996453604766906,0.1850644817314994,2.6121481870098364,0.1251446370734649,0.2449843263895338,1.152048353620215,2.6121481870098364,full RL,0.07
of_gate,OF-MPC pretrained + gate,OF gate,2,20260619_174130,49,38400,39200,800,-7.089438691689863,-5671.550953351891,-5.268233521201112,-4214.586816960889,1.8212051704887533,1456.9641363910027,0,0.0,0,0.0,52,0.065,0,0.0,748,0,47,47,0,0,0,5,0,5,0,5,-72.22045732618358,9.772505773797915,0.1883435565231209,2.7048609904322234,0.1199069518379654,0.2567801612082764,1.08906150437178,2.7048609904322234,full RL,0.065
of_gate,OF-MPC pretrained + gate,OF gate,2,20260619_174130,50,39200,40000,800,-7.461729579454725,-5969.38366356378,-5.01508481615528,-4012.067852924224,2.446644763299446,1957.3158106395567,0,0.0,0,0.0,69,0.08625,0,0.0,731,0,64,64,0,0,0,5,0,5,0,5,-67.46283348082352,12.686821070889858,0.1896973422665412,2.557598578368413,0.1153626621300499,0.2640320224030325,1.0849390388029634,2.557598578368413,full RL,0.08625
of_gate,OF-MPC pretrained + gate,OF gate,2,20260619_174130,51,40000,40800,800,-6.83263619991514,-5466.108959932112,-5.189905772115045,-4151.924617692036,1.6427304278000951,1314.184342240076,0,0.0,0,0.0,55,0.06875,0,0.0,745,0,50,50,0,0,0,5,0,5,0,5,-67.8820411008328,9.932375574101297,0.1774718399000387,2.6680694938173133,0.1196951001151537,0.2352485796849237,1.0999835552749633,2.6680694938173133,full RL,0.06875
of_gate,OF-MPC pretrained + gate,OF gate,2,20260619_174130,52,40800,41600,800,-9.711070867453952,-7768.856693963162,-6.662507562067035,-5330.006049653628,3.0485633053869186,2438.850644309535,0,0.0,0,0.0,54,0.0675,0,0.0,746,0,49,49,0,0,0,5,0,5,0,5,-71.38464512147573,11.979256644193905,0.2189937550787349,3.038834510649906,0.1385109439662911,0.2994765661911787,1.113875424455257,3.038834510649906,full RL,0.0675
of_gate,OF-MPC pretrained + gate,OF gate,2,20260619_174130,53,41600,42400,800,-6.568634797205412,-5254.90783776433,-5.179420458931585,-4143.536367145268,1.389214338273829,1111.371470619063,0,0.0,0,0.0,46,0.0575,0,0.0,754,0,40,40,0,0,0,6,0,6,0,6,-70.50109104244325,6.755699883296519,0.182034284397443,2.633154319658104,0.1235098726586873,0.2405586961361987,1.120351207464223,2.633154319658104,full RL,0.0575
of_gate,OF-MPC pretrained + gate,OF gate,2,20260619_174130,54,42400,43200,800,-7.570855163515607,-6056.684130812486,-5.7687033542396815,-4614.9626833917455,1.8021518092759248,1441.72144742074,0,0.0,0,0.0,59,0.07375,0,0.0,741,0,53,53,0,0,0,6,0,6,0,6,-69.35256180559315,9.924926767615636,0.2050027106999514,3.042053293279139,0.1335231186367125,0.2764823027631903,1.1393682460815202,3.042053293279139,full RL,0.07375
of_gate,OF-MPC pretrained + gate,OF gate,2,20260619_174130,55,43200,44000,800,-9.359449699593618,-7487.559759674895,-6.519077071665065,-5215.261657332052,2.840372627928555,2272.298102342844,0,0.0,0,0.0,68,0.085,0,0.0,732,0,61,61,0,0,0,7,0,7,0,7,-69.18536618220537,10.035496358466542,0.2204099985408445,3.038808551039324,0.1406124975274138,0.3002074995542752,1.1076245089720875,3.038808551039324,full RL,0.085
of_gate,OF-MPC pretrained + gate,OF gate,2,20260619_174130,56,44000,44800,800,-7.002998520025613,-5602.39881602049,-5.379061691319703,-4303.249353055762,1.6239368287059108,1299.1494629647286,0,0.0,0,0.0,58,0.0725,0,0.0,742,0,52,52,0,0,0,6,0,6,0,6,-67.50651124324327,10.069741526533504,0.1925740324175022,3.0837421801111877,0.1256261815823421,0.2595218832526623,1.1108483302553744,3.0837421801111877,full RL,0.0725
of_gate,OF-MPC pretrained + gate,OF gate,2,20260619_174130,57,44800,45600,800,-7.156917375456292,-5725.533900365033,-5.504820249913637,-4403.8561999309095,1.652097125542654,1321.6777004341232,0,0.0,0,0.0,47,0.05875,0,0.0,753,0,40,40,0,0,0,7,0,7,0,7,-67.13294548523447,10.098380939443125,0.2016977049172941,3.114137885605828,0.1293305669966825,0.2740648428379056,1.093132513972722,3.114137885605828,full RL,0.05875
of_gate,OF-MPC pretrained + gate,OF gate,2,20260619_174130,58,45600,46400,800,-6.472797198905642,-5178.237759124514,-5.010377920226931,-4008.302336181545,1.4624192786787111,1169.935422942969,0,0.0,0,0.0,41,0.05125,0,0.0,759,0,35,35,0,0,0,6,0,6,0,6,-69.10638370636082,9.88458737125876,0.1732602582180548,2.636802735093852,0.1187051541433,0.2278153622928097,1.0876043493643586,2.636802735093852,full RL,0.05125
of_gate,OF-MPC pretrained + gate,OF gate,2,20260619_174130,59,46400,47200,800,-7.563358860707228,-6050.687088565783,-5.677257169599895,-4541.805735679916,1.8861016911073327,1508.8813528858666,0,0.0,0,0.0,21,0.02625,0,0.0,779,0,15,15,0,0,0,6,0,6,0,6,-70.7848894485943,10.108524190862065,0.2056944189649748,3.137268264412853,0.1301786741950069,0.2812101637349427,1.105873103908689,3.137268264412853,full RL,0.02625
of_gate,OF-MPC pretrained + gate,OF gate,2,20260619_174130,60,47200,48000,800,-4.352033023389379,-3481.6264187115034,-4.157317090525848,-3325.8536724206783,0.1947159328635315,155.7727462908252,0,0.0,0,0.0,13,0.01625,0,0.0,787,0,9,9,0,0,0,4,0,4,0,4,-66.21372014246606,1.611951473919726,0.1638854725540197,2.51603746444448,0.1142921985278551,0.2134787465801843,1.079122813274989,2.51603746444448,full RL,0.01625
of_gate,OF-MPC pretrained + gate,OF gate,2,20260619_174130,61,48000,48800,800,-6.787669526183067,-5430.135620946454,-5.405894002952704,-4324.715202362163,1.3817755232303648,1105.4204185842918,0,0.0,0,0.0,23,0.02875,0,0.0,777,0,18,18,0,0,0,4,1,4,1,4,-66.04884605791597,9.72958726608764,0.1973639887962888,3.0925658470717394,0.1276643069907616,0.2670636706018159,1.0885739488787745,3.0925658470717394,full RL,0.02875
of_gate,OF-MPC pretrained + gate,OF gate,2,20260619_174130,62,48800,49600,800,-5.83500865468158,-4668.006923745264,-4.779740055551017,-3823.7920444408137,1.055268599130564,844.2148793044513,0,0.0,0,0.0,23,0.02875,0,0.0,777,0,19,19,0,0,0,4,0,4,0,4,-64.64823978249865,8.568381524451002,0.1753319442788375,2.5153576498912003,0.1177476329495013,0.2329162556081738,1.0585803600751484,2.5153576498912003,full RL,0.02875
of_gate,OF-MPC pretrained + gate,OF gate,2,20260619_174130,63,49600,50400,800,-4.848155304967066,-3878.5242439736526,-4.290599958549932,-3432.479966839945,0.5575553464171342,446.0442771337074,0,0.0,0,0.0,21,0.02625,0,0.0,779,0,16,16,0,0,0,5,0,5,0,5,-67.0857251900029,6.006448362889805,0.1660298295417312,2.565896779578281,0.1144498793351133,0.2176097797483492,1.057250141742641,2.565896779578281,full RL,0.02625
of_gate,OF-MPC pretrained + gate,OF gate,2,20260619_174130,64,50400,51200,800,-5.459336934429233,-4367.469547543386,-4.710490491215812,-3768.3923929726498,0.7488464432134196,599.0771545707357,0,0.0,0,0.0,28,0.035,0,0.0,772,0,23,23,0,0,0,5,0,5,0,5,-72.52742497874976,6.212757271933494,0.1791168796730043,2.622746462328678,0.1180761715518493,0.2401575877941593,1.0777720777464634,2.622746462328678,full RL,0.035
of_gate,OF-MPC pretrained + gate,OF gate,2,20260619_174130,65,51200,52000,800,-7.124719086561345,-5699.775269249076,-5.572135467347104,-4457.708373877683,1.5525836192142417,1242.0668953713932,0,0.0,0,0.0,28,0.035,0,0.0,772,0,23,23,0,0,0,5,0,5,0,5,-68.45199301358946,9.99980665141134,0.2044715341006373,2.9674580710731675,0.1293823777884777,0.2795606904127968,1.1060266149152729,2.9674580710731675,full RL,0.035
of_gate,OF-MPC pretrained + gate,OF gate,2,20260619_174130,66,52000,52800,800,-7.513441628573664,-6010.753302858931,-5.642387138387997,-4513.909710710398,1.871054490185668,1496.843592148534,0,0.0,0,0.0,19,0.02375,0,0.0,781,0,14,14,0,0,0,5,0,5,0,5,-60.90366391522821,9.828430974351903,0.1938156989298793,2.8998179468244416,0.1271734494316195,0.2604579484281392,1.0763607598269496,2.8998179468244416,full RL,0.02375
of_gate,OF-MPC pretrained + gate,OF gate,2,20260619_174130,67,52800,53600,800,-8.114252529425615,-6491.402023540492,-6.028038432030327,-4822.430745624261,2.0862140973952883,1668.9712779162303,0,0.0,0,0.0,19,0.02375,0,0.0,781,0,14,14,0,0,0,5,0,5,0,5,-64.77266007933406,10.003365547699037,0.2042541621640299,2.9496907905095213,0.1319394737915941,0.2765688505364657,1.0943951816171178,2.9496907905095213,full RL,0.02375
of_gate,OF-MPC pretrained + gate,OF gate,2,20260619_174130,68,53600,54400,800,-5.067738969417953,-4054.191175534362,-4.47657205955498,-3581.2576476439835,0.5911669098629742,472.9335278903793,0,0.0,0,0.0,18,0.0225,0,0.0,782,0,14,14,0,0,0,4,0,4,0,4,-65.84171018642871,6.035762777291149,0.166249835422799,2.614816616593089,0.116062438924237,0.216437231921361,1.0647298281203414,2.614816616593089,full RL,0.0225
of_gate,OF-MPC pretrained + gate,OF gate,2,20260619_174130,69,54400,55200,800,-5.297514337329236,-4238.011469863389,-4.678352605345179,-3742.682084276143,0.6191617319840578,495.3293855872462,0,0.0,0,0.0,14,0.0175,0,0.0,786,0,10,10,0,0,0,4,0,4,0,4,-66.75607706045582,5.56279675324584,0.1749898129778911,2.604761164757804,0.1177856492939145,0.2321939766618677,1.0695006258741984,2.604761164757804,full RL,0.0175
of_gate,OF-MPC pretrained + gate,OF gate,2,20260619_174130,70,55200,56000,800,-7.25017118035742,-5800.136944285936,-5.742549203050187,-4594.0393624401495,1.5076219773072324,1206.097581845786,0,0.0,0,0.0,16,0.02,0,0.0,784,0,11,11,0,0,0,5,0,5,0,5,-64.15129568647899,9.929234329142613,0.2072796818776452,3.055484836991468,0.1323775446783955,0.2821818190768949,1.100718342697976,3.055484836991468,full RL,0.02
of_gate,OF-MPC pretrained + gate,OF gate,2,20260619_174130,71,56000,56800,800,-6.405454167799332,-5124.363334239466,-5.335801807534263,-4268.64144602741,1.0696523602650705,855.7218882120562,0,0.0,0,0.0,10,0.0125,0,0.0,790,0,6,6,0,0,0,4,0,4,0,4,-63.52948191530095,9.896873715077428,0.1911660928417505,2.9615615622854534,0.1289364050783563,0.2533957806051447,1.102877743907269,2.9615615622854534,full RL,0.0125
of_gate,OF-MPC pretrained + gate,OF gate,2,20260619_174130,72,56800,57600,800,-4.623296923117475,-3698.63753849398,-4.265950064336779,-3412.760051469423,0.3573468587806958,285.8774870245567,0,0.0,0,0.0,12,0.015,0,0.0,788,0,7,7,0,0,0,5,0,5,0,5,-64.1016706834431,5.133416912312768,0.1645542098742946,2.591481843979807,0.1152485672203243,0.2138598525282649,1.0701685992998708,2.591481843979807,full RL,0.015
of_gate,OF-MPC pretrained + gate,OF gate,2,20260619_174130,73,57600,58400,800,-4.994635132513583,-3995.7081060108662,-4.519474342148735,-3615.579473718988,0.4751607903648483,380.12863229187866,0,0.0,0,0.0,14,0.0175,0,0.0,786,0,10,10,0,0,0,4,0,4,0,4,-65.1264173569142,6.073837393065645,0.1687155959627057,2.6316908416348497,0.1183357489060612,0.2190954430193502,1.077422960879428,2.6316908416348497,full RL,0.0175
of_gate,OF-MPC pretrained + gate,OF gate,2,20260619_174130,74,58400,59200,800,-6.883487002434743,-5506.789601947794,-5.363102210717617,-4290.481768574094,1.520384791717126,1216.3078333737008,0,0.0,0,0.0,18,0.0225,0,0.0,782,0,14,14,0,0,0,4,0,4,0,4,-66.47749206769697,9.958890754779867,0.190726770910485,2.988425864448402,0.1282371041983019,0.2532164376226681,1.0896876120921326,2.988425864448402,full RL,0.0225
of_gate,OF-MPC pretrained + gate,OF gate,2,20260619_174130,75,59200,60000,800,-6.169276739409707,-4935.421391527765,-5.259326344562416,-4207.461075649932,0.9099503948472892,727.9603158778314,0,0.0,0,0.0,13,0.01625,0,0.0,787,0,9,9,0,0,0,4,0,4,0,4,-63.51682196174602,9.755095636033507,0.1946398029669399,2.9437186307076786,0.1292477041003648,0.260031901833515,1.0877035836025013,2.9437186307076786,full RL,0.01625
of_gate,OF-MPC pretrained + gate,OF gate,2,20260619_174130,76,60000,60800,800,-7.884747139977812,-6307.79771198225,-5.47660726093369,-4381.285808746952,2.408139879044122,1926.511903235298,0,0.0,0,0.0,13,0.01625,0,0.0,787,0,8,8,0,0,0,5,0,5,0,5,-67.1268814083636,11.37204726557411,0.1975305929525476,2.925518335548474,0.1282568303975387,0.2668043555075565,1.1009497431144664,2.925518335548474,full RL,0.01625
of_gate,OF-MPC pretrained + gate,OF gate,2,20260619_174130,77,60800,61600,800,-6.782366540492799,-5425.893232394239,-5.299143758036991,-4239.315006429593,1.4832227824558075,1186.5782259646462,0,0.0,0,0.0,13,0.01625,0,0.0,787,0,7,7,0,0,0,6,0,6,0,6,-65.36784375021261,9.751344212995896,0.1914562984228377,3.010640968973746,0.1283380232039985,0.2545745736416769,1.0940765932983458,3.010640968973746,full RL,0.01625
of_gate,OF-MPC pretrained + gate,OF gate,2,20260619_174130,78,61600,62400,800,-5.848378981730746,-4678.7031853845965,-5.031051071378038,-4024.840857102431,0.8173279103527067,653.8623282821653,0,0.0,0,0.0,10,0.0125,0,0.0,790,0,5,5,0,0,0,5,0,5,0,5,-62.80683547732974,9.77927187080453,0.1927975421148631,2.9361112841481827,0.1262019794320245,0.2593931047977018,1.083285887608195,2.9361112841481827,full RL,0.0125
of_gate,OF-MPC pretrained + gate,OF gate,2,20260619_174130,79,62400,63200,800,-6.979361566679702,-5583.489253343761,-5.675858432845646,-4540.686746276517,1.3035031338340537,1042.802507067243,0,0.0,0,0.0,16,0.02,0,0.0,784,0,11,11,0,0,0,5,0,5,0,5,-64.33015332845002,9.933947992800247,0.2053410502768084,2.9698095073891864,0.1344417786106204,0.2762403219429964,1.108811385893953,2.9698095073891864,full RL,0.02
of_gate,OF-MPC pretrained + gate,OF gate,2,20260619_174130,80,63200,64000,800,-4.996357120340503,-3997.085696272402,-4.601125053334369,-3680.900042667495,0.3952320670061335,316.18565360490686,0,0.0,0,0.0,8,0.01,0,0.0,792,0,4,4,0,0,0,4,0,4,0,4,-62.7838274746681,8.652240641887829,0.1710960841318896,2.5885624234938405,0.118211382605558,0.2239807856582211,1.076012165402005,2.5885624234938405,full RL,0.01
of_gate,OF-MPC pretrained + gate,OF gate,2,20260619_174130,81,64000,64800,800,-8.582898604912229,-6866.318883929784,-6.293904534172006,-5035.123627337604,2.288994070740224,1831.1952565921788,0,0.0,0,0.0,19,0.02375,0,0.0,781,0,13,13,0,0,0,6,0,6,0,6,-64.6386094924901,9.83855057592329,0.2166120652385136,2.985760734211624,0.1393019062076723,0.293922224269355,1.1072792591156118,2.985760734211624,full RL,0.02375
of_gate,OF-MPC pretrained + gate,OF gate,2,20260619_174130,82,64800,65600,800,-7.837181673435748,-6269.745338748598,-5.979253227555448,-4783.402582044359,1.8579284458802996,1486.3427567042395,0,0.0,0,0.0,19,0.02375,0,0.0,781,0,13,13,0,0,0,5,1,5,1,5,-62.893111762989406,9.92914765949658,0.2045866039705831,2.9213314287461003,0.1344223375065028,0.2747508704346635,1.1043713459639193,2.9213314287461003,full RL,0.02375
of_gate,OF-MPC pretrained + gate,OF gate,2,20260619_174130,83,65600,66400,800,-6.911310796904238,-5529.04863752339,-5.565066876625335,-4452.053501300268,1.346243920278904,1076.9951362231232,0,0.0,0,0.0,10,0.0125,0,0.0,790,0,6,6,0,0,0,4,0,4,0,4,-64.86835315734265,11.057763797935488,0.1952388024793498,2.930101781678104,0.1301356187267765,0.2603419862319232,1.0977310712421628,2.930101781678104,full RL,0.0125
of_gate,OF-MPC pretrained + gate,OF gate,2,20260619_174130,84,66400,67200,800,-5.956375609793862,-4765.10048783509,-5.054201115685089,-4043.360892548071,0.902174494108773,721.7395952870185,0,0.0,0,0.0,14,0.0175,0,0.0,786,0,9,9,0,0,0,5,0,5,0,5,-63.36096274435943,9.788747399680666,0.1949473172471439,2.9570076071686917,0.1262379369307033,0.2636566975635845,1.0762123343638312,2.9570076071686917,full RL,0.0175
of_gate,OF-MPC pretrained + gate,OF gate,2,20260619_174130,85,67200,68000,800,-5.309666100317809,-4247.732880254247,-4.700959952301652,-3760.7679618413217,0.6087061480161565,486.9649184129252,0,0.0,0,0.0,9,0.01125,0,0.0,791,0,4,4,0,0,0,5,0,5,0,5,-63.36731247365992,8.717397219529703,0.1698939566062299,2.539403118034216,0.1181777137660663,0.2216101994463934,1.082297767732599,2.539403118034216,full RL,0.01125
of_gate,OF-MPC pretrained + gate,OF gate,2,20260619_174130,86,68000,68800,800,-7.226479261284992,-5781.183409027994,-5.629413666730873,-4503.530933384698,1.5970655945541186,1277.6524756432948,0,0.0,0,0.0,22,0.0275,0,0.0,778,0,18,18,0,0,0,4,0,4,0,4,-62.507159981212,10.851403930004295,0.197610859531145,2.900749019019713,0.1298879799503488,0.2653337391119412,1.0972924499417558,2.900749019019713,full RL,0.0275
of_gate,OF-MPC pretrained + gate,OF gate,2,20260619_174130,87,68800,69600,800,-7.8986622802533715,-6318.929824202697,-6.261559460833565,-5009.247568666852,1.6371028194198072,1309.6822555358458,0,0.0,0,0.0,16,0.02,0,0.0,784,0,11,11,0,0,0,5,0,5,0,5,-65.76547433087092,9.92557442826053,0.2238449498700438,3.030341604709406,0.1407297858912276,0.3069601138488601,1.1148129455012108,3.030341604709406,full RL,0.02
of_gate,OF-MPC pretrained + gate,OF gate,2,20260619_174130,88,69600,70400,800,-8.155022046985348,-6524.017637588278,-6.239830752889322,-4991.864602311458,1.9151912940960256,1532.1530352768204,0,0.0,0,0.0,31,0.03875,0,0.0,769,0,26,26,0,0,0,5,0,5,0,5,-64.53341956176894,9.897696540845883,0.2218791352305075,2.973718060289229,0.1399664408221881,0.3037918296388269,1.1046526452785352,2.973718060289229,full RL,0.03875
of_gate,OF-MPC pretrained + gate,OF gate,2,20260619_174130,89,70400,71200,800,-4.893913567228135,-3915.130853782508,-4.58497390981278,-3667.979127850224,0.3089396574153552,247.1517259322842,0,0.0,0,0.0,19,0.02375,0,0.0,781,0,14,14,0,0,0,5,0,5,0,5,-63.64855457001954,2.3830303153587087,0.178390134948301,2.594934546436207,0.119205924085714,0.2375743458108881,1.0886760470033203,2.594934546436207,full RL,0.02375
of_gate,OF-MPC pretrained + gate,OF gate,2,20260619_174130,90,71200,72000,800,-5.528024368324266,-4422.4194946594125,-4.420355397682129,-3536.2843181457038,1.1076689706421354,886.1351765137083,0,0.0,0,0.0,20,0.025,0,0.0,780,0,15,15,0,0,0,4,1,4,1,4,-63.475276655242055,8.110126533658851,0.1683659944632313,2.5539528578000272,0.1165616489155957,0.2201703400108668,1.0778947536159396,2.5539528578000272,full RL,0.025
of_gate,OF-MPC pretrained + gate,OF gate,2,20260619_174130,91,72000,72800,800,-4.899020571116389,-3919.216456893111,-4.310270933523415,-3448.216746818732,0.5887496375929736,470.99971007437887,0,0.0,0,0.0,20,0.025,0,0.0,780,0,15,15,0,0,0,5,0,5,0,5,-65.34119182060056,4.39873096773292,0.1709643750740087,2.5780884524476733,0.1147823398374423,0.227146410310575,1.0884471695408937,2.5780884524476733,full RL,0.025
of_gate,OF-MPC pretrained + gate,OF gate,2,20260619_174130,92,72800,73600,800,-5.456872060373756,-4365.497648299005,-4.746995206888568,-3797.5961655108554,0.7098768534851875,567.90148278815,0,0.0,0,0.0,13,0.01625,0,0.0,787,0,8,8,0,0,0,5,0,5,0,5,-63.633373264145575,8.514844381182897,0.1726807372359943,2.603816651855027,0.1183830424024428,0.2269784320695457,1.0772095283295493,2.603816651855027,full RL,0.01625
of_gate,OF-MPC pretrained + gate,OF gate,2,20260619_174130,93,73600,74400,800,-8.220709818288123,-6576.567854630498,-6.236261563423946,-4989.009250739157,1.9844482548641769,1587.5586038913414,0,0.0,0,0.0,23,0.02875,0,0.0,777,0,19,19,0,0,0,4,0,4,0,4,-65.70660526461234,9.914247500952913,0.2205323659466262,3.0102265582228824,0.1387863990928444,0.3022783328004079,1.1003098263038886,3.0102265582228824,full RL,0.02875
of_gate,OF-MPC pretrained + gate,OF gate,2,20260619_174130,94,74400,75200,800,-7.995963315818795,-6396.770652655036,-6.16028204732092,-4928.225637856736,1.8356812684978736,1468.545014798299,0,0.0,0,0.0,19,0.02375,0,0.0,781,0,14,14,0,0,0,5,0,5,0,5,-67.62679491143672,10.091701410252222,0.2190377073424642,3.052930239791237,0.1393429882473487,0.2987324264375798,1.106264568661692,3.052930239791237,full RL,0.02375
of_gate,OF-MPC pretrained + gate,OF gate,2,20260619_174130,95,75200,76000,800,-6.839964464404984,-5471.971571523987,-5.515523179434948,-4412.418543547959,1.3244412849700349,1059.5530279760278,0,0.0,0,0.0,21,0.02625,0,0.0,779,0,16,16,0,0,0,5,0,5,0,5,-67.07486464046735,9.798486763081954,0.204772945658823,2.9238007833970414,0.1318420809934183,0.2777038103242277,1.0872232133087696,2.9238007833970414,full RL,0.02625
of_gate,OF-MPC pretrained + gate,OF gate,2,20260619_174130,96,76000,76800,800,-5.964873978289777,-4771.8991826318215,-4.947587868123963,-3958.0702944991694,1.017286110165814,813.8288881326512,0,0.0,0,0.0,10,0.0125,0,0.0,790,0,5,5,0,0,0,5,0,5,0,5,-64.48776185880877,9.641127529639007,0.178769725436029,2.955326798124645,0.1181498032470727,0.2393896476249853,1.0941264822681154,2.955326798124645,full RL,0.0125
of_gate,OF-MPC pretrained + gate,OF gate,2,20260619_174130,97,76800,77600,800,-7.524952805199603,-6019.962244159682,-5.830044698253723,-4664.035758602979,1.694908106945879,1355.926485556703,0,0.0,0,0.0,9,0.01125,0,0.0,791,0,5,5,0,0,0,4,0,4,0,4,-64.78975741676834,10.765551556284048,0.2040455945536782,2.991964603906468,0.1326706864954967,0.2754205026118598,1.0938254716279592,2.991964603906468,full RL,0.01125
of_gate,OF-MPC pretrained + gate,OF gate,2,20260619_174130,98,77600,78400,800,-7.813371899485926,-6250.697519588741,-5.953325473156164,-4762.660378524931,1.860046426329764,1488.037141063811,0,0.0,0,0.0,24,0.03,0,0.0,776,0,18,18,0,0,0,6,0,6,0,6,-65.37002999519927,9.820692810082765,0.2139069288290883,2.980715345878025,0.1375251356357808,0.2902887220223958,1.0922074321234598,2.980715345878025,full RL,0.03
of_gate,OF-MPC pretrained + gate,OF gate,2,20260619_174130,99,78400,79200,800,-7.474784575652393,-5979.827660521914,-5.879868812562259,-4703.895050049808,1.5949157630901345,1275.9326104721076,0,0.0,0,0.0,16,0.02,0,0.0,784,0,12,12,0,0,0,4,0,4,0,4,-64.25455479527068,9.817358650828924,0.2131166431287069,2.976445958052466,0.137554199587922,0.2886790866694919,1.0966682651927582,2.976445958052466,full RL,0.02
of_gate,OF-MPC pretrained + gate,OF gate,2,20260619_174130,100,79200,80000,800,-5.886365175317841,-4709.092140254273,-4.8656311574085445,-3892.5049259268353,1.0207340179092976,816.5872143274381,0,0.0,0,0.0,11,0.01375,0,0.0,789,0,10,10,0,0,0,1,0,1,0,1,-66.69603947467783,11.038745872372512,0.1712292477242295,2.5526443876955227,0.1197522203497587,0.2227062750987003,1.0853519569538768,2.5526443876955227,full RL,0.01375
of_gate,OF-MPC pretrained + gate,OF gate,2,20260619_174130,101,80000,80800,800,-5.483698773367955,-4386.959018694364,-4.746343366455811,-3797.074693164649,0.7373554069121434,589.8843255297147,0,0.0,0,0.0,20,0.025,0,0.0,780,0,15,15,0,0,0,5,0,5,0,5,-62.33928143741514,9.70650323044085,0.1785242951459452,2.955677600207082,0.1226549265235017,0.2343936637683888,1.092725053682909,2.955677600207082,full RL,0.025
of_gate,OF-MPC pretrained + gate,OF gate,2,20260619_174130,102,80800,81600,800,-6.087113158312784,-4869.690526650227,-5.098963823068305,-4079.171058454645,0.9881493352444785,790.5194681955827,0,0.0,0,0.0,17,0.02125,0,0.0,783,0,13,13,0,0,0,4,0,4,0,4,-63.57322402567024,9.84552402115834,0.19503392455108,2.9944739799470312,0.1264967873972685,0.2635710617048915,1.1005362260848606,2.9944739799470312,full RL,0.02125
of_gate,OF-MPC pretrained + gate,OF gate,2,20260619_174130,103,81600,82400,800,-4.920644312741937,-3936.515450193549,-4.399987457302344,-3519.989965841876,0.5206568554395927,416.5254843516742,0,0.0,0,0.0,19,0.02375,0,0.0,781,0,16,16,0,0,0,3,0,3,0,3,-63.50093063797556,7.724019778011661,0.1702657427510866,2.5774727336608407,0.115300860766555,0.2252306247356182,1.0788368642135628,2.5774727336608407,full RL,0.02375
of_gate,OF-MPC pretrained + gate,OF gate,2,20260619_174130,104,82400,83200,800,-5.101523262829138,-4081.2186102633104,-4.446525256650483,-3557.2202053203864,0.6549980061786548,523.9984049429238,0,0.0,0,0.0,16,0.02,0,0.0,784,0,13,13,0,0,0,3,0,3,0,3,-64.11112090606218,4.894421345078408,0.1744881194881868,2.588426681893054,0.117612655223873,0.2313635837525007,1.0905774406413036,2.588426681893054,full RL,0.02
of_gate,OF-MPC pretrained + gate,OF gate,2,20260619_174130,105,83200,84000,800,-4.532782558879112,-3626.2260471032896,-4.394757184551184,-3515.8057476409467,0.1380253743279286,110.42029946234294,0,0.0,0,0.0,8,0.01,0,0.0,792,0,5,5,0,0,0,3,0,3,0,3,-66.26116705216225,2.3708654799078053,0.1777642688730323,2.6733538888294106,0.116622299427233,0.2389062383188317,1.0788465560640996,2.6733538888294106,full RL,0.01
of_gate,OF-MPC pretrained + gate,OF gate,2,20260619_174130,106,84000,84800,800,-4.314941133377914,-3451.952906702332,-4.169390672996301,-3335.512538397041,0.1455504603816121,116.44036830528968,0,0.0,0,0.0,9,0.01125,0,0.0,791,0,5,5,0,0,0,4,0,4,0,4,-61.92558887605355,1.4723486073884196,0.1644902048955685,2.5830129795921835,0.1154409434933058,0.2135394662978312,1.0723146876159355,2.5830129795921835,full RL,0.01125
of_gate,OF-MPC pretrained + gate,OF gate,2,20260619_174130,107,84800,85600,800,-5.807693853965839,-4646.155083172671,-5.050737508041724,-4040.590006433379,0.756956345924114,605.5650767392912,0,0.0,0,0.0,7,0.00875,0,0.0,793,0,4,4,0,0,0,3,0,3,0,3,-66.86762843825954,9.638050093499452,0.1979729162687604,2.9522213857170527,0.1260675263818391,0.2698783061556817,1.1086604591558364,2.9522213857170527,full RL,0.00875
of_gate,OF-MPC pretrained + gate,OF gate,2,20260619_174130,108,85600,86400,800,-7.327791158570744,-5862.232926856595,-5.803320528468101,-4642.65642277448,1.5244706301026425,1219.576504082114,0,0.0,0,0.0,15,0.01875,0,0.0,785,0,13,13,0,0,0,2,0,2,0,2,-69.40662942604581,9.891284639289236,0.2104343403096426,3.0031591355040064,0.1333215071710264,0.2875471734482588,1.10090938852515,3.0031591355040064,full RL,0.01875
of_gate,OF-MPC pretrained + gate,OF gate,2,20260619_174130,109,86400,87200,800,-8.534594165876051,-6827.67533270084,-6.375653557666042,-5100.522846132833,2.1589406082100107,1727.1524865680085,0,0.0,0,0.0,21,0.02625,0,0.0,779,0,17,17,0,0,0,4,0,4,0,4,-64.4144970628962,9.864665722448262,0.229258145003469,2.9946965407966104,0.1345575247431425,0.3239587652637955,1.1061076207771374,2.9946965407966104,full RL,0.02625
of_gate,OF-MPC pretrained + gate,OF gate,2,20260619_174130,110,87200,88000,800,-5.123529237512016,-4098.823390009613,-4.513028873922746,-3610.423099138197,0.6105003635892722,488.4002908714177,0,0.0,0,0.0,18,0.0225,0,0.0,782,0,16,16,0,0,0,2,0,2,0,2,-61.43931886660448,9.447575100754545,0.1747444145566181,2.542625597246058,0.1153747999668517,0.2341140291463845,1.0834947373010697,2.542625597246058,full RL,0.0225
of_gate,OF-MPC pretrained + gate,OF gate,2,20260619_174130,111,88000,88800,800,-4.876590257585035,-3901.272206068028,-4.435856091794741,-3548.6848734357927,0.4407341657902941,352.5873326322353,0,0.0,0,0.0,7,0.00875,0,0.0,793,0,3,3,0,0,0,4,0,4,0,4,-63.985759898968354,8.226817997146401,0.169728033394607,2.5692601872203227,0.1160909062313697,0.2233651605578443,1.0829235960815038,2.5692601872203227,full RL,0.00875
of_gate,OF-MPC pretrained + gate,OF gate,2,20260619_174130,112,88800,89600,800,-5.480867793333077,-4384.694234666462,-4.675872634501838,-3740.69810760147,0.8049951588312397,643.9961270649918,0,0.0,0,0.0,10,0.0125,0,0.0,790,0,7,7,0,0,0,3,0,3,0,3,-66.50900338066504,12.81068757913356,0.1724049285875185,2.635634085573088,0.1166627339603213,0.2281471232147156,1.0954367147616568,2.635634085573088,full RL,0.0125
of_gate,OF-MPC pretrained + gate,OF gate,2,20260619_174130,113,89600,90400,800,-6.24318479295991,-4994.547834367928,-4.679922137298055,-3743.937709838444,1.5632626556618556,1250.6101245294844,0,0.0,0,0.0,10,0.0125,0,0.0,790,0,4,4,0,0,0,6,0,6,0,6,-64.97598429095012,9.79906241330016,0.1750915383790672,2.9766192194114183,0.1205830174356457,0.2296000593224887,1.0958290432574764,2.9766192194114183,full RL,0.0125
of_gate,OF-MPC pretrained + gate,OF gate,2,20260619_174130,114,90400,91200,800,-6.07017337506591,-4856.138700052728,-5.141773615099533,-4113.418892079626,0.9283997599663776,742.719807973102,0,0.0,0,0.0,14,0.0175,0,0.0,786,0,11,11,0,0,0,3,0,3,0,3,-66.05645315046911,9.87602137024246,0.1982436234546655,2.995519787412036,0.1268615780110239,0.2696256688983071,1.0987570799947028,2.995519787412036,full RL,0.0175
of_gate,OF-MPC pretrained + gate,OF gate,2,20260619_174130,115,91200,92000,800,-6.194279096594143,-4955.423277275315,-5.159395837974898,-4127.516670379919,1.0348832586192462,827.906606895397,0,0.0,0,0.0,18,0.0225,0,0.0,782,0,11,11,0,0,0,7,0,7,0,7,-65.83122158455308,10.02371002832867,0.1948835396536937,3.060533656657469,0.1280875510237099,0.2616795282836776,1.108090937826113,3.060533656657469,full RL,0.0225
of_gate,OF-MPC pretrained + gate,OF gate,2,20260619_174130,116,92000,92800,800,-8.167494300780632,-6533.995440624506,-6.200154348009107,-4960.123478407286,1.9673399527715252,1573.8719622172202,0,0.0,0,0.0,15,0.01875,0,0.0,785,0,12,12,0,0,0,3,0,3,0,3,-68.36776360177294,9.923285716152977,0.2200330407495808,3.0311938211097527,0.1380569756410458,0.3020091058581157,1.1071535419464906,3.0311938211097527,full RL,0.01875
of_gate,OF-MPC pretrained + gate,OF gate,2,20260619_174130,117,92800,93600,800,-8.986709249266578,-7189.367399413263,-6.560048055756297,-5248.0384446050375,2.426661193510281,1941.3289548082248,0,0.0,0,0.0,15,0.01875,0,0.0,785,0,12,12,0,0,0,3,0,3,0,3,-65.74066070992944,10.25824771515305,0.2264071773707966,3.0297846927578007,0.1389204787540841,0.313893875987509,1.1089837904408126,3.0297846927578007,full RL,0.01875
of_gate,OF-MPC pretrained + gate,OF gate,2,20260619_174130,118,93600,94400,800,-7.2200446413023505,-5776.035713041881,-5.525810405138191,-4420.648324110553,1.6942342361641602,1355.387388931328,0,0.0,0,0.0,11,0.01375,0,0.0,789,0,8,8,0,0,0,3,0,3,0,3,-65.5678281058781,10.396274000358556,0.1915605758583755,2.937662804637569,0.1270396199069877,0.2560815318097633,1.092656796166151,2.937662804637569,full RL,0.01375
of_gate,OF-MPC pretrained + gate,OF gate,2,20260619_174130,119,94400,95200,800,-7.54210848623217,-6033.686788985736,-5.733782734961396,-4587.026187969117,1.808325751270774,1446.6606010166192,0,0.0,0,0.0,18,0.0225,0,0.0,782,0,15,15,0,0,0,3,0,3,0,3,-67.42062134847549,10.62808813432558,0.2076024075845378,3.120359320545049,0.1281007162864217,0.2871040988826539,1.099612866370149,3.120359320545049,full RL,0.0225
of_gate,OF-MPC pretrained + gate,OF gate,2,20260619_174130,120,95200,96000,800,-6.323941148110063,-5059.152918488051,-5.1705289238627525,-4136.423139090202,1.153412224247311,922.7297793978488,0,0.0,0,0.0,32,0.04,0,0.0,768,0,28,28,0,0,0,4,0,4,0,4,-68.58791638858861,9.68086895461036,0.1998217971850082,2.998527622177562,0.1268580523070288,0.2727855420629875,1.0882399738535449,2.998527622177562,full RL,0.04
of_gate,OF-MPC pretrained + gate,OF gate,2,20260619_174130,121,96000,96800,800,-5.582671638241681,-4466.137310593345,-4.724804783660846,-3779.843826928677,0.8578668545808358,686.2934836646687,0,0.0,0,0.0,26,0.0325,0,0.0,774,0,23,23,0,0,0,3,0,3,0,3,-69.37637659164488,9.69388686450495,0.1876240698588608,2.989343414911673,0.1198967186018702,0.2553514211158515,1.0922378404070183,2.989343414911673,full RL,0.0325
of_gate,OF-MPC pretrained + gate,OF gate,2,20260619_174130,122,96800,97600,800,-4.799904378272861,-3839.9235026182887,-4.172588350791091,-3338.0706806328726,0.6273160274817701,501.8528219854161,0,0.0,0,0.0,39,0.04875,0,0.0,761,0,36,36,0,0,0,3,0,3,0,3,-67.05711353538584,2.8661143812277,0.1691676619719182,2.645085094793046,0.1132799092812606,0.2250554146625758,1.0623985604005657,2.645085094793046,full RL,0.04875
of_gate,OF-MPC pretrained + gate,OF gate,2,20260619_174130,123,97600,98400,800,-7.482403158813309,-5985.922527050647,-5.219897697457331,-4175.918157965864,2.2625054613559765,1810.004369084781,0,0.0,0,0.0,49,0.06125,0,0.0,751,0,47,47,0,0,0,2,0,2,0,2,-71.5447845762236,13.555298337904988,0.1857929276737271,2.6476133516319464,0.1165627895699464,0.2550230657775079,1.0623560574810305,2.6476133516319464,full RL,0.06125
of_gate,OF-MPC pretrained + gate,OF gate,2,20260619_174130,124,98400,99200,800,-5.569938865648663,-4455.95109251893,-4.598169186252458,-3678.535349001967,0.9717696793962044,777.4157435169635,0,0.0,0,0.0,28,0.035,0,0.0,772,0,24,24,0,0,0,4,0,4,0,4,-68.89125889621346,9.218615452661432,0.177792996963212,2.558135601907111,0.1145412977659796,0.2410446961604444,1.0685701707895636,2.558135601907111,full RL,0.035
of_gate,OF-MPC pretrained + gate,OF gate,2,20260619_174130,125,99200,100000,800,-6.237549625240611,-4990.039700192488,-4.941549856614195,-3953.239885291356,1.295999768626416,1036.7998149011328,0,0.0,0,0.0,24,0.03,0,0.0,776,0,22,22,0,0,0,2,0,2,0,2,-59.24157470819273,12.730442654112956,0.1777532624766095,2.5767694520871487,0.1176028449902464,0.2379036799629726,1.0577119266946249,2.5767694520871487,full RL,0.03
of_gate,OF-MPC pretrained + gate,OF gate,2,20260619_174130,126,100000,100800,800,-6.495066149585499,-5196.052919668399,-5.213656099963573,-4170.9248799708585,1.2814100496219254,1025.1280396975403,0,0.0,0,0.0,39,0.04875,0,0.0,761,0,37,37,0,0,0,2,0,2,0,2,-65.49346688397452,9.71063814437109,0.1975605925313368,2.968758524932582,0.127441476662287,0.2676797084003864,1.092802050105781,2.968758524932582,full RL,0.04875
of_gate,OF-MPC pretrained + gate,OF gate,2,20260619_174130,127,100800,101600,800,-4.610999190828303,-3688.7993526626415,-4.374451281545512,-3499.561025236409,0.2365479092827909,189.2383274262328,0,0.0,0,0.0,13,0.01625,0,0.0,787,0,11,11,0,0,0,2,0,2,0,2,-68.76683101110189,2.6002802608461413,0.1789345727307247,2.626613406563422,0.1158029662950879,0.2420661791663615,1.093125210481738,2.626613406563422,full RL,0.01625
of_gate,OF-MPC pretrained + gate,OF gate,2,20260619_174130,128,101600,102400,800,-5.393248031432594,-4314.598425146075,-4.674209184135574,-3739.367347308459,0.7190388472970191,575.2310778376152,0,0.0,0,0.0,24,0.03,0,0.0,776,0,21,21,0,0,0,3,0,3,0,3,-68.96252615569233,9.63739647383778,0.1812823905585521,3.013852828047902,0.121266426684526,0.2412983544325783,1.1051883243420877,3.013852828047902,full RL,0.03
of_gate,OF-MPC pretrained + gate,OF gate,2,20260619_174130,129,102400,103200,800,-6.006115410143199,-4804.892328114559,-4.93508377366145,-3948.06701892916,1.0710316364817478,856.8253091853983,0,0.0,0,0.0,16,0.02,0,0.0,784,0,12,12,0,0,0,3,1,3,1,3,-68.99688204468794,9.588302959223574,0.1963149063775362,3.074448180949787,0.1224402770347447,0.2701895357203278,1.0636669873005231,3.074448180949787,full RL,0.02
of_gate,OF-MPC pretrained + gate,OF gate,2,20260619_174130,130,103200,104000,800,-5.82855156623435,-4662.84125298748,-4.963382349430242,-3970.705879544194,0.8651692168041082,692.1353734432865,0,0.0,0,0.0,11,0.01375,0,0.0,789,0,7,7,0,0,0,4,0,4,0,4,-68.47849484115761,9.667827767104676,0.1906101849318364,2.964799096871843,0.1252921743584905,0.2559281955051823,1.0791345610606728,2.964799096871843,full RL,0.01375
of_gate,OF-MPC pretrained + gate,OF gate,2,20260619_174130,131,104000,104800,800,-8.554787409095846,-6843.829927276677,-6.518399963667767,-5214.719970934213,2.03638744542808,1629.109956342464,0,0.0,0,0.0,9,0.01125,0,0.0,791,0,7,7,0,0,0,2,0,2,0,2,-68.46760864424402,10.848075688670765,0.2225440814490696,3.019852213083425,0.1412775480429643,0.3038106148551749,1.1330806982145751,3.019852213083425,full RL,0.01125
of_gate,OF-MPC pretrained + gate,OF gate,2,20260619_174130,132,104800,105600,800,-6.300163213495559,-5040.130570796447,-5.212074715365231,-4169.659772292185,1.0880884981303265,870.4707985042612,0,0.0,0,0.0,11,0.01375,0,0.0,789,0,9,9,0,0,0,2,0,2,0,2,-68.04161943397025,9.665046843855675,0.1980168321500234,2.9441542231083986,0.1262965929704975,0.2697370713295492,1.0942530286373673,2.9441542231083986,full RL,0.01375
of_gate,OF-MPC pretrained + gate,OF gate,2,20260619_174130,133,105600,106400,800,-8.229644662365184,-6583.715729892147,-6.266922246259226,-5013.537797007381,1.9627224161059555,1570.1779328847645,0,0.0,0,0.0,16,0.02,0,0.0,784,0,15,15,0,0,0,1,0,1,0,1,-72.58783583232855,10.183735534548568,0.2158385849701354,3.028321318579742,0.1358060846524783,0.2958710852877926,1.1169839533769754,3.028321318579742,full RL,0.02
of_gate,OF-MPC pretrained + gate,OF gate,2,20260619_174130,134,106400,107200,800,-9.543429307806788,-7634.74344624543,-6.843538083083425,-5474.83046646674,2.6998912247233617,2159.912979778689,0,0.0,0,0.0,16,0.02,0,0.0,784,0,14,14,0,0,0,2,0,2,0,2,-65.49498951894975,12.472165513402716,0.2345097443692424,3.001329352588129,0.1420201194631097,0.3269993692753751,1.093974083528248,3.001329352588129,full RL,0.02
of_gate,OF-MPC pretrained + gate,OF gate,2,20260619_174130,135,107200,108000,800,-6.1460154789340775,-4916.812383147262,-5.062156853440606,-4049.725482752485,1.083858625493471,867.0869003947768,0,0.0,0,0.0,22,0.0275,0,0.0,778,0,19,19,0,0,0,3,0,3,0,3,-68.65141271251696,9.892484672637856,0.1967462695342702,3.038854311214152,0.1253860327112243,0.268106506357316,1.0873269160540455,3.038854311214152,full RL,0.0275
of_gate,OF-MPC pretrained + gate,OF gate,2,20260619_174130,136,108000,108800,800,-4.840573089551287,-3872.45847164103,-4.394042019862075,-3515.23361588966,0.4465310696892126,357.2248557513701,0,0.0,0,0.0,21,0.02625,0,0.0,779,0,19,19,0,0,0,2,0,2,0,2,-73.4757254986315,3.959349467031643,0.1783470309810755,2.592932049079081,0.1151887047533306,0.2415053572088205,1.072492122591321,2.592932049079081,full RL,0.02625
of_gate,OF-MPC pretrained + gate,OF gate,2,20260619_174130,137,108800,109600,800,-4.702463899700694,-3761.971119760556,-4.242532635730869,-3394.0261085846946,0.4599312639698268,367.9450111758615,0,0.0,0,0.0,30,0.0375,0,0.0,770,0,27,27,0,0,0,3,0,3,0,3,-67.89472714637725,2.8647213453090874,0.1673630273667389,2.60815922584419,0.1153065076611711,0.2194195470723066,1.0711468121987964,2.60815922584419,full RL,0.0375
of_gate,OF-MPC pretrained + gate,OF gate,2,20260619_174130,138,109600,110400,800,-6.032764947859203,-4826.211958287362,-5.031340595096156,-4025.072476076925,1.0014243527630458,801.1394822104365,0,0.0,0,0.0,25,0.03125,0,0.0,775,0,22,22,0,0,0,3,0,3,0,3,-64.86889734600118,9.743981720480882,0.1900976038527191,2.8918294289481423,0.1226601585200085,0.2575350491854297,1.12677157686154,2.8918294289481423,full RL,0.03125
of_gate,OF-MPC pretrained + gate,OF gate,2,20260619_174130,139,110400,111200,800,-7.858142866732639,-6286.514293386112,-6.0812299891344015,-4864.983991307521,1.776912877598239,1421.5303020785911,0,0.0,0,0.0,7,0.00875,0,0.0,793,0,4,4,0,0,0,3,0,3,0,3,-66.63355412990904,10.751602852008029,0.2115584894510074,3.0951590715309294,0.1353628905039104,0.2877540883981043,1.1163570595864925,3.0951590715309294,full RL,0.00875
of_gate,OF-MPC pretrained + gate,OF gate,2,20260619_174130,140,111200,112000,800,-8.435286681957468,-6748.229345565975,-6.466136952869923,-5172.9095622959385,1.9691497290875464,1575.319783270037,0,0.0,0,0.0,18,0.0225,0,0.0,782,0,14,14,0,0,0,4,0,4,0,4,-64.84567534245036,9.941370248541295,0.2279469334880085,2.92010954728471,0.1432796226123462,0.3126142443636708,1.1137376897249402,2.92010954728471,full RL,0.0225
of_gate,OF-MPC pretrained + gate,OF gate,2,20260619_174130,141,112000,112800,800,-6.04375608725984,-4835.004869807872,-4.698264253841165,-3758.611403072932,1.3454918334186745,1076.3934667349397,0,0.0,0,0.0,15,0.01875,0,0.0,785,0,10,10,0,0,0,5,0,5,0,5,-67.22668332430464,11.16767384664021,0.1725913959053241,2.803248933076816,0.1143070033365467,0.2308757884741016,1.081230465471784,2.803248933076816,full RL,0.01875
of_gate,OF-MPC pretrained + gate,OF gate,2,20260619_174130,142,112800,113600,800,-8.079612629794015,-6463.690103835212,-6.116204829192806,-4892.9638633542445,1.9634078006012083,1570.726240480967,0,0.0,0,0.0,25,0.03125,0,0.0,775,0,22,22,0,0,0,3,0,3,0,3,-69.25100310340781,9.776130757877295,0.2225461915754363,3.03742765030006,0.1369174391776082,0.3081749439732645,1.1036540782532618,3.03742765030006,full RL,0.03125
of_gate,OF-MPC pretrained + gate,OF gate,2,20260619_174130,143,113600,114400,800,-4.930640527206351,-3944.512421765081,-4.436202097428327,-3548.961677942661,0.494438429778025,395.55074382242,0,0.0,0,0.0,9,0.01125,0,0.0,791,0,6,6,0,0,0,3,0,3,0,3,-69.45667283592468,9.588265898860554,0.1752729134912718,2.6124915455485507,0.1139476231031673,0.2365982038793762,1.0767084029812342,2.6124915455485507,full RL,0.01125
of_gate,OF-MPC pretrained + gate,OF gate,2,20260619_174130,144,114400,115200,800,-5.375254737892467,-4300.2037903139735,-4.569987889680877,-3655.990311744701,0.8052668482115902,644.2134785692722,0,0.0,0,0.0,15,0.01875,0,0.0,785,0,11,11,0,0,0,4,0,4,0,4,-58.6198353892944,7.47343663404417,0.1728704707977748,2.683980610082358,0.1151959269218213,0.2305450146737283,1.0632684878186298,2.683980610082358,full RL,0.01875
of_gate,OF-MPC pretrained + gate,OF gate,2,20260619_174130,145,115200,116000,800,-7.054787426614144,-5643.829941291316,-5.580134531072179,-4464.107624857744,1.474652895541965,1179.722316433572,0,0.0,0,0.0,9,0.01125,0,0.0,791,0,6,6,0,0,0,3,0,3,0,3,-67.06385895234973,9.931962306139434,0.2054918791930945,2.9369439892657283,0.1305730024515951,0.2804107559345941,1.091488212811476,2.9369439892657283,full RL,0.01125
of_gate,OF-MPC pretrained + gate,OF gate,2,20260619_174130,146,116000,116800,800,-8.65116446198125,-6920.931569584999,-6.3541219910610565,-5083.297592848845,2.297042470920194,1837.6339767361555,0,0.0,0,0.0,13,0.01625,0,0.0,787,0,10,10,0,0,0,3,0,3,0,3,-65.58044415539644,9.983527630551787,0.2218432985208661,3.007233194819776,0.1363648341377182,0.307321762904014,1.0973875570618845,3.007233194819776,full RL,0.01625
of_gate,OF-MPC pretrained + gate,OF gate,2,20260619_174130,147,116800,117600,800,-7.988364855376278,-6390.691884301023,-6.098670181092192,-4878.936144873754,1.8896946742840877,1511.75573942727,0,0.0,0,0.0,11,0.01375,0,0.0,789,0,6,6,0,0,0,5,0,5,0,5,-68.04509517371912,10.161566977188183,0.2164174314477876,2.951220980134565,0.1367585171780013,0.2960763457175738,1.111680960350859,2.951220980134565,full RL,0.01375
of_gate,OF-MPC pretrained + gate,OF gate,2,20260619_174130,148,117600,118400,800,-4.315860248033196,-3452.6881984265565,-4.136472437550267,-3309.177950040213,0.1793878104829293,143.51024838634345,0,0.0,0,0.0,13,0.01625,0,0.0,787,0,10,10,0,0,0,3,0,3,0,3,-70.80693084717541,1.0264247584342954,0.1664249281842209,2.636462698485616,0.1142592947238975,0.2185905616445441,1.0747787542254872,2.636462698485616,full RL,0.01625
of_gate,OF-MPC pretrained + gate,OF gate,2,20260619_174130,149,118400,119200,800,-4.399583110759807,-3519.666488607846,-4.150998878989399,-3320.799103191519,0.2485842317704085,198.86738541632684,0,0.0,0,0.0,11,0.01375,0,0.0,789,0,8,8,0,0,0,3,0,3,0,3,-69.40280257460734,4.727070584035913,0.1703963639000561,2.6503089697848736,0.1127765059730091,0.2280162218271031,1.0677003248045946,2.6503089697848736,full RL,0.01375
of_gate,OF-MPC pretrained + gate,OF gate,2,20260619_174130,150,119200,120000,800,-8.201014324451979,-6560.811459561583,-5.312114122240326,-4249.69129779226,2.8889002022116523,2311.120161769322,0,0.0,0,0.0,18,0.0225,0,0.0,782,0,13,13,0,0,0,5,0,5,0,5,-70.14850499155386,9.715250438161227,0.1899552781576792,2.9607099423073464,0.1260380351565808,0.2538725211587775,1.087631947634392,2.9607099423073464,full RL,0.0225
of_gate,OF-MPC pretrained + gate,OF gate,2,20260619_174130,151,120000,120800,800,-4.942492499900357,-3953.993999920286,-4.506731432336408,-3605.385145869126,0.4357610675639505,348.60885405116045,0,0.0,0,0.0,15,0.01875,0,0.0,785,0,11,11,0,0,0,4,0,4,0,4,-57.35278278104704,4.148896457333666,0.1710929702066587,2.6402337162032268,0.1184660566167471,0.2237198837965703,1.0831986993044145,2.6402337162032268,full RL,0.01875
of_gate,OF-MPC pretrained + gate,OF gate,2,20260619_174130,152,120800,121600,800,-7.271509924549584,-5817.207939639668,-5.543136834697207,-4434.509467757765,1.7283730898523786,1382.6984718819028,0,0.0,0,0.0,12,0.015,0,0.0,788,0,8,8,0,0,0,4,0,4,0,4,-68.99040680568112,13.328025571672612,0.1985748267237779,3.0427169491197787,0.1274843054085412,0.2696653480390146,1.0920089851120038,3.0427169491197787,full RL,0.015
of_gate,OF-MPC pretrained + gate,OF gate,2,20260619_174130,153,121600,122400,800,-5.714024967423434,-4571.219973938747,-4.738701836828176,-3790.9614694625407,0.9753231305952572,780.2585044762056,0,0.0,0,0.0,9,0.01125,0,0.0,791,0,6,6,0,0,0,3,0,3,0,3,-72.51430033904921,10.49432174557036,0.1655206661921815,2.579000154267362,0.1178308317991534,0.2132105005852097,1.0873969036023552,2.579000154267362,full RL,0.01125
of_gate,OF-MPC pretrained + gate,OF gate,2,20260619_174130,154,122400,123200,800,-6.684856809509721,-5347.885447607777,-5.011983874297997,-4009.5870994383977,1.672872935211725,1338.29834816938,0,0.0,0,0.0,12,0.015,0,0.0,788,0,6,6,0,0,0,6,0,6,0,6,-66.24793841191365,9.934173074277734,0.1876455614512768,3.007907326615509,0.1253553444307663,0.2499357784717873,1.1052822839853786,3.007907326615509,full RL,0.015
of_gate,OF-MPC pretrained + gate,OF gate,2,20260619_174130,155,123200,124000,800,-6.293283105982826,-5034.62648478626,-5.174880727525792,-4139.904582020634,1.1184023784570345,894.7219027656275,0,0.0,0,0.0,12,0.015,0,0.0,788,0,9,9,0,0,0,3,0,3,0,3,-68.8309631723323,9.690500354343207,0.1917323361317373,2.9886445509860096,0.126993826556673,0.2564708457068017,1.1049992318751651,2.9886445509860096,full RL,0.015
of_gate,OF-MPC pretrained + gate,OF gate,2,20260619_174130,156,124000,124800,800,-6.185055140650338,-4948.044112520271,-4.871387719047947,-3897.110175238357,1.3136674216023918,1050.9339372819134,0,0.0,0,0.0,14,0.0175,0,0.0,786,0,11,11,0,0,0,3,0,3,0,3,-68.70325490269136,10.632638621345398,0.1681083267040292,2.667167572582855,0.1170423971469693,0.219174256261089,1.0817490807951278,2.667167572582855,full RL,0.0175
of_gate,OF-MPC pretrained + gate,OF gate,2,20260619_174130,157,124800,125600,800,-7.473369529233089,-5978.695623386471,-5.706804872320538,-4565.44389785643,1.7665646569125508,1413.2517255300406,0,0.0,0,0.0,16,0.02,0,0.0,784,0,12,12,0,0,0,4,0,4,0,4,-72.11299769314917,9.875169624149414,0.2114070910825831,3.0274219426435707,0.1287043585319525,0.2941098236332136,1.1161552739595615,3.0274219426435707,full RL,0.02
of_gate,OF-MPC pretrained + gate,OF gate,2,20260619_174130,158,125600,126400,800,-7.223073262714383,-5778.458610171507,-5.684012085085175,-4547.209668068141,1.5390611776292078,1231.2489421033663,0,0.0,0,0.0,10,0.0125,0,0.0,790,0,7,7,0,0,0,3,0,3,0,3,-63.97453936806869,9.924369116581682,0.2151401897086305,3.038183778732389,0.1338870528267974,0.2963933265904637,1.1002804298335378,3.038183778732389,full RL,0.0125
of_gate,OF-MPC pretrained + gate,OF gate,2,20260619_174130,159,126400,127200,800,-5.899595447605662,-4719.676358084529,-5.062591926331481,-4050.073541065185,0.8370035212741798,669.6028170193438,0,0.0,0,0.0,9,0.01125,0,0.0,791,0,6,6,0,0,0,3,0,3,0,3,-67.40592118160168,9.803533424409476,0.1906505557909824,2.9503793893774173,0.1273395007704267,0.253961610811538,1.1100562883835925,2.9503793893774173,full RL,0.01125
of_gate,OF-MPC pretrained + gate,OF gate,2,20260619_174130,160,127200,128000,800,-6.065740957014064,-4852.592765611252,-5.108596544103348,-4086.877235282678,0.9571444129107166,765.7155303285733,0,0.0,0,0.0,15,0.01875,0,0.0,785,0,10,10,0,0,0,5,0,5,0,5,-68.65178128616913,9.846941296357906,0.1916120086231249,2.9424653698238217,0.1277443844591627,0.2554796327870871,1.112214354331997,2.9424653698238217,full RL,0.01875
of_gate,OF-MPC pretrained + gate,OF gate,2,20260619_174130,161,128000,128800,800,-6.8913398395044165,-5513.0718716035335,-5.515826382095932,-4412.661105676745,1.3755134574084855,1100.4107659267884,0,0.0,0,0.0,14,0.0175,0,0.0,786,0,10,10,0,0,0,4,0,4,0,4,-70.03752094483661,9.84879382490277,0.2041569168081524,3.051805761182038,0.1323582721251614,0.2759555614911433,1.099747009017194,3.051805761182038,full RL,0.0175
of_gate,OF-MPC pretrained + gate,OF gate,2,20260619_174130,162,128800,129600,800,-5.699226268521329,-4559.381014817063,-4.920595073680232,-3936.4760589441858,0.7786311948410972,622.9049558728777,0,0.0,0,0.0,7,0.00875,0,0.0,793,0,2,2,0,0,0,5,0,5,0,5,-65.38760669215549,9.701347272157143,0.1904272893394533,3.011540997898919,0.1250847167978057,0.255769861881101,1.0799819214198885,3.011540997898919,full RL,0.00875
of_gate,OF-MPC pretrained + gate,OF gate,2,20260619_174130,163,129600,130400,800,-4.902977649585615,-3922.382119668492,-4.453719674022653,-3562.9757392181227,0.4492579755629621,359.4063804503697,0,0.0,0,0.0,4,0.005,0,0.0,796,0,1,1,0,0,0,3,0,3,0,3,-68.6429487206641,9.564054832560789,0.1651546728328764,2.578329586921029,0.1169492852295837,0.2133600604361691,1.0881958726193024,2.578329586921029,full RL,0.005
of_gate,OF-MPC pretrained + gate,OF gate,2,20260619_174130,164,130400,131200,800,-6.022082469589708,-4817.665975671766,-5.065505372055973,-4052.404297644778,0.9565770975337344,765.2616780269876,0,0.0,0,0.0,9,0.01125,0,0.0,791,0,6,6,0,0,0,3,0,3,0,3,-67.91749963803136,9.82766887797635,0.1917039321805865,2.9500028870043598,0.1263149261328686,0.2570929382283044,1.1037672904868887,2.9500028870043598,full RL,0.01125
of_gate,OF-MPC pretrained + gate,OF gate,2,20260619_174130,165,131200,132000,800,-6.191169739147912,-4952.935791318329,-5.09999034934946,-4079.992279479568,1.0911793897984523,872.9435118387619,0,0.0,0,0.0,9,0.01125,0,0.0,791,0,6,6,0,0,0,3,0,3,0,3,-63.281972937283854,9.755123691113925,0.1917119467982492,2.9600716617893568,0.1258526747236586,0.2575712188728399,1.094354705434642,2.9600716617893568,full RL,0.01125
of_gate,OF-MPC pretrained + gate,OF gate,2,20260619_174130,166,132000,132800,800,-6.512715680954313,-5210.172544763451,-5.238285108884528,-4190.628087107622,1.2744305720697846,1019.5444576558276,0,0.0,0,0.0,7,0.00875,0,0.0,793,0,3,3,0,0,0,4,0,4,0,4,-66.10314863439976,10.023582917427698,0.1880345897082634,2.917147431953026,0.1275887698042258,0.2484804096123011,1.1121652058716571,2.917147431953026,full RL,0.00875
of_gate,OF-MPC pretrained + gate,OF gate,2,20260619_174130,167,132800,133600,800,-6.685833946867006,-5348.6671574936045,-5.240292716916818,-4192.234173533454,1.4455412299501886,1156.432983960151,0,0.0,0,0.0,18,0.0225,0,0.0,782,0,15,15,0,0,0,3,0,3,0,3,-69.50893170577785,9.740307126580625,0.1935502901256625,2.9604996730384414,0.125484889721172,0.2616156905301529,1.0857768899717066,2.9604996730384414,full RL,0.0225
of_gate,OF-MPC pretrained + gate,OF gate,2,20260619_174130,168,133600,134400,800,-6.087598809196792,-4870.079047357433,-5.0433671009749865,-4034.693680779989,1.044231708221805,835.3853665774442,0,0.0,0,0.0,14,0.0175,0,0.0,786,0,10,10,0,0,0,4,0,4,0,4,-65.71790771574479,9.777818827310188,0.1873022317621917,2.940545438775132,0.126868049875892,0.2477364136484914,1.1036633279487025,2.940545438775132,full RL,0.0175
of_gate,OF-MPC pretrained + gate,OF gate,2,20260619_174130,169,134400,135200,800,-7.775684534566552,-6220.547627653242,-5.909458551122125,-4727.5668408977,1.866225983444428,1492.9807867555423,0,0.0,0,0.0,23,0.02875,0,0.0,777,0,19,19,0,0,0,4,0,4,0,4,-66.01361873204701,9.773133830282102,0.2185304923375551,3.0295098295620164,0.1354377542499373,0.301623230425173,1.0997102487922723,3.0295098295620164,full RL,0.02875
of_gate,OF-MPC pretrained + gate,OF gate,2,20260619_174130,170,135200,136000,800,-5.57418613984246,-4459.348911873968,-4.589676296092726,-3671.7410368741807,0.984509843749735,787.607874999788,0,0.0,0,0.0,21,0.02625,0,0.0,779,0,17,17,0,0,0,4,0,4,0,4,-67.86861386923056,8.959226634443677,0.1668391403659275,2.5379133627515102,0.1157307692034705,0.2179475115283846,1.0843092685996134,2.5379133627515102,full RL,0.02625
of_gate,OF-MPC pretrained + gate,OF gate,2,20260619_174130,171,136000,136800,800,-7.410779727548074,-5928.62378203846,-5.757906005334896,-4606.324804267917,1.6528737222131786,1322.298977770543,0,0.0,0,0.0,13,0.01625,0,0.0,787,0,10,10,0,0,0,3,0,3,0,3,-63.73712521103562,9.73001172455489,0.213834367041367,2.9495072219008307,0.1342332160500236,0.2934355180327104,1.0864066980351788,2.9495072219008307,full RL,0.01625
of_gate,OF-MPC pretrained + gate,OF gate,2,20260619_174130,172,136800,137600,800,-5.881664461476047,-4705.3315691808375,-5.018413786138138,-4014.731028910511,0.8632506753379089,690.6005402703271,0,0.0,0,0.0,12,0.015,0,0.0,788,0,7,7,0,0,0,5,0,5,0,5,-64.75789620921216,9.794962893026316,0.1869443824326416,2.908017395732429,0.1272996109667968,0.2465891538984864,1.108367062548742,2.908017395732429,full RL,0.015
of_gate,OF-MPC pretrained + gate,OF gate,2,20260619_174130,173,137600,138400,800,-7.445331206455808,-5956.264965164647,-5.802711550809181,-4642.169240647345,1.6426196556466277,1314.0957245173022,0,0.0,0,0.0,17,0.02125,0,0.0,783,0,12,12,0,0,0,5,0,5,0,5,-63.6608767308453,9.796082946148596,0.2120210518377525,2.951244201465101,0.1362686844800324,0.2877734191954727,1.097685492718229,2.951244201465101,full RL,0.02125
of_gate,OF-MPC pretrained + gate,OF gate,2,20260619_174130,174,138400,139200,800,-5.132610945127892,-4106.088756102314,-4.494741959684967,-3595.7935677479736,0.6378689854429244,510.29518835433953,0,0.0,0,0.0,6,0.0075,0,0.0,794,0,2,2,0,0,0,4,0,4,0,4,-65.19792116101792,10.167759372460251,0.167520440446243,2.584047951698324,0.1159625842898534,0.2190782966026326,1.0871105972999673,2.584047951698324,full RL,0.0075
of_gate,OF-MPC pretrained + gate,OF gate,2,20260619_174130,175,139200,140000,800,-6.286495796953651,-5029.196637562921,-5.163314395233384,-4130.651516186707,1.1231814017202673,898.5451213762137,0,0.0,0,0.0,12,0.015,0,0.0,788,0,8,8,0,0,0,4,0,4,0,4,-66.44985064747777,9.924394315675636,0.1934171954459038,3.03515453924706,0.1267614783048388,0.2600729125869687,1.1111859253110743,3.03515453924706,full RL,0.015
of_gate,OF-MPC pretrained + gate,OF gate,2,20260619_174130,176,140000,140800,800,-6.115473324796287,-4892.37865983703,-5.117125818623132,-4093.7006548985055,0.9983475061731544,798.6780049385235,0,0.0,0,0.0,14,0.0175,0,0.0,786,0,9,9,0,0,0,5,0,5,0,5,-65.82775893086932,9.773042818073396,0.1928047145707203,2.993317758030741,0.1268458208451057,0.2587636082963349,1.104926224150235,2.993317758030741,full RL,0.0175
of_gate,OF-MPC pretrained + gate,OF gate,2,20260619_174130,177,140800,141600,800,-7.314760322715065,-5851.808258172052,-5.176541063962576,-4141.232851170061,2.13821925875249,1710.575407001992,0,0.0,0,0.0,23,0.02875,0,0.0,777,0,16,16,0,0,0,7,0,7,0,7,-64.74290540750599,9.729378528384787,0.1878743359355155,2.989689218724777,0.1266524216511884,0.2490962502198426,1.0998163306776925,2.989689218724777,full RL,0.02875
of_gate,OF-MPC pretrained + gate,OF gate,2,20260619_174130,178,141600,142400,800,-6.379625416649501,-5103.700333319601,-5.141040757692547,-4112.832606154037,1.2385846589569531,990.8677271655624,0,0.0,0,0.0,14,0.0175,0,0.0,786,0,9,9,0,0,0,5,0,5,0,5,-64.74086917797979,9.815627701250463,0.190060809443165,2.9804167966154864,0.1259138157919657,0.2542078030943642,1.1046491922899162,2.9804167966154864,full RL,0.0175
of_gate,OF-MPC pretrained + gate,OF gate,2,20260619_174130,179,142400,143200,800,-6.066597890395619,-4853.278312316495,-4.979543788570831,-3983.635030856664,1.0870541018247886,869.6432814598309,0,0.0,0,0.0,14,0.0175,0,0.0,786,0,10,10,0,0,0,4,0,4,0,4,-66.25912659263395,9.745455608438638,0.1879773622515597,2.9748820626798533,0.1250315730146501,0.2509231514884693,1.0862684083062644,2.9748820626798533,full RL,0.0175
of_gate,OF-MPC pretrained + gate,OF gate,2,20260619_174130,180,143200,144000,800,-5.916646502234726,-4733.3172017877805,-5.014017444514368,-4011.2139556114944,0.9026290577203572,722.1032461762858,0,0.0,0,0.0,11,0.01375,0,0.0,789,0,7,7,0,0,0,4,0,4,0,4,-62.596557329736015,9.78383906989754,0.186291930154003,2.899562973037007,0.1271927095008318,0.2453911508071742,1.0947965740913457,2.899562973037007,full RL,0.01375
of_gate,OF-MPC pretrained + gate,OF gate,2,20260619_174130,181,144000,144800,800,-8.009941047956756,-6407.952838365405,-6.126407507376384,-4901.126005901107,1.8835335405803717,1506.8268324642972,0,0.0,0,0.0,11,0.01375,0,0.0,789,0,6,6,0,0,0,5,0,5,0,5,-64.07200510401515,9.781597284139544,0.2142522512487151,2.9778596883344903,0.1377481830031275,0.2907563194943027,1.1084824036106975,2.9778596883344903,full RL,0.01375
of_gate,OF-MPC pretrained + gate,OF gate,2,20260619_174130,182,144800,145600,800,-6.777481838466184,-5421.985470772946,-5.0777234489839325,-4062.178759187146,1.6997583894822494,1359.8067115857996,0,0.0,0,0.0,15,0.01875,0,0.0,785,0,9,9,0,0,0,6,0,6,0,6,-67.04959393550212,9.74491191248558,0.1855456136771148,2.950473801257885,0.126124650159105,0.2449665771951246,1.1011784127129205,2.950473801257885,full RL,0.01875
of_gate,OF-MPC pretrained + gate,OF gate,2,20260619_174130,183,145600,146400,800,-6.483343996508138,-5186.67519720651,-5.225409764504161,-4180.327811603329,1.2579342320039764,1006.3473856031812,0,0.0,0,0.0,22,0.0275,0,0.0,778,0,18,18,0,0,0,4,0,4,0,4,-65.7311694505803,9.844581465550096,0.1910839339980834,2.955996393814303,0.1272034004967575,0.2549644674994093,1.1106511461430515,2.955996393814303,full RL,0.0275
of_gate,OF-MPC pretrained + gate,OF gate,2,20260619_174130,184,146400,147200,800,-5.854100489880222,-4683.280391904177,-4.887670094391757,-3910.1360755134056,0.966430395488465,773.144316390772,0,0.0,0,0.0,16,0.02,0,0.0,784,0,12,12,0,0,0,4,0,4,0,4,-64.36348640385961,9.68365754467943,0.1769202623980812,2.924749877963848,0.1225750077715688,0.2312655170245935,1.0938260585201314,2.924749877963848,full RL,0.02
of_gate,OF-MPC pretrained + gate,OF gate,2,20260619_174130,185,147200,148000,800,-5.2588166501925615,-4207.053320154049,-4.551563516669861,-3641.250813335889,0.7072531335227004,565.8025068181603,0,0.0,0,0.0,13,0.01625,0,0.0,787,0,10,10,0,0,0,3,0,3,0,3,-66.16996101133896,10.236973855946225,0.1660188865610689,2.601744350948877,0.1177619935329966,0.2142757795891412,1.111472110479396,2.601744350948877,full RL,0.01625
of_gate,OF-MPC pretrained + gate,OF gate,2,20260619_174130,186,148000,148800,800,-8.049036440551765,-6439.229152441412,-6.030732169669001,-4824.585735735201,2.0183042708827634,1614.6434167062107,0,0.0,0,0.0,16,0.02,0,0.0,784,0,11,11,0,0,0,5,0,5,0,5,-63.912112200297656,9.795692833943551,0.2154796067247693,2.9828646211240084,0.1362181429618247,0.2947410704877138,1.0990890212786368,2.9828646211240084,full RL,0.02
of_gate,OF-MPC pretrained + gate,OF gate,2,20260619_174130,187,148800,149600,800,-7.621611345965388,-6097.28907677231,-5.965952385202847,-4772.761908162278,1.6556589607625405,1324.5271686100325,0,0.0,0,0.0,12,0.015,0,0.0,788,0,6,6,0,0,0,6,0,6,0,6,-65.1064257083226,9.8492158978917,0.2142439211506262,3.0040953414763862,0.1382396442350831,0.2902481980661692,1.1122039552626055,3.0040953414763862,full RL,0.015
of_gate,OF-MPC pretrained + gate,OF gate,2,20260619_174130,188,149600,150400,800,-6.401499469692007,-5121.199575753606,-5.189606476756277,-4151.6851814050215,1.21189299293573,969.514394348584,0,0.0,0,0.0,15,0.01875,0,0.0,785,0,10,10,0,0,0,5,0,5,0,5,-66.94886633518331,9.737893708568782,0.1893820487262386,2.946136040152396,0.1282756574868629,0.2504884399656143,1.1045930642463255,2.946136040152396,full RL,0.01875
of_gate,OF-MPC pretrained + gate,OF gate,2,20260619_174130,189,150400,151200,800,-6.258001661525234,-5006.401329220187,-4.434509598425178,-3547.6076787401425,1.823492063100056,1458.793650480045,0,0.0,0,0.0,20,0.025,0,0.0,780,0,14,14,0,0,0,6,0,6,0,6,-67.83882816472965,7.823685033820949,0.1582297097847674,2.558400609650562,0.1159406987962534,0.2005187207732813,1.084345528359313,2.558400609650562,full RL,0.025
of_gate,OF-MPC pretrained + gate,OF gate,2,20260619_174130,190,151200,152000,800,-7.616221336932974,-6092.977069546379,-5.927269880823408,-4741.815904658726,1.6889514561095669,1351.1611648876533,0,0.0,0,0.0,13,0.01625,0,0.0,787,0,8,8,0,0,0,5,0,5,0,5,-64.71113552647921,9.806531334179097,0.2139330334593334,3.0043813995891924,0.1368429487534464,0.2910231181652205,1.1071266545764993,3.0043813995891924,full RL,0.01625
of_gate,OF-MPC pretrained + gate,OF gate,2,20260619_174130,191,152000,152800,800,-6.569974848407528,-5255.979878726022,-5.176268835977799,-4141.01506878224,1.3937060124297287,1114.964809943783,0,0.0,0,0.0,20,0.025,0,0.0,780,0,16,16,0,0,0,4,0,4,0,4,-65.5846727696644,9.730478837866126,0.1894571440325205,2.929833344715973,0.1272192024214405,0.2516950856436006,1.1001983273353555,2.929833344715973,full RL,0.025
of_gate,OF-MPC pretrained + gate,OF gate,2,20260619_174130,192,152800,153600,800,-8.594939517757025,-6875.95161420562,-6.244113215070631,-4995.290572056505,2.3508263026863925,1880.661042149114,0,0.0,0,0.0,10,0.0125,0,0.0,790,0,7,7,0,0,0,3,0,3,0,3,-63.64843017656449,12.952870933237492,0.2166078593635209,2.949712779902086,0.1368405509652428,0.2963751677617989,1.100221815050039,2.949712779902086,full RL,0.0125
of_gate,OF-MPC pretrained + gate,OF gate,2,20260619_174130,193,153600,154400,800,-6.483183979868014,-5186.547183894411,-5.270246245879969,-4216.196996703975,1.212937733988046,970.3501871904368,0,0.0,0,0.0,16,0.02,0,0.0,784,0,10,10,0,0,0,6,0,6,0,6,-63.09580529742914,9.683900374804178,0.1952982903010345,2.9484663516784053,0.1267500369283752,0.2638465436736937,1.0990098259317749,2.9484663516784053,full RL,0.02
of_gate,OF-MPC pretrained + gate,OF gate,2,20260619_174130,194,154400,155200,800,-6.136416279400209,-4909.133023520168,-4.385704621961264,-3508.563697569012,1.7507116574389452,1400.569325951156,0,0.0,0,0.0,17,0.02125,0,0.0,783,0,11,11,0,0,0,6,0,6,0,6,-66.62997889717633,9.78243281030791,0.1574730535751801,2.5704529375495326,0.1161383772568101,0.19880772989355,1.086285896187674,2.5704529375495326,full RL,0.02125
of_gate,OF-MPC pretrained + gate,OF gate,2,20260619_174130,195,155200,156000,800,-6.3371458947055865,-5069.716715764469,-5.176223972940732,-4140.979178352585,1.1609219217648532,928.7375374118824,0,0.0,0,0.0,18,0.0225,0,0.0,782,0,13,13,0,0,0,5,0,5,0,5,-63.81217345267123,9.7523012101854,0.1945038335877527,2.951399237032547,0.1269601814538116,0.2620474857216939,1.1031716742895852,2.951399237032547,full RL,0.0225
of_gate,OF-MPC pretrained + gate,OF gate,2,20260619_174130,196,156000,156800,800,-8.039200788651314,-6431.360630921052,-6.061718334412358,-4849.374667529886,1.977482454238955,1581.985963391164,0,0.0,0,0.0,31,0.03875,0,0.0,769,0,26,26,0,0,0,5,0,5,0,5,-64.43692913438349,9.859972579620848,0.2153355776488049,2.968808369295345,0.1383801973990045,0.2922909578986052,1.1202834430838888,2.968808369295345,full RL,0.03875
of_gate,OF-MPC pretrained + gate,OF gate,2,20260619_174130,197,156800,157600,800,-5.113024854488162,-4090.41988359053,-4.333148581939444,-3466.518865551556,0.7798762725487178,623.9010180389743,0,0.0,0,0.0,20,0.025,0,0.0,780,0,16,16,0,0,0,4,0,4,0,4,-66.21799739411779,10.18781960606271,0.1605492806721191,2.542277925093288,0.1145397358829563,0.206558825461282,1.0771767320804404,2.542277925093288,full RL,0.025
of_gate,OF-MPC pretrained + gate,OF gate,2,20260619_174130,198,157600,158400,800,-7.37064956527169,-5896.519652217352,-5.60357563357137,-4482.860506857096,1.7670739317003217,1413.6591453602573,0,0.0,0,0.0,17,0.02125,0,0.0,783,0,14,14,0,0,0,3,0,3,0,3,-66.42359304992351,10.406975244575412,0.2007134016926366,2.953469984846322,0.1277201396457427,0.2737066637395306,1.1091513931523873,2.953469984846322,full RL,0.02125
of_gate,OF-MPC pretrained + gate,OF gate,2,20260619_174130,199,158400,159200,800,-6.676790936413077,-5341.432749130462,-5.297795891348324,-4238.236713078659,1.3789950450647552,1103.1960360518042,0,0.0,0,0.0,15,0.01875,0,0.0,785,0,11,11,0,0,0,4,0,4,0,4,-64.48509133989694,9.748650342580468,0.1918266506978508,2.9509727370353858,0.1265066334780056,0.2571466679176961,1.1068335051574931,2.9509727370353858,full RL,0.01875
of_gate,OF-MPC pretrained + gate,OF gate,2,20260619_174130,200,159200,160000,800,-6.0118531758946805,-4809.482540715744,-5.066079170338104,-4052.863336270483,0.9457740055565764,756.6192044452612,0,0.0,0,0.0,13,0.01625,0,0.0,787,0,8,8,0,0,0,5,0,5,0,5,-65.34566905443592,9.8375366181863,0.1897443048216893,2.973074553503295,0.1274509617265883,0.2520376479167902,1.1149098692414108,2.973074553503295,full RL,0.01625
of_gate,OF-MPC pretrained + gate,OF gate,2,20260619_174130,201,160000,160800,800,-4.4791614165385685,-3583.3291332308545,-4.143634773118102,-3314.907818494481,0.3355266434204654,268.4213147363723,0,0.0,0,0.0,14,0.0175,0,0.0,786,0,9,9,0,0,0,5,0,5,0,5,-65.56626571531979,4.362767935622019,0.165323106702208,2.547153811626174,0.1132777751863146,0.2173684382181014,1.0812073102392206,2.547153811626174,full RL,0.0175
of_gate,OF-MPC pretrained + gate,OF gate,2,20260619_174130,202,160800,161600,800,-6.009301014461498,-4807.440811569199,-5.020396144118105,-4016.316915294484,0.9889048703433932,791.1238962747146,0,0.0,0,0.0,17,0.02125,0,0.0,783,0,12,12,0,0,0,5,0,5,0,5,-66.80134008366008,9.720638694434497,0.190317272986,2.954494574084663,0.1262213104221763,0.2544132355498237,1.0981654208059228,2.954494574084663,full RL,0.02125
of_gate,OF-MPC pretrained + gate,OF gate,2,20260619_174130,203,161600,162400,800,-4.794756718941887,-3835.80537515351,-4.339496642559976,-3471.5973140479814,0.4552600763819103,364.20806110552826,0,0.0,0,0.0,6,0.0075,0,0.0,794,0,2,2,0,0,0,4,0,4,0,4,-66.36272132133479,8.832613946626825,0.1619724693480329,2.498810459259005,0.1156736818886348,0.208271256807431,1.081260772486578,2.498810459259005,full RL,0.0075
of_gate,OF-MPC pretrained + gate,OF gate,2,20260619_174130,204,162400,163200,800,-5.929941632145018,-4743.953305716014,-5.0043171385774174,-4003.4537108619343,0.9256244935676,740.49959485408,0,0.0,0,0.0,12,0.015,0,0.0,788,0,7,7,0,0,0,5,0,5,0,5,-66.2197646418274,9.818933677668651,0.1892656831039354,2.9821058383944887,0.1264108730221937,0.252120493185677,1.1057144701895203,2.9821058383944887,full RL,0.015
of_gate,OF-MPC pretrained + gate,OF gate,2,20260619_174130,205,163200,164000,800,-4.734665208254719,-3787.732166603775,-4.377488904452905,-3501.991123562324,0.3571763038018136,285.7410430414509,0,0.0,0,0.0,12,0.015,0,0.0,788,0,7,7,0,0,0,5,0,5,0,5,-58.92612536212596,3.8337650472581632,0.1697618309180364,2.6137057948478173,0.1164278675784604,0.2230957942576124,1.0816648030720963,2.6137057948478173,full RL,0.015
of_gate,OF-MPC pretrained + gate,OF gate,2,20260619_174130,206,164000,164800,800,-6.069169134376453,-4855.335307501162,-5.056436557464542,-4045.1492459716337,1.0127325769119118,810.1860615295294,0,0.0,0,0.0,9,0.01125,0,0.0,791,0,5,5,0,0,0,4,0,4,0,4,-66.38358588283779,9.769266263936323,0.1881526354930651,2.9512457502285088,0.1265696377596875,0.2497356332264428,1.1028516243876534,2.9512457502285088,full RL,0.01125
of_gate,OF-MPC pretrained + gate,OF gate,2,20260619_174130,207,164800,165600,800,-4.735762462688905,-3788.609970151124,-4.384175115452052,-3507.340092361642,0.3515873472368528,281.2698777894823,0,0.0,0,0.0,9,0.01125,0,0.0,791,0,2,2,0,0,0,7,0,7,0,7,-65.36831467632476,5.859019761490547,0.1647175320306367,2.6599556829649487,0.1162554080267693,0.213179656034504,1.1029460462997336,2.6599556829649487,full RL,0.01125
of_gate,OF-MPC pretrained + gate,OF gate,2,20260619_174130,208,165600,166400,800,-5.717350279946978,-4573.880223957583,-4.953619616713868,-3962.8956933710942,0.7637306632331112,610.984530586489,0,0.0,0,0.0,5,0.00625,0,0.0,795,0,2,2,0,0,0,3,0,3,0,3,-65.29915142933726,9.758179022343269,0.1887291620121053,2.9651878654702277,0.126162679443089,0.2512956445811215,1.107521271542367,2.9651878654702277,full RL,0.00625
of_gate,OF-MPC pretrained + gate,OF gate,2,20260619_174130,209,166400,167200,800,-6.3140944897621845,-5051.275591809747,-5.222010722249629,-4177.608577799703,1.092083767512555,873.667014010044,0,0.0,0,0.0,9,0.01125,0,0.0,791,0,4,4,0,0,0,5,0,5,0,5,-59.83408812458242,9.734821152808356,0.1933733908321503,2.981608295134322,0.1268332540123047,0.2599135276519959,1.0983710710029002,2.981608295134322,full RL,0.01125
of_gate,OF-MPC pretrained + gate,OF gate,2,20260619_174130,210,167200,168000,800,-6.0280201783308565,-4822.416142664685,-4.993710176926378,-3994.9681415411023,1.0343100014044777,827.4480011235822,0,0.0,0,0.0,9,0.01125,0,0.0,791,0,3,3,0,0,0,6,0,6,0,6,-67.11553378254871,9.670373445873256,0.1893661540923622,2.9601339483259608,0.1244220185738513,0.2543102896108731,1.0844551326804974,2.9601339483259608,full RL,0.01125
of_gate,OF-MPC pretrained + gate,OF gate,2,20260619_174130,211,168000,168800,800,-5.773304741620259,-4618.643793296207,-4.928049202668479,-3942.439362134784,0.8452555389517802,676.2044311614242,0,0.0,0,0.0,8,0.01,0,0.0,792,0,4,4,0,0,0,4,0,4,0,4,-64.59249519861237,9.72074152669571,0.1891454985461998,3.005980482622704,0.1250541593101226,0.2532368377822771,1.0782548601917754,3.005980482622704,full RL,0.01
of_gate,OF-MPC pretrained + gate,OF gate,2,20260619_174130,212,168800,169600,800,-5.380032659145014,-4304.026127316011,-4.17422660774895,-3339.38128619916,1.2058060513960642,964.6448411168514,0,0.0,0,0.0,9,0.01125,0,0.0,791,0,2,2,0,0,0,7,0,7,0,7,-66.38632039038623,7.7784519276033794,0.1578090159440693,2.598586527311,0.1141578568475469,0.2014601750405917,1.079858238685618,2.598586527311,full RL,0.01125
of_gate,OF-MPC pretrained + gate,OF gate,2,20260619_174130,213,169600,170400,800,-6.881564094900418,-5505.251275920335,-5.29939086577561,-4239.512692620488,1.5821732291248067,1265.7385832998457,0,0.0,0,0.0,11,0.01375,0,0.0,789,0,6,6,0,0,0,5,0,5,0,5,-66.20016590768421,10.046142327783365,0.188749261338606,2.9790706727775387,0.1266996530946861,0.2507988695825259,1.096832522965323,2.9790706727775387,full RL,0.01375
of_gate,OF-MPC pretrained + gate,OF gate,2,20260619_174130,214,170400,171200,800,-6.158152598466896,-4926.522078773517,-5.04349041100887,-4034.792328807096,1.114662187458026,891.7297499664207,0,0.0,0,0.0,9,0.01125,0,0.0,791,0,4,4,0,0,0,5,0,5,0,5,-63.79284552074557,9.748018029010677,0.1910792619492509,2.99422726962888,0.1241607966926563,0.2579977272058456,1.0970846443286844,2.99422726962888,full RL,0.01125
of_gate,OF-MPC pretrained + gate,OF gate,2,20260619_174130,215,171200,172000,800,-7.273416458802421,-5818.733167041937,-5.446650882733272,-4357.320706186618,1.826765576069149,1461.4124608553193,0,0.0,0,0.0,14,0.0175,0,0.0,786,0,8,8,0,0,0,6,0,6,0,6,-65.24578130191969,9.726143682202071,0.1939679275462694,3.0259886954382296,0.1264783579820457,0.2614574971104932,1.1013091044976555,3.0259886954382296,full RL,0.0175
of_gate,OF-MPC pretrained + gate,OF gate,2,20260619_174130,216,172000,172800,800,-5.829118604944636,-4663.294883955708,-4.889651975812004,-3911.7215806496033,0.9394666291326318,751.5733033061055,0,0.0,0,0.0,12,0.015,0,0.0,788,0,7,7,0,0,0,5,0,5,0,5,-60.647354524030106,9.735542807037811,0.1870017019860748,2.9547188206285,0.1252796492489954,0.2487237547231542,1.0979546974458645,2.9547188206285,full RL,0.015
of_gate,OF-MPC pretrained + gate,OF gate,2,20260619_174130,217,172800,173600,800,-5.592459507526382,-4473.967606021105,-4.520885115560521,-3616.708092448417,1.0715743919658596,857.2595135726876,0,0.0,0,0.0,20,0.025,0,0.0,780,0,14,14,0,0,0,6,0,6,0,6,-64.91173777472522,10.23192020650675,0.1604303336664852,2.6056883831239475,0.1157968548835701,0.2050638124494003,1.0960314407225416,2.6056883831239475,full RL,0.025
of_gate,OF-MPC pretrained + gate,OF gate,2,20260619_174130,218,173600,174400,800,-5.268304804840476,-4214.643843872381,-4.598702765114882,-3678.962212091905,0.6696020397255935,535.6816317804748,0,0.0,0,0.0,15,0.01875,0,0.0,785,0,10,10,0,0,0,5,0,5,0,5,-58.39221030012106,7.550427383447084,0.1775177339411766,2.5755622189915925,0.1161515462014593,0.238883921680894,1.0807131427534338,2.5755622189915925,full RL,0.01875
of_gate,OF-MPC pretrained + gate,OF gate,2,20260619_174130,219,174400,175200,800,-7.369194767801758,-5895.355814241407,-5.367641103806684,-4294.112883045347,2.001553663995075,1601.2429311960598,0,0.0,0,0.0,13,0.01625,0,0.0,787,0,7,7,0,0,0,6,0,6,0,6,-65.3700787463049,11.71258881750941,0.192610424569686,2.9409619937591174,0.1256503012112525,0.2595705479281196,1.1055068160400996,2.9409619937591174,full RL,0.01625
of_gate,OF-MPC pretrained + gate,OF gate,2,20260619_174130,220,175200,176000,800,-6.298282261950749,-5038.625809560599,-5.091419496468286,-4073.135597174629,1.2068627654824615,965.4902123859692,0,0.0,0,0.0,27,0.03375,0,0.0,773,0,22,22,0,0,0,5,0,5,0,5,-57.63512574302752,9.728954135552758,0.1923022220752913,3.013826878692896,0.126388250311843,0.2582161938387395,1.0983667491244735,3.013826878692896,full RL,0.03375
of_gate,OF-MPC pretrained + gate,OF gate,2,20260619_174130,221,176000,176800,800,-6.38936227441167,-5111.489819529335,-5.093750210546907,-4075.0001684375256,1.295612063864762,1036.4896510918095,0,0.0,0,0.0,15,0.01875,0,0.0,785,0,11,11,0,0,0,4,0,4,0,4,-60.45743980589236,9.984935951660487,0.1882706140287006,2.9199093521694977,0.1253953319371345,0.2511458961202668,1.0969986215027436,2.9199093521694977,full RL,0.01875
of_gate,OF-MPC pretrained + gate,OF gate,2,20260619_174130,222,176800,177600,800,-4.405651576921363,-3524.52126153709,-4.118724029738226,-3294.979223790581,0.2869275471831372,229.54203774650975,0,0.0,0,0.0,15,0.01875,0,0.0,785,0,10,10,0,0,0,5,0,5,0,5,-62.81290583038083,2.802899900607115,0.1650479879146417,2.580248938318107,0.1135105415981548,0.2165854342311287,1.0800547408343395,2.580248938318107,full RL,0.01875
of_gate,OF-MPC pretrained + gate,OF gate,2,20260619_174130,223,177600,178400,800,-6.212777556020773,-4970.222044816619,-4.999667772909055,-3999.734218327244,1.213109783111719,970.4878264893752,0,0.0,0,0.0,17,0.02125,0,0.0,783,0,12,12,0,0,0,5,0,5,0,5,-64.6622507777297,9.737209381398682,0.1904508985504621,2.99136434789358,0.1243920346540473,0.2565097624468769,1.0957773743470267,2.99136434789358,full RL,0.02125
of_gate,OF-MPC pretrained + gate,OF gate,2,20260619_174130,224,178400,179200,800,-4.434566432296894,-3547.653145837515,-4.227244059505688,-3381.7952476045502,0.2073223727912058,165.85789823296471,0,0.0,0,0.0,5,0.00625,0,0.0,795,0,1,1,0,0,0,4,0,4,0,4,-65.13227589974622,5.315400686032486,0.1652047427736951,2.5741440725818734,0.1150327716158425,0.2153767139315477,1.06868056818243,2.5741440725818734,full RL,0.00625
of_gate,OF-MPC pretrained + gate,OF gate,2,20260619_174130,225,179200,180000,800,-4.54979771491142,-3639.838171929136,-4.179537473622715,-3343.6299788981723,0.3702602412887041,296.2081930309633,0,0.0,0,0.0,7,0.00875,0,0.0,793,0,3,3,0,0,0,4,0,4,0,4,-63.54465147066219,7.995935969094194,0.1619445300099487,2.582752831861057,0.1140779615959336,0.2098110984239638,1.0813818221694933,2.582752831861057,full RL,0.00875
of_gate,OF-MPC pretrained + gate,OF gate,2,20260619_174130,226,180000,180800,800,-7.5674957860847805,-6053.996628867824,-5.814138214714328,-4651.310571771463,1.7533575713704534,1402.686057096363,0,0.0,0,0.0,27,0.03375,0,0.0,773,0,22,22,0,0,0,5,0,5,0,5,-62.24192046195572,9.763748653376553,0.2150761638835632,3.006094009972287,0.1359431177975451,0.2942092099695813,1.107529054748522,3.006094009972287,full RL,0.03375
of_gate,OF-MPC pretrained + gate,OF gate,2,20260619_174130,227,180800,181600,800,-7.065919926399057,-5652.735941119246,-5.1293854125975376,-4103.50833007803,1.93653451380152,1549.227611041216,0,0.0,0,0.0,17,0.02125,0,0.0,783,0,10,10,0,0,0,7,0,7,0,7,-61.172390527282914,9.70049372652734,0.186144881471665,2.950013927197688,0.1253550943428613,0.2469346686004688,1.1011442432781515,2.950013927197688,full RL,0.02125
of_gate,OF-MPC pretrained + gate,OF gate,2,20260619_174130,228,181600,182400,800,-7.232059043726237,-5785.64723498099,-5.174773245395845,-4139.818596316676,2.0572857983303927,1645.8286386643142,0,0.0,0,0.0,34,0.0425,0,0.0,766,0,27,27,0,0,0,7,0,7,0,7,-63.02418071901707,9.734140779605044,0.1882434267101955,3.007605418225694,0.1248917307898414,0.2515951226305495,1.0834952881663278,3.007605418225694,full RL,0.0425
of_gate,OF-MPC pretrained + gate,OF gate,2,20260619_174130,229,182400,183200,800,-5.871843589353789,-4697.474871483031,-4.966126805783295,-3972.901444626637,0.905716783570494,724.5734268563951,0,0.0,0,0.0,8,0.01,0,0.0,792,0,5,5,0,0,0,3,0,3,0,3,-64.40110098083687,9.73482452368868,0.1891831026959076,2.99784167473274,0.12567734846561,0.2526888569262052,1.08921064752051,2.99784167473274,full RL,0.01
of_gate,OF-MPC pretrained + gate,OF gate,2,20260619_174130,230,183200,184000,800,-6.265889654434541,-5012.711723547633,-5.012011760858342,-4009.609408686673,1.2538778935761994,1003.1023148609596,0,0.0,0,0.0,10,0.0125,0,0.0,790,0,5,5,0,0,0,5,0,5,0,5,-64.77922300402213,9.738663188009358,0.1863435068360015,2.9474227950752265,0.1252819814696865,0.2474050322023164,1.096995516899797,2.9474227950752265,full RL,0.0125
of_gate,OF-MPC pretrained + gate,OF gate,2,20260619_174130,231,184000,184800,800,-4.201420665928294,-3361.136532742636,-4.109040769789004,-3287.232615831203,0.0923798961392907,73.90391691143256,0,0.0,0,0.0,4,0.005,0,0.0,796,0,0,0,0,0,0,4,0,4,0,4,-64.3044331353642,2.033851872384549,0.1595522995205107,2.6064312091538118,0.1151702117230226,0.2039343873179988,1.097980710425706,2.6064312091538118,full RL,0.005
of_gate,OF-MPC pretrained + gate,OF gate,2,20260619_174130,232,184800,185600,800,-5.85287868880688,-4682.302951045504,-4.924216880041066,-3939.373504032853,0.9286618087658128,742.9294470126503,0,0.0,0,0.0,11,0.01375,0,0.0,789,0,6,6,0,0,0,5,0,5,0,5,-65.64061522080226,9.752729318342135,0.1890434335004914,2.975339285196128,0.1250000268461368,0.2530868401548461,1.097303467990646,2.975339285196128,full RL,0.01375
of_gate,OF-MPC pretrained + gate,OF gate,2,20260619_174130,233,185600,186400,800,-7.80206454602632,-6241.651636821056,-5.93528396956653,-4748.227175653225,1.86678057645979,1493.424461167832,0,0.0,0,0.0,10,0.0125,0,0.0,790,0,6,6,0,0,0,4,0,4,0,4,-64.01247844791033,9.73874973501951,0.2127534687355547,2.967741792901734,0.1356102065460798,0.2898967309250296,1.1026319360200143,2.967741792901734,full RL,0.0125
of_gate,OF-MPC pretrained + gate,OF gate,2,20260619_174130,234,186400,187200,800,-4.727835145865141,-3782.268116692113,-4.297117708614153,-3437.6941668913223,0.4307174372509881,344.5739498007905,0,0.0,0,0.0,4,0.005,0,0.0,796,0,1,1,0,0,0,3,0,3,0,3,-65.46982906916992,9.500233494633784,0.1631083344168644,2.654874237593617,0.1151488886971441,0.2110677801365846,1.0945321191363324,2.654874237593617,full RL,0.005
of_gate,OF-MPC pretrained + gate,OF gate,2,20260619_174130,235,187200,188000,800,-5.731480619331069,-4585.184495464855,-4.815210594176941,-3852.168475341553,0.9162700251541274,733.0160201233019,0,0.0,0,0.0,11,0.01375,0,0.0,789,0,6,6,0,0,0,5,0,5,0,5,-66.67419360770793,9.634906335856934,0.1849250507087434,2.9392016674515844,0.1240119480900864,0.2458381533274004,1.0815610686460428,2.9392016674515844,full RL,0.01375
of_gate,OF-MPC pretrained + gate,OF gate,2,20260619_174130,236,188000,188800,800,-5.85546960157188,-4684.375681257504,-4.953959086555923,-3963.167269244738,0.901510515015956,721.2084120127648,0,0.0,0,0.0,8,0.01,0,0.0,792,0,3,3,0,0,0,5,0,5,0,5,-66.33398573223656,9.706478638282372,0.1887820995855135,2.9534633930632594,0.1252720891444851,0.2522921100265419,1.102312195503672,2.9534633930632594,full RL,0.01
of_gate,OF-MPC pretrained + gate,OF gate,2,20260619_174130,237,188800,189600,800,-4.710867573570663,-3768.694058856531,-4.240793902890754,-3392.635122312603,0.4700736706799094,376.0589365439276,0,0.0,0,0.0,9,0.01125,0,0.0,791,0,5,5,0,0,0,4,0,4,0,4,-68.72008230982578,6.945986133169493,0.1609050866400878,2.5621934305876835,0.1141612411991475,0.2076489320810281,1.080206424891796,2.5621934305876835,full RL,0.01125
of_gate,OF-MPC pretrained + gate,OF gate,2,20260619_174130,238,189600,190400,800,-6.014065582259215,-4811.252465807372,-4.936889202855321,-3949.511362284256,1.0771763794038938,861.7411035231149,0,0.0,0,0.0,9,0.01125,0,0.0,791,0,4,4,0,0,0,5,0,5,0,5,-65.72032726117777,9.663167995255144,0.1883972623809646,2.952040446127455,0.1238854746366256,0.2529090501253035,1.0774205856361516,2.952040446127455,full RL,0.01125
of_gate,OF-MPC pretrained + gate,OF gate,2,20260619_174130,239,190400,191200,800,-7.192571773097745,-5754.057418478196,-5.334745367135797,-4267.796293708638,1.8578264059619487,1486.261124769559,0,0.0,0,0.0,6,0.0075,0,0.0,794,0,3,3,0,0,0,3,0,3,0,3,-64.18426700400414,15.09121097286849,0.1875491357528901,2.9722420561191143,0.1255394083331374,0.2495588631726427,1.0982301203855176,2.9722420561191143,full RL,0.0075
of_gate,OF-MPC pretrained + gate,OF gate,2,20260619_174130,240,191200,192000,800,-6.192803306289687,-4954.242645031749,-5.0787459878197545,-4062.9967902558033,1.1140573184699316,891.2458547759453,0,0.0,0,0.0,7,0.00875,0,0.0,793,0,3,3,0,0,0,4,0,4,0,4,-62.18108183519723,9.694771267606225,0.1893235745705414,2.935366196244331,0.1245852354084638,0.2540619137326189,1.0918144651591009,2.935366196244331,full RL,0.00875
of_gate,OF-MPC pretrained + gate,OF gate,2,20260619_174130,241,192000,192800,800,-6.97410809365119,-5579.286474920952,-5.184815633429468,-4147.852506743575,1.7892924602217226,1431.433968177378,0,0.0,0,0.0,15,0.01875,0,0.0,785,0,8,8,0,0,0,7,0,7,0,7,-65.15332461875721,9.642216776212004,0.1881925905320508,2.932872339094274,0.1251427226891101,0.2512424583749916,1.0915179397933206,2.932872339094274,full RL,0.01875
of_gate,OF-MPC pretrained + gate,OF gate,2,20260619_174130,242,192800,193600,800,-6.634438519394646,-5307.550815515717,-5.122296765947235,-4097.837412757788,1.51214175344741,1209.713402757928,0,0.0,0,0.0,22,0.0275,0,0.0,778,0,15,15,0,0,0,7,0,7,0,7,-64.85249630179294,9.628758729319776,0.1852727937209008,2.9208397745175034,0.1257457988332429,0.2447997886085587,1.097147397922965,2.9208397745175034,full RL,0.0275
of_gate,OF-MPC pretrained + gate,OF gate,2,20260619_174130,243,193600,194400,800,-4.178976497296747,-3343.181197837398,-4.034862917854856,-3227.8903342838844,0.1441135794418918,115.29086355351345,0,0.0,0,0.0,7,0.00875,0,0.0,793,0,2,2,0,0,0,5,0,5,0,5,-65.22066786422397,1.7105019599199287,0.1584469205336303,2.543083568512941,0.1137105908144886,0.2031832502527719,1.075906626036081,2.543083568512941,full RL,0.00875
of_gate,OF-MPC pretrained + gate,OF gate,2,20260619_174130,244,194400,195200,800,-4.118025591146519,-3294.420472917215,-4.003691979573022,-3202.9535836584173,0.1143336115734975,91.46688925879803,0,0.0,0,0.0,5,0.00625,0,0.0,795,0,1,1,0,0,0,4,0,4,0,4,-63.9255503759631,2.1805175817878664,0.1585945858221395,2.5711700088826888,0.11333672232407,0.203852449320209,1.0777519406717322,2.5711700088826888,full RL,0.00625
of_gate,OF-MPC pretrained + gate,OF gate,2,20260619_174130,245,195200,196000,800,-8.731557305016379,-6985.245844013103,-6.16633035892316,-4933.064287138528,2.5652269460932176,2052.181556874574,0,0.0,0,0.0,13,0.01625,0,0.0,787,0,8,8,0,0,0,5,0,5,0,5,-63.75273755402088,9.733681059703493,0.2147543572186953,3.0303928453169533,0.1352058153603052,0.2943028990770853,1.099141482849311,3.0303928453169533,full RL,0.01625
of_gate,OF-MPC pretrained + gate,OF gate,2,20260619_174130,246,196000,196800,800,-4.1568886806456575,-3325.5109445165263,-4.0517249138940645,-3241.379931115252,0.1051637667515935,84.1310134012748,0,0.0,0,0.0,6,0.0075,0,0.0,794,0,2,2,0,0,0,4,0,4,0,4,-63.88529344251526,1.656461748480797,0.1595599026283353,2.632869054769742,0.114099309023562,0.2050204962331086,1.0814097952140558,2.632869054769742,full RL,0.0075
of_gate,OF-MPC pretrained + gate,OF gate,2,20260619_174130,247,196800,197600,800,-6.791812184908667,-5433.449747926934,-5.113750370738696,-4091.000296590957,1.6780618141699717,1342.4494513359773,0,0.0,0,0.0,12,0.015,0,0.0,788,0,8,8,0,0,0,4,0,4,0,4,-64.20342237151476,9.698428677171412,0.1831747995488239,2.997703042486989,0.1209627358346873,0.2453868632629606,1.0980634387786885,2.997703042486989,full RL,0.015
of_gate,OF-MPC pretrained + gate,OF gate,2,20260619_174130,248,197600,198400,800,-4.993330277160607,-3994.6642217284857,-4.414430637359046,-3531.544509887237,0.5788996398015612,463.11971184124894,0,0.0,0,0.0,10,0.0125,0,0.0,790,0,6,6,0,0,0,4,0,4,0,4,-62.57813673344185,9.666086718242036,0.173987128349402,2.9682965834539345,0.1182188121225372,0.2297554445762668,1.093412002554508,2.9682965834539345,full RL,0.0125
of_gate,OF-MPC pretrained + gate,OF gate,2,20260619_174130,249,198400,199200,800,-4.339269142614146,-3471.4153140913168,-4.021368472178699,-3217.094777742959,0.3179006704354464,254.3205363483572,0,0.0,0,0.0,6,0.0075,0,0.0,794,0,3,3,0,0,0,3,0,3,0,3,-63.270169693535536,7.400842684767326,0.1615185678031148,2.660216610403211,0.1121527822178819,0.2108843533883476,1.070147985394685,2.660216610403211,full RL,0.0075
of_gate,OF-MPC pretrained + gate,OF gate,2,20260619_174130,250,199200,200000,800,-8.561962541953717,-6849.570033562974,-5.654467653707334,-4523.574122965867,2.907494888246384,2325.995910597107,0,0.0,0,0.0,16,0.02,0,0.0,784,0,10,10,0,0,0,6,0,6,0,6,-64.38652416721095,9.745860922139393,0.1997926044507253,2.994978095296233,0.1301591691384402,0.2694260397630104,1.0968779479625428,2.994978095296233,full RL,0.02
of_gate,OF-MPC pretrained + gate,OF gate,2,20260619_174130,251,200000,200800,800,-7.6939727465170575,-6155.178197213646,-5.859127890414039,-4687.302312331231,1.8348448561030188,1467.875884882415,0,0.0,0,0.0,10,0.0125,0,0.0,790,0,5,5,0,0,0,5,0,5,0,5,-65.12140341833413,9.72512724543405,0.2148599754812663,3.024493055268067,0.1340370379729527,0.2956829129895799,1.0937467752910082,3.024493055268067,full RL,0.0125
of_gate,OF-MPC pretrained + gate,OF gate,2,20260619_174130,252,200800,201600,800,-4.347298372505389,-3477.8386980043106,-4.182131833546412,-3345.7054668371293,0.1651665389589761,132.13323116718095,0,0.0,0,0.0,7,0.00875,0,0.0,793,0,3,3,0,0,0,4,0,4,0,4,-60.675877301461696,2.7192607700824736,0.1617554406707812,2.5956203824795807,0.116006237870599,0.2075046434709633,1.1008228873340695,2.5956203824795807,full RL,0.00875
of_gate,OF-MPC pretrained + gate,OF gate,2,20260619_174130,253,201600,202400,800,-4.422601236048947,-3538.0809888391573,-4.173544808213786,-3338.835846571029,0.2490564278351611,199.2451422681289,0,0.0,0,0.0,10,0.0125,0,0.0,790,0,5,5,0,0,0,5,0,5,0,5,-63.78837378596779,3.936983957839296,0.1628467836448419,2.559752635779205,0.1151770002115498,0.210516567078134,1.0794038401301598,2.559752635779205,full RL,0.0125
of_gate,OF-MPC pretrained + gate,OF gate,2,20260619_174130,254,202400,203200,800,-5.840769015286522,-4672.615212229218,-4.898627570986764,-3918.9020567894113,0.9421414442997592,753.7131554398075,0,0.0,0,0.0,11,0.01375,0,0.0,789,0,5,5,0,0,0,6,0,6,0,6,-64.34173678938214,9.706239902878677,0.1868296290514481,2.978187824058466,0.1252409660735419,0.2484182920293544,1.0982924807777654,2.978187824058466,full RL,0.01375
of_gate,OF-MPC pretrained + gate,OF gate,2,20260619_174130,255,203200,204000,800,-6.791946488526265,-5433.557190821012,-5.1997818107572815,-4159.825448605825,1.5921646777689835,1273.7317422151868,0,0.0,0,0.0,11,0.01375,0,0.0,789,0,7,7,0,0,0,4,0,4,0,4,-65.82556551591017,9.673945258642306,0.1880400531307726,2.9789302456870246,0.1253485954190448,0.2507315108425003,1.095224148214124,2.9789302456870246,full RL,0.01375
of_gate,OF-MPC pretrained + gate,OF gate,2,20260619_174130,256,204000,204800,800,-5.914519248851427,-4731.615399081142,-4.990665941060831,-3992.532752848665,0.9238533077905956,739.0826462324766,0,0.0,0,0.0,8,0.01,0,0.0,792,0,3,3,0,0,0,5,0,5,0,5,-57.01933638733476,9.74282912955565,0.1890924872411708,2.9906091157395736,0.1264537141451717,0.2517312603371699,1.0997705666869335,2.9906091157395736,full RL,0.01
of_gate,OF-MPC pretrained + gate,OF gate,2,20260619_174130,257,204800,205600,800,-7.476827808028292,-5981.462246422634,-5.086362611657915,-4069.090089326332,2.390465196370378,1912.3721570963023,0,0.0,0,0.0,20,0.025,0,0.0,780,0,14,14,0,0,0,6,0,6,0,6,-64.34626865766018,9.68249343322493,0.1862204432154337,2.9625342731831665,0.1242038573977419,0.2482370290331256,1.0891691238731496,2.9625342731831665,full RL,0.025
of_gate,OF-MPC pretrained + gate,OF gate,2,20260619_174130,258,205600,206400,800,-4.453958442145929,-3563.166753716743,-4.146795556188188,-3317.43644495055,0.3071628859577415,245.7303087661932,0,0.0,0,0.0,9,0.01125,0,0.0,791,0,6,6,0,0,0,3,0,3,0,3,-65.1594979710311,6.395544148929325,0.1604411504543445,2.622360423113776,0.114767144600803,0.2061151563078859,1.0868260028008625,2.622360423113776,full RL,0.01125
of_gate,OF-MPC pretrained + gate,OF gate,2,20260619_174130,259,206400,207200,800,-4.788287642352283,-3830.630113881826,-4.378562031545098,-3502.8496252360783,0.409725610807185,327.780488645748,0,0.0,0,0.0,13,0.01625,0,0.0,787,0,9,9,0,0,0,4,0,4,0,4,-57.25750580519377,5.087194899530728,0.1649071325464233,2.558302336278132,0.1169211156697001,0.2128931494231465,1.0829023954441015,2.558302336278132,full RL,0.01625
of_gate,OF-MPC pretrained + gate,OF gate,2,20260619_174130,260,207200,208000,800,-6.364080171797971,-5091.264137438377,-5.017311328739014,-4013.849062991211,1.3467688430589566,1077.4150744471654,0,0.0,0,0.0,21,0.02625,0,0.0,779,0,16,16,0,0,0,5,0,5,0,5,-63.66455559135432,9.660826314230974,0.1864122547429802,2.9336192034524515,0.1252248322545001,0.2475996772314603,1.0995509634440954,2.9336192034524515,full RL,0.02625
of_gate,OF-MPC pretrained + gate,OF gate,2,20260619_174130,261,208000,208800,800,-4.734728496084123,-3787.782796867298,-4.145055872754596,-3316.044698203677,0.5896726233295265,471.7380986636212,0,0.0,0,0.0,8,0.01,0,0.0,792,0,5,5,0,0,0,3,0,3,0,3,-62.35162421002042,7.907610741252595,0.1589355902699196,2.5906858008804647,0.1133156415482574,0.2045555389915819,1.089877512692174,2.5906858008804647,full RL,0.01
of_gate,OF-MPC pretrained + gate,OF gate,2,20260619_174130,262,208800,209600,800,-4.819230159860994,-3855.384127888795,-4.358420654221669,-3486.736523377335,0.4608095056393249,368.6476045114599,0,0.0,0,0.0,7,0.00875,0,0.0,793,0,3,3,0,0,0,4,0,4,0,4,-64.15426665107941,6.031409731456586,0.166950602335941,2.5861566863650296,0.1159271236974103,0.2179740809744718,1.0763589875533524,2.5861566863650296,full RL,0.00875
of_gate,OF-MPC pretrained + gate,OF gate,2,20260619_174130,263,209600,210400,800,-5.802173600753645,-4641.738880602916,-4.883278214978037,-3906.622571982429,0.9188953857756088,735.116308620487,0,0.0,0,0.0,12,0.015,0,0.0,788,0,7,7,0,0,0,5,0,5,0,5,-62.74023315477791,9.75884516836982,0.186024882665397,2.971195311919871,0.1252988416540855,0.2467509236767085,1.101693422527133,2.971195311919871,full RL,0.015
of_gate,OF-MPC pretrained + gate,OF gate,2,20260619_174130,264,210400,211200,800,-4.966217899328128,-3972.974319462503,-4.349785752065706,-3479.828601652565,0.6164321472624211,493.1457178099369,0,0.0,0,0.0,10,0.0125,0,0.0,790,0,7,7,0,0,0,3,0,3,0,3,-61.87678707478767,10.245929831262371,0.1615400791492491,2.6007468772676816,0.1162364185337952,0.206843739764703,1.09975365973732,2.6007468772676816,full RL,0.0125
of_gate,OF-MPC pretrained + gate,OF gate,2,20260619_174130,265,211200,212000,800,-7.484873024603308,-5987.898419682647,-5.350290077237003,-4280.232061789602,2.134582947366305,1707.6663578930438,0,0.0,0,0.0,14,0.0175,0,0.0,786,0,10,10,0,0,0,4,0,4,0,4,-63.61194616399439,12.320757022097116,0.1906868968510671,2.9531386014782584,0.1253821101140643,0.2559916835880699,1.0928599692987624,2.9531386014782584,full RL,0.0175
of_gate,OF-MPC pretrained + gate,OF gate,2,20260619_174130,266,212000,212800,800,-6.241552515489572,-4993.242012391658,-5.14639625439487,-4117.117003515896,1.095156261094704,876.1250088757633,0,0.0,0,0.0,9,0.01125,0,0.0,791,0,4,4,0,0,0,5,0,5,0,5,-59.49977322859718,9.693893397041045,0.1930017832832272,2.965246464885695,0.1259233014747232,0.2600802650917311,1.1039099846778213,2.965246464885695,full RL,0.01125
of_gate,OF-MPC pretrained + gate,OF gate,2,20260619_174130,267,212800,213600,800,-6.64086771859343,-5312.694174874744,-5.0218282664060245,-4017.46261312482,1.619039452187405,1295.231561749924,0,0.0,0,0.0,13,0.01625,0,0.0,787,0,6,6,0,0,0,7,0,7,0,7,-63.27885778149823,9.762621250774927,0.1850255099416014,2.9619390413199653,0.1250129680517103,0.2450380518314925,1.105740164186927,2.9619390413199653,full RL,0.01625
of_gate,OF-MPC pretrained + gate,OF gate,2,20260619_174130,268,213600,214400,800,-7.411823607529397,-5929.458886023517,-5.444774143751698,-4355.819315001359,1.9670494637776992,1573.639571022159,0,0.0,0,0.0,16,0.02,0,0.0,784,0,11,11,0,0,0,5,0,5,0,5,-63.43344057364106,13.691129169758096,0.1924893033577437,2.952247575261765,0.1264429871615396,0.2585356195539478,1.1028949116358069,2.952247575261765,full RL,0.02
of_gate,OF-MPC pretrained + gate,OF gate,2,20260619_174130,269,214400,215200,800,-7.333395202861891,-5866.716162289513,-5.124875257040271,-4099.900205632217,2.208519945821619,1766.8159566572951,0,0.0,0,0.0,14,0.0175,0,0.0,786,0,7,7,0,0,0,7,0,7,0,7,-63.48229997648866,10.277699971038624,0.1860330980470802,2.975576441526812,0.1256702025323477,0.2463959935618127,1.0988751964039456,2.975576441526812,full RL,0.0175
of_gate,OF-MPC pretrained + gate,OF gate,2,20260619_174130,270,215200,216000,800,-7.451284212252889,-5961.027369802311,-5.472465900410225,-4377.97272032818,1.9788183118426632,1583.0546494741309,0,0.0,0,0.0,8,0.01,0,0.0,792,0,4,4,0,0,0,4,0,4,0,4,-64.2664867559962,11.06442378648708,0.1931375882893529,2.9768177166362197,0.1249257725123727,0.2613494040663332,1.101990976115855,2.9768177166362197,full RL,0.01
of_gate,OF-MPC pretrained + gate,OF gate,2,20260619_174130,271,216000,216800,800,-6.642706615960999,-5314.165292768799,-5.332068282634725,-4265.65462610778,1.3106383333262754,1048.5106666610204,0,0.0,0,0.0,12,0.015,0,0.0,788,0,6,6,0,0,0,6,0,6,0,6,-63.61214124989908,9.764572812019209,0.2017241587003114,3.038961795935336,0.1304744783040062,0.2729738390966167,1.1003528109781555,3.038961795935336,full RL,0.015
of_gate,OF-MPC pretrained + gate,OF gate,2,20260619_174130,272,216800,217600,800,-4.729819734324323,-3783.8557874594585,-4.333526047453288,-3466.82083796263,0.3962936868710359,317.03494949682874,0,0.0,0,0.0,8,0.01,0,0.0,792,0,2,2,0,0,0,6,0,6,0,6,-56.40339310765205,5.16223162110211,0.1666572303490734,2.6170692191877265,0.1159080403308022,0.2174064203673447,1.079199050867794,2.6170692191877265,full RL,0.01
of_gate,OF-MPC pretrained + gate,OF gate,2,20260619_174130,273,217600,218400,800,-4.419272621166365,-3535.418096933092,-4.087127483606954,-3269.701986885563,0.3321451375594111,265.7161100475289,0,0.0,0,0.0,10,0.0125,0,0.0,790,0,4,4,0,0,0,6,0,6,0,6,-63.82659009603253,3.882132187087767,0.1621113927159183,2.6037268138319405,0.1132198130778701,0.2110029723539664,1.0757426853680734,2.6037268138319405,full RL,0.0125
of_gate,OF-MPC pretrained + gate,OF gate,2,20260619_174130,274,218400,219200,800,-4.190053405138181,-3352.0427241105444,-4.0025443636701485,-3202.0354909361185,0.1875090414680318,150.00723317442544,0,0.0,0,0.0,8,0.01,0,0.0,792,0,3,3,0,0,0,5,0,5,0,5,-64.58246136150854,2.209071974456311,0.1612106511892475,2.64676937313385,0.1128288608787975,0.2095924414996975,1.074533057951288,2.64676937313385,full RL,0.01
of_gate,OF-MPC pretrained + gate,OF gate,2,20260619_174130,275,219200,220000,800,-6.634537416370137,-5307.62993309611,-5.135798109768245,-4108.638487814596,1.498739306601892,1198.9914452815135,0,0.0,0,0.0,7,0.00875,0,0.0,793,0,3,3,0,0,0,4,0,4,0,4,-64.44337166218406,10.46710039971451,0.1873672877461737,2.9918565686248257,0.1247578670973602,0.2499767083949872,1.094563765597805,2.9918565686248257,full RL,0.00875
of_gate,OF-MPC pretrained + gate,OF gate,2,20260619_174130,276,220000,220800,800,-5.838189972013356,-4670.551977610685,-4.901392965796896,-3921.1143726375167,0.9367970062164598,749.4376049731678,0,0.0,0,0.0,8,0.01,0,0.0,792,0,4,4,0,0,0,4,0,4,0,4,-64.44972821897295,9.64428767498721,0.1840325211245437,2.90993312714005,0.125406537619297,0.2426585046297904,1.1100998215351363,2.90993312714005,full RL,0.01
of_gate,OF-MPC pretrained + gate,OF gate,2,20260619_174130,277,220800,221600,800,-4.969924320555196,-3975.939456444157,-4.234650510421602,-3387.7204083372817,0.7352738101335947,588.2190481068758,0,0.0,0,0.0,10,0.0125,0,0.0,790,0,5,5,0,0,0,5,0,5,0,5,-64.60512828925516,10.049779398813804,0.1634232071690574,2.6169934160662365,0.1128099889936443,0.2140364253444705,1.0723711637931692,2.6169934160662365,full RL,0.0125
of_gate,OF-MPC pretrained + gate,OF gate,2,20260619_174130,278,221600,222400,800,-5.812027722630741,-4649.622178104592,-4.892797909876242,-3914.2383279009937,0.9192298127544986,735.3838502035989,0,0.0,0,0.0,8,0.01,0,0.0,792,0,3,3,0,0,0,5,0,5,0,5,-63.02032205168621,9.74276403462104,0.1887971474069645,2.976262729903169,0.1247894208734334,0.2528048739404955,1.0907608015202237,2.976262729903169,full RL,0.01
of_gate,OF-MPC pretrained + gate,OF gate,2,20260619_174130,279,222400,223200,800,-7.139160654224801,-5711.328523379841,-5.452129098050754,-4361.703278440604,1.687031556174044,1349.6252449392352,0,0.0,0,0.0,8,0.01,0,0.0,792,0,5,5,0,0,0,3,0,3,0,3,-63.068957865136326,12.07304173244794,0.1948614457242077,2.963897608496893,0.127222805167216,0.2625000862811994,1.0962231773897426,2.963897608496893,full RL,0.01
of_gate,OF-MPC pretrained + gate,OF gate,2,20260619_174130,280,223200,224000,800,-7.429635797506708,-5943.708638005366,-5.72760367745393,-4582.082941963144,1.7020321200527764,1361.625696042221,0,0.0,0,0.0,16,0.02,0,0.0,784,0,12,12,0,0,0,4,0,4,0,4,-63.0335949612612,9.76645033498081,0.2088861968787813,2.945689840227942,0.1353731706446136,0.2823992231129489,1.1007337946388662,2.945689840227942,full RL,0.02
of_gate,OF-MPC pretrained + gate,OF gate,2,20260619_174130,281,224000,224800,800,-4.198513803640632,-3358.8110429125054,-3.991773319766749,-3193.418655813399,0.206740483873883,165.39238709910646,0,0.0,0,0.0,6,0.0075,0,0.0,794,0,2,2,0,0,0,4,0,4,0,4,-65.39095857265136,2.6577478522281344,0.1577196761758418,2.546990476019232,0.1125573587055236,0.20288199364616,1.070797323130575,2.546990476019232,full RL,0.0075
of_gate,OF-MPC pretrained + gate,OF gate,2,20260619_174130,282,224800,225600,800,-9.66985514608019,-7735.884116864152,-6.794459392461667,-5435.567513969334,2.8753957536185224,2300.316602894818,0,0.0,0,0.0,21,0.02625,0,0.0,779,0,15,15,0,0,0,6,0,6,0,6,-63.311187005558736,13.975655439494268,0.2267013755192992,3.014288977490878,0.1402862050548999,0.3131165459836985,1.1331816219250457,3.014288977490878,full RL,0.02625
of_gate,OF-MPC pretrained + gate,OF gate,2,20260619_174130,283,225600,226400,800,-6.979919269785057,-5583.935415828046,-5.277427681509376,-4221.942145207501,1.702491588275681,1361.9932706205448,0,0.0,0,0.0,9,0.01125,0,0.0,791,0,5,5,0,0,0,4,0,4,0,4,-64.99965386054134,10.058772492407927,0.1875032665657381,2.887437273714397,0.1255375228653219,0.2494690102661543,1.104171445828078,2.887437273714397,full RL,0.01125
of_gate,OF-MPC pretrained + gate,OF gate,2,20260619_174130,284,226400,227200,800,-6.2782927125586845,-5022.634170046948,-5.066879792699753,-4053.5038341598015,1.211412919858931,969.1303358871448,0,0.0,0,0.0,8,0.01,0,0.0,792,0,4,4,0,0,0,4,0,4,0,4,-64.92808454539079,9.718752954358829,0.1893490309194423,3.0110271632674994,0.1251301929514908,0.2535678688873938,1.1022464029529622,3.0110271632674994,full RL,0.01
of_gate,OF-MPC pretrained + gate,OF gate,2,20260619_174130,285,227200,228000,800,-6.939052273770767,-5551.241819016614,-5.477654613196905,-4382.123690557524,1.461397660573862,1169.1181284590896,0,0.0,0,0.0,9,0.01125,0,0.0,791,0,5,5,0,0,0,4,0,4,0,4,-64.86162617015157,9.773591593389888,0.203081213645569,3.000791551938676,0.1304449616010318,0.2757174656901063,1.10534927466979,3.000791551938676,full RL,0.01125
of_gate,OF-MPC pretrained + gate,OF gate,2,20260619_174130,286,228000,228800,800,-7.295710278300675,-5836.56822264054,-5.7000079148993,-4560.00633191944,1.5957023634013752,1276.5618907211,0,0.0,0,0.0,13,0.01625,0,0.0,787,0,8,8,0,0,0,5,0,5,0,5,-63.66538182375757,9.75485915641872,0.2093556581734766,2.9727575961421167,0.1351276129400023,0.2835837034069509,1.0990958069002117,2.9727575961421167,full RL,0.01625
of_gate,OF-MPC pretrained + gate,OF gate,2,20260619_174130,287,228800,229600,800,-6.606274934201508,-5285.019947361207,-5.129121589028128,-4103.297271222503,1.4771533451733805,1181.7226761387042,0,0.0,0,0.0,16,0.02,0,0.0,784,0,12,12,0,0,0,4,0,4,0,4,-66.30674120600702,9.845799732199175,0.185346079363916,2.9241802319156704,0.1251019548424727,0.2455902038853593,1.0958125070048026,2.9241802319156704,full RL,0.02
of_gate,OF-MPC pretrained + gate,OF gate,2,20260619_174130,288,229600,230400,800,-4.69338725455438,-3754.709803643504,-4.243608892056836,-3394.887113645468,0.4497783624975443,359.82268999803546,0,0.0,0,0.0,15,0.01875,0,0.0,785,0,9,9,0,0,0,6,0,6,0,6,-65.9712207718461,4.270623511751927,0.1623708127905484,2.649674548769383,0.115206827574034,0.2095347980070628,1.0983540394138385,2.649674548769383,full RL,0.01875
of_gate,OF-MPC pretrained + gate,OF gate,2,20260619_174130,289,230400,231200,800,-8.114445202299185,-6491.556161839348,-6.023278902516823,-4818.623122013459,2.091166299782363,1672.9330398258903,0,0.0,0,0.0,32,0.04,0,0.0,768,0,28,28,0,0,0,4,0,4,0,4,-63.62844298068774,9.79059852696625,0.2157163397349469,2.987776362003274,0.1365800369318423,0.2948526425380516,1.11243737994127,2.987776362003274,full RL,0.04
of_gate,OF-MPC pretrained + gate,OF gate,2,20260619_174130,290,231200,232000,800,-6.090612270178371,-4872.489816142697,-4.982898337089516,-3986.318669671613,1.1077139330888548,886.1711464710838,0,0.0,0,0.0,9,0.01125,0,0.0,791,0,5,5,0,0,0,4,0,4,0,4,-67.23222402773399,9.658886852088989,0.1867271431977245,2.925653380797712,0.125266269550335,0.2481880168451141,1.1065963412665991,2.925653380797712,full RL,0.01125
of_gate,OF-MPC pretrained + gate,OF gate,2,20260619_174130,291,232000,232800,800,-6.349988705816727,-5079.9909646533815,-5.144534745112137,-4115.62779608971,1.2054539607045895,964.3631685636716,0,0.0,0,0.0,8,0.01,0,0.0,792,0,4,4,0,0,0,4,0,4,0,4,-66.64012753266468,9.696721312863172,0.1886397290612501,2.9489618562860187,0.1260947799786027,0.2511846781438975,1.1084151935156803,2.9489618562860187,full RL,0.01
of_gate,OF-MPC pretrained + gate,OF gate,2,20260619_174130,292,232800,233600,800,-4.646570345272278,-3717.256276217823,-4.17272889072653,-3338.183112581224,0.4738414545457488,379.073163636599,0,0.0,0,0.0,11,0.01375,0,0.0,789,0,6,6,0,0,0,5,0,5,0,5,-64.59468660037203,6.491933090422537,0.1629480569156471,2.626459484163832,0.1140012857206315,0.2118948281106628,1.0820680006838257,2.626459484163832,full RL,0.01375
of_gate,OF-MPC pretrained + gate,OF gate,2,20260619_174130,293,233600,234400,800,-7.533159362809807,-6026.527490247845,-5.838868664718824,-4671.094931775059,1.6942906980909822,1355.4325584727858,0,0.0,0,0.0,10,0.0125,0,0.0,790,0,5,5,0,0,0,5,0,5,0,5,-63.99286908177601,9.786531098401111,0.2116083072242844,2.981386870393635,0.1357250285412473,0.2874915859073214,1.105708265454342,2.981386870393635,full RL,0.0125
of_gate,OF-MPC pretrained + gate,OF gate,2,20260619_174130,294,234400,235200,800,-7.611051344087242,-6088.841075269794,-5.878345489733517,-4702.676391786814,1.7327058543537257,1386.1646834829803,0,0.0,0,0.0,12,0.015,0,0.0,788,0,7,7,0,0,0,5,0,5,0,5,-64.05050454354262,9.812311970681858,0.2108210328164537,2.9645978920893867,0.1359688518502367,0.2856732137826708,1.1041468147076254,2.9645978920893867,full RL,0.015
of_gate,OF-MPC pretrained + gate,OF gate,2,20260619_174130,295,235200,236000,800,-5.522437948850791,-4417.950359080633,-4.6768465158685855,-3741.477212694868,0.8455914329822058,676.4731463857647,0,0.0,0,0.0,8,0.01,0,0.0,792,0,3,3,0,0,0,5,0,5,0,5,-65.14527981007245,9.788256693903197,0.1733683489336296,2.964591141772587,0.1213014452543203,0.2254352526129389,1.107330914395448,2.964591141772587,full RL,0.01
of_gate,OF-MPC pretrained + gate,OF gate,2,20260619_174130,296,236000,236800,800,-5.550913262801076,-4440.73061024086,-4.238693824290437,-3390.9550594323496,1.3122194385106385,1049.7755508085108,0,0.0,0,0.0,8,0.01,0,0.0,792,0,2,2,0,0,0,6,0,6,0,6,-65.2559376240498,9.35879946483407,0.1589307898965772,2.5681088627083,0.11398954031813,0.2038720394750244,1.0835550584530886,2.5681088627083,full RL,0.01
of_gate,OF-MPC pretrained + gate,OF gate,2,20260619_174130,297,236800,237600,800,-5.496758711139012,-4397.40696891121,-4.223898072611888,-3379.1184580895106,1.2728606385271246,1018.2885108216996,0,0.0,0,0.0,9,0.01125,0,0.0,791,0,3,3,0,0,0,6,0,6,0,6,-65.99761134855089,9.298434214089752,0.1565713762504618,2.5467393591422933,0.11395533249911,0.1991874200018135,1.084117690309942,2.5467393591422933,full RL,0.01125
of_gate,OF-MPC pretrained + gate,OF gate,2,20260619_174130,298,237600,238400,800,-4.523888786794398,-3619.1110294355194,-4.187598022185397,-3350.0784177483174,0.3362907646090013,269.03261168720104,0,0.0,0,0.0,5,0.00625,0,0.0,795,0,2,2,0,0,0,3,0,3,0,3,-64.98913396887383,7.534188155585546,0.159910519458873,2.6351979258087117,0.1149820657212991,0.2048389731964469,1.0948180003307475,2.6351979258087117,full RL,0.00625
of_gate,OF-MPC pretrained + gate,OF gate,2,20260619_174130,299,238400,239200,800,-6.131908696773476,-4905.5269574187805,-5.007325833486696,-4005.860666789357,1.1245828632867796,899.6662906294237,0,0.0,0,0.0,11,0.01375,0,0.0,789,0,5,5,0,0,0,6,0,6,0,6,-64.58285736750838,9.773232053081646,0.1869313439773146,2.963514881805964,0.1247607894788339,0.2491018984757954,1.0991643147281978,2.963514881805964,full RL,0.01375
of_gate,OF-MPC pretrained + gate,OF gate,2,20260619_174130,300,239200,240000,800,-6.189522996010408,-4951.618396808326,-4.973539744100531,-3978.831795280425,1.2159832519098783,972.7866015279026,0,0.0,0,0.0,17,0.02125,0,0.0,783,0,12,12,0,0,0,5,0,5,0,5,-64.03920496874048,9.762197881818524,0.1876364661679797,2.9808648666018485,0.124195296806057,0.2510776355299025,1.0975699138273458,2.9808648666018485,full RL,0.02125
of_nogate,OF-MPC pretrained no gate,OF no gate,1,20260619_131649,1,0,800,800,-9.584571098320843,-7667.656878656675,-9.584571098320843,-7667.656878656675,0.0,0.0,0,0.0,0,0.0,0,0.0,0,0.0,0,0,0,0,0,0,0,0,0,0,0,0,-15.446401863537972,0.0,0.33180508455504,2.979664293365488,0.1664380302969688,0.4971721388131112,1.0994269567228645,2.979664293365488,teacher critic,0.0
of_nogate,OF-MPC pretrained no gate,OF no gate,1,20260619_131649,2,800,1600,800,-12.558687897186418,-10046.950317749135,-12.558687897186418,-10046.950317749135,0.0,0.0,0,0.0,0,0.0,0,0.0,0,0.0,0,0,0,0,0,0,0,0,0,0,0,0,-15.488350051245448,0.0,0.37938984340385,2.9796807631872757,0.1916572602244647,0.5671224265832353,1.0988782459866404,2.9796807631872757,teacher critic,0.0
of_nogate,OF-MPC pretrained no gate,OF no gate,1,20260619_131649,3,1600,2400,800,-12.546450197677478,-10037.160158141982,-12.546450197677478,-10037.160158141982,0.0,0.0,0,0.0,0,0.0,0,0.0,0,0.0,0,0,0,0,0,0,0,0,0,0,0,0,-15.445895060651424,0.0,0.3792027086239358,2.9781234572938047,0.1915942079969065,0.5668112092509652,1.0997146895043586,2.9781234572938047,teacher critic,0.0
of_nogate,OF-MPC pretrained no gate,OF no gate,1,20260619_131649,4,2400,3200,800,-12.590591544631764,-10072.473235705413,-12.590591544631764,-10072.473235705413,0.0,0.0,0,0.0,0,0.0,0,0.0,0,0.0,0,0,0,0,0,0,0,0,0,0,0,0,-15.4075565112783,0.0,0.3800175665285003,2.972515462724971,0.1918061785424956,0.5682289545145048,1.0994410576637326,2.972515462724971,teacher critic,0.0
of_nogate,OF-MPC pretrained no gate,OF no gate,1,20260619_131649,5,3200,4000,800,-12.580750768378344,-10064.600614702676,-12.580750768378344,-10064.600614702676,0.0,0.0,0,0.0,0,0.0,0,0.0,0,0.0,0,0,0,0,0,0,0,0,0,0,0,0,-15.49009054794584,0.0,0.3801289163083486,2.988399270562752,0.1917355426316243,0.5685222899850729,1.098687654258136,2.988399270562752,teacher critic,0.0
of_nogate,OF-MPC pretrained no gate,OF no gate,1,20260619_131649,6,4000,4800,800,-12.552560988841323,-10042.04879107306,-12.552560988841323,-10042.04879107306,0.0,0.0,0,0.0,0,0.0,0,0.0,0,0.0,0,0,0,0,0,0,0,0,0,0,0,0,-15.462287458375728,0.0,0.3791636813277513,2.9742979855581666,0.1916463171913697,0.5666810454641329,1.0999122442541989,2.9742979855581666,teacher critic,0.0
of_nogate,OF-MPC pretrained no gate,OF no gate,1,20260619_131649,7,4800,5600,800,-12.574392261829976,-10059.51380946398,-12.574392261829976,-10059.51380946398,0.0,0.0,0,0.0,0,0.0,0,0.0,0,0.0,0,0,0,0,0,0,0,0,0,0,0,0,-15.40959863315723,0.0,0.3798449320373831,2.974487601216822,0.19173289435328,0.5679569697214862,1.0993331855327328,2.974487601216822,teacher critic,0.0
of_nogate,OF-MPC pretrained no gate,OF no gate,1,20260619_131649,8,5600,6400,800,-12.558825197371853,-10047.06015789748,-12.558825197371853,-10047.06015789748,0.0,0.0,0,0.0,0,0.0,0,0.0,0,0.0,0,0,0,0,0,0,0,0,0,0,0,0,-15.522654777834193,0.0,0.3799364556610338,2.980640435850773,0.1914767205739941,0.5683961907480735,1.099171020340218,2.980640435850773,teacher critic,0.0
of_nogate,OF-MPC pretrained no gate,OF no gate,1,20260619_131649,9,6400,7200,800,-12.619328582744838,-10095.46286619587,-12.619328582744838,-10095.46286619587,0.0,0.0,0,0.0,0,0.0,0,0.0,0,0.0,0,0,0,0,0,0,0,0,0,0,0,0,-15.541549068793929,0.0,0.3804327190926715,2.984556757254495,0.1920722906677036,0.5687931475176394,1.100670976205674,2.984556757254495,teacher critic,0.0
of_nogate,OF-MPC pretrained no gate,OF no gate,1,20260619_131649,10,7200,8000,800,-12.585425344218052,-10068.34027537444,-12.585425344218052,-10068.34027537444,0.0,0.0,0,0.0,0,0.0,0,0.0,0,0.0,0,0,0,0,0,0,0,0,0,0,0,0,-15.411249651420349,0.0,0.3800567128195127,2.9738049149615904,0.191791173575945,0.5683222520630804,1.0994020865669645,2.9738049149615904,teacher critic,0.0
of_nogate,OF-MPC pretrained no gate,OF no gate,1,20260619_131649,11,8000,8800,800,-22.30357374823112,-17842.858998584896,-22.30357374823112,-17842.858998584896,0.0,0.0,36,0.045,36,0.045,0,0.0,0,0.0,0,0,0,0,0,0,0,0,0,0,0,10,-55.779054970515176,0.0,0.517656528497753,2.9704754768961834,0.2455350181139712,0.7897780388815347,1.0989112966334793,2.9704754768961834,handoff,0.045
of_nogate,OF-MPC pretrained no gate,OF no gate,1,20260619_131649,12,8800,9600,800,-10.414973027680452,-8331.97842214436,-10.414973027680452,-8331.97842214436,0.0,0.0,19,0.02375,19,0.02375,0,0.0,0,0.0,0,0,0,0,0,0,0,0,0,0,0,0,-45.38727395669719,0.0,0.3434465328920835,4.906469988229787,0.174862369239475,0.5120306965446919,1.3090593540588094,4.906469988229787,handoff,0.02375
of_nogate,OF-MPC pretrained no gate,OF no gate,1,20260619_131649,13,9600,10400,800,-12.338554224263566,-9870.843379410851,-12.338554224263566,-9870.843379410851,0.0,0.0,32,0.04,32,0.04,0,0.0,0,0.0,0,0,0,0,0,0,0,0,0,0,0,5,-41.35346878460604,0.0,0.3382261607562526,3.0136866295496816,0.1957668121103137,0.4806855094021916,1.099597700195671,3.0136866295496816,handoff,0.04
of_nogate,OF-MPC pretrained no gate,OF no gate,1,20260619_131649,14,10400,11200,800,-5.855339517470716,-4684.271613976573,-5.855339517470716,-4684.271613976573,0.0,0.0,28,0.035,28,0.035,0,0.0,0,0.0,0,0,0,0,0,0,0,0,0,0,0,4,-38.99637458212936,0.0,0.2386279117051418,2.904182130919196,0.1314670925165779,0.3457887308937056,1.097385698302967,2.904182130919196,handoff,0.035
of_nogate,OF-MPC pretrained no gate,OF no gate,1,20260619_131649,15,11200,12000,800,-6.705417613914234,-5364.334091131387,-6.705417613914234,-5364.334091131387,0.0,0.0,9,0.01125,9,0.01125,0,0.0,0,0.0,0,0,0,0,0,0,0,0,0,0,0,5,-41.65979293843992,0.0,0.2876898951325588,2.804849876432286,0.1316213644012593,0.4437584258638583,1.081996755419159,2.804849876432286,handoff,0.01125
of_nogate,OF-MPC pretrained no gate,OF no gate,1,20260619_131649,16,12000,12800,800,-6.220865265986767,-4976.692212789413,-6.220865265986767,-4976.692212789413,0.0,0.0,4,0.005,4,0.005,0,0.0,0,0.0,0,0,0,0,0,0,0,0,0,0,0,2,-51.317039030926765,0.0,0.2321906421832489,2.753195591797692,0.1314137839381811,0.3329675004283166,1.109482088857067,2.753195591797692,handoff,0.005
of_nogate,OF-MPC pretrained no gate,OF no gate,1,20260619_131649,17,12800,13600,800,-4.883216838220249,-3906.573470576199,-4.883216838220249,-3906.573470576199,0.0,0.0,7,0.00875,7,0.00875,0,0.0,0,0.0,0,0,0,0,0,0,0,0,0,0,0,6,-52.45376092384981,0.0,0.1892612157578135,2.68391342173328,0.1238978510439243,0.2546245804717026,1.0855740174391415,2.68391342173328,handoff,0.00875
of_nogate,OF-MPC pretrained no gate,OF no gate,1,20260619_131649,18,13600,14400,800,-5.000099835562093,-4000.079868449674,-5.000099835562093,-4000.079868449674,0.0,0.0,17,0.02125,17,0.02125,0,0.0,0,0.0,0,0,0,0,0,0,0,0,0,0,0,6,-49.61327726481164,0.0,0.1993195304335515,2.6146906213605803,0.1227828897341228,0.2758561711329803,1.084739030705875,2.6146906213605803,handoff,0.02125
of_nogate,OF-MPC pretrained no gate,OF no gate,1,20260619_131649,19,14400,15200,800,-4.503985088955997,-3603.188071164798,-4.503985088955997,-3603.188071164798,0.0,0.0,20,0.025,20,0.025,0,0.0,0,0.0,0,0,0,0,0,0,0,0,0,0,0,6,-52.35291693816845,0.0,0.1755773926872846,2.6564091317836187,0.117918619283047,0.2332361660915221,1.0854832626133524,2.6564091317836187,handoff,0.025
of_nogate,OF-MPC pretrained no gate,OF no gate,1,20260619_131649,20,15200,16000,800,-4.558439398232097,-3646.751518585678,-4.558439398232097,-3646.751518585678,0.0,0.0,17,0.02125,17,0.02125,0,0.0,0,0.0,0,0,0,0,0,0,0,0,0,0,0,6,-53.71518020431984,0.0,0.1739876430397892,2.652314243190631,0.1185103029584025,0.2294649831211758,1.0937822055394344,2.652314243190631,handoff,0.02125
of_nogate,OF-MPC pretrained no gate,OF no gate,1,20260619_131649,21,16000,16800,800,-6.880392581009599,-5504.31406480768,-6.880392581009599,-5504.31406480768,0.0,0.0,25,0.03125,25,0.03125,0,0.0,0,0.0,0,0,0,0,0,0,0,0,0,0,0,7,-79.4349148037303,0.0,0.2432688681658994,2.9394367451106973,0.1250397915507745,0.3614979447810242,1.0754193988306375,2.9394367451106973,full RL,0.03125
of_nogate,OF-MPC pretrained no gate,OF no gate,1,20260619_131649,22,16800,17600,800,-7.400922860007241,-5920.738288005793,-7.400922860007241,-5920.738288005793,0.0,0.0,31,0.03875,31,0.03875,0,0.0,0,0.0,0,0,0,0,0,0,0,0,0,0,0,3,-83.88727682781007,0.0,0.29708719197488,2.770565456735937,0.1266618295312987,0.4675125544184614,1.0751282189009097,2.770565456735937,full RL,0.03875
of_nogate,OF-MPC pretrained no gate,OF no gate,1,20260619_131649,23,17600,18400,800,-4.573353791520392,-3658.6830332163136,-4.573353791520392,-3658.6830332163136,0.0,0.0,32,0.04,32,0.04,0,0.0,0,0.0,0,0,0,0,0,0,0,0,0,0,0,6,-78.67539172214583,0.0,0.1840479240942116,2.565160273393417,0.1163321214969265,0.2517637266914966,1.0738358003458788,2.565160273393417,full RL,0.04
of_nogate,OF-MPC pretrained no gate,OF no gate,1,20260619_131649,24,18400,19200,800,-4.504462412379552,-3603.569929903642,-4.504462412379552,-3603.569929903642,0.0,0.0,64,0.08,64,0.08,0,0.0,0,0.0,0,0,0,0,0,0,0,0,0,0,0,6,-76.30860837237196,0.0,0.182543483344356,2.572359457986522,0.1158538166859637,0.2492331500027483,1.08029813194387,2.572359457986522,full RL,0.08
of_nogate,OF-MPC pretrained no gate,OF no gate,1,20260619_131649,25,19200,20000,800,-4.449611510002565,-3559.689208002052,-4.449611510002565,-3559.689208002052,0.0,0.0,40,0.05,40,0.05,0,0.0,0,0.0,0,0,0,0,0,0,0,0,0,0,0,6,-72.72003660555686,0.0,0.1760666689055204,2.5563859814251373,0.1165042922163585,0.2356290455946824,1.0784205482554463,2.5563859814251373,full RL,0.05
of_nogate,OF-MPC pretrained no gate,OF no gate,1,20260619_131649,26,20000,20800,800,-4.605861195245222,-3684.688956196177,-4.605861195245222,-3684.688956196177,0.0,0.0,19,0.02375,19,0.02375,0,0.0,0,0.0,0,0,0,0,0,0,0,0,0,0,0,8,-69.66811606689362,0.0,0.1751151822099182,2.5815601738148644,0.1163898048538993,0.233840559565937,1.0757091641138152,2.5815601738148644,full RL,0.02375
of_nogate,OF-MPC pretrained no gate,OF no gate,1,20260619_131649,27,20800,21600,800,-5.405289076988415,-4324.231261590732,-5.405289076988415,-4324.231261590732,0.0,0.0,21,0.02625,21,0.02625,0,0.0,0,0.0,0,0,0,0,0,0,0,0,0,0,0,5,-74.30433341491823,0.0,0.1898282738848699,2.646035766237901,0.1182483523224727,0.2614081954472672,1.0848981937964006,2.646035766237901,full RL,0.02625
of_nogate,OF-MPC pretrained no gate,OF no gate,1,20260619_131649,28,21600,22400,800,-4.485353817652027,-3588.2830541216217,-4.485353817652027,-3588.2830541216217,0.0,0.0,55,0.06875,55,0.06875,0,0.0,0,0.0,0,0,0,0,0,0,0,0,0,0,0,7,-67.91746809093559,0.0,0.1737619166817742,2.6880198607495918,0.1176406993345316,0.2298831340290169,1.092903656804101,2.6880198607495918,full RL,0.06875
of_nogate,OF-MPC pretrained no gate,OF no gate,1,20260619_131649,29,22400,23200,800,-4.664980710764627,-3731.984568611701,-4.664980710764627,-3731.984568611701,0.0,0.0,129,0.16125,129,0.16125,0,0.0,0,0.0,0,0,0,0,0,0,0,0,0,0,0,7,-64.24933387347494,0.0,0.191424206029809,2.6706720175336613,0.117389713121794,0.265458698937824,1.0787391599801537,2.6706720175336613,full RL,0.16125
of_nogate,OF-MPC pretrained no gate,OF no gate,1,20260619_131649,30,23200,24000,800,-4.393235046029413,-3514.5880368235303,-4.393235046029413,-3514.5880368235303,0.0,0.0,151,0.18875,151,0.18875,0,0.0,0,0.0,0,0,0,0,0,0,0,0,0,0,0,6,-65.72289986615033,0.0,0.1774166200676931,2.703857290694657,0.1156862867515652,0.2391469533838211,1.063164333726435,2.703857290694657,full RL,0.18875
of_nogate,OF-MPC pretrained no gate,OF no gate,1,20260619_131649,31,24000,24800,800,-4.426286228305136,-3541.0289826441085,-4.426286228305136,-3541.0289826441085,0.0,0.0,92,0.115,92,0.115,0,0.0,0,0.0,0,0,0,0,0,0,0,0,0,0,0,7,-54.55090100389589,0.0,0.177631533469312,2.67265295534645,0.1167154733711762,0.2385475935674477,1.0853972460321963,2.67265295534645,full RL,0.115
of_nogate,OF-MPC pretrained no gate,OF no gate,1,20260619_131649,32,24800,25600,800,-4.39924347900536,-3519.394783204288,-4.39924347900536,-3519.394783204288,0.0,0.0,153,0.19125,153,0.19125,0,0.0,0,0.0,0,0,0,0,0,0,0,0,0,0,0,7,-57.15844021317753,0.0,0.1783541637831779,2.724777171957669,0.1163762079025231,0.2403321196638327,1.0864868018107656,2.724777171957669,full RL,0.19125
of_nogate,OF-MPC pretrained no gate,OF no gate,1,20260619_131649,33,25600,26400,800,-4.40639537518965,-3525.11630015172,-4.40639537518965,-3525.11630015172,0.0,0.0,131,0.16375,131,0.16375,0,0.0,0,0.0,0,0,0,0,0,0,0,0,0,0,0,8,-58.40645589709084,0.0,0.1768860038014172,2.7088558443940656,0.1165206329876613,0.237251374615173,1.0872938536560772,2.7088558443940656,full RL,0.16375
of_nogate,OF-MPC pretrained no gate,OF no gate,1,20260619_131649,34,26400,27200,800,-4.482200298688835,-3585.7602389510685,-4.482200298688835,-3585.7602389510685,0.0,0.0,167,0.20875,167,0.20875,0,0.0,0,0.0,0,0,0,0,0,0,0,0,0,0,0,7,-55.34925347282501,0.0,0.1837215399048597,2.743904776108991,0.1166097799295134,0.2508332998802061,1.0820923803192306,2.743904776108991,full RL,0.20875
of_nogate,OF-MPC pretrained no gate,OF no gate,1,20260619_131649,35,27200,28000,800,-4.433944361905676,-3547.1554895245404,-4.433944361905676,-3547.1554895245404,0.0,0.0,194,0.2425,194,0.2425,0,0.0,0,0.0,0,0,0,0,0,0,0,0,0,0,0,6,-55.13160785818423,0.0,0.1811626982060646,2.7276530377530435,0.1161679976850611,0.2461573987270682,1.0824509634562849,2.7276530377530435,full RL,0.2425
of_nogate,OF-MPC pretrained no gate,OF no gate,1,20260619_131649,36,28000,28800,800,-4.473841666787065,-3579.073333429652,-4.473841666787065,-3579.073333429652,0.0,0.0,180,0.225,180,0.225,0,0.0,0,0.0,0,0,0,0,0,0,0,0,0,0,0,6,-57.48832207744897,0.0,0.1821395822102635,2.746050768628322,0.1168431009734129,0.2474360634471141,1.083863355760765,2.746050768628322,full RL,0.225
of_nogate,OF-MPC pretrained no gate,OF no gate,1,20260619_131649,37,28800,29600,800,-4.376387070878288,-3501.1096567026307,-4.376387070878288,-3501.1096567026307,0.0,0.0,183,0.22875,183,0.22875,0,0.0,0,0.0,0,0,0,0,0,0,0,0,0,0,0,7,-57.9430214457617,0.0,0.1767321041950105,2.680125955586675,0.1161195077640546,0.2373447006259665,1.0769413424266618,2.680125955586675,full RL,0.22875
of_nogate,OF-MPC pretrained no gate,OF no gate,1,20260619_131649,38,29600,30400,800,-4.511660058497281,-3609.3280467978248,-4.511660058497281,-3609.3280467978248,0.0,0.0,176,0.22,176,0.22,0,0.0,0,0.0,0,0,0,0,0,0,0,0,0,0,0,6,-57.51866480936621,0.0,0.1840183303653099,2.6993966536758194,0.1171798741045823,0.2508567866260376,1.095008968370588,2.6993966536758194,full RL,0.22
of_nogate,OF-MPC pretrained no gate,OF no gate,1,20260619_131649,39,30400,31200,800,-4.477746986894211,-3582.197589515368,-4.477746986894211,-3582.197589515368,0.0,0.0,252,0.315,252,0.315,0,0.0,0,0.0,0,0,0,0,0,0,0,0,0,0,0,6,-60.09896153007844,0.0,0.1843274233911011,2.7187065721909107,0.1163669730388932,0.2522878737433091,1.0728562270248982,2.7187065721909107,full RL,0.315
of_nogate,OF-MPC pretrained no gate,OF no gate,1,20260619_131649,40,31200,32000,800,-4.399026128694009,-3519.220902955208,-4.399026128694009,-3519.220902955208,0.0,0.0,206,0.2575,206,0.2575,0,0.0,0,0.0,0,0,0,0,0,0,0,0,0,0,0,6,-57.77145560848692,0.0,0.1833729863670245,2.7530609931151844,0.1148143073583452,0.2519316653757039,1.076846896652324,2.7530609931151844,full RL,0.2575
of_nogate,OF-MPC pretrained no gate,OF no gate,1,20260619_131649,41,32000,32800,800,-4.429886108932132,-3543.9088871457056,-4.429886108932132,-3543.9088871457056,0.0,0.0,264,0.33,264,0.33,0,0.0,0,0.0,0,0,0,0,0,0,0,0,0,0,0,6,-58.43102625027712,0.0,0.1878172263038168,2.7913780742837275,0.1146615466159728,0.2609729059916607,1.0703361413605623,2.7913780742837275,full RL,0.33
of_nogate,OF-MPC pretrained no gate,OF no gate,1,20260619_131649,42,32800,33600,800,-4.4646015620969255,-3571.681249677541,-4.4646015620969255,-3571.681249677541,0.0,0.0,293,0.36625,293,0.36625,0,0.0,0,0.0,0,0,0,0,0,0,0,0,0,0,0,6,-58.34255616358291,0.0,0.1862178227393269,2.7668876227969577,0.1157710794860611,0.2566645659925927,1.0736378989627489,2.7668876227969577,full RL,0.36625
of_nogate,OF-MPC pretrained no gate,OF no gate,1,20260619_131649,43,33600,34400,800,-4.44288356969135,-3554.3068557530805,-4.44288356969135,-3554.3068557530805,0.0,0.0,144,0.18,144,0.18,0,0.0,0,0.0,0,0,0,0,0,0,0,0,0,0,0,7,-57.72410489173137,0.0,0.1711854011003762,2.560624666239676,0.1186086324846707,0.2237621697160816,1.0873800410972048,2.560624666239676,full RL,0.18
of_nogate,OF-MPC pretrained no gate,OF no gate,1,20260619_131649,44,34400,35200,800,-4.4113221356063255,-3529.05770848506,-4.4113221356063255,-3529.05770848506,0.0,0.0,157,0.19625,157,0.19625,0,0.0,0,0.0,0,0,0,0,0,0,0,0,0,0,0,8,-57.284457085023405,0.0,0.1674173232546714,2.483144937028726,0.1180282627136346,0.2168063837957082,1.0852590411294931,2.483144937028726,full RL,0.19625
of_nogate,OF-MPC pretrained no gate,OF no gate,1,20260619_131649,45,35200,36000,800,-4.43261369166358,-3546.090953330864,-4.43261369166358,-3546.090953330864,0.0,0.0,156,0.195,156,0.195,0,0.0,0,0.0,0,0,0,0,0,0,0,0,0,0,0,7,-56.15969473556993,0.0,0.1671090881066591,2.4917781770842566,0.1190224843697696,0.2151956918435487,1.0978619711173034,2.4917781770842566,full RL,0.195
of_nogate,OF-MPC pretrained no gate,OF no gate,1,20260619_131649,46,36000,36800,800,-4.454137485038794,-3563.309988031036,-4.454137485038794,-3563.309988031036,0.0,0.0,164,0.205,164,0.205,0,0.0,0,0.0,0,0,0,0,0,0,0,0,0,0,0,7,-58.46571806404472,0.0,0.1673006226728711,2.492829343433982,0.1193058662644533,0.215295379081289,1.1032365069276469,2.492829343433982,full RL,0.205
of_nogate,OF-MPC pretrained no gate,OF no gate,1,20260619_131649,47,36800,37600,800,-4.483144810431769,-3586.515848345415,-4.483144810431769,-3586.515848345415,0.0,0.0,153,0.19125,153,0.19125,0,0.0,0,0.0,0,0,0,0,0,0,0,0,0,0,0,7,-56.73585427976366,0.0,0.1721325310280646,2.51687961510072,0.1174044473308804,0.2268606147252488,1.088046077811473,2.51687961510072,full RL,0.19125
of_nogate,OF-MPC pretrained no gate,OF no gate,1,20260619_131649,48,37600,38400,800,-4.456698863164305,-3565.359090531444,-4.456698863164305,-3565.359090531444,0.0,0.0,135,0.16875,135,0.16875,0,0.0,0,0.0,0,0,0,0,0,0,0,0,0,0,0,7,-55.02339958740879,0.0,0.1751301099444777,2.595248156663104,0.1178613980619239,0.2323988218270315,1.0883097784120883,2.595248156663104,full RL,0.16875
of_nogate,OF-MPC pretrained no gate,OF no gate,1,20260619_131649,49,38400,39200,800,-4.370766945181274,-3496.61355614502,-4.370766945181274,-3496.61355614502,0.0,0.0,145,0.18125,145,0.18125,0,0.0,0,0.0,0,0,0,0,0,0,0,0,0,0,0,8,-59.01285897176638,0.0,0.1692505808507214,2.554780572980974,0.1176391691586643,0.2208619925427784,1.081305220587788,2.554780572980974,full RL,0.18125
of_nogate,OF-MPC pretrained no gate,OF no gate,1,20260619_131649,50,39200,40000,800,-4.390446288133267,-3512.357030506614,-4.390446288133267,-3512.357030506614,0.0,0.0,158,0.1975,158,0.1975,0,0.0,0,0.0,0,0,0,0,0,0,0,0,0,0,0,7,-58.79536272441203,0.0,0.1709676692592242,2.595899463088585,0.1177464357065008,0.2241889028119475,1.0849475198862688,2.595899463088585,full RL,0.1975
of_nogate,OF-MPC pretrained no gate,OF no gate,1,20260619_131649,51,40000,40800,800,-4.519300247229214,-3615.4401977833713,-4.519300247229214,-3615.4401977833713,0.0,0.0,171,0.21375,171,0.21375,0,0.0,0,0.0,0,0,0,0,0,0,0,0,0,0,0,6,-60.60765825855083,0.0,0.1736923836460928,2.61063123178252,0.1196790780943071,0.2277056891978786,1.10466857446792,2.61063123178252,full RL,0.21375
of_nogate,OF-MPC pretrained no gate,OF no gate,1,20260619_131649,52,40800,41600,800,-4.4733184078086,-3578.65472624688,-4.4733184078086,-3578.65472624688,0.0,0.0,183,0.22875,183,0.22875,0,0.0,0,0.0,0,0,0,0,0,0,0,0,0,0,0,6,-60.81115070494843,0.0,0.1743160796366027,2.441422481511836,0.1186314087907199,0.2300007504824854,1.093856235510755,2.441422481511836,full RL,0.22875
of_nogate,OF-MPC pretrained no gate,OF no gate,1,20260619_131649,53,41600,42400,800,-4.328319668862459,-3462.655735089967,-4.328319668862459,-3462.655735089967,0.0,0.0,106,0.1325,106,0.1325,0,0.0,0,0.0,0,0,0,0,0,0,0,0,0,0,0,6,-60.98347878524578,0.0,0.1654061816703285,2.5079540902635813,0.1176470645646326,0.2131652987760245,1.0860472838111384,2.5079540902635813,full RL,0.1325
of_nogate,OF-MPC pretrained no gate,OF no gate,1,20260619_131649,54,42400,43200,800,-4.441182711722004,-3552.9461693776025,-4.441182711722004,-3552.9461693776025,0.0,0.0,142,0.1775,142,0.1775,0,0.0,0,0.0,0,0,0,0,0,0,0,0,0,0,0,6,-58.79846525712253,0.0,0.173242677672379,2.4864907475312634,0.1181765221991326,0.2283088331456253,1.0876847600929085,2.4864907475312634,full RL,0.1775
of_nogate,OF-MPC pretrained no gate,OF no gate,1,20260619_131649,55,43200,44000,800,-4.464050047843309,-3571.2400382746478,-4.464050047843309,-3571.2400382746478,0.0,0.0,127,0.15875,127,0.15875,0,0.0,0,0.0,0,0,0,0,0,0,0,0,0,0,0,6,-66.64183809256167,0.0,0.1652613843952238,2.537125216227537,0.1195566589856133,0.2109661098048343,1.0886186832468767,2.537125216227537,full RL,0.15875
of_nogate,OF-MPC pretrained no gate,OF no gate,1,20260619_131649,56,44000,44800,800,-4.461188179954371,-3568.950543963497,-4.461188179954371,-3568.950543963497,0.0,0.0,125,0.15625,125,0.15625,0,0.0,0,0.0,0,0,0,0,0,0,0,0,0,0,0,7,-61.86067295865655,0.0,0.1749187199992619,2.513631947712838,0.118388132100174,0.2314493078983497,1.089450643568989,2.513631947712838,full RL,0.15625
of_nogate,OF-MPC pretrained no gate,OF no gate,1,20260619_131649,57,44800,45600,800,-4.5459233716713925,-3636.738697337114,-4.5459233716713925,-3636.738697337114,0.0,0.0,155,0.19375,155,0.19375,0,0.0,0,0.0,0,0,0,0,0,0,0,0,0,0,0,6,-61.63201415877938,0.0,0.1797037229957926,2.452540180432436,0.1188488454522401,0.2405586005393452,1.0940843153994728,2.452540180432436,full RL,0.19375
of_nogate,OF-MPC pretrained no gate,OF no gate,1,20260619_131649,58,45600,46400,800,-4.427674638477186,-3542.1397107817493,-4.427674638477186,-3542.1397107817493,0.0,0.0,142,0.1775,142,0.1775,0,0.0,0,0.0,0,0,0,0,0,0,0,0,0,0,0,7,-61.8180179500182,0.0,0.1704047758331688,2.599454843359183,0.11854186381334,0.2222676878529976,1.0898043058998923,2.599454843359183,full RL,0.1775
of_nogate,OF-MPC pretrained no gate,OF no gate,1,20260619_131649,59,46400,47200,800,-4.417994213791296,-3534.395371033037,-4.417994213791296,-3534.395371033037,0.0,0.0,169,0.21125,169,0.21125,0,0.0,0,0.0,0,0,0,0,0,0,0,0,0,0,0,6,-63.55944409517304,0.0,0.1746619610523372,2.4773142826974777,0.1174146481586604,0.2319092739460139,1.096419442073946,2.4773142826974777,full RL,0.21125
of_nogate,OF-MPC pretrained no gate,OF no gate,1,20260619_131649,60,47200,48000,800,-4.336898557521398,-3469.5188460171184,-4.336898557521398,-3469.5188460171184,0.0,0.0,98,0.1225,98,0.1225,0,0.0,0,0.0,0,0,0,0,0,0,0,0,0,0,0,7,-62.43924008170018,0.0,0.1677389214427977,2.493266593279316,0.1172064276779139,0.2182714152076815,1.0791000437456375,2.493266593279316,full RL,0.1225
of_nogate,OF-MPC pretrained no gate,OF no gate,1,20260619_131649,61,48000,48800,800,-4.483763253883598,-3587.010603106879,-4.483763253883598,-3587.010603106879,0.0,0.0,162,0.2025,162,0.2025,0,0.0,0,0.0,0,0,0,0,0,0,0,0,0,0,0,6,-63.163009522703305,0.0,0.1752317475501721,2.534853201981832,0.1184935091387135,0.2319699859616307,1.0943942702708225,2.534853201981832,full RL,0.2025
of_nogate,OF-MPC pretrained no gate,OF no gate,1,20260619_131649,62,48800,49600,800,-4.279306272016219,-3423.445017612976,-4.279306272016219,-3423.445017612976,0.0,0.0,130,0.1625,130,0.1625,0,0.0,0,0.0,0,0,0,0,0,0,0,0,0,0,0,5,-61.69063091821499,0.0,0.1634225847841433,2.5258771035221343,0.1174517416352283,0.2093934279330583,1.083414292293075,2.5258771035221343,full RL,0.1625
of_nogate,OF-MPC pretrained no gate,OF no gate,1,20260619_131649,63,49600,50400,800,-4.246048917434607,-3396.8391339476857,-4.246048917434607,-3396.8391339476857,0.0,0.0,112,0.14,112,0.14,0,0.0,0,0.0,0,0,0,0,0,0,0,0,0,0,0,7,-62.477806743477686,0.0,0.1657322197477313,2.557727735990227,0.1163377874229907,0.2151266520724719,1.0894991795447204,2.557727735990227,full RL,0.14
of_nogate,OF-MPC pretrained no gate,OF no gate,1,20260619_131649,64,50400,51200,800,-4.353258242374864,-3482.606593899891,-4.353258242374864,-3482.606593899891,0.0,0.0,108,0.135,108,0.135,0,0.0,0,0.0,0,0,0,0,0,0,0,0,0,0,0,5,-61.86258872755775,0.0,0.1705224382052991,2.551233538658664,0.1170945341999225,0.2239503422106757,1.077869582892088,2.551233538658664,full RL,0.135
of_nogate,OF-MPC pretrained no gate,OF no gate,1,20260619_131649,65,51200,52000,800,-4.201081762714139,-3360.8654101713114,-4.201081762714139,-3360.8654101713114,0.0,0.0,80,0.1,80,0.1,0,0.0,0,0.0,0,0,0,0,0,0,0,0,0,0,0,6,-63.54098393185143,0.0,0.1591755158878592,2.560766203896492,0.1165603358815669,0.2017906958941514,1.0931742363648418,2.560766203896492,full RL,0.1
of_nogate,OF-MPC pretrained no gate,OF no gate,1,20260619_131649,66,52000,52800,800,-4.081901364933915,-3265.521091947132,-4.081901364933915,-3265.521091947132,0.0,0.0,27,0.03375,27,0.03375,0,0.0,0,0.0,0,0,0,0,0,0,0,0,0,0,0,6,-63.74637130374606,0.0,0.1555592802050198,2.5536834647969613,0.1152521021417704,0.1958664582682693,1.0674100926397565,2.5536834647969613,full RL,0.03375
of_nogate,OF-MPC pretrained no gate,OF no gate,1,20260619_131649,67,52800,53600,800,-4.156682385119333,-3325.3459080954663,-4.156682385119333,-3325.3459080954663,0.0,0.0,71,0.08875,71,0.08875,0,0.0,0,0.0,0,0,0,0,0,0,0,0,0,0,0,6,-66.90246639565135,0.0,0.1591521212856431,2.5871047508923084,0.1159259926653194,0.2023782499059669,1.0667238816913902,2.5871047508923084,full RL,0.08875
of_nogate,OF-MPC pretrained no gate,OF no gate,1,20260619_131649,68,53600,54400,800,-4.1682636973882685,-3334.610957910615,-4.1682636973882685,-3334.610957910615,0.0,0.0,69,0.08625,69,0.08625,0,0.0,0,0.0,0,0,0,0,0,0,0,0,0,0,0,6,-66.77999452339384,0.0,0.1588349775451519,2.5630031817637478,0.11622690607914,0.2014430490111638,1.075160061857542,2.5630031817637478,full RL,0.08625
of_nogate,OF-MPC pretrained no gate,OF no gate,1,20260619_131649,69,54400,55200,800,-4.0997118160928405,-3279.7694528742727,-4.0997118160928405,-3279.7694528742727,0.0,0.0,43,0.05375,43,0.05375,0,0.0,0,0.0,0,0,0,0,0,0,0,0,0,0,0,6,-65.55936634424154,0.0,0.1607990249638989,2.65931544617996,0.1146707937402153,0.2069272561875824,1.067215482816057,2.65931544617996,full RL,0.05375
of_nogate,OF-MPC pretrained no gate,OF no gate,1,20260619_131649,70,55200,56000,800,-4.10168855304773,-3281.3508424381835,-4.10168855304773,-3281.3508424381835,0.0,0.0,45,0.05625,45,0.05625,0,0.0,0,0.0,0,0,0,0,0,0,0,0,0,0,0,7,-65.05644685047844,0.0,0.1562587211257295,2.5035801072883146,0.1153763113072319,0.1971411309442272,1.0689538917686767,2.5035801072883146,full RL,0.05625
of_nogate,OF-MPC pretrained no gate,OF no gate,1,20260619_131649,71,56000,56800,800,-4.163261758886279,-3330.609407109023,-4.163261758886279,-3330.609407109023,0.0,0.0,32,0.04,32,0.04,0,0.0,0,0.0,0,0,0,0,0,0,0,0,0,0,0,5,-64.88167726254505,0.0,0.1603425389488508,2.55910579055012,0.1158135377204163,0.2048715401772853,1.0833422121454732,2.55910579055012,full RL,0.04
of_nogate,OF-MPC pretrained no gate,OF no gate,1,20260619_131649,72,56800,57600,800,-4.152592412959699,-3322.073930367759,-4.152592412959699,-3322.073930367759,0.0,0.0,17,0.02125,17,0.02125,0,0.0,0,0.0,0,0,0,0,0,0,0,0,0,0,0,6,-63.7843585230637,0.0,0.1607674437341461,2.607621604336998,0.1156498711436042,0.205885016324688,1.0779375790246433,2.607621604336998,full RL,0.02125
of_nogate,OF-MPC pretrained no gate,OF no gate,1,20260619_131649,73,57600,58400,800,-4.113876164445321,-3291.1009315562565,-4.113876164445321,-3291.1009315562565,0.0,0.0,34,0.0425,34,0.0425,0,0.0,0,0.0,0,0,0,0,0,0,0,0,0,0,0,5,-65.16960607257624,0.0,0.1589111474744924,2.6137902515482665,0.1150379455175274,0.2027843494314575,1.0720294130230452,2.6137902515482665,full RL,0.0425
of_nogate,OF-MPC pretrained no gate,OF no gate,1,20260619_131649,74,58400,59200,800,-4.121694916896027,-3297.355933516822,-4.121694916896027,-3297.355933516822,0.0,0.0,16,0.02,16,0.02,0,0.0,0,0.0,0,0,0,0,0,0,0,0,0,0,0,5,-67.00508657851265,0.0,0.1589380446549891,2.6018477941935885,0.1152779319638961,0.202598157346082,1.068110872634812,2.6018477941935885,full RL,0.02
of_nogate,OF-MPC pretrained no gate,OF no gate,1,20260619_131649,75,59200,60000,800,-4.420655735295758,-3536.524588236606,-4.420655735295758,-3536.524588236606,0.0,0.0,18,0.0225,18,0.0225,0,0.0,0,0.0,0,0,0,0,0,0,0,0,0,0,0,6,-56.402358723790826,0.0,0.1679233971881989,2.646280526775058,0.1180078964637222,0.2178388979126756,1.067680859789382,2.646280526775058,full RL,0.0225
of_nogate,OF-MPC pretrained no gate,OF no gate,1,20260619_131649,76,60000,60800,800,-4.131570031951264,-3305.256025561011,-4.131570031951264,-3305.256025561011,0.0,0.0,105,0.13125,105,0.13125,0,0.0,0,0.0,0,0,0,0,0,0,0,0,0,0,0,5,-64.32458698710457,0.0,0.1663882674738521,2.607379264215126,0.113331899535859,0.219444635411845,1.0699448441774444,2.607379264215126,full RL,0.13125
of_nogate,OF-MPC pretrained no gate,OF no gate,1,20260619_131649,77,60800,61600,800,-4.078451588378722,-3262.761270702977,-4.078451588378722,-3262.761270702977,0.0,0.0,19,0.02375,19,0.02375,0,0.0,0,0.0,0,0,0,0,0,0,0,0,0,0,0,6,-64.35216704765128,0.0,0.1589603995914182,2.594978092173108,0.1136820196334183,0.2042387795494181,1.068860612349845,2.594978092173108,full RL,0.02375
of_nogate,OF-MPC pretrained no gate,OF no gate,1,20260619_131649,78,61600,62400,800,-4.100885249087113,-3280.70819926969,-4.100885249087113,-3280.70819926969,0.0,0.0,21,0.02625,21,0.02625,0,0.0,0,0.0,0,0,0,0,0,0,0,0,0,0,0,5,-68.3861563931697,0.0,0.1639167115348913,2.608036484146453,0.1133587208048426,0.2144747022649401,1.0719423318873709,2.608036484146453,full RL,0.02625
of_nogate,OF-MPC pretrained no gate,OF no gate,1,20260619_131649,79,62400,63200,800,-4.113388947900975,-3290.71115832078,-4.113388947900975,-3290.71115832078,0.0,0.0,67,0.08375,67,0.08375,0,0.0,0,0.0,0,0,0,0,0,0,0,0,0,0,0,5,-67.15578170840524,0.0,0.1642804081229605,2.6697634386853792,0.1135488538258415,0.2150119624200796,1.069332646272377,2.6697634386853792,full RL,0.08375
of_nogate,OF-MPC pretrained no gate,OF no gate,1,20260619_131649,80,63200,64000,800,-4.134795290623944,-3307.836232499155,-4.134795290623944,-3307.836232499155,0.0,0.0,13,0.01625,13,0.01625,0,0.0,0,0.0,0,0,0,0,0,0,0,0,0,0,0,7,-64.01227573720018,0.0,0.1599171928852145,2.611626165695725,0.1147870220610801,0.2050473637093489,1.0762404244448,2.611626165695725,full RL,0.01625
of_nogate,OF-MPC pretrained no gate,OF no gate,1,20260619_131649,81,64000,64800,800,-4.163046323193893,-3330.437058555115,-4.163046323193893,-3330.437058555115,0.0,0.0,19,0.02375,19,0.02375,0,0.0,0,0.0,0,0,0,0,0,0,0,0,0,0,0,5,-65.96849767363642,0.0,0.1576304681969964,2.601058797578162,0.1155891889039977,0.199671747489995,1.0816505685778028,2.601058797578162,full RL,0.02375
of_nogate,OF-MPC pretrained no gate,OF no gate,1,20260619_131649,82,64800,65600,800,-4.093262941733832,-3274.610353387066,-4.093262941733832,-3274.610353387066,0.0,0.0,10,0.0125,10,0.0125,0,0.0,0,0.0,0,0,0,0,0,0,0,0,0,0,0,5,-63.29117910065008,0.0,0.1569306212637438,2.5486576311994327,0.1151163410567554,0.1987449014707322,1.0809917189880136,2.5486576311994327,full RL,0.0125
of_nogate,OF-MPC pretrained no gate,OF no gate,1,20260619_131649,83,65600,66400,800,-4.226646534554503,-3381.317227643602,-4.226646534554503,-3381.317227643602,0.0,0.0,12,0.015,12,0.015,0,0.0,0,0.0,0,0,0,0,0,0,0,0,0,0,0,5,-66.3073831770339,0.0,0.1635937081717207,2.5813317809048044,0.1157220463618459,0.2114653699815956,1.0894070886934366,2.5813317809048044,full RL,0.015
of_nogate,OF-MPC pretrained no gate,OF no gate,1,20260619_131649,84,66400,67200,800,-4.275637667441076,-3420.510133952861,-4.275637667441076,-3420.510133952861,0.0,0.0,38,0.0475,38,0.0475,0,0.0,0,0.0,0,0,0,0,0,0,0,0,0,0,0,5,-63.47832447414169,0.0,0.1599404652748695,2.537459317380637,0.1172876298786015,0.2025933006711374,1.1041760277207264,2.537459317380637,full RL,0.0475
of_nogate,OF-MPC pretrained no gate,OF no gate,1,20260619_131649,85,67200,68000,800,-4.240161268414369,-3392.129014731495,-4.240161268414369,-3392.129014731495,0.0,0.0,17,0.02125,17,0.02125,0,0.0,0,0.0,0,0,0,0,0,0,0,0,0,0,0,5,-64.76371205231658,0.0,0.1629437171992656,2.551845044088168,0.1159813884955467,0.2099060459029846,1.0846555607194035,2.551845044088168,full RL,0.02125
of_nogate,OF-MPC pretrained no gate,OF no gate,1,20260619_131649,86,68000,68800,800,-4.15125449701622,-3321.003597612976,-4.15125449701622,-3321.003597612976,0.0,0.0,39,0.04875,39,0.04875,0,0.0,0,0.0,0,0,0,0,0,0,0,0,0,0,0,4,-63.8468959761467,0.0,0.1574093716447089,2.5401873711798544,0.1153642225101603,0.1994545207792574,1.0816532342070793,2.5401873711798544,full RL,0.04875
of_nogate,OF-MPC pretrained no gate,OF no gate,1,20260619_131649,87,68800,69600,800,-4.221391167029956,-3377.1129336239646,-4.221391167029956,-3377.1129336239646,0.0,0.0,8,0.01,8,0.01,0,0.0,0,0.0,0,0,0,0,0,0,0,0,0,0,0,7,-68.99081290230595,0.0,0.1667377506721299,2.481927050482682,0.1149687472033721,0.2185067541408878,1.078521751775016,2.481927050482682,full RL,0.01
of_nogate,OF-MPC pretrained no gate,OF no gate,1,20260619_131649,88,69600,70400,800,-4.127884551501605,-3302.307641201284,-4.127884551501605,-3302.307641201284,0.0,0.0,15,0.01875,15,0.01875,0,0.0,0,0.0,0,0,0,0,0,0,0,0,0,0,0,6,-63.9762229014774,0.0,0.1584253160830791,2.550860365834126,0.115325090284399,0.2015255418817591,1.0825174813896292,2.550860365834126,full RL,0.01875
of_nogate,OF-MPC pretrained no gate,OF no gate,1,20260619_131649,89,70400,71200,800,-4.160418992170468,-3328.335193736375,-4.160418992170468,-3328.335193736375,0.0,0.0,9,0.01125,9,0.01125,0,0.0,0,0.0,0,0,0,0,0,0,0,0,0,0,0,5,-65.67591939067347,0.0,0.1582640886715195,2.5838650906090948,0.1159654148012217,0.2005627625418172,1.0865125171377543,2.5838650906090948,full RL,0.01125
of_nogate,OF-MPC pretrained no gate,OF no gate,1,20260619_131649,90,71200,72000,800,-4.107229865215466,-3285.7838921723724,-4.107229865215466,-3285.7838921723724,0.0,0.0,18,0.0225,18,0.0225,0,0.0,0,0.0,0,0,0,0,0,0,0,0,0,0,0,6,-66.30615582408859,0.0,0.1541462850385598,2.5435795921395083,0.1157977278250973,0.1924948422520223,1.0841057019649667,2.5435795921395083,full RL,0.0225
of_nogate,OF-MPC pretrained no gate,OF no gate,1,20260619_131649,91,72000,72800,800,-4.180223783147065,-3344.1790265176523,-4.180223783147065,-3344.1790265176523,0.0,0.0,9,0.01125,9,0.01125,0,0.0,0,0.0,0,0,0,0,0,0,0,0,0,0,0,7,-67.21779104157986,0.0,0.1557560304082706,2.5549207076351195,0.1166346161068265,0.1948774447097146,1.0941826699455652,2.5549207076351195,full RL,0.01125
of_nogate,OF-MPC pretrained no gate,OF no gate,1,20260619_131649,92,72800,73600,800,-4.180361165180688,-3344.288932144551,-4.180361165180688,-3344.288932144551,0.0,0.0,10,0.0125,10,0.0125,0,0.0,0,0.0,0,0,0,0,0,0,0,0,0,0,0,6,-67.62479693055195,0.0,0.1590625321565401,2.5646435974998667,0.1167138275187951,0.2014112367942851,1.0917940766010967,2.5646435974998667,full RL,0.0125
of_nogate,OF-MPC pretrained no gate,OF no gate,1,20260619_131649,93,73600,74400,800,-4.180649749661505,-3344.5197997292044,-4.180649749661505,-3344.5197997292044,0.0,0.0,10,0.0125,10,0.0125,0,0.0,0,0.0,0,0,0,0,0,0,0,0,0,0,0,7,-66.80554751753573,0.0,0.1560873258682997,2.5389978659119947,0.1167585360156284,0.1954161157209711,1.0868482588065818,2.5389978659119947,full RL,0.0125
of_nogate,OF-MPC pretrained no gate,OF no gate,1,20260619_131649,94,74400,75200,800,-4.2182003057069615,-3374.560244565569,-4.2182003057069615,-3374.560244565569,0.0,0.0,16,0.02,16,0.02,0,0.0,0,0.0,0,0,0,0,0,0,0,0,0,0,0,8,-64.14438626562014,0.0,0.15858725104959,2.5971514411879757,0.116842553699319,0.200331948399861,1.0914333489613497,2.5971514411879757,full RL,0.02
of_nogate,OF-MPC pretrained no gate,OF no gate,1,20260619_131649,95,75200,76000,800,-4.277435645284804,-3421.948516227844,-4.277435645284804,-3421.948516227844,0.0,0.0,10,0.0125,10,0.0125,0,0.0,0,0.0,0,0,0,0,0,0,0,0,0,0,0,7,-66.70675730820153,0.0,0.1584660450007581,2.6037673330467896,0.1178988476692661,0.1990332423322501,1.0980890461448314,2.6037673330467896,full RL,0.0125
of_nogate,OF-MPC pretrained no gate,OF no gate,1,20260619_131649,96,76000,76800,800,-4.19842498521584,-3358.7399881726715,-4.19842498521584,-3358.7399881726715,0.0,0.0,15,0.01875,15,0.01875,0,0.0,0,0.0,0,0,0,0,0,0,0,0,0,0,0,7,-64.220035036907,0.0,0.1575990754942318,2.5878488789950325,0.1169164556731587,0.1982816953153048,1.0950342989248836,2.5878488789950325,full RL,0.01875
of_nogate,OF-MPC pretrained no gate,OF no gate,1,20260619_131649,97,76800,77600,800,-4.205761854910546,-3364.609483928437,-4.205761854910546,-3364.609483928437,0.0,0.0,17,0.02125,17,0.02125,0,0.0,0,0.0,0,0,0,0,0,0,0,0,0,0,0,6,-62.02585516915485,0.0,0.1576478994885308,2.597274217382278,0.1170982475232889,0.1981975514537727,1.0917791572402955,2.597274217382278,full RL,0.02125
of_nogate,OF-MPC pretrained no gate,OF no gate,1,20260619_131649,98,77600,78400,800,-4.341909904359475,-3473.52792348758,-4.341909904359475,-3473.52792348758,0.0,0.0,47,0.05875,47,0.05875,0,0.0,0,0.0,0,0,0,0,0,0,0,0,0,0,0,8,-64.44118660017512,0.0,0.1610171918386038,2.619903840169968,0.1183856120660243,0.2036487716111833,1.100414108763036,2.619903840169968,full RL,0.05875
of_nogate,OF-MPC pretrained no gate,OF no gate,1,20260619_131649,99,78400,79200,800,-4.156052934235537,-3324.842347388429,-4.156052934235537,-3324.842347388429,0.0,0.0,31,0.03875,31,0.03875,0,0.0,0,0.0,0,0,0,0,0,0,0,0,0,0,0,7,-63.6961155494057,0.0,0.1559006306311948,2.5705764856026008,0.1163101269790429,0.1954911342833466,1.0890413111417914,2.5705764856026008,full RL,0.03875
of_nogate,OF-MPC pretrained no gate,OF no gate,1,20260619_131649,100,79200,80000,800,-4.176516204682506,-3341.212963746005,-4.176516204682506,-3341.212963746005,0.0,0.0,31,0.03875,31,0.03875,0,0.0,0,0.0,0,0,0,0,0,0,0,0,0,0,0,8,-66.05797385278868,0.0,0.157509638479265,2.588577196543156,0.1159878229139123,0.1990314540446178,1.0844386726665165,2.588577196543156,full RL,0.03875
of_nogate,OF-MPC pretrained no gate,OF no gate,1,20260619_131649,101,80000,80800,800,-4.14749690392652,-3317.997523141216,-4.14749690392652,-3317.997523141216,0.0,0.0,24,0.03,24,0.03,0,0.0,0,0.0,0,0,0,0,0,0,0,0,0,0,0,7,-69.40731553554576,0.0,0.1577295347127997,2.5600845129114878,0.1157098143274412,0.1997492550981582,1.0853184034415757,2.5600845129114878,full RL,0.03
of_nogate,OF-MPC pretrained no gate,OF no gate,1,20260619_131649,102,80800,81600,800,-4.19118919618312,-3352.951356946496,-4.19118919618312,-3352.951356946496,0.0,0.0,14,0.0175,14,0.0175,0,0.0,0,0.0,0,0,0,0,0,0,0,0,0,0,0,7,-69.97551553904486,0.0,0.1594520666597209,2.580833099337724,0.1160225743332305,0.2028815589862113,1.0856662846270448,2.580833099337724,full RL,0.0175
of_nogate,OF-MPC pretrained no gate,OF no gate,1,20260619_131649,103,81600,82400,800,-4.131525171108863,-3305.2201368870906,-4.131525171108863,-3305.2201368870906,0.0,0.0,35,0.04375,35,0.04375,0,0.0,0,0.0,0,0,0,0,0,0,0,0,0,0,0,7,-65.38457366073942,0.0,0.1569586747513738,2.551529133332906,0.1154089720424204,0.1985083774603271,1.0817812589504912,2.551529133332906,full RL,0.04375
of_nogate,OF-MPC pretrained no gate,OF no gate,1,20260619_131649,104,82400,83200,800,-4.162345999189898,-3329.876799351918,-4.162345999189898,-3329.876799351918,0.0,0.0,14,0.0175,14,0.0175,0,0.0,0,0.0,0,0,0,0,0,0,0,0,0,0,0,8,-56.59779233462859,0.0,0.1618883335962589,2.539188238152235,0.1148566636703944,0.2089200035221234,1.073140889127869,2.539188238152235,full RL,0.0175
of_nogate,OF-MPC pretrained no gate,OF no gate,1,20260619_131649,105,83200,84000,800,-4.06998951095308,-3255.991608762464,-4.06998951095308,-3255.991608762464,0.0,0.0,17,0.02125,17,0.02125,0,0.0,0,0.0,0,0,0,0,0,0,0,0,0,0,0,7,-64.76415984105904,0.0,0.1544044591651711,2.484477497500791,0.1151848279889453,0.1936240903413969,1.0780924464096833,2.484477497500791,full RL,0.02125
of_nogate,OF-MPC pretrained no gate,OF no gate,1,20260619_131649,106,84000,84800,800,-4.079654397670965,-3263.723518136772,-4.079654397670965,-3263.723518136772,0.0,0.0,63,0.07875,63,0.07875,0,0.0,0,0.0,0,0,0,0,0,0,0,0,0,0,0,6,-67.03170681661254,0.0,0.1611254539870186,2.5534754430901216,0.1140201310066063,0.2082307769674309,1.069764559220515,2.5534754430901216,full RL,0.07875
of_nogate,OF-MPC pretrained no gate,OF no gate,1,20260619_131649,107,84800,85600,800,-4.04321497915032,-3234.571983320256,-4.04321497915032,-3234.571983320256,0.0,0.0,17,0.02125,17,0.02125,0,0.0,0,0.0,0,0,0,0,0,0,0,0,0,0,0,6,-65.68353216521609,0.0,0.1578395407094316,2.5311578030074884,0.11366037231493,0.2020187091039333,1.0702961379646228,2.5311578030074884,full RL,0.02125
of_nogate,OF-MPC pretrained no gate,OF no gate,1,20260619_131649,108,85600,86400,800,-4.049006670343954,-3239.205336275163,-4.049006670343954,-3239.205336275163,0.0,0.0,11,0.01375,11,0.01375,0,0.0,0,0.0,0,0,0,0,0,0,0,0,0,0,0,6,-66.01463164932318,0.0,0.1559979753848496,2.5151410650663597,0.1142195153928366,0.1977764353768627,1.0815647724778483,2.5151410650663597,full RL,0.01375
of_nogate,OF-MPC pretrained no gate,OF no gate,1,20260619_131649,109,86400,87200,800,-4.037786950915947,-3230.229560732758,-4.037786950915947,-3230.229560732758,0.0,0.0,31,0.03875,31,0.03875,0,0.0,0,0.0,0,0,0,0,0,0,0,0,0,0,0,6,-61.50862565255716,0.0,0.160710672976702,2.652806224146957,0.1131980814474644,0.2082232645059396,1.0736086718116615,2.652806224146957,full RL,0.03875
of_nogate,OF-MPC pretrained no gate,OF no gate,1,20260619_131649,110,87200,88000,800,-4.110693871661827,-3288.5550973294617,-4.110693871661827,-3288.5550973294617,0.0,0.0,18,0.0225,18,0.0225,0,0.0,0,0.0,0,0,0,0,0,0,0,0,0,0,0,5,-63.56152633951899,0.0,0.1629907961619445,2.581049247149167,0.1141157958457899,0.2118657964780991,1.0749754328858758,2.581049247149167,full RL,0.0225
of_nogate,OF-MPC pretrained no gate,OF no gate,1,20260619_131649,111,88000,88800,800,-4.201618550694238,-3361.2948405553902,-4.201618550694238,-3361.2948405553902,0.0,0.0,27,0.03375,27,0.03375,0,0.0,0,0.0,0,0,0,0,0,0,0,0,0,0,0,7,-64.84455909754809,0.0,0.1675661732481214,2.7156443251340647,0.1146168409828729,0.2205155055133698,1.0801467183709,2.7156443251340647,full RL,0.03375
of_nogate,OF-MPC pretrained no gate,OF no gate,1,20260619_131649,112,88800,89600,800,-4.128580951215736,-3302.864760972589,-4.128580951215736,-3302.864760972589,0.0,0.0,84,0.105,84,0.105,0,0.0,0,0.0,0,0,0,0,0,0,0,0,0,0,0,6,-62.11652774744903,0.0,0.1618070327452725,2.5684088697738616,0.1143762274255215,0.2092378380650235,1.0734387834217691,2.5684088697738616,full RL,0.105
of_nogate,OF-MPC pretrained no gate,OF no gate,1,20260619_131649,113,89600,90400,800,-4.060719284179308,-3248.575427343447,-4.060719284179308,-3248.575427343447,0.0,0.0,15,0.01875,15,0.01875,0,0.0,0,0.0,0,0,0,0,0,0,0,0,0,0,0,7,-59.2222942387466,0.0,0.1554666598935228,2.5653571573879503,0.1147644697276608,0.1961688500593847,1.080567480646787,2.5653571573879503,full RL,0.01875
of_nogate,OF-MPC pretrained no gate,OF no gate,1,20260619_131649,114,90400,91200,800,-4.07431858474587,-3259.454867796696,-4.07431858474587,-3259.454867796696,0.0,0.0,48,0.06,48,0.06,0,0.0,0,0.0,0,0,0,0,0,0,0,0,0,0,0,7,-63.99272058552219,0.0,0.1580010165426593,2.5476470272183747,0.1144445996209992,0.2015574334643194,1.075289745568639,2.5476470272183747,full RL,0.06
of_nogate,OF-MPC pretrained no gate,OF no gate,1,20260619_131649,115,91200,92000,800,-4.078348603036204,-3262.678882428964,-4.078348603036204,-3262.678882428964,0.0,0.0,16,0.02,16,0.02,0,0.0,0,0.0,0,0,0,0,0,0,0,0,0,0,0,8,-59.64591952413582,0.0,0.1586839035194777,2.58868287653587,0.1140880900665257,0.2032797169724297,1.0751814939550526,2.58868287653587,full RL,0.02
of_nogate,OF-MPC pretrained no gate,OF no gate,1,20260619_131649,116,92000,92800,800,-4.084503312689776,-3267.602650151821,-4.084503312689776,-3267.602650151821,0.0,0.0,31,0.03875,31,0.03875,0,0.0,0,0.0,0,0,0,0,0,0,0,0,0,0,0,7,-62.02266684361052,0.0,0.159271918224498,2.585248710857627,0.1143672745214199,0.2041765619275761,1.0752175710177547,2.585248710857627,full RL,0.03875
of_nogate,OF-MPC pretrained no gate,OF no gate,1,20260619_131649,117,92800,93600,800,-4.140814934960144,-3312.6519479681147,-4.140814934960144,-3312.6519479681147,0.0,0.0,21,0.02625,21,0.02625,0,0.0,0,0.0,0,0,0,0,0,0,0,0,0,0,0,5,-66.49790405369254,0.0,0.1578967648754398,2.5938314383810166,0.115772979118622,0.2000205506322576,1.0869903989806482,2.5938314383810166,full RL,0.02625
of_nogate,OF-MPC pretrained no gate,OF no gate,1,20260619_131649,118,93600,94400,800,-4.083339965477318,-3266.671972381854,-4.083339965477318,-3266.671972381854,0.0,0.0,40,0.05,40,0.05,0,0.0,0,0.0,0,0,0,0,0,0,0,0,0,0,0,8,-61.79283290010744,0.0,0.1566566202450998,2.488453841626324,0.1145251550559265,0.1987880854342731,1.0733748546251864,2.488453841626324,full RL,0.05
of_nogate,OF-MPC pretrained no gate,OF no gate,1,20260619_131649,119,94400,95200,800,-4.032692939776476,-3226.154351821181,-4.032692939776476,-3226.154351821181,0.0,0.0,8,0.01,8,0.01,0,0.0,0,0.0,0,0,0,0,0,0,0,0,0,0,0,7,-65.70280626660326,0.0,0.1555373467278427,2.555017855450899,0.1139457656443421,0.1971289278113434,1.0688762452221048,2.555017855450899,full RL,0.01
of_nogate,OF-MPC pretrained no gate,OF no gate,1,20260619_131649,120,95200,96000,800,-4.042537613486392,-3234.0300907891133,-4.042537613486392,-3234.0300907891133,0.0,0.0,14,0.0175,14,0.0175,0,0.0,0,0.0,0,0,0,0,0,0,0,0,0,0,0,7,-62.248254527500535,0.0,0.1550058858421918,2.428356737506874,0.1142669074008257,0.195744864283558,1.0727713462449686,2.428356737506874,full RL,0.0175
of_nogate,OF-MPC pretrained no gate,OF no gate,1,20260619_131649,121,96000,96800,800,-4.10751595742303,-3286.0127659384243,-4.10751595742303,-3286.0127659384243,0.0,0.0,9,0.01125,9,0.01125,0,0.0,0,0.0,0,0,0,0,0,0,0,0,0,0,0,6,-63.772518614540445,0.0,0.1581834933191057,2.618116750374668,0.1149769623753692,0.2013900242628422,1.0778047543344589,2.618116750374668,full RL,0.01125
of_nogate,OF-MPC pretrained no gate,OF no gate,1,20260619_131649,122,96800,97600,800,-4.111200608412134,-3288.960486729708,-4.111200608412134,-3288.960486729708,0.0,0.0,11,0.01375,11,0.01375,0,0.0,0,0.0,0,0,0,0,0,0,0,0,0,0,0,7,-62.18825542865352,0.0,0.1590104986360946,2.611235345921557,0.1146104898559895,0.2034105074161998,1.075543500042202,2.611235345921557,full RL,0.01375
of_nogate,OF-MPC pretrained no gate,OF no gate,1,20260619_131649,123,97600,98400,800,-4.065375818799831,-3252.300655039865,-4.065375818799831,-3252.300655039865,0.0,0.0,12,0.015,12,0.015,0,0.0,0,0.0,0,0,0,0,0,0,0,0,0,0,0,7,-60.379113577665976,0.0,0.1583491822860787,2.585514676190769,0.1139962786552908,0.2027020859168667,1.0773449544982632,2.585514676190769,full RL,0.015
of_nogate,OF-MPC pretrained no gate,OF no gate,1,20260619_131649,124,98400,99200,800,-4.075159051240175,-3260.12724099214,-4.075159051240175,-3260.12724099214,0.0,0.0,11,0.01375,11,0.01375,0,0.0,0,0.0,0,0,0,0,0,0,0,0,0,0,0,6,-60.98897333195964,0.0,0.1552144389430332,2.521511457465806,0.11474808562025,0.1956807922658165,1.079330259227095,2.521511457465806,full RL,0.01375
of_nogate,OF-MPC pretrained no gate,OF no gate,1,20260619_131649,125,99200,100000,800,-4.535622476663101,-3628.497981330481,-4.535622476663101,-3628.497981330481,0.0,0.0,60,0.075,60,0.075,0,0.0,0,0.0,0,0,0,0,0,0,0,0,0,0,0,8,-65.35159173839702,0.0,0.1743619676856329,2.574355178198573,0.1183467555462743,0.2303771798249915,1.081605269269247,2.574355178198573,full RL,0.075
of_nogate,OF-MPC pretrained no gate,OF no gate,1,20260619_131649,126,100000,100800,800,-4.633126674086115,-3706.501339268892,-4.633126674086115,-3706.501339268892,0.0,0.0,12,0.015,12,0.015,0,0.0,0,0.0,0,0,0,0,0,0,0,0,0,0,0,9,-59.5823227611138,0.0,0.1756424774159999,2.5503875714582023,0.1161878569328608,0.2350970978991391,1.0950458022702343,2.5503875714582023,full RL,0.015
of_nogate,OF-MPC pretrained no gate,OF no gate,1,20260619_131649,127,100800,101600,800,-5.644440910110887,-4515.55272808871,-5.644440910110887,-4515.55272808871,0.0,0.0,41,0.05125,41,0.05125,0,0.0,0,0.0,0,0,0,0,0,0,0,0,0,0,0,2,-72.33169925832806,0.0,0.2687139883544239,2.536529730136124,0.1172952293099292,0.4201327473989186,1.0815168030781996,2.536529730136124,full RL,0.05125
of_nogate,OF-MPC pretrained no gate,OF no gate,1,20260619_131649,128,101600,102400,800,-4.2078244732541386,-3366.2595786033107,-4.2078244732541386,-3366.2595786033107,0.0,0.0,40,0.05,40,0.05,0,0.0,0,0.0,0,0,0,0,0,0,0,0,0,0,0,6,-62.56905581148203,0.0,0.1571028105847991,2.5239687642155677,0.1158062584709615,0.1983993626986367,1.084321664080306,2.5239687642155677,full RL,0.05
of_nogate,OF-MPC pretrained no gate,OF no gate,1,20260619_131649,129,102400,103200,800,-4.205298279532027,-3364.2386236256216,-4.205298279532027,-3364.2386236256216,0.0,0.0,7,0.00875,7,0.00875,0,0.0,0,0.0,0,0,0,0,0,0,0,0,0,0,0,5,-65.97359737530815,0.0,0.1575673462631349,2.5561581252288192,0.1157297869764425,0.1994049055498272,1.0844090024053847,2.5561581252288192,full RL,0.00875
of_nogate,OF-MPC pretrained no gate,OF no gate,1,20260619_131649,130,103200,104000,800,-4.235526079203982,-3388.420863363186,-4.235526079203982,-3388.420863363186,0.0,0.0,73,0.09125,73,0.09125,0,0.0,0,0.0,0,0,0,0,0,0,0,0,0,0,0,6,-63.00173484735137,0.0,0.1618102383867833,2.582988581503514,0.1166331357038875,0.2069873410696791,1.0957414700055712,2.582988581503514,full RL,0.09125
of_nogate,OF-MPC pretrained no gate,OF no gate,1,20260619_131649,131,104000,104800,800,-4.149122715385599,-3319.2981723084795,-4.149122715385599,-3319.2981723084795,0.0,0.0,10,0.0125,10,0.0125,0,0.0,0,0.0,0,0,0,0,0,0,0,0,0,0,0,7,-64.55495011938513,0.0,0.1586821615753503,2.619261330290442,0.1158747535486977,0.2014895696020029,1.0903155879266904,2.619261330290442,full RL,0.0125
of_nogate,OF-MPC pretrained no gate,OF no gate,1,20260619_131649,132,104800,105600,800,-4.188359965937708,-3350.6879727501664,-4.188359965937708,-3350.6879727501664,0.0,0.0,20,0.025,20,0.025,0,0.0,0,0.0,0,0,0,0,0,0,0,0,0,0,0,7,-64.06678781347011,0.0,0.1608728976315917,2.621306131711321,0.1160648557869555,0.2056809394762278,1.0923489685495986,2.621306131711321,full RL,0.025
of_nogate,OF-MPC pretrained no gate,OF no gate,1,20260619_131649,133,105600,106400,800,-4.1767867118079,-3341.42936944632,-4.1767867118079,-3341.42936944632,0.0,0.0,15,0.01875,15,0.01875,0,0.0,0,0.0,0,0,0,0,0,0,0,0,0,0,0,6,-62.71633116157148,0.0,0.1573197034760356,2.5624128670145296,0.1163919388617815,0.1982474680902896,1.091191067089286,2.5624128670145296,full RL,0.01875
of_nogate,OF-MPC pretrained no gate,OF no gate,1,20260619_131649,134,106400,107200,800,-4.143421193602438,-3314.7369548819506,-4.143421193602438,-3314.7369548819506,0.0,0.0,12,0.015,12,0.015,0,0.0,0,0.0,0,0,0,0,0,0,0,0,0,0,0,7,-60.824957931610015,0.0,0.1575034513476713,2.5532566435815056,0.1156211258893812,0.1993857768059614,1.086616615711487,2.5532566435815056,full RL,0.015
of_nogate,OF-MPC pretrained no gate,OF no gate,1,20260619_131649,135,107200,108000,800,-4.171964174287657,-3337.5713394301256,-4.171964174287657,-3337.5713394301256,0.0,0.0,19,0.02375,19,0.02375,0,0.0,0,0.0,0,0,0,0,0,0,0,0,0,0,0,7,-63.27275619458146,0.0,0.156647662966815,2.529294092829105,0.115855688166627,0.197439637767003,1.0897681633248557,2.529294092829105,full RL,0.02375
of_nogate,OF-MPC pretrained no gate,OF no gate,1,20260619_131649,136,108000,108800,800,-4.128912890162009,-3303.130312129607,-4.128912890162009,-3303.130312129607,0.0,0.0,27,0.03375,27,0.03375,0,0.0,0,0.0,0,0,0,0,0,0,0,0,0,0,0,7,-62.764076110869496,0.0,0.158859085772638,2.578406950679721,0.1155076600888526,0.2022105114564233,1.090526534341882,2.578406950679721,full RL,0.03375
of_nogate,OF-MPC pretrained no gate,OF no gate,1,20260619_131649,137,108800,109600,800,-4.157144012568829,-3325.7152100550634,-4.157144012568829,-3325.7152100550634,0.0,0.0,19,0.02375,19,0.02375,0,0.0,0,0.0,0,0,0,0,0,0,0,0,0,0,0,6,-60.62460871696396,0.0,0.157382573786311,2.490859876438549,0.116262218737283,0.198502928835339,1.0903060772536617,2.490859876438549,full RL,0.02375
of_nogate,OF-MPC pretrained no gate,OF no gate,1,20260619_131649,138,109600,110400,800,-4.096396227632894,-3277.1169821063154,-4.096396227632894,-3277.1169821063154,0.0,0.0,14,0.0175,14,0.0175,0,0.0,0,0.0,0,0,0,0,0,0,0,0,0,0,0,6,-61.28768478624431,0.0,0.1560860033386236,2.5400321240239805,0.1153146964272598,0.1968573102499874,1.0840263233247254,2.5400321240239805,full RL,0.0175
of_nogate,OF-MPC pretrained no gate,OF no gate,1,20260619_131649,139,110400,111200,800,-4.103765156841049,-3283.0121254728388,-4.103765156841049,-3283.0121254728388,0.0,0.0,31,0.03875,31,0.03875,0,0.0,0,0.0,0,0,0,0,0,0,0,0,0,0,0,7,-63.8823211249744,0.0,0.158021679730251,2.5764359836464905,0.1151538388883724,0.2008895205721297,1.0889681903255437,2.5764359836464905,full RL,0.03875
of_nogate,OF-MPC pretrained no gate,OF no gate,1,20260619_131649,140,111200,112000,800,-4.096627779615239,-3277.302223692191,-4.096627779615239,-3277.302223692191,0.0,0.0,12,0.015,12,0.015,0,0.0,0,0.0,0,0,0,0,0,0,0,0,0,0,0,8,-62.28607937094489,0.0,0.159546862309936,2.592682028508534,0.1146521460493522,0.2044415785705198,1.0903000173334028,2.592682028508534,full RL,0.015
of_nogate,OF-MPC pretrained no gate,OF no gate,1,20260619_131649,141,112000,112800,800,-4.098351222418031,-3278.680977934425,-4.098351222418031,-3278.680977934425,0.0,0.0,16,0.02,16,0.02,0,0.0,0,0.0,0,0,0,0,0,0,0,0,0,0,0,8,-63.43858481146481,0.0,0.1603947070739771,2.600202233449977,0.1144743492971057,0.2063150648508485,1.0787338688649712,2.600202233449977,full RL,0.02
of_nogate,OF-MPC pretrained no gate,OF no gate,1,20260619_131649,142,112800,113600,800,-4.100499697859932,-3280.3997582879456,-4.100499697859932,-3280.3997582879456,0.0,0.0,12,0.015,12,0.015,0,0.0,0,0.0,0,0,0,0,0,0,0,0,0,0,0,7,-65.32907309552058,0.0,0.1583518081047396,2.553782891344724,0.1143723564488792,0.2023312597606,1.0768831866169766,2.553782891344724,full RL,0.015
of_nogate,OF-MPC pretrained no gate,OF no gate,1,20260619_131649,143,113600,114400,800,-4.095865680836481,-3276.6925446691853,-4.095865680836481,-3276.6925446691853,0.0,0.0,12,0.015,12,0.015,0,0.0,0,0.0,0,0,0,0,0,0,0,0,0,0,0,8,-65.42849965091932,0.0,0.1598675328231509,2.639373228813952,0.1147781208806878,0.204956944765614,1.0803321675234057,2.639373228813952,full RL,0.015
of_nogate,OF-MPC pretrained no gate,OF no gate,1,20260619_131649,144,114400,115200,800,-50.046927240347976,-40037.54179227838,-50.046927240347976,-40037.54179227838,0.0,0.0,19,0.02375,19,0.02375,0,0.0,0,0.0,0,0,0,0,0,0,0,0,0,0,0,8,-75.75963526834914,0.0,0.7175442658483437,4.327283624060954,0.3941209979654396,1.0409675337312478,1.661777657907073,4.327283624060954,full RL,0.02375
of_nogate,OF-MPC pretrained no gate,OF no gate,1,20260619_131649,145,115200,116000,800,-4.12501625902682,-3300.013007221456,-4.12501625902682,-3300.013007221456,0.0,0.0,14,0.0175,14,0.0175,0,0.0,0,0.0,0,0,0,0,0,0,0,0,0,0,0,4,-62.62099627037867,0.0,0.1561471418799173,2.5361662477170626,0.1151804160132958,0.1971138677465388,1.0870763277515,2.5361662477170626,full RL,0.0175
of_nogate,OF-MPC pretrained no gate,OF no gate,1,20260619_131649,146,116000,116800,800,-4.1623843720637685,-3329.907497651014,-4.1623843720637685,-3329.907497651014,0.0,0.0,12,0.015,12,0.015,0,0.0,0,0.0,0,0,0,0,0,0,0,0,0,0,0,5,-62.516375497324816,0.0,0.164975275998965,2.567643467831488,0.114845650173016,0.2151049018249141,1.0940564836524893,2.567643467831488,full RL,0.015
of_nogate,OF-MPC pretrained no gate,OF no gate,1,20260619_131649,147,116800,117600,800,-4.079333209842884,-3263.4665678743067,-4.079333209842884,-3263.4665678743067,0.0,0.0,20,0.025,20,0.025,0,0.0,0,0.0,0,0,0,0,0,0,0,0,0,0,0,8,-63.735140546419416,0.0,0.1620796355510303,2.559152473197287,0.1138476026637899,0.2103116684382707,1.0740125879056053,2.559152473197287,full RL,0.025
of_nogate,OF-MPC pretrained no gate,OF no gate,1,20260619_131649,148,117600,118400,800,-4.013353254283911,-3210.682603427129,-4.013353254283911,-3210.682603427129,0.0,0.0,10,0.0125,10,0.0125,0,0.0,0,0.0,0,0,0,0,0,0,0,0,0,0,0,7,-62.08290889231239,0.0,0.1602581842851803,2.572204520512116,0.1130472389568071,0.2074691296135535,1.071541510125789,2.572204520512116,full RL,0.0125
of_nogate,OF-MPC pretrained no gate,OF no gate,1,20260619_131649,149,118400,119200,800,-4.00531581320258,-3204.2526505620644,-4.00531581320258,-3204.2526505620644,0.0,0.0,29,0.03625,29,0.03625,0,0.0,0,0.0,0,0,0,0,0,0,0,0,0,0,0,6,-62.68589815222265,0.0,0.1597174040473569,2.553095038521008,0.1127898624708559,0.2066449456238578,1.0728353074541528,2.553095038521008,full RL,0.03625
of_nogate,OF-MPC pretrained no gate,OF no gate,1,20260619_131649,150,119200,120000,800,-4.063150405682295,-3250.520324545836,-4.063150405682295,-3250.520324545836,0.0,0.0,21,0.02625,21,0.02625,0,0.0,0,0.0,0,0,0,0,0,0,0,0,0,0,0,5,-65.64163301326971,0.0,0.1624429872771337,2.599363961936149,0.113425925037736,0.2114600495165313,1.0741835349915565,2.599363961936149,full RL,0.02625
of_nogate,OF-MPC pretrained no gate,OF no gate,1,20260619_131649,151,120000,120800,800,-3.9779151960477535,-3182.3321568382034,-3.9779151960477535,-3182.3321568382034,0.0,0.0,18,0.0225,18,0.0225,0,0.0,0,0.0,0,0,0,0,0,0,0,0,0,0,0,7,-63.51215842381748,0.0,0.1587148351468432,2.5459818386459574,0.1126860656633524,0.204743604630334,1.0792427063573924,2.5459818386459574,full RL,0.0225
of_nogate,OF-MPC pretrained no gate,OF no gate,1,20260619_131649,152,120800,121600,800,-4.067528718042651,-3254.0229744341214,-4.067528718042651,-3254.0229744341214,0.0,0.0,13,0.01625,13,0.01625,0,0.0,0,0.0,0,0,0,0,0,0,0,0,0,0,0,7,-65.51311420028969,0.0,0.1603150257027317,2.5754202407862863,0.1140906057942266,0.2065394456112367,1.083149394326953,2.5754202407862863,full RL,0.01625
of_nogate,OF-MPC pretrained no gate,OF no gate,1,20260619_131649,153,121600,122400,800,-4.00551375431482,-3204.411003451856,-4.00551375431482,-3204.411003451856,0.0,0.0,13,0.01625,13,0.01625,0,0.0,0,0.0,0,0,0,0,0,0,0,0,0,0,0,6,-64.01705603350717,0.0,0.1582733001133832,2.5577764473960656,0.113126107778069,0.2034204924486973,1.0715914174629426,2.5577764473960656,full RL,0.01625
of_nogate,OF-MPC pretrained no gate,OF no gate,1,20260619_131649,154,122400,123200,800,-3.980413672586394,-3184.3309380691157,-3.980413672586394,-3184.3309380691157,0.0,0.0,16,0.02,16,0.02,0,0.0,0,0.0,0,0,0,0,0,0,0,0,0,0,0,6,-64.69016460013995,0.0,0.1560715259378178,2.5449340113387398,0.113136237384031,0.1990068144916046,1.076526295653609,2.5449340113387398,full RL,0.02
of_nogate,OF-MPC pretrained no gate,OF no gate,1,20260619_131649,155,123200,124000,800,-4.130074330109768,-3304.0594640878144,-4.130074330109768,-3304.0594640878144,0.0,0.0,11,0.01375,11,0.01375,0,0.0,0,0.0,0,0,0,0,0,0,0,0,0,0,0,6,-63.66028872691516,0.0,0.1597902833311543,2.58879716798549,0.1149717388834037,0.2046088277789048,1.0945026353601484,2.58879716798549,full RL,0.01375
of_nogate,OF-MPC pretrained no gate,OF no gate,1,20260619_131649,156,124000,124800,800,-4.30324000634615,-3442.59200507692,-4.30324000634615,-3442.59200507692,0.0,0.0,13,0.01625,13,0.01625,0,0.0,0,0.0,0,0,0,0,0,0,0,0,0,0,0,7,-54.1882268861832,0.0,0.1742359352113893,2.755777526375084,0.1171372178851401,0.2313346525376385,1.087212659956286,2.755777526375084,full RL,0.01625
of_nogate,OF-MPC pretrained no gate,OF no gate,1,20260619_131649,157,124800,125600,800,-3.948779773002378,-3159.023818401902,-3.948779773002378,-3159.023818401902,0.0,0.0,12,0.015,12,0.015,0,0.0,0,0.0,0,0,0,0,0,0,0,0,0,0,0,5,-67.86463602123717,0.0,0.153735405078752,2.5288559979142637,0.1129219977790441,0.1945488123784599,1.073001331605106,2.5288559979142637,full RL,0.015
of_nogate,OF-MPC pretrained no gate,OF no gate,1,20260619_131649,158,125600,126400,800,-3.990056704234477,-3192.0453633875813,-3.990056704234477,-3192.0453633875813,0.0,0.0,21,0.02625,21,0.02625,0,0.0,0,0.0,0,0,0,0,0,0,0,0,0,0,0,6,-66.23010629082285,0.0,0.1561296945461769,2.564972273318972,0.1132603748370941,0.1989990142552598,1.0738060492204269,2.564972273318972,full RL,0.02625
of_nogate,OF-MPC pretrained no gate,OF no gate,1,20260619_131649,159,126400,127200,800,-3.9620480720005857,-3169.6384576004684,-3.9620480720005857,-3169.6384576004684,0.0,0.0,9,0.01125,9,0.01125,0,0.0,0,0.0,0,0,0,0,0,0,0,0,0,0,0,5,-64.09315444258459,0.0,0.1554825196562772,2.58532314305927,0.113089839512135,0.1978751998004195,1.0736265913787857,2.58532314305927,full RL,0.01125
of_nogate,OF-MPC pretrained no gate,OF no gate,1,20260619_131649,160,127200,128000,800,-3.975728679442904,-3180.582943554323,-3.975728679442904,-3180.582943554323,0.0,0.0,7,0.00875,7,0.00875,0,0.0,0,0.0,0,0,0,0,0,0,0,0,0,0,0,6,-66.31813393504171,0.0,0.1551903595043245,2.5923319668755767,0.1137103271027399,0.1966703919059092,1.0806858591338533,2.5923319668755767,full RL,0.00875
of_nogate,OF-MPC pretrained no gate,OF no gate,1,20260619_131649,161,128000,128800,800,-4.008069721901536,-3206.455777521229,-4.008069721901536,-3206.455777521229,0.0,0.0,10,0.0125,10,0.0125,0,0.0,0,0.0,0,0,0,0,0,0,0,0,0,0,0,6,-67.34953695845843,0.0,0.1567457029669177,2.5899367093093133,0.1138305414398417,0.1996608644939937,1.0761061272961985,2.5899367093093133,full RL,0.0125
of_nogate,OF-MPC pretrained no gate,OF no gate,1,20260619_131649,162,128800,129600,800,-4.003293715190751,-3202.634972152601,-4.003293715190751,-3202.634972152601,0.0,0.0,22,0.0275,22,0.0275,0,0.0,0,0.0,0,0,0,0,0,0,0,0,0,0,0,5,-69.80722356437559,0.0,0.1583575620741264,2.5807076565753846,0.1132107745999781,0.2035043495482746,1.0715818076799772,2.5807076565753846,full RL,0.0275
of_nogate,OF-MPC pretrained no gate,OF no gate,1,20260619_131649,163,129600,130400,800,-4.036942575205118,-3229.554060164094,-4.036942575205118,-3229.554060164094,0.0,0.0,10,0.0125,10,0.0125,0,0.0,0,0.0,0,0,0,0,0,0,0,0,0,0,0,6,-68.61060540280869,0.0,0.1572181410005191,2.582288451228635,0.1142512746662654,0.2001850073347727,1.0866881422700447,2.582288451228635,full RL,0.0125
of_nogate,OF-MPC pretrained no gate,OF no gate,1,20260619_131649,164,130400,131200,800,-3.982815344421634,-3186.252275537307,-3.982815344421634,-3186.252275537307,0.0,0.0,13,0.01625,13,0.01625,0,0.0,0,0.0,0,0,0,0,0,0,0,0,0,0,0,7,-66.93742594699916,0.0,0.1556502378719169,2.5403939755120177,0.1132798451745867,0.1980206305692471,1.0751154989605198,2.5403939755120177,full RL,0.01625
of_nogate,OF-MPC pretrained no gate,OF no gate,1,20260619_131649,165,131200,132000,800,-3.9850793781841696,-3188.063502547336,-3.9850793781841696,-3188.063502547336,0.0,0.0,18,0.0225,18,0.0225,0,0.0,0,0.0,0,0,0,0,0,0,0,0,0,0,0,6,-69.20419765294764,0.0,0.1550463315534994,2.581619684482348,0.1132003774981334,0.1968922856088654,1.0787866847014818,2.581619684482348,full RL,0.0225
of_nogate,OF-MPC pretrained no gate,OF no gate,1,20260619_131649,166,132000,132800,800,-3.9341317805095626,-3147.30542440765,-3.9341317805095626,-3147.30542440765,0.0,0.0,9,0.01125,9,0.01125,0,0.0,0,0.0,0,0,0,0,0,0,0,0,0,0,0,6,-67.1178243365639,0.0,0.1540379492627326,2.5776976266523093,0.1127394426951816,0.1953364558302837,1.0750917165099063,2.5776976266523093,full RL,0.01125
of_nogate,OF-MPC pretrained no gate,OF no gate,1,20260619_131649,167,132800,133600,800,-4.022934147589289,-3218.347318071431,-4.022934147589289,-3218.347318071431,0.0,0.0,19,0.02375,19,0.02375,0,0.0,0,0.0,0,0,0,0,0,0,0,0,0,0,0,5,-70.1470843126657,0.0,0.1553561371061416,2.577521427391161,0.1138849874469118,0.1968272867653715,1.076494126342317,2.577521427391161,full RL,0.02375
of_nogate,OF-MPC pretrained no gate,OF no gate,1,20260619_131649,168,133600,134400,800,-3.9834127936296335,-3186.730234903707,-3.9834127936296335,-3186.730234903707,0.0,0.0,16,0.02,16,0.02,0,0.0,0,0.0,0,0,0,0,0,0,0,0,0,0,0,8,-63.29346615474435,0.0,0.1572485416331878,2.6209467604468277,0.1129263750877779,0.2015707081785978,1.0709766444557167,2.6209467604468277,full RL,0.02
of_nogate,OF-MPC pretrained no gate,OF no gate,1,20260619_131649,169,134400,135200,800,-4.016059181814398,-3212.8473454515183,-4.016059181814398,-3212.8473454515183,0.0,0.0,16,0.02,16,0.02,0,0.0,0,0.0,0,0,0,0,0,0,0,0,0,0,0,6,-66.46353709796915,0.0,0.1553580453090703,2.558195385074441,0.1142824149639133,0.1964336756542272,1.0772212206346592,2.558195385074441,full RL,0.02
of_nogate,OF-MPC pretrained no gate,OF no gate,1,20260619_131649,170,135200,136000,800,-4.000450564546789,-3200.3604516374307,-4.000450564546789,-3200.3604516374307,0.0,0.0,17,0.02125,17,0.02125,0,0.0,0,0.0,0,0,0,0,0,0,0,0,0,0,0,7,-69.05806039997196,0.0,0.1557493155233291,2.514673421062924,0.11286500073639,0.1986336303102682,1.0749070486364922,2.514673421062924,full RL,0.02125
of_nogate,OF-MPC pretrained no gate,OF no gate,1,20260619_131649,171,136000,136800,800,-3.919741163175315,-3135.792930540252,-3.919741163175315,-3135.792930540252,0.0,0.0,18,0.0225,18,0.0225,0,0.0,0,0.0,0,0,0,0,0,0,0,0,0,0,0,5,-66.89765891551701,0.0,0.1540704142447674,2.558392035216059,0.1126535333577747,0.1954872951317601,1.0786700641732296,2.558392035216059,full RL,0.0225
of_nogate,OF-MPC pretrained no gate,OF no gate,1,20260619_131649,172,136800,137600,800,-3.9892761395473535,-3191.420911637884,-3.9892761395473535,-3191.420911637884,0.0,0.0,13,0.01625,13,0.01625,0,0.0,0,0.0,0,0,0,0,0,0,0,0,0,0,0,6,-68.67206489087766,0.0,0.1564461788628431,2.563478182846495,0.1126901360441986,0.2002022216814877,1.0763813360578998,2.563478182846495,full RL,0.01625
of_nogate,OF-MPC pretrained no gate,OF no gate,1,20260619_131649,173,137600,138400,800,-4.018533974975963,-3214.82717998077,-4.018533974975963,-3214.82717998077,0.0,0.0,8,0.01,8,0.01,0,0.0,0,0.0,0,0,0,0,0,0,0,0,0,0,0,6,-70.26207682612858,0.0,0.1565026150522015,2.548838113665681,0.1135333030237507,0.1994719270806523,1.079110456632249,2.548838113665681,full RL,0.01
of_nogate,OF-MPC pretrained no gate,OF no gate,1,20260619_131649,174,138400,139200,800,-3.940911787194393,-3152.7294297555145,-3.940911787194393,-3152.7294297555145,0.0,0.0,10,0.0125,10,0.0125,0,0.0,0,0.0,0,0,0,0,0,0,0,0,0,0,0,6,-64.5033861522968,0.0,0.1547904128855357,2.570769598204322,0.113020913259401,0.1965599125116704,1.0753204709497406,2.570769598204322,full RL,0.0125
of_nogate,OF-MPC pretrained no gate,OF no gate,1,20260619_131649,175,139200,140000,800,-3.9535413996685502,-3162.83311973484,-3.9535413996685502,-3162.83311973484,0.0,0.0,15,0.01875,15,0.01875,0,0.0,0,0.0,0,0,0,0,0,0,0,0,0,0,0,7,-66.2143076017635,0.0,0.1546117039100097,2.5408687697346863,0.1129291419534088,0.1962942658666105,1.0730825849294985,2.5408687697346863,full RL,0.01875
of_nogate,OF-MPC pretrained no gate,OF no gate,1,20260619_131649,176,140000,140800,800,-4.010885356088743,-3208.7082848709942,-4.010885356088743,-3208.7082848709942,0.0,0.0,13,0.01625,13,0.01625,0,0.0,0,0.0,0,0,0,0,0,0,0,0,0,0,0,6,-70.08637453046572,0.0,0.1558399832558348,2.5412111090337817,0.1134154952308032,0.1982644712808665,1.082259223160016,2.5412111090337817,full RL,0.01625
of_nogate,OF-MPC pretrained no gate,OF no gate,1,20260619_131649,177,140800,141600,800,-4.028532337130024,-3222.825869704019,-4.028532337130024,-3222.825869704019,0.0,0.0,8,0.01,8,0.01,0,0.0,0,0.0,0,0,0,0,0,0,0,0,0,0,0,7,-67.95285327646195,0.0,0.1581097829121137,2.587913990639493,0.1132349712498164,0.2029845945744109,1.077378933073771,2.587913990639493,full RL,0.01
of_nogate,OF-MPC pretrained no gate,OF no gate,1,20260619_131649,178,141600,142400,800,-3.924330800401025,-3139.46464032082,-3.924330800401025,-3139.46464032082,0.0,0.0,12,0.015,12,0.015,0,0.0,0,0.0,0,0,0,0,0,0,0,0,0,0,0,7,-68.62341523008524,0.0,0.1538929623256832,2.5687503567550607,0.1129983599324199,0.1947875647189464,1.0751264923868846,2.5687503567550607,full RL,0.015
of_nogate,OF-MPC pretrained no gate,OF no gate,1,20260619_131649,179,142400,143200,800,-3.934437082876912,-3147.549666301529,-3.934437082876912,-3147.549666301529,0.0,0.0,13,0.01625,13,0.01625,0,0.0,0,0.0,0,0,0,0,0,0,0,0,0,0,0,7,-68.17346323900165,0.0,0.1548052320961873,2.592043492846642,0.1129410949089624,0.1966693692834123,1.075230793361431,2.592043492846642,full RL,0.01625
of_nogate,OF-MPC pretrained no gate,OF no gate,1,20260619_131649,180,143200,144000,800,-3.951133884397184,-3160.9071075177467,-3.951133884397184,-3160.9071075177467,0.0,0.0,10,0.0125,10,0.0125,0,0.0,0,0.0,0,0,0,0,0,0,0,0,0,0,0,5,-69.28987001541543,0.0,0.1535750764955961,2.551967098605644,0.112981690780319,0.1941684622108731,1.070490099061674,2.551967098605644,full RL,0.0125
of_nogate,OF-MPC pretrained no gate,OF no gate,1,20260619_131649,181,144000,144800,800,-3.961755841234307,-3169.4046729874453,-3.961755841234307,-3169.4046729874453,0.0,0.0,10,0.0125,10,0.0125,0,0.0,0,0.0,0,0,0,0,0,0,0,0,0,0,0,6,-69.1900357958475,0.0,0.154609431573316,2.5736741170670143,0.1130370702393758,0.1961817929072562,1.073406873584585,2.5736741170670143,full RL,0.0125
of_nogate,OF-MPC pretrained no gate,OF no gate,1,20260619_131649,182,144800,145600,800,-3.95449005579834,-3163.592044638672,-3.95449005579834,-3163.592044638672,0.0,0.0,17,0.02125,17,0.02125,0,0.0,0,0.0,0,0,0,0,0,0,0,0,0,0,0,7,-68.89295494000044,0.0,0.156984320060252,2.589207495922153,0.1125454612450714,0.2014231788754325,1.0709500388771969,2.589207495922153,full RL,0.02125
of_nogate,OF-MPC pretrained no gate,OF no gate,1,20260619_131649,183,145600,146400,800,-3.9206463479414464,-3136.517078353157,-3.9206463479414464,-3136.517078353157,0.0,0.0,9,0.01125,9,0.01125,0,0.0,0,0.0,0,0,0,0,0,0,0,0,0,0,0,7,-68.93297899442018,0.0,0.1533610138758771,2.5454314300682768,0.1123848195850788,0.1943372081666754,1.068651229568736,2.5454314300682768,full RL,0.01125
of_nogate,OF-MPC pretrained no gate,OF no gate,1,20260619_131649,184,146400,147200,800,-3.943320757011391,-3154.656605609113,-3.943320757011391,-3154.656605609113,0.0,0.0,15,0.01875,15,0.01875,0,0.0,0,0.0,0,0,0,0,0,0,0,0,0,0,0,7,-68.44790657206545,0.0,0.1541535477686981,2.568342874499649,0.1130192870053862,0.19528780853201,1.072289597842841,2.568342874499649,full RL,0.01875
of_nogate,OF-MPC pretrained no gate,OF no gate,1,20260619_131649,185,147200,148000,800,-3.974161462914193,-3179.3291703313544,-3.974161462914193,-3179.3291703313544,0.0,0.0,9,0.01125,9,0.01125,0,0.0,0,0.0,0,0,0,0,0,0,0,0,0,0,0,5,-70.03836003192862,0.0,0.1542391324708346,2.5540457701181367,0.1132584647464936,0.1952198001951755,1.0712477274447694,2.5540457701181367,full RL,0.01125
of_nogate,OF-MPC pretrained no gate,OF no gate,1,20260619_131649,186,148000,148800,800,-3.924126215305063,-3139.30097224405,-3.924126215305063,-3139.30097224405,0.0,0.0,10,0.0125,10,0.0125,0,0.0,0,0.0,0,0,0,0,0,0,0,0,0,0,0,6,-68.79826499943874,0.0,0.1543235793935701,2.5773474029043086,0.1127062388321126,0.1959409199550275,1.0723718996256904,2.5773474029043086,full RL,0.0125
of_nogate,OF-MPC pretrained no gate,OF no gate,1,20260619_131649,187,148800,149600,800,-3.961369377590316,-3169.095502072253,-3.961369377590316,-3169.095502072253,0.0,0.0,11,0.01375,11,0.01375,0,0.0,0,0.0,0,0,0,0,0,0,0,0,0,0,0,6,-69.42209273860988,0.0,0.1545890969720174,2.557995125942284,0.1133491150549032,0.1958290788891316,1.0760910624881643,2.557995125942284,full RL,0.01375
of_nogate,OF-MPC pretrained no gate,OF no gate,1,20260619_131649,188,149600,150400,800,-3.9771262224058863,-3181.700977924709,-3.9771262224058863,-3181.700977924709,0.0,0.0,11,0.01375,11,0.01375,0,0.0,0,0.0,0,0,0,0,0,0,0,0,0,0,0,6,-69.52597962951336,0.0,0.1557846821978337,2.561515416230577,0.1134228568660287,0.1981465075296386,1.0762087559135425,2.561515416230577,full RL,0.01375
of_nogate,OF-MPC pretrained no gate,OF no gate,1,20260619_131649,189,150400,151200,800,-3.997921974693376,-3198.3375797547005,-3.997921974693376,-3198.3375797547005,0.0,0.0,11,0.01375,11,0.01375,0,0.0,0,0.0,0,0,0,0,0,0,0,0,0,0,0,5,-69.2365447836296,0.0,0.1555886191926071,2.587932365471829,0.1138783144725836,0.1972989239126307,1.0758122204750111,2.587932365471829,full RL,0.01375
of_nogate,OF-MPC pretrained no gate,OF no gate,1,20260619_131649,190,151200,152000,800,-3.931633412517258,-3145.3067300138064,-3.931633412517258,-3145.3067300138064,0.0,0.0,7,0.00875,7,0.00875,0,0.0,0,0.0,0,0,0,0,0,0,0,0,0,0,0,5,-68.805996506915,0.0,0.1557150990713435,2.60445527603406,0.1126507312153707,0.1987794669273163,1.0737715198241458,2.60445527603406,full RL,0.00875
of_nogate,OF-MPC pretrained no gate,OF no gate,1,20260619_131649,191,152000,152800,800,-3.97881895354714,-3183.055162837712,-3.97881895354714,-3183.055162837712,0.0,0.0,11,0.01375,11,0.01375,0,0.0,0,0.0,0,0,0,0,0,0,0,0,0,0,0,6,-65.4436357385656,0.0,0.154771045820215,2.570656005551939,0.1134474798970464,0.1960946117433835,1.071581046929993,2.570656005551939,full RL,0.01375
of_nogate,OF-MPC pretrained no gate,OF no gate,1,20260619_131649,192,152800,153600,800,-3.9836806613521647,-3186.944529081732,-3.9836806613521647,-3186.944529081732,0.0,0.0,8,0.01,8,0.01,0,0.0,0,0.0,0,0,0,0,0,0,0,0,0,0,0,5,-67.44771695809732,0.0,0.1555860575180515,2.596199660884849,0.1135442400962402,0.1976278749398628,1.0743016533768386,2.596199660884849,full RL,0.01
of_nogate,OF-MPC pretrained no gate,OF no gate,1,20260619_131649,193,153600,154400,800,-3.964090882256235,-3171.272705804988,-3.964090882256235,-3171.272705804988,0.0,0.0,8,0.01,8,0.01,0,0.0,0,0.0,0,0,0,0,0,0,0,0,0,0,0,6,-65.83774630181688,0.0,0.1553994441583871,2.56723493985686,0.1131879587346125,0.1976109295821617,1.0712453034522125,2.56723493985686,full RL,0.01
of_nogate,OF-MPC pretrained no gate,OF no gate,1,20260619_131649,194,154400,155200,800,-3.949472706786601,-3159.5781654292805,-3.949472706786601,-3159.5781654292805,0.0,0.0,9,0.01125,9,0.01125,0,0.0,0,0.0,0,0,0,0,0,0,0,0,0,0,0,6,-68.48477940175849,0.0,0.1540147984938396,2.582146251276413,0.1135944029765692,0.1944351940111101,1.0745225930567854,2.582146251276413,full RL,0.01125
of_nogate,OF-MPC pretrained no gate,OF no gate,1,20260619_131649,195,155200,156000,800,-3.9058877758511663,-3124.710220680933,-3.9058877758511663,-3124.710220680933,0.0,0.0,11,0.01375,11,0.01375,0,0.0,0,0.0,0,0,0,0,0,0,0,0,0,0,0,6,-65.79040379116088,0.0,0.1525138039752266,2.534887736899236,0.1126133698113603,0.1924142381390929,1.0757402817834074,2.534887736899236,full RL,0.01375
of_nogate,OF-MPC pretrained no gate,OF no gate,1,20260619_131649,196,156000,156800,800,-3.968149390783651,-3174.519512626921,-3.968149390783651,-3174.519512626921,0.0,0.0,10,0.0125,10,0.0125,0,0.0,0,0.0,0,0,0,0,0,0,0,0,0,0,0,6,-67.53948605244057,0.0,0.1546583825825802,2.5628272377705343,0.1135601453250776,0.1957566198400828,1.08120285777138,2.5628272377705343,full RL,0.0125
of_nogate,OF-MPC pretrained no gate,OF no gate,1,20260619_131649,197,156800,157600,800,-4.144726257225482,-3315.7810057803854,-4.144726257225482,-3315.7810057803854,0.0,0.0,15,0.01875,15,0.01875,0,0.0,0,0.0,0,0,0,0,0,0,0,0,0,0,0,6,-69.01469308792241,0.0,0.1554999824014568,2.528877304084574,0.1136915853607943,0.1973083794421193,1.0784234590376278,2.528877304084574,full RL,0.01875
of_nogate,OF-MPC pretrained no gate,OF no gate,1,20260619_131649,198,157600,158400,800,-3.968779493742667,-3175.0235949941334,-3.968779493742667,-3175.0235949941334,0.0,0.0,14,0.0175,14,0.0175,0,0.0,0,0.0,0,0,0,0,0,0,0,0,0,0,0,6,-67.56116376963939,0.0,0.1550076137697751,2.57159052631107,0.11332581824252,0.1966894092970303,1.079585467524216,2.57159052631107,full RL,0.0175
of_nogate,OF-MPC pretrained no gate,OF no gate,1,20260619_131649,199,158400,159200,800,-3.981556630974719,-3185.245304779776,-3.981556630974719,-3185.245304779776,0.0,0.0,12,0.015,12,0.015,0,0.0,0,0.0,0,0,0,0,0,0,0,0,0,0,0,6,-67.95479948207912,0.0,0.1555332369830712,2.58528680755353,0.1134661119591863,0.1976003620069561,1.0808795775078672,2.58528680755353,full RL,0.015
of_nogate,OF-MPC pretrained no gate,OF no gate,1,20260619_131649,200,159200,160000,800,-3.993679650890272,-3194.9437207122173,-3.993679650890272,-3194.9437207122173,0.0,0.0,10,0.0125,10,0.0125,0,0.0,0,0.0,0,0,0,0,0,0,0,0,0,0,0,7,-68.55533624133102,0.0,0.1545205028441297,2.541034763573577,0.1139550435162288,0.1950859621720306,1.082512017067431,2.541034763573577,full RL,0.0125
of_nogate,OF-MPC pretrained no gate,OF no gate,1,20260619_131649,201,160000,160800,800,-3.949238920742636,-3159.3911365941085,-3.949238920742636,-3159.3911365941085,0.0,0.0,12,0.015,12,0.015,0,0.0,0,0.0,0,0,0,0,0,0,0,0,0,0,0,6,-68.56617377762905,0.0,0.1534435088249134,2.556835622238168,0.1132223039919493,0.1936647136578775,1.0731807710113448,2.556835622238168,full RL,0.015
of_nogate,OF-MPC pretrained no gate,OF no gate,1,20260619_131649,202,160800,161600,800,-4.0324685409695205,-3225.974832775616,-4.0324685409695205,-3225.974832775616,0.0,0.0,10,0.0125,10,0.0125,0,0.0,0,0.0,0,0,0,0,0,0,0,0,0,0,0,5,-66.49074974614996,0.0,0.1561200330704036,2.580516932527871,0.1146322385405947,0.1976078276002124,1.0774844574721256,2.580516932527871,full RL,0.0125
of_nogate,OF-MPC pretrained no gate,OF no gate,1,20260619_131649,203,161600,162400,800,-3.936355948705352,-3149.0847589642817,-3.936355948705352,-3149.0847589642817,0.0,0.0,10,0.0125,10,0.0125,0,0.0,0,0.0,0,0,0,0,0,0,0,0,0,0,0,5,-69.50951394652839,0.0,0.1556970623884067,2.554326253522845,0.1124965242849723,0.1988976004918411,1.0717300667904557,2.554326253522845,full RL,0.0125
of_nogate,OF-MPC pretrained no gate,OF no gate,1,20260619_131649,204,162400,163200,800,-3.9331167395510818,-3146.4933916408654,-3.9331167395510818,-3146.4933916408654,0.0,0.0,13,0.01625,13,0.01625,0,0.0,0,0.0,0,0,0,0,0,0,0,0,0,0,0,6,-67.42240698839646,0.0,0.1541743682276864,2.563217751128548,0.1131999724845862,0.1951487639707865,1.0743419761258903,2.563217751128548,full RL,0.01625
of_nogate,OF-MPC pretrained no gate,OF no gate,1,20260619_131649,205,163200,164000,800,-3.966564912502759,-3173.251930002207,-3.966564912502759,-3173.251930002207,0.0,0.0,10,0.0125,10,0.0125,0,0.0,0,0.0,0,0,0,0,0,0,0,0,0,0,0,7,-68.13436679451615,0.0,0.1553508756094708,2.5930187309711528,0.1134655689866234,0.1972361822323182,1.0770834993926055,2.5930187309711528,full RL,0.0125
of_nogate,OF-MPC pretrained no gate,OF no gate,1,20260619_131649,206,164000,164800,800,-3.979890987715799,-3183.912790172639,-3.979890987715799,-3183.912790172639,0.0,0.0,11,0.01375,11,0.01375,0,0.0,0,0.0,0,0,0,0,0,0,0,0,0,0,0,6,-64.04255924356244,0.0,0.1551456225967546,2.550159484434573,0.1132616156711385,0.1970296295223708,1.0743550507729285,2.550159484434573,full RL,0.01375
of_nogate,OF-MPC pretrained no gate,OF no gate,1,20260619_131649,207,164800,165600,800,-3.926322208462137,-3141.05776676971,-3.926322208462137,-3141.05776676971,0.0,0.0,12,0.015,12,0.015,0,0.0,0,0.0,0,0,0,0,0,0,0,0,0,0,0,7,-67.69104893687813,0.0,0.1535853291240576,2.5531971235196806,0.1126151053747075,0.1945555528734078,1.0701421436024012,2.5531971235196806,full RL,0.015
of_nogate,OF-MPC pretrained no gate,OF no gate,1,20260619_131649,208,165600,166400,800,-3.9996655527412464,-3199.732442192997,-3.9996655527412464,-3199.732442192997,0.0,0.0,10,0.0125,10,0.0125,0,0.0,0,0.0,0,0,0,0,0,0,0,0,0,0,0,6,-64.17978888654977,0.0,0.1554790934537597,2.571115363228671,0.1140766669965064,0.196881519911013,1.0800312543371553,2.571115363228671,full RL,0.0125
of_nogate,OF-MPC pretrained no gate,OF no gate,1,20260619_131649,209,166400,167200,800,-3.932925267591127,-3146.3402140729013,-3.932925267591127,-3146.3402140729013,0.0,0.0,10,0.0125,10,0.0125,0,0.0,0,0.0,0,0,0,0,0,0,0,0,0,0,0,6,-65.45501204917457,0.0,0.1532634612009154,2.5702325364208605,0.1134185234168342,0.1931083989849967,1.076400144536994,2.5702325364208605,full RL,0.0125
of_nogate,OF-MPC pretrained no gate,OF no gate,1,20260619_131649,210,167200,168000,800,-3.956028912302322,-3164.8231298418577,-3.956028912302322,-3164.8231298418577,0.0,0.0,7,0.00875,7,0.00875,0,0.0,0,0.0,0,0,0,0,0,0,0,0,0,0,0,6,-65.57181841859415,0.0,0.1544788480145892,2.5859538906128137,0.1134546024763191,0.1955030935528594,1.0740239554781668,2.5859538906128137,full RL,0.00875
of_nogate,OF-MPC pretrained no gate,OF no gate,1,20260619_131649,211,168000,168800,800,-3.9935866485971294,-3194.869318877704,-3.9935866485971294,-3194.869318877704,0.0,0.0,8,0.01,8,0.01,0,0.0,0,0.0,0,0,0,0,0,0,0,0,0,0,0,5,-67.64011191943291,0.0,0.1546366136653164,2.5594124920675085,0.1140280194276451,0.1952452079029877,1.086556285883587,2.5594124920675085,full RL,0.01
of_nogate,OF-MPC pretrained no gate,OF no gate,1,20260619_131649,212,168800,169600,800,-3.995431012604722,-3196.3448100837777,-3.995431012604722,-3196.3448100837777,0.0,0.0,10,0.0125,10,0.0125,0,0.0,0,0.0,0,0,0,0,0,0,0,0,0,0,0,4,-68.1685653205086,0.0,0.1558262227342035,2.5723023692684706,0.1136709535682921,0.197981491900115,1.0801387357523362,2.5723023692684706,full RL,0.0125
of_nogate,OF-MPC pretrained no gate,OF no gate,1,20260619_131649,213,169600,170400,800,-3.975440267294121,-3180.352213835297,-3.975440267294121,-3180.352213835297,0.0,0.0,12,0.015,12,0.015,0,0.0,0,0.0,0,0,0,0,0,0,0,0,0,0,0,5,-68.24427417968468,0.0,0.1547504871771626,2.553286351842189,0.1134136361633671,0.1960873381909581,1.0796683420146675,2.553286351842189,full RL,0.015
of_nogate,OF-MPC pretrained no gate,OF no gate,1,20260619_131649,214,170400,171200,800,-3.994387947327333,-3195.5103578618664,-3.994387947327333,-3195.5103578618664,0.0,0.0,13,0.01625,13,0.01625,0,0.0,0,0.0,0,0,0,0,0,0,0,0,0,0,0,5,-67.77742617243825,0.0,0.1546802142159728,2.569895515948076,0.1138914083764341,0.1954690200555115,1.0759961137160707,2.569895515948076,full RL,0.01625
of_nogate,OF-MPC pretrained no gate,OF no gate,1,20260619_131649,215,171200,172000,800,-3.980243602182178,-3184.1948817457424,-3.980243602182178,-3184.1948817457424,0.0,0.0,8,0.01,8,0.01,0,0.0,0,0.0,0,0,0,0,0,0,0,0,0,0,0,5,-65.10336347602026,0.0,0.156405919791399,2.592211759922691,0.1131311579690361,0.1996806816137619,1.0730719268339644,2.592211759922691,full RL,0.01
of_nogate,OF-MPC pretrained no gate,OF no gate,1,20260619_131649,216,172000,172800,800,-3.991738404847617,-3193.390723878093,-3.991738404847617,-3193.390723878093,0.0,0.0,10,0.0125,10,0.0125,0,0.0,0,0.0,0,0,0,0,0,0,0,0,0,0,0,5,-65.44024336516554,0.0,0.1565168098669204,2.567684511203538,0.1132532639980793,0.1997803557357615,1.0786049010925018,2.567684511203538,full RL,0.0125
of_nogate,OF-MPC pretrained no gate,OF no gate,1,20260619_131649,217,172800,173600,800,-3.9414617230937368,-3153.1693784749896,-3.9414617230937368,-3153.1693784749896,0.0,0.0,9,0.01125,9,0.01125,0,0.0,0,0.0,0,0,0,0,0,0,0,0,0,0,0,5,-67.3670996645609,0.0,0.153152588663723,2.545402226416229,0.1132791872991161,0.1930259900283299,1.0735564014322247,2.545402226416229,full RL,0.01125
of_nogate,OF-MPC pretrained no gate,OF no gate,1,20260619_131649,218,173600,174400,800,-4.0337635129962015,-3227.010810396961,-4.0337635129962015,-3227.010810396961,0.0,0.0,13,0.01625,13,0.01625,0,0.0,0,0.0,0,0,0,0,0,0,0,0,0,0,0,8,-70.28089791210562,0.0,0.1602182460404963,2.5463954791862875,0.1127721399648973,0.2076643521160954,1.0736457565461437,2.5463954791862875,full RL,0.01625
of_nogate,OF-MPC pretrained no gate,OF no gate,1,20260619_131649,219,174400,175200,800,-4.038246021666058,-3230.5968173328465,-4.038246021666058,-3230.5968173328465,0.0,0.0,6,0.0075,6,0.0075,0,0.0,0,0.0,0,0,0,0,0,0,0,0,0,0,0,6,-66.29523585646166,0.0,0.1559715495682361,2.5672224609230625,0.1145363691568763,0.1974067299795959,1.0826524052818471,2.5672224609230625,full RL,0.0075
of_nogate,OF-MPC pretrained no gate,OF no gate,1,20260619_131649,220,175200,176000,800,-3.9870489287376514,-3189.639142990121,-3.9870489287376514,-3189.639142990121,0.0,0.0,11,0.01375,11,0.01375,0,0.0,0,0.0,0,0,0,0,0,0,0,0,0,0,0,6,-68.11130926687872,0.0,0.1561816868942925,2.569143370873121,0.1134903464329849,0.1988730273556,1.0790582962354685,2.569143370873121,full RL,0.01375
of_nogate,OF-MPC pretrained no gate,OF no gate,1,20260619_131649,221,176000,176800,800,-3.947984437640516,-3158.387550112413,-3.947984437640516,-3158.387550112413,0.0,0.0,11,0.01375,11,0.01375,0,0.0,0,0.0,0,0,0,0,0,0,0,0,0,0,0,5,-66.35064190109051,0.0,0.1555897038919073,2.5868745265570965,0.1130590154673607,0.198120392316454,1.0756055308545176,2.5868745265570965,full RL,0.01375
of_nogate,OF-MPC pretrained no gate,OF no gate,1,20260619_131649,222,176800,177600,800,-4.079069616375389,-3263.255693100311,-4.079069616375389,-3263.255693100311,0.0,0.0,12,0.015,12,0.015,0,0.0,0,0.0,0,0,0,0,0,0,0,0,0,0,0,6,-67.1249060629807,0.0,0.1674701276088368,2.728642777145126,0.1142423187606781,0.2206979364569955,1.079766088126341,2.728642777145126,full RL,0.015
of_nogate,OF-MPC pretrained no gate,OF no gate,1,20260619_131649,223,177600,178400,800,-4.001014284069628,-3200.8114272557023,-4.001014284069628,-3200.8114272557023,0.0,0.0,8,0.01,8,0.01,0,0.0,0,0.0,0,0,0,0,0,0,0,0,0,0,0,5,-66.96660747183762,0.0,0.1561198261293949,2.5949323261044697,0.114040722749321,0.1981989295094688,1.082325342322116,2.5949323261044697,full RL,0.01
of_nogate,OF-MPC pretrained no gate,OF no gate,1,20260619_131649,224,178400,179200,800,-3.972005705263435,-3177.6045642107483,-3.972005705263435,-3177.6045642107483,0.0,0.0,8,0.01,8,0.01,0,0.0,0,0.0,0,0,0,0,0,0,0,0,0,0,0,5,-67.23152185904837,0.0,0.1556446590926165,2.588063870139081,0.1136231363528517,0.1976661818323813,1.0793610057242795,2.588063870139081,full RL,0.01
of_nogate,OF-MPC pretrained no gate,OF no gate,1,20260619_131649,225,179200,180000,800,-3.978210005211944,-3182.568004169555,-3.978210005211944,-3182.568004169555,0.0,0.0,10,0.0125,10,0.0125,0,0.0,0,0.0,0,0,0,0,0,0,0,0,0,0,0,6,-68.52665181340683,0.0,0.1550203617266444,2.5659425963593208,0.1137310573274918,0.1963096661257969,1.0783351638868512,2.5659425963593208,full RL,0.0125
of_nogate,OF-MPC pretrained no gate,OF no gate,1,20260619_131649,226,180000,180800,800,-3.946824070672034,-3157.459256537627,-3.946824070672034,-3157.459256537627,0.0,0.0,8,0.01,8,0.01,0,0.0,0,0.0,0,0,0,0,0,0,0,0,0,0,0,5,-66.19184668600406,0.0,0.1546888586083406,2.586338443868442,0.1132667034729033,0.196111013743778,1.0755414009474653,2.586338443868442,full RL,0.01
of_nogate,OF-MPC pretrained no gate,OF no gate,1,20260619_131649,227,180800,181600,800,-3.964807321194392,-3171.845856955513,-3.964807321194392,-3171.845856955513,0.0,0.0,11,0.01375,11,0.01375,0,0.0,0,0.0,0,0,0,0,0,0,0,0,0,0,0,5,-69.47087438497658,0.0,0.1540853446216702,2.568980395144308,0.113485631632477,0.1946850576108633,1.0785976757058466,2.568980395144308,full RL,0.01375
of_nogate,OF-MPC pretrained no gate,OF no gate,1,20260619_131649,228,181600,182400,800,-3.968232966222617,-3174.586372978093,-3.968232966222617,-3174.586372978093,0.0,0.0,11,0.01375,11,0.01375,0,0.0,0,0.0,0,0,0,0,0,0,0,0,0,0,0,5,-69.42592288061394,0.0,0.1532025292967889,2.543318004827426,0.1138942771334196,0.1925107814601581,1.0817271760541294,2.543318004827426,full RL,0.01375
of_nogate,OF-MPC pretrained no gate,OF no gate,1,20260619_131649,229,182400,183200,800,-3.9434337561372574,-3154.7470049098065,-3.9434337561372574,-3154.7470049098065,0.0,0.0,11,0.01375,11,0.01375,0,0.0,0,0.0,0,0,0,0,0,0,0,0,0,0,0,6,-66.73463737464795,0.0,0.1540753967118724,2.5740458769802785,0.1133987485159816,0.1947520449077631,1.0745501350365545,2.5740458769802785,full RL,0.01375
of_nogate,OF-MPC pretrained no gate,OF no gate,1,20260619_131649,230,183200,184000,800,-3.895180496775757,-3116.1443974206054,-3.895180496775757,-3116.1443974206054,0.0,0.0,9,0.01125,9,0.01125,0,0.0,0,0.0,0,0,0,0,0,0,0,0,0,0,0,6,-68.7169457520198,0.0,0.1526320305975316,2.5674235569808843,0.1124387900871495,0.1928252711079137,1.0685758586512408,2.5674235569808843,full RL,0.01125
of_nogate,OF-MPC pretrained no gate,OF no gate,1,20260619_131649,231,184000,184800,800,-3.950503692212041,-3160.402953769633,-3.950503692212041,-3160.402953769633,0.0,0.0,9,0.01125,9,0.01125,0,0.0,0,0.0,0,0,0,0,0,0,0,0,0,0,0,5,-68.46164146593765,0.0,0.1535632992063834,2.5692692466565745,0.1134422078996466,0.1936843905131201,1.0758864813108846,2.5692692466565745,full RL,0.01125
of_nogate,OF-MPC pretrained no gate,OF no gate,1,20260619_131649,232,184800,185600,800,-3.960247069277481,-3168.197655421985,-3.960247069277481,-3168.197655421985,0.0,0.0,10,0.0125,10,0.0125,0,0.0,0,0.0,0,0,0,0,0,0,0,0,0,0,0,5,-66.69273374694467,0.0,0.1537095533060344,2.572587927107349,0.1135928262976844,0.1938262803143845,1.0780945476821129,2.572587927107349,full RL,0.0125
of_nogate,OF-MPC pretrained no gate,OF no gate,1,20260619_131649,233,185600,186400,800,-3.932059559281861,-3145.6476474254887,-3.932059559281861,-3145.6476474254887,0.0,0.0,9,0.01125,9,0.01125,0,0.0,0,0.0,0,0,0,0,0,0,0,0,0,0,0,4,-66.6192779014051,0.0,0.1541527472224898,2.569345437469281,0.1133291872637339,0.1949763071812457,1.0760116513321765,2.569345437469281,full RL,0.01125
of_nogate,OF-MPC pretrained no gate,OF no gate,1,20260619_131649,234,186400,187200,800,-3.939066879256546,-3151.253503405237,-3.939066879256546,-3151.253503405237,0.0,0.0,11,0.01375,11,0.01375,0,0.0,0,0.0,0,0,0,0,0,0,0,0,0,0,0,5,-66.3898510962747,0.0,0.1531699682601131,2.5663686911143486,0.1134634303745468,0.1928765061456793,1.0768930892933368,2.5663686911143486,full RL,0.01375
of_nogate,OF-MPC pretrained no gate,OF no gate,1,20260619_131649,235,187200,188000,800,-3.927495406426553,-3141.9963251412423,-3.927495406426553,-3141.9963251412423,0.0,0.0,9,0.01125,9,0.01125,0,0.0,0,0.0,0,0,0,0,0,0,0,0,0,0,0,6,-66.61407606997477,0.0,0.1545548909882832,2.569456756845568,0.1130358618474863,0.1960739201290801,1.076027802390746,2.569456756845568,full RL,0.01125
of_nogate,OF-MPC pretrained no gate,OF no gate,1,20260619_131649,236,188000,188800,800,-3.916470410781636,-3133.176328625309,-3.916470410781636,-3133.176328625309,0.0,0.0,10,0.0125,10,0.0125,0,0.0,0,0.0,0,0,0,0,0,0,0,0,0,0,0,5,-66.979119110694,0.0,0.1537234748407858,2.581314913471033,0.113136879779057,0.1943100699025145,1.0723070579893048,2.581314913471033,full RL,0.0125
of_nogate,OF-MPC pretrained no gate,OF no gate,1,20260619_131649,237,188800,189600,800,-3.9474858173733542,-3157.988653898684,-3.9474858173733542,-3157.988653898684,0.0,0.0,9,0.01125,9,0.01125,0,0.0,0,0.0,0,0,0,0,0,0,0,0,0,0,0,5,-66.80536259903784,0.0,0.1538951335220384,2.561153568945429,0.1136818919206596,0.1941083751234173,1.079816786829031,2.561153568945429,full RL,0.01125
of_nogate,OF-MPC pretrained no gate,OF no gate,1,20260619_131649,238,189600,190400,800,-3.911831345360277,-3129.4650762882216,-3.911831345360277,-3129.4650762882216,0.0,0.0,10,0.0125,10,0.0125,0,0.0,0,0.0,0,0,0,0,0,0,0,0,0,0,0,5,-66.3715572076751,0.0,0.1537712840274924,2.589973004569117,0.1129566441710514,0.1945859238839334,1.07478897877238,2.589973004569117,full RL,0.0125
of_nogate,OF-MPC pretrained no gate,OF no gate,1,20260619_131649,239,190400,191200,800,-3.936606847930316,-3149.2854783442526,-3.936606847930316,-3149.2854783442526,0.0,0.0,9,0.01125,9,0.01125,0,0.0,0,0.0,0,0,0,0,0,0,0,0,0,0,0,5,-66.25398432134511,0.0,0.154600839429477,2.5526292143836717,0.1132612315155676,0.1959404473433863,1.0762588149559105,2.5526292143836717,full RL,0.01125
of_nogate,OF-MPC pretrained no gate,OF no gate,1,20260619_131649,240,191200,192000,800,-3.950930729860568,-3160.744583888454,-3.950930729860568,-3160.744583888454,0.0,0.0,8,0.01,8,0.01,0,0.0,0,0.0,0,0,0,0,0,0,0,0,0,0,0,6,-66.7767306432155,0.0,0.1565544396682764,2.568048123645042,0.1129850826408133,0.2001237966957396,1.075850130985004,2.568048123645042,full RL,0.01
of_nogate,OF-MPC pretrained no gate,OF no gate,1,20260619_131649,241,192000,192800,800,-3.930258903822144,-3144.2071230577158,-3.930258903822144,-3144.2071230577158,0.0,0.0,9,0.01125,9,0.01125,0,0.0,0,0.0,0,0,0,0,0,0,0,0,0,0,0,5,-66.51540046699733,0.0,0.1541570927348616,2.5827676338140577,0.1130268318851257,0.1952873535845975,1.0760011767904871,2.5827676338140577,full RL,0.01125
of_nogate,OF-MPC pretrained no gate,OF no gate,1,20260619_131649,242,192800,193600,800,-3.9155562649062894,-3132.4450119250314,-3.9155562649062894,-3132.4450119250314,0.0,0.0,10,0.0125,10,0.0125,0,0.0,0,0.0,0,0,0,0,0,0,0,0,0,0,0,6,-66.25370424635548,0.0,0.1531992983267318,2.5577511930196124,0.112914893440291,0.1934837032131726,1.0718628547232911,2.5577511930196124,full RL,0.0125
of_nogate,OF-MPC pretrained no gate,OF no gate,1,20260619_131649,243,193600,194400,800,-3.953846199006181,-3163.076959204944,-3.953846199006181,-3163.076959204944,0.0,0.0,8,0.01,8,0.01,0,0.0,0,0.0,0,0,0,0,0,0,0,0,0,0,0,5,-65.02237933932543,0.0,0.1544209259223801,2.5842674651214,0.1134614822916634,0.1953803695530967,1.0774623829208871,2.5842674651214,full RL,0.01
of_nogate,OF-MPC pretrained no gate,OF no gate,1,20260619_131649,244,194400,195200,800,-3.945132595298082,-3156.106076238465,-3.945132595298082,-3156.106076238465,0.0,0.0,8,0.01,8,0.01,0,0.0,0,0.0,0,0,0,0,0,0,0,0,0,0,0,6,-65.69762028323817,0.0,0.1544790090268356,2.577339330569771,0.1135515240690613,0.1954064939846098,1.079337183577604,2.577339330569771,full RL,0.01
of_nogate,OF-MPC pretrained no gate,OF no gate,1,20260619_131649,245,195200,196000,800,-3.95225913141967,-3161.807305135736,-3.95225913141967,-3161.807305135736,0.0,0.0,7,0.00875,7,0.00875,0,0.0,0,0.0,0,0,0,0,0,0,0,0,0,0,0,6,-64.78126992773355,0.0,0.154482482855959,2.5913648469837085,0.1136169673120428,0.1953479983998752,1.0805355981577145,2.5913648469837085,full RL,0.00875
of_nogate,OF-MPC pretrained no gate,OF no gate,1,20260619_131649,246,196000,196800,800,-3.9238826723206377,-3139.10613785651,-3.9238826723206377,-3139.10613785651,0.0,0.0,9,0.01125,9,0.01125,0,0.0,0,0.0,0,0,0,0,0,0,0,0,0,0,0,6,-64.04808216763001,0.0,0.153333128756774,2.5695909326748847,0.1131358388228712,0.1935304186906767,1.0734539325868693,2.5695909326748847,full RL,0.01125
of_nogate,OF-MPC pretrained no gate,OF no gate,1,20260619_131649,247,196800,197600,800,-3.964156957706724,-3171.3255661653798,-3.964156957706724,-3171.3255661653798,0.0,0.0,11,0.01375,11,0.01375,0,0.0,0,0.0,0,0,0,0,0,0,0,0,0,0,0,6,-63.7199749323546,0.0,0.1540255762622761,2.5807889595782285,0.1135324953919378,0.1945186571326144,1.0766760598330234,2.5807889595782285,full RL,0.01375
of_nogate,OF-MPC pretrained no gate,OF no gate,1,20260619_131649,248,197600,198400,800,-3.9657590350715073,-3172.6072280572057,-3.9657590350715073,-3172.6072280572057,0.0,0.0,15,0.01875,15,0.01875,0,0.0,0,0.0,0,0,0,0,0,0,0,0,0,0,0,6,-63.66970998590307,0.0,0.1568559631876001,2.572168402698594,0.113108589013261,0.2006033373619391,1.0773544431990598,2.572168402698594,full RL,0.01875
of_nogate,OF-MPC pretrained no gate,OF no gate,1,20260619_131649,249,198400,199200,800,-3.9499702556843146,-3159.976204547452,-3.9499702556843146,-3159.976204547452,0.0,0.0,8,0.01,8,0.01,0,0.0,0,0.0,0,0,0,0,0,0,0,0,0,0,0,6,-65.46593889702433,0.0,0.1575458694816295,2.588552269976276,0.1125437727880806,0.2025479661751784,1.076882529988326,2.588552269976276,full RL,0.01
of_nogate,OF-MPC pretrained no gate,OF no gate,1,20260619_131649,250,199200,200000,800,-3.9444298647164073,-3155.543891773126,-3.9444298647164073,-3155.543891773126,0.0,0.0,14,0.0175,14,0.0175,0,0.0,0,0.0,0,0,0,0,0,0,0,0,0,0,0,6,-63.618474178598944,0.0,0.1552537699475402,2.565854297600538,0.1128303876316472,0.1976771522634331,1.0724994687678362,2.565854297600538,full RL,0.0175
of_nogate,OF-MPC pretrained no gate,OF no gate,1,20260619_131649,251,200000,200800,800,-3.9043410669894456,-3123.4728535915565,-3.9043410669894456,-3123.4728535915565,0.0,0.0,12,0.015,12,0.015,0,0.0,0,0.0,0,0,0,0,0,0,0,0,0,0,0,7,-63.5337473432005,0.0,0.156711256616771,2.571146377693367,0.1115965635564299,0.2018259496771121,1.0714011334886495,2.571146377693367,full RL,0.015
of_nogate,OF-MPC pretrained no gate,OF no gate,1,20260619_131649,252,200800,201600,800,-3.928792930606734,-3143.034344485387,-3.928792930606734,-3143.034344485387,0.0,0.0,12,0.015,12,0.015,0,0.0,0,0.0,0,0,0,0,0,0,0,0,0,0,0,6,-63.270240304161234,0.0,0.1563733392298677,2.542386578097592,0.1124841232490082,0.2002625552107272,1.0745224493013938,2.542386578097592,full RL,0.015
of_nogate,OF-MPC pretrained no gate,OF no gate,1,20260619_131649,253,201600,202400,800,-3.9546713723129847,-3163.737097850388,-3.9546713723129847,-3163.737097850388,0.0,0.0,9,0.01125,9,0.01125,0,0.0,0,0.0,0,0,0,0,0,0,0,0,0,0,0,6,-65.81304176634069,0.0,0.1575036760490098,2.6127102895737835,0.1126052866050033,0.2024020654930163,1.0736930008676224,2.6127102895737835,full RL,0.01125
of_nogate,OF-MPC pretrained no gate,OF no gate,1,20260619_131649,254,202400,203200,800,-3.9958023088935306,-3196.6418471148245,-3.9958023088935306,-3196.6418471148245,0.0,0.0,11,0.01375,11,0.01375,0,0.0,0,0.0,0,0,0,0,0,0,0,0,0,0,0,6,-63.520955472309424,0.0,0.1576030968394225,2.53826021722756,0.1133390164317939,0.201867177247051,1.0818655726745123,2.53826021722756,full RL,0.01375
of_nogate,OF-MPC pretrained no gate,OF no gate,1,20260619_131649,255,203200,204000,800,-4.049716995134007,-3239.773596107206,-4.049716995134007,-3239.773596107206,0.0,0.0,11,0.01375,11,0.01375,0,0.0,0,0.0,0,0,0,0,0,0,0,0,0,0,0,6,-65.0991226411196,0.0,0.1615024397295574,2.60802077843249,0.1129564294086797,0.2100484500504351,1.0793336683715131,2.60802077843249,full RL,0.01375
of_nogate,OF-MPC pretrained no gate,OF no gate,1,20260619_131649,256,204000,204800,800,-3.9409751933826938,-3152.780154706155,-3.9409751933826938,-3152.780154706155,0.0,0.0,11,0.01375,11,0.01375,0,0.0,0,0.0,0,0,0,0,0,0,0,0,0,0,0,5,-64.80428279532407,0.0,0.1534685320989748,2.5502280889621147,0.1132213398683538,0.1937157243295958,1.0796468945519382,2.5502280889621147,full RL,0.01375
of_nogate,OF-MPC pretrained no gate,OF no gate,1,20260619_131649,257,204800,205600,800,-3.977943099723532,-3182.3544797788254,-3.977943099723532,-3182.3544797788254,0.0,0.0,9,0.01125,9,0.01125,0,0.0,0,0.0,0,0,0,0,0,0,0,0,0,0,0,5,-63.565961147679786,0.0,0.1541771007616302,2.5787297857763747,0.1135679863781942,0.1947862151450663,1.078806640594903,2.5787297857763747,full RL,0.01125
of_nogate,OF-MPC pretrained no gate,OF no gate,1,20260619_131649,258,205600,206400,800,-3.939801164702351,-3151.8409317618807,-3.939801164702351,-3151.8409317618807,0.0,0.0,9,0.01125,9,0.01125,0,0.0,0,0.0,0,0,0,0,0,0,0,0,0,0,0,5,-65.30925908754898,0.0,0.1555978867627478,2.5871148498195,0.1126772730409269,0.1985185004845686,1.073706402663301,2.5871148498195,full RL,0.01125
of_nogate,OF-MPC pretrained no gate,OF no gate,1,20260619_131649,259,206400,207200,800,-3.921873603008151,-3137.498882406521,-3.921873603008151,-3137.498882406521,0.0,0.0,11,0.01375,11,0.01375,0,0.0,0,0.0,0,0,0,0,0,0,0,0,0,0,0,5,-66.64989204465962,0.0,0.1544456236949868,2.58390710554562,0.1127634789243865,0.1961277684655871,1.0779852125506868,2.58390710554562,full RL,0.01375
of_nogate,OF-MPC pretrained no gate,OF no gate,1,20260619_131649,260,207200,208000,800,-3.922854647720442,-3138.283718176354,-3.922854647720442,-3138.283718176354,0.0,0.0,10,0.0125,10,0.0125,0,0.0,0,0.0,0,0,0,0,0,0,0,0,0,0,0,5,-65.61357383276481,0.0,0.1547445961925538,2.551210619005701,0.1126400352920234,0.1968491570930843,1.074300083035484,2.551210619005701,full RL,0.0125
of_nogate,OF-MPC pretrained no gate,OF no gate,1,20260619_131649,261,208000,208800,800,-3.9281567728899938,-3142.525418311995,-3.9281567728899938,-3142.525418311995,0.0,0.0,11,0.01375,11,0.01375,0,0.0,0,0.0,0,0,0,0,0,0,0,0,0,0,0,5,-64.72238091681334,0.0,0.1542769714669899,2.5391338062881914,0.1129843595574861,0.1955695833764937,1.0790957526681697,2.5391338062881914,full RL,0.01375
of_nogate,OF-MPC pretrained no gate,OF no gate,1,20260619_131649,262,208800,209600,800,-3.966593223073172,-3173.274578458537,-3.966593223073172,-3173.274578458537,0.0,0.0,18,0.0225,18,0.0225,0,0.0,0,0.0,0,0,0,0,0,0,0,0,0,0,0,6,-62.89011308523379,0.0,0.1564961365960397,2.594765885401614,0.1131814962438545,0.1998107769482248,1.0785420191760229,2.594765885401614,full RL,0.0225
of_nogate,OF-MPC pretrained no gate,OF no gate,1,20260619_131649,263,209600,210400,800,-3.9297698682250415,-3143.8158945800337,-3.9297698682250415,-3143.8158945800337,0.0,0.0,8,0.01,8,0.01,0,0.0,0,0.0,0,0,0,0,0,0,0,0,0,0,0,5,-69.29789466017576,0.0,0.15583409814512,2.5555533022009627,0.1123793361044306,0.1992888601858093,1.0731353374867685,2.5555533022009627,full RL,0.01
of_nogate,OF-MPC pretrained no gate,OF no gate,1,20260619_131649,264,210400,211200,800,-3.965613211251723,-3172.4905690013784,-3.965613211251723,-3172.4905690013784,0.0,0.0,11,0.01375,11,0.01375,0,0.0,0,0.0,0,0,0,0,0,0,0,0,0,0,0,6,-66.55781926222573,0.0,0.1580341948682757,2.5773349173715587,0.1128571899143417,0.2032111998222096,1.0795158137216858,2.5773349173715587,full RL,0.01375
of_nogate,OF-MPC pretrained no gate,OF no gate,1,20260619_131649,265,211200,212000,800,-3.9534399373266593,-3162.7519498613274,-3.9534399373266593,-3162.7519498613274,0.0,0.0,10,0.0125,10,0.0125,0,0.0,0,0.0,0,0,0,0,0,0,0,0,0,0,0,6,-65.63027022421329,0.0,0.1558106143611346,2.582437672782248,0.1132322207212594,0.1983890080010097,1.0837756123520257,2.582437672782248,full RL,0.0125
of_nogate,OF-MPC pretrained no gate,OF no gate,1,20260619_131649,266,212000,212800,800,-3.963529920420829,-3170.823936336664,-3.963529920420829,-3170.823936336664,0.0,0.0,8,0.01,8,0.01,0,0.0,0,0.0,0,0,0,0,0,0,0,0,0,0,0,6,-66.48515124760581,0.0,0.1541461644838357,2.575519226582742,0.1136909838507317,0.1946013451169397,1.0795579842575935,2.575519226582742,full RL,0.01
of_nogate,OF-MPC pretrained no gate,OF no gate,1,20260619_131649,267,212800,213600,800,-3.8975007027500808,-3118.0005622000645,-3.8975007027500808,-3118.0005622000645,0.0,0.0,11,0.01375,11,0.01375,0,0.0,0,0.0,0,0,0,0,0,0,0,0,0,0,0,7,-64.63381884486284,0.0,0.1539615410911008,2.5673678011452807,0.1124747537484772,0.1954483284337244,1.0769074978314657,2.5673678011452807,full RL,0.01375
of_nogate,OF-MPC pretrained no gate,OF no gate,1,20260619_131649,268,213600,214400,800,-3.947587201297413,-3158.0697610379307,-3.947587201297413,-3158.0697610379307,0.0,0.0,10,0.0125,10,0.0125,0,0.0,0,0.0,0,0,0,0,0,0,0,0,0,0,0,6,-66.18705836712729,0.0,0.1573617997557688,2.577379569594882,0.112665369220014,0.2020582302915235,1.0802327518898749,2.577379569594882,full RL,0.0125
of_nogate,OF-MPC pretrained no gate,OF no gate,1,20260619_131649,269,214400,215200,800,-3.925332335685469,-3140.2658685483752,-3.925332335685469,-3140.2658685483752,0.0,0.0,11,0.01375,11,0.01375,0,0.0,0,0.0,0,0,0,0,0,0,0,0,0,0,0,6,-66.15560162498264,0.0,0.1541757833784077,2.546317078861364,0.1130312554396354,0.19532031131718,1.078251394896108,2.546317078861364,full RL,0.01375
of_nogate,OF-MPC pretrained no gate,OF no gate,1,20260619_131649,270,215200,216000,800,-3.958332745512066,-3166.666196409653,-3.958332745512066,-3166.666196409653,0.0,0.0,10,0.0125,10,0.0125,0,0.0,0,0.0,0,0,0,0,0,0,0,0,0,0,0,6,-66.80215125079144,0.0,0.154144512085034,2.559110976723616,0.1135533530305162,0.1947356711395518,1.079652543931252,2.559110976723616,full RL,0.0125
of_nogate,OF-MPC pretrained no gate,OF no gate,1,20260619_131649,271,216000,216800,800,-3.953565425917252,-3162.8523407338016,-3.953565425917252,-3162.8523407338016,0.0,0.0,9,0.01125,9,0.01125,0,0.0,0,0.0,0,0,0,0,0,0,0,0,0,0,0,6,-66.49554354325983,0.0,0.1541791424308111,2.559477494236376,0.1135324390228313,0.1948258458387909,1.081356252729662,2.559477494236376,full RL,0.01125
of_nogate,OF-MPC pretrained no gate,OF no gate,1,20260619_131649,272,216800,217600,800,-3.965715349827964,-3172.572279862371,-3.965715349827964,-3172.572279862371,0.0,0.0,8,0.01,8,0.01,0,0.0,0,0.0,0,0,0,0,0,0,0,0,0,0,0,6,-65.48341373643575,0.0,0.1552646211903929,2.584114319120374,0.1131619551760672,0.1973672872047185,1.0799576496164245,2.584114319120374,full RL,0.01
of_nogate,OF-MPC pretrained no gate,OF no gate,1,20260619_131649,273,217600,218400,800,-3.9461815387638937,-3156.945231011115,-3.9461815387638937,-3156.945231011115,0.0,0.0,12,0.015,12,0.015,0,0.0,0,0.0,0,0,0,0,0,0,0,0,0,0,0,5,-65.8985025088574,0.0,0.1553292289433261,2.5751949930608475,0.1131771751915345,0.1974812826951177,1.0774892314310809,2.5751949930608475,full RL,0.015
of_nogate,OF-MPC pretrained no gate,OF no gate,1,20260619_131649,274,218400,219200,800,-3.971332913960147,-3177.066331168118,-3.971332913960147,-3177.066331168118,0.0,0.0,10,0.0125,10,0.0125,0,0.0,0,0.0,0,0,0,0,0,0,0,0,0,0,0,6,-67.1353278677808,0.0,0.1568424880693133,2.576009185882242,0.113310122650264,0.2003748534883626,1.083365124707861,2.576009185882242,full RL,0.0125
of_nogate,OF-MPC pretrained no gate,OF no gate,1,20260619_131649,275,219200,220000,800,-3.947726070111108,-3158.1808560888862,-3.947726070111108,-3158.1808560888862,0.0,0.0,15,0.01875,15,0.01875,0,0.0,0,0.0,0,0,0,0,0,0,0,0,0,0,0,6,-64.12561443958384,0.0,0.1566122364722856,2.566337656544817,0.1128587812003313,0.2003656917442399,1.0815432515169987,2.566337656544817,full RL,0.01875
of_nogate,OF-MPC pretrained no gate,OF no gate,1,20260619_131649,276,220000,220800,800,-3.9427716884482,-3154.2173507585594,-3.9427716884482,-3154.2173507585594,0.0,0.0,9,0.01125,9,0.01125,0,0.0,0,0.0,0,0,0,0,0,0,0,0,0,0,0,6,-65.2849739867736,0.0,0.1538179723464435,2.5467161793832247,0.1131295261442687,0.1945064185486184,1.0787127240302925,2.5467161793832247,full RL,0.01125
of_nogate,OF-MPC pretrained no gate,OF no gate,1,20260619_131649,277,220800,221600,800,-3.9557815979795374,-3164.6252783836308,-3.9557815979795374,-3164.6252783836308,0.0,0.0,9,0.01125,9,0.01125,0,0.0,0,0.0,0,0,0,0,0,0,0,0,0,0,0,5,-65.5377433684738,0.0,0.1556014879340679,2.55211025751521,0.113058891442427,0.1981440844257089,1.0787374613030756,2.55211025751521,full RL,0.01125
of_nogate,OF-MPC pretrained no gate,OF no gate,1,20260619_131649,278,221600,222400,800,-3.9649160063029223,-3171.9328050423383,-3.9649160063029223,-3171.9328050423383,0.0,0.0,11,0.01375,11,0.01375,0,0.0,0,0.0,0,0,0,0,0,0,0,0,0,0,0,6,-65.46638348568229,0.0,0.1567569012155109,2.570913664498505,0.1138439937509904,0.1996698086800315,1.0761821025073597,2.570913664498505,full RL,0.01375
of_nogate,OF-MPC pretrained no gate,OF no gate,1,20260619_131649,279,222400,223200,800,-3.8942424943956295,-3115.393995516504,-3.8942424943956295,-3115.393995516504,0.0,0.0,12,0.015,12,0.015,0,0.0,0,0.0,0,0,0,0,0,0,0,0,0,0,0,6,-65.3328395160645,0.0,0.1552205871026416,2.592079020809649,0.1123571779739827,0.1980839962313005,1.0727538391036968,2.592079020809649,full RL,0.015
of_nogate,OF-MPC pretrained no gate,OF no gate,1,20260619_131649,280,223200,224000,800,-3.9198817828644894,-3135.9054262915915,-3.9198817828644894,-3135.9054262915915,0.0,0.0,8,0.01,8,0.01,0,0.0,0,0.0,0,0,0,0,0,0,0,0,0,0,0,5,-65.28518694331956,0.0,0.1553006991354391,2.5851937487602754,0.113015049125758,0.1975863491451202,1.0783791948016508,2.5851937487602754,full RL,0.01
of_nogate,OF-MPC pretrained no gate,OF no gate,1,20260619_131649,281,224000,224800,800,-3.936196567646729,-3148.957254117383,-3.936196567646729,-3148.957254117383,0.0,0.0,16,0.02,16,0.02,0,0.0,0,0.0,0,0,0,0,0,0,0,0,0,0,0,5,-65.82347093380793,0.0,0.153493946809874,2.5641969644248093,0.113465532020117,0.193522361599631,1.0807365593600022,2.5641969644248093,full RL,0.02
of_nogate,OF-MPC pretrained no gate,OF no gate,1,20260619_131649,282,224800,225600,800,-3.934425676362188,-3147.54054108975,-3.934425676362188,-3147.54054108975,0.0,0.0,9,0.01125,9,0.01125,0,0.0,0,0.0,0,0,0,0,0,0,0,0,0,0,0,6,-66.4137554534343,0.0,0.1546287255218439,2.5886591644252803,0.1130281985160058,0.1962292525276819,1.074164405681549,2.5886591644252803,full RL,0.01125
of_nogate,OF-MPC pretrained no gate,OF no gate,1,20260619_131649,283,225600,226400,800,-3.966489581887953,-3173.1916655103623,-3.966489581887953,-3173.1916655103623,0.0,0.0,11,0.01375,11,0.01375,0,0.0,0,0.0,0,0,0,0,0,0,0,0,0,0,0,4,-66.24101107423292,0.0,0.1550692418276407,2.5830939703911326,0.1138742539932103,0.196264229662071,1.0847172738680544,2.5830939703911326,full RL,0.01375
of_nogate,OF-MPC pretrained no gate,OF no gate,1,20260619_131649,284,226400,227200,800,-3.9268863906979847,-3141.509112558388,-3.9268863906979847,-3141.509112558388,0.0,0.0,10,0.0125,10,0.0125,0,0.0,0,0.0,0,0,0,0,0,0,0,0,0,0,0,5,-66.67196624878272,0.0,0.1536221316876824,2.5697924332677644,0.113228681486601,0.1940155818887638,1.0778978691113932,2.5697924332677644,full RL,0.0125
of_nogate,OF-MPC pretrained no gate,OF no gate,1,20260619_131649,285,227200,228000,800,-3.912996781675373,-3130.397425340298,-3.912996781675373,-3130.397425340298,0.0,0.0,14,0.0175,14,0.0175,0,0.0,0,0.0,0,0,0,0,0,0,0,0,0,0,0,6,-66.06665067445579,0.0,0.1539996151391971,2.563241057555217,0.1128052679874229,0.1951939622909713,1.0742592437863752,2.563241057555217,full RL,0.0175
of_nogate,OF-MPC pretrained no gate,OF no gate,1,20260619_131649,286,228000,228800,800,-3.989051023716354,-3191.240818973083,-3.989051023716354,-3191.240818973083,0.0,0.0,12,0.015,12,0.015,0,0.0,0,0.0,0,0,0,0,0,0,0,0,0,0,0,5,-65.23931110933677,0.0,0.1553194342860185,2.5937837481316137,0.1139610919007245,0.1966777766713126,1.0848708395219575,2.5937837481316137,full RL,0.015
of_nogate,OF-MPC pretrained no gate,OF no gate,1,20260619_131649,287,228800,229600,800,-3.9609430916529114,-3168.7544733223285,-3.9609430916529114,-3168.7544733223285,0.0,0.0,11,0.01375,11,0.01375,0,0.0,0,0.0,0,0,0,0,0,0,0,0,0,0,0,5,-64.5202405637948,0.0,0.1574785735236664,2.52231446066628,0.1126967346258674,0.2022604124214653,1.0806302698173664,2.52231446066628,full RL,0.01375
of_nogate,OF-MPC pretrained no gate,OF no gate,1,20260619_131649,288,229600,230400,800,-3.952232852661922,-3161.786282129537,-3.952232852661922,-3161.786282129537,0.0,0.0,10,0.0125,10,0.0125,0,0.0,0,0.0,0,0,0,0,0,0,0,0,0,0,0,4,-67.19977798367495,0.0,0.1553105068451586,2.598437141672548,0.1133725599035475,0.1972484537867697,1.078835997435227,2.598437141672548,full RL,0.0125
of_nogate,OF-MPC pretrained no gate,OF no gate,1,20260619_131649,289,230400,231200,800,-3.917735279667626,-3134.1882237341006,-3.917735279667626,-3134.1882237341006,0.0,0.0,11,0.01375,11,0.01375,0,0.0,0,0.0,0,0,0,0,0,0,0,0,0,0,0,5,-67.67305139099506,0.0,0.1547101674154659,2.5738600461213537,0.1131031208578245,0.1963172139731073,1.0761148579229585,2.5738600461213537,full RL,0.01375
of_nogate,OF-MPC pretrained no gate,OF no gate,1,20260619_131649,290,231200,232000,800,-3.900289046909232,-3120.231237527386,-3.900289046909232,-3120.231237527386,0.0,0.0,17,0.02125,17,0.02125,0,0.0,0,0.0,0,0,0,0,0,0,0,0,0,0,0,5,-67.61969575532794,0.0,0.1548942364520513,2.599480278086901,0.1126693697301321,0.1971191031739705,1.074949496902622,2.599480278086901,full RL,0.02125
of_nogate,OF-MPC pretrained no gate,OF no gate,1,20260619_131649,291,232000,232800,800,-3.926529204015389,-3141.2233632123107,-3.926529204015389,-3141.2233632123107,0.0,0.0,10,0.0125,10,0.0125,0,0.0,0,0.0,0,0,0,0,0,0,0,0,0,0,0,4,-69.06059973033337,0.0,0.1552178860226532,2.58768117829959,0.113034641054735,0.1974011309905713,1.0807644426003755,2.58768117829959,full RL,0.0125
of_nogate,OF-MPC pretrained no gate,OF no gate,1,20260619_131649,292,232800,233600,800,-3.9713023865628942,-3177.0419092503157,-3.9713023865628942,-3177.0419092503157,0.0,0.0,28,0.035,28,0.035,0,0.0,0,0.0,0,0,0,0,0,0,0,0,0,0,0,5,-68.3530390342977,0.0,0.1564917136397864,2.58854699589142,0.1133442287226067,0.199639198556966,1.0805293808922518,2.58854699589142,full RL,0.035
of_nogate,OF-MPC pretrained no gate,OF no gate,1,20260619_131649,293,233600,234400,800,-3.906792997471739,-3125.434397977391,-3.906792997471739,-3125.434397977391,0.0,0.0,12,0.015,12,0.015,0,0.0,0,0.0,0,0,0,0,0,0,0,0,0,0,0,5,-67.32200362027652,0.0,0.1577719346244334,2.633999870495757,0.1126383295221792,0.2029055397266876,1.0759027810140505,2.633999870495757,full RL,0.015
of_nogate,OF-MPC pretrained no gate,OF no gate,1,20260619_131649,294,234400,235200,800,-4.002398222091809,-3201.9185776734475,-4.002398222091809,-3201.9185776734475,0.0,0.0,8,0.01,8,0.01,0,0.0,0,0.0,0,0,0,0,0,0,0,0,0,0,0,4,-61.37578200700125,0.0,0.1553806118131788,2.570957767393338,0.1145491900506928,0.1962120335756648,1.0765476921820238,2.570957767393338,full RL,0.01
of_nogate,OF-MPC pretrained no gate,OF no gate,1,20260619_131649,295,235200,236000,800,-3.906857836973643,-3125.4862695789143,-3.906857836973643,-3125.4862695789143,0.0,0.0,15,0.01875,15,0.01875,0,0.0,0,0.0,0,0,0,0,0,0,0,0,0,0,0,6,-64.16661687725525,0.0,0.1544624451954913,2.5591258196403714,0.1130527818227868,0.1958721085681958,1.0814440340038618,2.5591258196403714,full RL,0.01875
of_nogate,OF-MPC pretrained no gate,OF no gate,1,20260619_131649,296,236000,236800,800,-3.947737049229936,-3158.189639383949,-3.947737049229936,-3158.189639383949,0.0,0.0,8,0.01,8,0.01,0,0.0,0,0.0,0,0,0,0,0,0,0,0,0,0,0,5,-63.50573274716805,0.0,0.1574940083268905,2.565335840523744,0.112748282816913,0.202239733836868,1.0778388836669983,2.565335840523744,full RL,0.01
of_nogate,OF-MPC pretrained no gate,OF no gate,1,20260619_131649,297,236800,237600,800,-3.996358363460339,-3197.086690768271,-3.996358363460339,-3197.086690768271,0.0,0.0,11,0.01375,11,0.01375,0,0.0,0,0.0,0,0,0,0,0,0,0,0,0,0,0,7,-63.33247929973561,0.0,0.1597357821625248,2.5723603660124468,0.1132185893218388,0.2062529750032107,1.083484439253639,2.5723603660124468,full RL,0.01375
of_nogate,OF-MPC pretrained no gate,OF no gate,1,20260619_131649,298,237600,238400,800,-3.932261812157468,-3145.8094497259744,-3.932261812157468,-3145.8094497259744,0.0,0.0,10,0.0125,10,0.0125,0,0.0,0,0.0,0,0,0,0,0,0,0,0,0,0,0,5,-64.1342211664795,0.0,0.1562352102007291,2.602697413608212,0.11297330953771,0.1994971108637481,1.0773051171818042,2.602697413608212,full RL,0.0125
of_nogate,OF-MPC pretrained no gate,OF no gate,1,20260619_131649,299,238400,239200,800,-3.934479698248136,-3147.583758598508,-3.934479698248136,-3147.583758598508,0.0,0.0,10,0.0125,10,0.0125,0,0.0,0,0.0,0,0,0,0,0,0,0,0,0,0,0,6,-65.20714702687314,0.0,0.1550882698391872,2.5740425967973124,0.1132267687743063,0.1969497709040682,1.0806543727721205,2.5740425967973124,full RL,0.0125
of_nogate,OF-MPC pretrained no gate,OF no gate,1,20260619_131649,300,239200,240000,800,-3.9691361922808697,-3175.308953824696,-3.9691361922808697,-3175.308953824696,0.0,0.0,9,0.01125,9,0.01125,0,0.0,0,0.0,0,0,0,0,0,0,0,0,0,0,0,5,-64.83374490885353,0.0,0.1562652673014118,2.6049453395979185,0.1136602897860532,0.1988702448167705,1.084543588631878,2.6049453395979185,full RL,0.01125
of_nogate,OF-MPC pretrained no gate,OF no gate,2,20260619_174127,1,0,800,800,-9.584571098320843,-7667.656878656675,-9.584571098320843,-7667.656878656675,0.0,0.0,0,0.0,0,0.0,0,0.0,0,0.0,0,0,0,0,0,0,0,0,0,0,0,0,-15.446401863537972,0.0,0.33180508455504,2.979664293365488,0.1664380302969688,0.4971721388131112,1.0994269567228645,2.979664293365488,teacher critic,0.0
of_nogate,OF-MPC pretrained no gate,OF no gate,2,20260619_174127,2,800,1600,800,-12.558687897186418,-10046.950317749135,-12.558687897186418,-10046.950317749135,0.0,0.0,0,0.0,0,0.0,0,0.0,0,0.0,0,0,0,0,0,0,0,0,0,0,0,0,-15.488350051245448,0.0,0.37938984340385,2.9796807631872757,0.1916572602244647,0.5671224265832353,1.0988782459866404,2.9796807631872757,teacher critic,0.0
of_nogate,OF-MPC pretrained no gate,OF no gate,2,20260619_174127,3,1600,2400,800,-12.546450197677478,-10037.160158141982,-12.546450197677478,-10037.160158141982,0.0,0.0,0,0.0,0,0.0,0,0.0,0,0.0,0,0,0,0,0,0,0,0,0,0,0,0,-15.445895060651424,0.0,0.3792027086239358,2.9781234572938047,0.1915942079969065,0.5668112092509652,1.0997146895043586,2.9781234572938047,teacher critic,0.0
of_nogate,OF-MPC pretrained no gate,OF no gate,2,20260619_174127,4,2400,3200,800,-12.590591544631764,-10072.473235705413,-12.590591544631764,-10072.473235705413,0.0,0.0,0,0.0,0,0.0,0,0.0,0,0.0,0,0,0,0,0,0,0,0,0,0,0,0,-15.4075565112783,0.0,0.3800175665285003,2.972515462724971,0.1918061785424956,0.5682289545145048,1.0994410576637326,2.972515462724971,teacher critic,0.0
of_nogate,OF-MPC pretrained no gate,OF no gate,2,20260619_174127,5,3200,4000,800,-12.580750768378344,-10064.600614702676,-12.580750768378344,-10064.600614702676,0.0,0.0,0,0.0,0,0.0,0,0.0,0,0.0,0,0,0,0,0,0,0,0,0,0,0,0,-15.49009054794584,0.0,0.3801289163083486,2.988399270562752,0.1917355426316243,0.5685222899850729,1.098687654258136,2.988399270562752,teacher critic,0.0
of_nogate,OF-MPC pretrained no gate,OF no gate,2,20260619_174127,6,4000,4800,800,-12.552560988841323,-10042.04879107306,-12.552560988841323,-10042.04879107306,0.0,0.0,0,0.0,0,0.0,0,0.0,0,0.0,0,0,0,0,0,0,0,0,0,0,0,0,-15.462287458375728,0.0,0.3791636813277513,2.9742979855581666,0.1916463171913697,0.5666810454641329,1.0999122442541989,2.9742979855581666,teacher critic,0.0
of_nogate,OF-MPC pretrained no gate,OF no gate,2,20260619_174127,7,4800,5600,800,-12.574392261829976,-10059.51380946398,-12.574392261829976,-10059.51380946398,0.0,0.0,0,0.0,0,0.0,0,0.0,0,0.0,0,0,0,0,0,0,0,0,0,0,0,0,-15.40959863315723,0.0,0.3798449320373831,2.974487601216822,0.19173289435328,0.5679569697214862,1.0993331855327328,2.974487601216822,teacher critic,0.0
of_nogate,OF-MPC pretrained no gate,OF no gate,2,20260619_174127,8,5600,6400,800,-12.558825197371853,-10047.06015789748,-12.558825197371853,-10047.06015789748,0.0,0.0,0,0.0,0,0.0,0,0.0,0,0.0,0,0,0,0,0,0,0,0,0,0,0,0,-15.522654777834193,0.0,0.3799364556610338,2.980640435850773,0.1914767205739941,0.5683961907480735,1.099171020340218,2.980640435850773,teacher critic,0.0
of_nogate,OF-MPC pretrained no gate,OF no gate,2,20260619_174127,9,6400,7200,800,-12.619328582744838,-10095.46286619587,-12.619328582744838,-10095.46286619587,0.0,0.0,0,0.0,0,0.0,0,0.0,0,0.0,0,0,0,0,0,0,0,0,0,0,0,0,-15.541549068793929,0.0,0.3804327190926715,2.984556757254495,0.1920722906677036,0.5687931475176394,1.100670976205674,2.984556757254495,teacher critic,0.0
of_nogate,OF-MPC pretrained no gate,OF no gate,2,20260619_174127,10,7200,8000,800,-12.585425344218052,-10068.34027537444,-12.585425344218052,-10068.34027537444,0.0,0.0,0,0.0,0,0.0,0,0.0,0,0.0,0,0,0,0,0,0,0,0,0,0,0,0,-15.411249651420349,0.0,0.3800567128195127,2.9738049149615904,0.191791173575945,0.5683222520630804,1.0994020865669645,2.9738049149615904,teacher critic,0.0
of_nogate,OF-MPC pretrained no gate,OF no gate,2,20260619_174127,11,8000,8800,800,-22.30357374823112,-17842.858998584896,-22.30357374823112,-17842.858998584896,0.0,0.0,36,0.045,36,0.045,0,0.0,0,0.0,0,0,0,0,0,0,0,0,0,0,0,10,-55.779054970515176,0.0,0.517656528497753,2.9704754768961834,0.2455350181139712,0.7897780388815347,1.0989112966334793,2.9704754768961834,handoff,0.045
of_nogate,OF-MPC pretrained no gate,OF no gate,2,20260619_174127,12,8800,9600,800,-10.414973027680452,-8331.97842214436,-10.414973027680452,-8331.97842214436,0.0,0.0,19,0.02375,19,0.02375,0,0.0,0,0.0,0,0,0,0,0,0,0,0,0,0,0,0,-45.38727395669719,0.0,0.3434465328920835,4.906469988229787,0.174862369239475,0.5120306965446919,1.3090593540588094,4.906469988229787,handoff,0.02375
of_nogate,OF-MPC pretrained no gate,OF no gate,2,20260619_174127,13,9600,10400,800,-12.338554224263566,-9870.843379410851,-12.338554224263566,-9870.843379410851,0.0,0.0,32,0.04,32,0.04,0,0.0,0,0.0,0,0,0,0,0,0,0,0,0,0,0,5,-41.35346878460604,0.0,0.3382261607562526,3.0136866295496816,0.1957668121103137,0.4806855094021916,1.099597700195671,3.0136866295496816,handoff,0.04
of_nogate,OF-MPC pretrained no gate,OF no gate,2,20260619_174127,14,10400,11200,800,-5.855339517470716,-4684.271613976573,-5.855339517470716,-4684.271613976573,0.0,0.0,28,0.035,28,0.035,0,0.0,0,0.0,0,0,0,0,0,0,0,0,0,0,0,4,-38.99637458212936,0.0,0.2386279117051418,2.904182130919196,0.1314670925165779,0.3457887308937056,1.097385698302967,2.904182130919196,handoff,0.035
of_nogate,OF-MPC pretrained no gate,OF no gate,2,20260619_174127,15,11200,12000,800,-6.705417613914234,-5364.334091131387,-6.705417613914234,-5364.334091131387,0.0,0.0,9,0.01125,9,0.01125,0,0.0,0,0.0,0,0,0,0,0,0,0,0,0,0,0,5,-41.65979293843992,0.0,0.2876898951325588,2.804849876432286,0.1316213644012593,0.4437584258638583,1.081996755419159,2.804849876432286,handoff,0.01125
of_nogate,OF-MPC pretrained no gate,OF no gate,2,20260619_174127,16,12000,12800,800,-6.220865265986767,-4976.692212789413,-6.220865265986767,-4976.692212789413,0.0,0.0,4,0.005,4,0.005,0,0.0,0,0.0,0,0,0,0,0,0,0,0,0,0,0,2,-51.317039030926765,0.0,0.2321906421832489,2.753195591797692,0.1314137839381811,0.3329675004283166,1.109482088857067,2.753195591797692,handoff,0.005
of_nogate,OF-MPC pretrained no gate,OF no gate,2,20260619_174127,17,12800,13600,800,-4.883216838220249,-3906.573470576199,-4.883216838220249,-3906.573470576199,0.0,0.0,7,0.00875,7,0.00875,0,0.0,0,0.0,0,0,0,0,0,0,0,0,0,0,0,6,-52.45376092384981,0.0,0.1892612157578135,2.68391342173328,0.1238978510439243,0.2546245804717026,1.0855740174391415,2.68391342173328,handoff,0.00875
of_nogate,OF-MPC pretrained no gate,OF no gate,2,20260619_174127,18,13600,14400,800,-5.000099835562093,-4000.079868449674,-5.000099835562093,-4000.079868449674,0.0,0.0,17,0.02125,17,0.02125,0,0.0,0,0.0,0,0,0,0,0,0,0,0,0,0,0,6,-49.61327726481164,0.0,0.1993195304335515,2.6146906213605803,0.1227828897341228,0.2758561711329803,1.084739030705875,2.6146906213605803,handoff,0.02125
of_nogate,OF-MPC pretrained no gate,OF no gate,2,20260619_174127,19,14400,15200,800,-4.503985088955997,-3603.188071164798,-4.503985088955997,-3603.188071164798,0.0,0.0,20,0.025,20,0.025,0,0.0,0,0.0,0,0,0,0,0,0,0,0,0,0,0,6,-52.35291693816845,0.0,0.1755773926872846,2.6564091317836187,0.117918619283047,0.2332361660915221,1.0854832626133524,2.6564091317836187,handoff,0.025
of_nogate,OF-MPC pretrained no gate,OF no gate,2,20260619_174127,20,15200,16000,800,-4.558439398232097,-3646.751518585678,-4.558439398232097,-3646.751518585678,0.0,0.0,17,0.02125,17,0.02125,0,0.0,0,0.0,0,0,0,0,0,0,0,0,0,0,0,6,-53.71518020431984,0.0,0.1739876430397892,2.652314243190631,0.1185103029584025,0.2294649831211758,1.0937822055394344,2.652314243190631,handoff,0.02125
of_nogate,OF-MPC pretrained no gate,OF no gate,2,20260619_174127,21,16000,16800,800,-6.880392581009599,-5504.31406480768,-6.880392581009599,-5504.31406480768,0.0,0.0,25,0.03125,25,0.03125,0,0.0,0,0.0,0,0,0,0,0,0,0,0,0,0,0,7,-79.4349148037303,0.0,0.2432688681658994,2.9394367451106973,0.1250397915507745,0.3614979447810242,1.0754193988306375,2.9394367451106973,full RL,0.03125
of_nogate,OF-MPC pretrained no gate,OF no gate,2,20260619_174127,22,16800,17600,800,-7.400922860007241,-5920.738288005793,-7.400922860007241,-5920.738288005793,0.0,0.0,31,0.03875,31,0.03875,0,0.0,0,0.0,0,0,0,0,0,0,0,0,0,0,0,3,-83.88727682781007,0.0,0.29708719197488,2.770565456735937,0.1266618295312987,0.4675125544184614,1.0751282189009097,2.770565456735937,full RL,0.03875
of_nogate,OF-MPC pretrained no gate,OF no gate,2,20260619_174127,23,17600,18400,800,-4.573353791520392,-3658.6830332163136,-4.573353791520392,-3658.6830332163136,0.0,0.0,32,0.04,32,0.04,0,0.0,0,0.0,0,0,0,0,0,0,0,0,0,0,0,6,-78.67539172214583,0.0,0.1840479240942116,2.565160273393417,0.1163321214969265,0.2517637266914966,1.0738358003458788,2.565160273393417,full RL,0.04
of_nogate,OF-MPC pretrained no gate,OF no gate,2,20260619_174127,24,18400,19200,800,-4.504462412379552,-3603.569929903642,-4.504462412379552,-3603.569929903642,0.0,0.0,64,0.08,64,0.08,0,0.0,0,0.0,0,0,0,0,0,0,0,0,0,0,0,6,-76.30860837237196,0.0,0.182543483344356,2.572359457986522,0.1158538166859637,0.2492331500027483,1.08029813194387,2.572359457986522,full RL,0.08
of_nogate,OF-MPC pretrained no gate,OF no gate,2,20260619_174127,25,19200,20000,800,-4.449611510002565,-3559.689208002052,-4.449611510002565,-3559.689208002052,0.0,0.0,40,0.05,40,0.05,0,0.0,0,0.0,0,0,0,0,0,0,0,0,0,0,0,6,-72.72003660555686,0.0,0.1760666689055204,2.5563859814251373,0.1165042922163585,0.2356290455946824,1.0784205482554463,2.5563859814251373,full RL,0.05
of_nogate,OF-MPC pretrained no gate,OF no gate,2,20260619_174127,26,20000,20800,800,-4.605861195245222,-3684.688956196177,-4.605861195245222,-3684.688956196177,0.0,0.0,19,0.02375,19,0.02375,0,0.0,0,0.0,0,0,0,0,0,0,0,0,0,0,0,8,-69.66811606689362,0.0,0.1751151822099182,2.5815601738148644,0.1163898048538993,0.233840559565937,1.0757091641138152,2.5815601738148644,full RL,0.02375
of_nogate,OF-MPC pretrained no gate,OF no gate,2,20260619_174127,27,20800,21600,800,-5.405289076988415,-4324.231261590732,-5.405289076988415,-4324.231261590732,0.0,0.0,21,0.02625,21,0.02625,0,0.0,0,0.0,0,0,0,0,0,0,0,0,0,0,0,5,-74.30433341491823,0.0,0.1898282738848699,2.646035766237901,0.1182483523224727,0.2614081954472672,1.0848981937964006,2.646035766237901,full RL,0.02625
of_nogate,OF-MPC pretrained no gate,OF no gate,2,20260619_174127,28,21600,22400,800,-4.485353817652027,-3588.2830541216217,-4.485353817652027,-3588.2830541216217,0.0,0.0,55,0.06875,55,0.06875,0,0.0,0,0.0,0,0,0,0,0,0,0,0,0,0,0,7,-67.91746809093559,0.0,0.1737619166817742,2.6880198607495918,0.1176406993345316,0.2298831340290169,1.092903656804101,2.6880198607495918,full RL,0.06875
of_nogate,OF-MPC pretrained no gate,OF no gate,2,20260619_174127,29,22400,23200,800,-4.664980710764627,-3731.984568611701,-4.664980710764627,-3731.984568611701,0.0,0.0,129,0.16125,129,0.16125,0,0.0,0,0.0,0,0,0,0,0,0,0,0,0,0,0,7,-64.24933387347494,0.0,0.191424206029809,2.6706720175336613,0.117389713121794,0.265458698937824,1.0787391599801537,2.6706720175336613,full RL,0.16125
of_nogate,OF-MPC pretrained no gate,OF no gate,2,20260619_174127,30,23200,24000,800,-4.393235046029413,-3514.5880368235303,-4.393235046029413,-3514.5880368235303,0.0,0.0,151,0.18875,151,0.18875,0,0.0,0,0.0,0,0,0,0,0,0,0,0,0,0,0,6,-65.72289986615033,0.0,0.1774166200676931,2.703857290694657,0.1156862867515652,0.2391469533838211,1.063164333726435,2.703857290694657,full RL,0.18875
of_nogate,OF-MPC pretrained no gate,OF no gate,2,20260619_174127,31,24000,24800,800,-4.426286228305136,-3541.0289826441085,-4.426286228305136,-3541.0289826441085,0.0,0.0,92,0.115,92,0.115,0,0.0,0,0.0,0,0,0,0,0,0,0,0,0,0,0,7,-54.55090100389589,0.0,0.177631533469312,2.67265295534645,0.1167154733711762,0.2385475935674477,1.0853972460321963,2.67265295534645,full RL,0.115
of_nogate,OF-MPC pretrained no gate,OF no gate,2,20260619_174127,32,24800,25600,800,-4.39924347900536,-3519.394783204288,-4.39924347900536,-3519.394783204288,0.0,0.0,153,0.19125,153,0.19125,0,0.0,0,0.0,0,0,0,0,0,0,0,0,0,0,0,7,-57.15844021317753,0.0,0.1783541637831779,2.724777171957669,0.1163762079025231,0.2403321196638327,1.0864868018107656,2.724777171957669,full RL,0.19125
of_nogate,OF-MPC pretrained no gate,OF no gate,2,20260619_174127,33,25600,26400,800,-4.40639537518965,-3525.11630015172,-4.40639537518965,-3525.11630015172,0.0,0.0,131,0.16375,131,0.16375,0,0.0,0,0.0,0,0,0,0,0,0,0,0,0,0,0,8,-58.40645589709084,0.0,0.1768860038014172,2.7088558443940656,0.1165206329876613,0.237251374615173,1.0872938536560772,2.7088558443940656,full RL,0.16375
of_nogate,OF-MPC pretrained no gate,OF no gate,2,20260619_174127,34,26400,27200,800,-4.482200298688835,-3585.7602389510685,-4.482200298688835,-3585.7602389510685,0.0,0.0,167,0.20875,167,0.20875,0,0.0,0,0.0,0,0,0,0,0,0,0,0,0,0,0,7,-55.34925347282501,0.0,0.1837215399048597,2.743904776108991,0.1166097799295134,0.2508332998802061,1.0820923803192306,2.743904776108991,full RL,0.20875
of_nogate,OF-MPC pretrained no gate,OF no gate,2,20260619_174127,35,27200,28000,800,-4.433944361905676,-3547.1554895245404,-4.433944361905676,-3547.1554895245404,0.0,0.0,194,0.2425,194,0.2425,0,0.0,0,0.0,0,0,0,0,0,0,0,0,0,0,0,6,-55.13160785818423,0.0,0.1811626982060646,2.7276530377530435,0.1161679976850611,0.2461573987270682,1.0824509634562849,2.7276530377530435,full RL,0.2425
of_nogate,OF-MPC pretrained no gate,OF no gate,2,20260619_174127,36,28000,28800,800,-4.473841666787065,-3579.073333429652,-4.473841666787065,-3579.073333429652,0.0,0.0,180,0.225,180,0.225,0,0.0,0,0.0,0,0,0,0,0,0,0,0,0,0,0,6,-57.48832207744897,0.0,0.1821395822102635,2.746050768628322,0.1168431009734129,0.2474360634471141,1.083863355760765,2.746050768628322,full RL,0.225
of_nogate,OF-MPC pretrained no gate,OF no gate,2,20260619_174127,37,28800,29600,800,-4.376387070878288,-3501.1096567026307,-4.376387070878288,-3501.1096567026307,0.0,0.0,183,0.22875,183,0.22875,0,0.0,0,0.0,0,0,0,0,0,0,0,0,0,0,0,7,-57.9430214457617,0.0,0.1767321041950105,2.680125955586675,0.1161195077640546,0.2373447006259665,1.0769413424266618,2.680125955586675,full RL,0.22875
of_nogate,OF-MPC pretrained no gate,OF no gate,2,20260619_174127,38,29600,30400,800,-4.511660058497281,-3609.3280467978248,-4.511660058497281,-3609.3280467978248,0.0,0.0,176,0.22,176,0.22,0,0.0,0,0.0,0,0,0,0,0,0,0,0,0,0,0,6,-57.51866480936621,0.0,0.1840183303653099,2.6993966536758194,0.1171798741045823,0.2508567866260376,1.095008968370588,2.6993966536758194,full RL,0.22
of_nogate,OF-MPC pretrained no gate,OF no gate,2,20260619_174127,39,30400,31200,800,-4.477746986894211,-3582.197589515368,-4.477746986894211,-3582.197589515368,0.0,0.0,252,0.315,252,0.315,0,0.0,0,0.0,0,0,0,0,0,0,0,0,0,0,0,6,-60.09896153007844,0.0,0.1843274233911011,2.7187065721909107,0.1163669730388932,0.2522878737433091,1.0728562270248982,2.7187065721909107,full RL,0.315
of_nogate,OF-MPC pretrained no gate,OF no gate,2,20260619_174127,40,31200,32000,800,-4.399026128694009,-3519.220902955208,-4.399026128694009,-3519.220902955208,0.0,0.0,206,0.2575,206,0.2575,0,0.0,0,0.0,0,0,0,0,0,0,0,0,0,0,0,6,-57.77145560848692,0.0,0.1833729863670245,2.7530609931151844,0.1148143073583452,0.2519316653757039,1.076846896652324,2.7530609931151844,full RL,0.2575
of_nogate,OF-MPC pretrained no gate,OF no gate,2,20260619_174127,41,32000,32800,800,-4.429886108932132,-3543.9088871457056,-4.429886108932132,-3543.9088871457056,0.0,0.0,264,0.33,264,0.33,0,0.0,0,0.0,0,0,0,0,0,0,0,0,0,0,0,6,-58.43102625027712,0.0,0.1878172263038168,2.7913780742837275,0.1146615466159728,0.2609729059916607,1.0703361413605623,2.7913780742837275,full RL,0.33
of_nogate,OF-MPC pretrained no gate,OF no gate,2,20260619_174127,42,32800,33600,800,-4.4646015620969255,-3571.681249677541,-4.4646015620969255,-3571.681249677541,0.0,0.0,293,0.36625,293,0.36625,0,0.0,0,0.0,0,0,0,0,0,0,0,0,0,0,0,6,-58.34255616358291,0.0,0.1862178227393269,2.7668876227969577,0.1157710794860611,0.2566645659925927,1.0736378989627489,2.7668876227969577,full RL,0.36625
of_nogate,OF-MPC pretrained no gate,OF no gate,2,20260619_174127,43,33600,34400,800,-4.44288356969135,-3554.3068557530805,-4.44288356969135,-3554.3068557530805,0.0,0.0,144,0.18,144,0.18,0,0.0,0,0.0,0,0,0,0,0,0,0,0,0,0,0,7,-57.72410489173137,0.0,0.1711854011003762,2.560624666239676,0.1186086324846707,0.2237621697160816,1.0873800410972048,2.560624666239676,full RL,0.18
of_nogate,OF-MPC pretrained no gate,OF no gate,2,20260619_174127,44,34400,35200,800,-4.4113221356063255,-3529.05770848506,-4.4113221356063255,-3529.05770848506,0.0,0.0,157,0.19625,157,0.19625,0,0.0,0,0.0,0,0,0,0,0,0,0,0,0,0,0,8,-57.284457085023405,0.0,0.1674173232546714,2.483144937028726,0.1180282627136346,0.2168063837957082,1.0852590411294931,2.483144937028726,full RL,0.19625
of_nogate,OF-MPC pretrained no gate,OF no gate,2,20260619_174127,45,35200,36000,800,-4.43261369166358,-3546.090953330864,-4.43261369166358,-3546.090953330864,0.0,0.0,156,0.195,156,0.195,0,0.0,0,0.0,0,0,0,0,0,0,0,0,0,0,0,7,-56.15969473556993,0.0,0.1671090881066591,2.4917781770842566,0.1190224843697696,0.2151956918435487,1.0978619711173034,2.4917781770842566,full RL,0.195
of_nogate,OF-MPC pretrained no gate,OF no gate,2,20260619_174127,46,36000,36800,800,-4.454137485038794,-3563.309988031036,-4.454137485038794,-3563.309988031036,0.0,0.0,164,0.205,164,0.205,0,0.0,0,0.0,0,0,0,0,0,0,0,0,0,0,0,7,-58.46571806404472,0.0,0.1673006226728711,2.492829343433982,0.1193058662644533,0.215295379081289,1.1032365069276469,2.492829343433982,full RL,0.205
of_nogate,OF-MPC pretrained no gate,OF no gate,2,20260619_174127,47,36800,37600,800,-4.483144810431769,-3586.515848345415,-4.483144810431769,-3586.515848345415,0.0,0.0,153,0.19125,153,0.19125,0,0.0,0,0.0,0,0,0,0,0,0,0,0,0,0,0,7,-56.73585427976366,0.0,0.1721325310280646,2.51687961510072,0.1174044473308804,0.2268606147252488,1.088046077811473,2.51687961510072,full RL,0.19125
of_nogate,OF-MPC pretrained no gate,OF no gate,2,20260619_174127,48,37600,38400,800,-4.456698863164305,-3565.359090531444,-4.456698863164305,-3565.359090531444,0.0,0.0,135,0.16875,135,0.16875,0,0.0,0,0.0,0,0,0,0,0,0,0,0,0,0,0,7,-55.02339958740879,0.0,0.1751301099444777,2.595248156663104,0.1178613980619239,0.2323988218270315,1.0883097784120883,2.595248156663104,full RL,0.16875
of_nogate,OF-MPC pretrained no gate,OF no gate,2,20260619_174127,49,38400,39200,800,-4.370766945181274,-3496.61355614502,-4.370766945181274,-3496.61355614502,0.0,0.0,145,0.18125,145,0.18125,0,0.0,0,0.0,0,0,0,0,0,0,0,0,0,0,0,8,-59.01285897176638,0.0,0.1692505808507214,2.554780572980974,0.1176391691586643,0.2208619925427784,1.081305220587788,2.554780572980974,full RL,0.18125
of_nogate,OF-MPC pretrained no gate,OF no gate,2,20260619_174127,50,39200,40000,800,-4.390446288133267,-3512.357030506614,-4.390446288133267,-3512.357030506614,0.0,0.0,158,0.1975,158,0.1975,0,0.0,0,0.0,0,0,0,0,0,0,0,0,0,0,0,7,-58.79536272441203,0.0,0.1709676692592242,2.595899463088585,0.1177464357065008,0.2241889028119475,1.0849475198862688,2.595899463088585,full RL,0.1975
of_nogate,OF-MPC pretrained no gate,OF no gate,2,20260619_174127,51,40000,40800,800,-4.519300247229214,-3615.4401977833713,-4.519300247229214,-3615.4401977833713,0.0,0.0,171,0.21375,171,0.21375,0,0.0,0,0.0,0,0,0,0,0,0,0,0,0,0,0,6,-60.60765825855083,0.0,0.1736923836460928,2.61063123178252,0.1196790780943071,0.2277056891978786,1.10466857446792,2.61063123178252,full RL,0.21375
of_nogate,OF-MPC pretrained no gate,OF no gate,2,20260619_174127,52,40800,41600,800,-4.4733184078086,-3578.65472624688,-4.4733184078086,-3578.65472624688,0.0,0.0,183,0.22875,183,0.22875,0,0.0,0,0.0,0,0,0,0,0,0,0,0,0,0,0,6,-60.81115070494843,0.0,0.1743160796366027,2.441422481511836,0.1186314087907199,0.2300007504824854,1.093856235510755,2.441422481511836,full RL,0.22875
of_nogate,OF-MPC pretrained no gate,OF no gate,2,20260619_174127,53,41600,42400,800,-4.328319668862459,-3462.655735089967,-4.328319668862459,-3462.655735089967,0.0,0.0,106,0.1325,106,0.1325,0,0.0,0,0.0,0,0,0,0,0,0,0,0,0,0,0,6,-60.98347878524578,0.0,0.1654061816703285,2.5079540902635813,0.1176470645646326,0.2131652987760245,1.0860472838111384,2.5079540902635813,full RL,0.1325
of_nogate,OF-MPC pretrained no gate,OF no gate,2,20260619_174127,54,42400,43200,800,-4.441182711722004,-3552.9461693776025,-4.441182711722004,-3552.9461693776025,0.0,0.0,142,0.1775,142,0.1775,0,0.0,0,0.0,0,0,0,0,0,0,0,0,0,0,0,6,-58.79846525712253,0.0,0.173242677672379,2.4864907475312634,0.1181765221991326,0.2283088331456253,1.0876847600929085,2.4864907475312634,full RL,0.1775
of_nogate,OF-MPC pretrained no gate,OF no gate,2,20260619_174127,55,43200,44000,800,-4.464050047843309,-3571.2400382746478,-4.464050047843309,-3571.2400382746478,0.0,0.0,127,0.15875,127,0.15875,0,0.0,0,0.0,0,0,0,0,0,0,0,0,0,0,0,6,-66.64183809256167,0.0,0.1652613843952238,2.537125216227537,0.1195566589856133,0.2109661098048343,1.0886186832468767,2.537125216227537,full RL,0.15875
of_nogate,OF-MPC pretrained no gate,OF no gate,2,20260619_174127,56,44000,44800,800,-4.461188179954371,-3568.950543963497,-4.461188179954371,-3568.950543963497,0.0,0.0,125,0.15625,125,0.15625,0,0.0,0,0.0,0,0,0,0,0,0,0,0,0,0,0,7,-61.86067295865655,0.0,0.1749187199992619,2.513631947712838,0.118388132100174,0.2314493078983497,1.089450643568989,2.513631947712838,full RL,0.15625
of_nogate,OF-MPC pretrained no gate,OF no gate,2,20260619_174127,57,44800,45600,800,-4.5459233716713925,-3636.738697337114,-4.5459233716713925,-3636.738697337114,0.0,0.0,155,0.19375,155,0.19375,0,0.0,0,0.0,0,0,0,0,0,0,0,0,0,0,0,6,-61.63201415877938,0.0,0.1797037229957926,2.452540180432436,0.1188488454522401,0.2405586005393452,1.0940843153994728,2.452540180432436,full RL,0.19375
of_nogate,OF-MPC pretrained no gate,OF no gate,2,20260619_174127,58,45600,46400,800,-4.427674638477186,-3542.1397107817493,-4.427674638477186,-3542.1397107817493,0.0,0.0,142,0.1775,142,0.1775,0,0.0,0,0.0,0,0,0,0,0,0,0,0,0,0,0,7,-61.8180179500182,0.0,0.1704047758331688,2.599454843359183,0.11854186381334,0.2222676878529976,1.0898043058998923,2.599454843359183,full RL,0.1775
of_nogate,OF-MPC pretrained no gate,OF no gate,2,20260619_174127,59,46400,47200,800,-4.417994213791296,-3534.395371033037,-4.417994213791296,-3534.395371033037,0.0,0.0,169,0.21125,169,0.21125,0,0.0,0,0.0,0,0,0,0,0,0,0,0,0,0,0,6,-63.55944409517304,0.0,0.1746619610523372,2.4773142826974777,0.1174146481586604,0.2319092739460139,1.096419442073946,2.4773142826974777,full RL,0.21125
of_nogate,OF-MPC pretrained no gate,OF no gate,2,20260619_174127,60,47200,48000,800,-4.336898557521398,-3469.5188460171184,-4.336898557521398,-3469.5188460171184,0.0,0.0,98,0.1225,98,0.1225,0,0.0,0,0.0,0,0,0,0,0,0,0,0,0,0,0,7,-62.43924008170018,0.0,0.1677389214427977,2.493266593279316,0.1172064276779139,0.2182714152076815,1.0791000437456375,2.493266593279316,full RL,0.1225
of_nogate,OF-MPC pretrained no gate,OF no gate,2,20260619_174127,61,48000,48800,800,-4.483763253883598,-3587.010603106879,-4.483763253883598,-3587.010603106879,0.0,0.0,162,0.2025,162,0.2025,0,0.0,0,0.0,0,0,0,0,0,0,0,0,0,0,0,6,-63.163009522703305,0.0,0.1752317475501721,2.534853201981832,0.1184935091387135,0.2319699859616307,1.0943942702708225,2.534853201981832,full RL,0.2025
of_nogate,OF-MPC pretrained no gate,OF no gate,2,20260619_174127,62,48800,49600,800,-4.279306272016219,-3423.445017612976,-4.279306272016219,-3423.445017612976,0.0,0.0,130,0.1625,130,0.1625,0,0.0,0,0.0,0,0,0,0,0,0,0,0,0,0,0,5,-61.69063091821499,0.0,0.1634225847841433,2.5258771035221343,0.1174517416352283,0.2093934279330583,1.083414292293075,2.5258771035221343,full RL,0.1625
of_nogate,OF-MPC pretrained no gate,OF no gate,2,20260619_174127,63,49600,50400,800,-4.246048917434607,-3396.8391339476857,-4.246048917434607,-3396.8391339476857,0.0,0.0,112,0.14,112,0.14,0,0.0,0,0.0,0,0,0,0,0,0,0,0,0,0,0,7,-62.477806743477686,0.0,0.1657322197477313,2.557727735990227,0.1163377874229907,0.2151266520724719,1.0894991795447204,2.557727735990227,full RL,0.14
of_nogate,OF-MPC pretrained no gate,OF no gate,2,20260619_174127,64,50400,51200,800,-4.353258242374864,-3482.606593899891,-4.353258242374864,-3482.606593899891,0.0,0.0,108,0.135,108,0.135,0,0.0,0,0.0,0,0,0,0,0,0,0,0,0,0,0,5,-61.86258872755775,0.0,0.1705224382052991,2.551233538658664,0.1170945341999225,0.2239503422106757,1.077869582892088,2.551233538658664,full RL,0.135
of_nogate,OF-MPC pretrained no gate,OF no gate,2,20260619_174127,65,51200,52000,800,-4.201081762714139,-3360.8654101713114,-4.201081762714139,-3360.8654101713114,0.0,0.0,80,0.1,80,0.1,0,0.0,0,0.0,0,0,0,0,0,0,0,0,0,0,0,6,-63.54098393185143,0.0,0.1591755158878592,2.560766203896492,0.1165603358815669,0.2017906958941514,1.0931742363648418,2.560766203896492,full RL,0.1
of_nogate,OF-MPC pretrained no gate,OF no gate,2,20260619_174127,66,52000,52800,800,-4.081901364933915,-3265.521091947132,-4.081901364933915,-3265.521091947132,0.0,0.0,27,0.03375,27,0.03375,0,0.0,0,0.0,0,0,0,0,0,0,0,0,0,0,0,6,-63.74637130374606,0.0,0.1555592802050198,2.5536834647969613,0.1152521021417704,0.1958664582682693,1.0674100926397565,2.5536834647969613,full RL,0.03375
of_nogate,OF-MPC pretrained no gate,OF no gate,2,20260619_174127,67,52800,53600,800,-4.156682385119333,-3325.3459080954663,-4.156682385119333,-3325.3459080954663,0.0,0.0,71,0.08875,71,0.08875,0,0.0,0,0.0,0,0,0,0,0,0,0,0,0,0,0,6,-66.90246639565135,0.0,0.1591521212856431,2.5871047508923084,0.1159259926653194,0.2023782499059669,1.0667238816913902,2.5871047508923084,full RL,0.08875
of_nogate,OF-MPC pretrained no gate,OF no gate,2,20260619_174127,68,53600,54400,800,-4.1682636973882685,-3334.610957910615,-4.1682636973882685,-3334.610957910615,0.0,0.0,69,0.08625,69,0.08625,0,0.0,0,0.0,0,0,0,0,0,0,0,0,0,0,0,6,-66.77999452339384,0.0,0.1588349775451519,2.5630031817637478,0.11622690607914,0.2014430490111638,1.075160061857542,2.5630031817637478,full RL,0.08625
of_nogate,OF-MPC pretrained no gate,OF no gate,2,20260619_174127,69,54400,55200,800,-4.0997118160928405,-3279.7694528742727,-4.0997118160928405,-3279.7694528742727,0.0,0.0,43,0.05375,43,0.05375,0,0.0,0,0.0,0,0,0,0,0,0,0,0,0,0,0,6,-65.55936634424154,0.0,0.1607990249638989,2.65931544617996,0.1146707937402153,0.2069272561875824,1.067215482816057,2.65931544617996,full RL,0.05375
of_nogate,OF-MPC pretrained no gate,OF no gate,2,20260619_174127,70,55200,56000,800,-4.10168855304773,-3281.3508424381835,-4.10168855304773,-3281.3508424381835,0.0,0.0,45,0.05625,45,0.05625,0,0.0,0,0.0,0,0,0,0,0,0,0,0,0,0,0,7,-65.05644685047844,0.0,0.1562587211257295,2.5035801072883146,0.1153763113072319,0.1971411309442272,1.0689538917686767,2.5035801072883146,full RL,0.05625
of_nogate,OF-MPC pretrained no gate,OF no gate,2,20260619_174127,71,56000,56800,800,-4.163261758886279,-3330.609407109023,-4.163261758886279,-3330.609407109023,0.0,0.0,32,0.04,32,0.04,0,0.0,0,0.0,0,0,0,0,0,0,0,0,0,0,0,5,-64.88167726254505,0.0,0.1603425389488508,2.55910579055012,0.1158135377204163,0.2048715401772853,1.0833422121454732,2.55910579055012,full RL,0.04
of_nogate,OF-MPC pretrained no gate,OF no gate,2,20260619_174127,72,56800,57600,800,-4.152592412959699,-3322.073930367759,-4.152592412959699,-3322.073930367759,0.0,0.0,17,0.02125,17,0.02125,0,0.0,0,0.0,0,0,0,0,0,0,0,0,0,0,0,6,-63.7843585230637,0.0,0.1607674437341461,2.607621604336998,0.1156498711436042,0.205885016324688,1.0779375790246433,2.607621604336998,full RL,0.02125
of_nogate,OF-MPC pretrained no gate,OF no gate,2,20260619_174127,73,57600,58400,800,-4.113876164445321,-3291.1009315562565,-4.113876164445321,-3291.1009315562565,0.0,0.0,34,0.0425,34,0.0425,0,0.0,0,0.0,0,0,0,0,0,0,0,0,0,0,0,5,-65.16960607257624,0.0,0.1589111474744924,2.6137902515482665,0.1150379455175274,0.2027843494314575,1.0720294130230452,2.6137902515482665,full RL,0.0425
of_nogate,OF-MPC pretrained no gate,OF no gate,2,20260619_174127,74,58400,59200,800,-4.121694916896027,-3297.355933516822,-4.121694916896027,-3297.355933516822,0.0,0.0,16,0.02,16,0.02,0,0.0,0,0.0,0,0,0,0,0,0,0,0,0,0,0,5,-67.00508657851265,0.0,0.1589380446549891,2.6018477941935885,0.1152779319638961,0.202598157346082,1.068110872634812,2.6018477941935885,full RL,0.02
of_nogate,OF-MPC pretrained no gate,OF no gate,2,20260619_174127,75,59200,60000,800,-4.420655735295758,-3536.524588236606,-4.420655735295758,-3536.524588236606,0.0,0.0,18,0.0225,18,0.0225,0,0.0,0,0.0,0,0,0,0,0,0,0,0,0,0,0,6,-56.402358723790826,0.0,0.1679233971881989,2.646280526775058,0.1180078964637222,0.2178388979126756,1.067680859789382,2.646280526775058,full RL,0.0225
of_nogate,OF-MPC pretrained no gate,OF no gate,2,20260619_174127,76,60000,60800,800,-4.131570031951264,-3305.256025561011,-4.131570031951264,-3305.256025561011,0.0,0.0,105,0.13125,105,0.13125,0,0.0,0,0.0,0,0,0,0,0,0,0,0,0,0,0,5,-64.32458698710457,0.0,0.1663882674738521,2.607379264215126,0.113331899535859,0.219444635411845,1.0699448441774444,2.607379264215126,full RL,0.13125
of_nogate,OF-MPC pretrained no gate,OF no gate,2,20260619_174127,77,60800,61600,800,-4.078451588378722,-3262.761270702977,-4.078451588378722,-3262.761270702977,0.0,0.0,19,0.02375,19,0.02375,0,0.0,0,0.0,0,0,0,0,0,0,0,0,0,0,0,6,-64.35216704765128,0.0,0.1589603995914182,2.594978092173108,0.1136820196334183,0.2042387795494181,1.068860612349845,2.594978092173108,full RL,0.02375
of_nogate,OF-MPC pretrained no gate,OF no gate,2,20260619_174127,78,61600,62400,800,-4.100885249087113,-3280.70819926969,-4.100885249087113,-3280.70819926969,0.0,0.0,21,0.02625,21,0.02625,0,0.0,0,0.0,0,0,0,0,0,0,0,0,0,0,0,5,-68.3861563931697,0.0,0.1639167115348913,2.608036484146453,0.1133587208048426,0.2144747022649401,1.0719423318873709,2.608036484146453,full RL,0.02625
of_nogate,OF-MPC pretrained no gate,OF no gate,2,20260619_174127,79,62400,63200,800,-4.113388947900975,-3290.71115832078,-4.113388947900975,-3290.71115832078,0.0,0.0,67,0.08375,67,0.08375,0,0.0,0,0.0,0,0,0,0,0,0,0,0,0,0,0,5,-67.15578170840524,0.0,0.1642804081229605,2.6697634386853792,0.1135488538258415,0.2150119624200796,1.069332646272377,2.6697634386853792,full RL,0.08375
of_nogate,OF-MPC pretrained no gate,OF no gate,2,20260619_174127,80,63200,64000,800,-4.134795290623944,-3307.836232499155,-4.134795290623944,-3307.836232499155,0.0,0.0,13,0.01625,13,0.01625,0,0.0,0,0.0,0,0,0,0,0,0,0,0,0,0,0,7,-64.01227573720018,0.0,0.1599171928852145,2.611626165695725,0.1147870220610801,0.2050473637093489,1.0762404244448,2.611626165695725,full RL,0.01625
of_nogate,OF-MPC pretrained no gate,OF no gate,2,20260619_174127,81,64000,64800,800,-4.163046323193893,-3330.437058555115,-4.163046323193893,-3330.437058555115,0.0,0.0,19,0.02375,19,0.02375,0,0.0,0,0.0,0,0,0,0,0,0,0,0,0,0,0,5,-65.96849767363642,0.0,0.1576304681969964,2.601058797578162,0.1155891889039977,0.199671747489995,1.0816505685778028,2.601058797578162,full RL,0.02375
of_nogate,OF-MPC pretrained no gate,OF no gate,2,20260619_174127,82,64800,65600,800,-4.093262941733832,-3274.610353387066,-4.093262941733832,-3274.610353387066,0.0,0.0,10,0.0125,10,0.0125,0,0.0,0,0.0,0,0,0,0,0,0,0,0,0,0,0,5,-63.29117910065008,0.0,0.1569306212637438,2.5486576311994327,0.1151163410567554,0.1987449014707322,1.0809917189880136,2.5486576311994327,full RL,0.0125
of_nogate,OF-MPC pretrained no gate,OF no gate,2,20260619_174127,83,65600,66400,800,-4.226646534554503,-3381.317227643602,-4.226646534554503,-3381.317227643602,0.0,0.0,12,0.015,12,0.015,0,0.0,0,0.0,0,0,0,0,0,0,0,0,0,0,0,5,-66.3073831770339,0.0,0.1635937081717207,2.5813317809048044,0.1157220463618459,0.2114653699815956,1.0894070886934366,2.5813317809048044,full RL,0.015
of_nogate,OF-MPC pretrained no gate,OF no gate,2,20260619_174127,84,66400,67200,800,-4.275637667441076,-3420.510133952861,-4.275637667441076,-3420.510133952861,0.0,0.0,38,0.0475,38,0.0475,0,0.0,0,0.0,0,0,0,0,0,0,0,0,0,0,0,5,-63.47832447414169,0.0,0.1599404652748695,2.537459317380637,0.1172876298786015,0.2025933006711374,1.1041760277207264,2.537459317380637,full RL,0.0475
of_nogate,OF-MPC pretrained no gate,OF no gate,2,20260619_174127,85,67200,68000,800,-4.240161268414369,-3392.129014731495,-4.240161268414369,-3392.129014731495,0.0,0.0,17,0.02125,17,0.02125,0,0.0,0,0.0,0,0,0,0,0,0,0,0,0,0,0,5,-64.76371205231658,0.0,0.1629437171992656,2.551845044088168,0.1159813884955467,0.2099060459029846,1.0846555607194035,2.551845044088168,full RL,0.02125
of_nogate,OF-MPC pretrained no gate,OF no gate,2,20260619_174127,86,68000,68800,800,-4.15125449701622,-3321.003597612976,-4.15125449701622,-3321.003597612976,0.0,0.0,39,0.04875,39,0.04875,0,0.0,0,0.0,0,0,0,0,0,0,0,0,0,0,0,4,-63.8468959761467,0.0,0.1574093716447089,2.5401873711798544,0.1153642225101603,0.1994545207792574,1.0816532342070793,2.5401873711798544,full RL,0.04875
of_nogate,OF-MPC pretrained no gate,OF no gate,2,20260619_174127,87,68800,69600,800,-4.221391167029956,-3377.1129336239646,-4.221391167029956,-3377.1129336239646,0.0,0.0,8,0.01,8,0.01,0,0.0,0,0.0,0,0,0,0,0,0,0,0,0,0,0,7,-68.99081290230595,0.0,0.1667377506721299,2.481927050482682,0.1149687472033721,0.2185067541408878,1.078521751775016,2.481927050482682,full RL,0.01
of_nogate,OF-MPC pretrained no gate,OF no gate,2,20260619_174127,88,69600,70400,800,-4.127884551501605,-3302.307641201284,-4.127884551501605,-3302.307641201284,0.0,0.0,15,0.01875,15,0.01875,0,0.0,0,0.0,0,0,0,0,0,0,0,0,0,0,0,6,-63.9762229014774,0.0,0.1584253160830791,2.550860365834126,0.115325090284399,0.2015255418817591,1.0825174813896292,2.550860365834126,full RL,0.01875
of_nogate,OF-MPC pretrained no gate,OF no gate,2,20260619_174127,89,70400,71200,800,-4.160418992170468,-3328.335193736375,-4.160418992170468,-3328.335193736375,0.0,0.0,9,0.01125,9,0.01125,0,0.0,0,0.0,0,0,0,0,0,0,0,0,0,0,0,5,-65.67591939067347,0.0,0.1582640886715195,2.5838650906090948,0.1159654148012217,0.2005627625418172,1.0865125171377543,2.5838650906090948,full RL,0.01125
of_nogate,OF-MPC pretrained no gate,OF no gate,2,20260619_174127,90,71200,72000,800,-4.107229865215466,-3285.7838921723724,-4.107229865215466,-3285.7838921723724,0.0,0.0,18,0.0225,18,0.0225,0,0.0,0,0.0,0,0,0,0,0,0,0,0,0,0,0,6,-66.30615582408859,0.0,0.1541462850385598,2.5435795921395083,0.1157977278250973,0.1924948422520223,1.0841057019649667,2.5435795921395083,full RL,0.0225
of_nogate,OF-MPC pretrained no gate,OF no gate,2,20260619_174127,91,72000,72800,800,-4.180223783147065,-3344.1790265176523,-4.180223783147065,-3344.1790265176523,0.0,0.0,9,0.01125,9,0.01125,0,0.0,0,0.0,0,0,0,0,0,0,0,0,0,0,0,7,-67.21779104157986,0.0,0.1557560304082706,2.5549207076351195,0.1166346161068265,0.1948774447097146,1.0941826699455652,2.5549207076351195,full RL,0.01125
of_nogate,OF-MPC pretrained no gate,OF no gate,2,20260619_174127,92,72800,73600,800,-4.180361165180688,-3344.288932144551,-4.180361165180688,-3344.288932144551,0.0,0.0,10,0.0125,10,0.0125,0,0.0,0,0.0,0,0,0,0,0,0,0,0,0,0,0,6,-67.62479693055195,0.0,0.1590625321565401,2.5646435974998667,0.1167138275187951,0.2014112367942851,1.0917940766010967,2.5646435974998667,full RL,0.0125
of_nogate,OF-MPC pretrained no gate,OF no gate,2,20260619_174127,93,73600,74400,800,-4.180649749661505,-3344.5197997292044,-4.180649749661505,-3344.5197997292044,0.0,0.0,10,0.0125,10,0.0125,0,0.0,0,0.0,0,0,0,0,0,0,0,0,0,0,0,7,-66.80554751753573,0.0,0.1560873258682997,2.5389978659119947,0.1167585360156284,0.1954161157209711,1.0868482588065818,2.5389978659119947,full RL,0.0125
of_nogate,OF-MPC pretrained no gate,OF no gate,2,20260619_174127,94,74400,75200,800,-4.2182003057069615,-3374.560244565569,-4.2182003057069615,-3374.560244565569,0.0,0.0,16,0.02,16,0.02,0,0.0,0,0.0,0,0,0,0,0,0,0,0,0,0,0,8,-64.14438626562014,0.0,0.15858725104959,2.5971514411879757,0.116842553699319,0.200331948399861,1.0914333489613497,2.5971514411879757,full RL,0.02
of_nogate,OF-MPC pretrained no gate,OF no gate,2,20260619_174127,95,75200,76000,800,-4.277435645284804,-3421.948516227844,-4.277435645284804,-3421.948516227844,0.0,0.0,10,0.0125,10,0.0125,0,0.0,0,0.0,0,0,0,0,0,0,0,0,0,0,0,7,-66.70675730820153,0.0,0.1584660450007581,2.6037673330467896,0.1178988476692661,0.1990332423322501,1.0980890461448314,2.6037673330467896,full RL,0.0125
of_nogate,OF-MPC pretrained no gate,OF no gate,2,20260619_174127,96,76000,76800,800,-4.19842498521584,-3358.7399881726715,-4.19842498521584,-3358.7399881726715,0.0,0.0,15,0.01875,15,0.01875,0,0.0,0,0.0,0,0,0,0,0,0,0,0,0,0,0,7,-64.220035036907,0.0,0.1575990754942318,2.5878488789950325,0.1169164556731587,0.1982816953153048,1.0950342989248836,2.5878488789950325,full RL,0.01875
of_nogate,OF-MPC pretrained no gate,OF no gate,2,20260619_174127,97,76800,77600,800,-4.205761854910546,-3364.609483928437,-4.205761854910546,-3364.609483928437,0.0,0.0,17,0.02125,17,0.02125,0,0.0,0,0.0,0,0,0,0,0,0,0,0,0,0,0,6,-62.02585516915485,0.0,0.1576478994885308,2.597274217382278,0.1170982475232889,0.1981975514537727,1.0917791572402955,2.597274217382278,full RL,0.02125
of_nogate,OF-MPC pretrained no gate,OF no gate,2,20260619_174127,98,77600,78400,800,-4.341909904359475,-3473.52792348758,-4.341909904359475,-3473.52792348758,0.0,0.0,47,0.05875,47,0.05875,0,0.0,0,0.0,0,0,0,0,0,0,0,0,0,0,0,8,-64.44118660017512,0.0,0.1610171918386038,2.619903840169968,0.1183856120660243,0.2036487716111833,1.100414108763036,2.619903840169968,full RL,0.05875
of_nogate,OF-MPC pretrained no gate,OF no gate,2,20260619_174127,99,78400,79200,800,-4.156052934235537,-3324.842347388429,-4.156052934235537,-3324.842347388429,0.0,0.0,31,0.03875,31,0.03875,0,0.0,0,0.0,0,0,0,0,0,0,0,0,0,0,0,7,-63.6961155494057,0.0,0.1559006306311948,2.5705764856026008,0.1163101269790429,0.1954911342833466,1.0890413111417914,2.5705764856026008,full RL,0.03875
of_nogate,OF-MPC pretrained no gate,OF no gate,2,20260619_174127,100,79200,80000,800,-4.176516204682506,-3341.212963746005,-4.176516204682506,-3341.212963746005,0.0,0.0,31,0.03875,31,0.03875,0,0.0,0,0.0,0,0,0,0,0,0,0,0,0,0,0,8,-66.05797385278868,0.0,0.157509638479265,2.588577196543156,0.1159878229139123,0.1990314540446178,1.0844386726665165,2.588577196543156,full RL,0.03875
of_nogate,OF-MPC pretrained no gate,OF no gate,2,20260619_174127,101,80000,80800,800,-4.14749690392652,-3317.997523141216,-4.14749690392652,-3317.997523141216,0.0,0.0,24,0.03,24,0.03,0,0.0,0,0.0,0,0,0,0,0,0,0,0,0,0,0,7,-69.40731553554576,0.0,0.1577295347127997,2.5600845129114878,0.1157098143274412,0.1997492550981582,1.0853184034415757,2.5600845129114878,full RL,0.03
of_nogate,OF-MPC pretrained no gate,OF no gate,2,20260619_174127,102,80800,81600,800,-4.19118919618312,-3352.951356946496,-4.19118919618312,-3352.951356946496,0.0,0.0,14,0.0175,14,0.0175,0,0.0,0,0.0,0,0,0,0,0,0,0,0,0,0,0,7,-69.97551553904486,0.0,0.1594520666597209,2.580833099337724,0.1160225743332305,0.2028815589862113,1.0856662846270448,2.580833099337724,full RL,0.0175
of_nogate,OF-MPC pretrained no gate,OF no gate,2,20260619_174127,103,81600,82400,800,-4.131525171108863,-3305.2201368870906,-4.131525171108863,-3305.2201368870906,0.0,0.0,35,0.04375,35,0.04375,0,0.0,0,0.0,0,0,0,0,0,0,0,0,0,0,0,7,-65.38457366073942,0.0,0.1569586747513738,2.551529133332906,0.1154089720424204,0.1985083774603271,1.0817812589504912,2.551529133332906,full RL,0.04375
of_nogate,OF-MPC pretrained no gate,OF no gate,2,20260619_174127,104,82400,83200,800,-4.162345999189898,-3329.876799351918,-4.162345999189898,-3329.876799351918,0.0,0.0,14,0.0175,14,0.0175,0,0.0,0,0.0,0,0,0,0,0,0,0,0,0,0,0,8,-56.59779233462859,0.0,0.1618883335962589,2.539188238152235,0.1148566636703944,0.2089200035221234,1.073140889127869,2.539188238152235,full RL,0.0175
of_nogate,OF-MPC pretrained no gate,OF no gate,2,20260619_174127,105,83200,84000,800,-4.06998951095308,-3255.991608762464,-4.06998951095308,-3255.991608762464,0.0,0.0,17,0.02125,17,0.02125,0,0.0,0,0.0,0,0,0,0,0,0,0,0,0,0,0,7,-64.76415984105904,0.0,0.1544044591651711,2.484477497500791,0.1151848279889453,0.1936240903413969,1.0780924464096833,2.484477497500791,full RL,0.02125
of_nogate,OF-MPC pretrained no gate,OF no gate,2,20260619_174127,106,84000,84800,800,-4.079654397670965,-3263.723518136772,-4.079654397670965,-3263.723518136772,0.0,0.0,63,0.07875,63,0.07875,0,0.0,0,0.0,0,0,0,0,0,0,0,0,0,0,0,6,-67.03170681661254,0.0,0.1611254539870186,2.5534754430901216,0.1140201310066063,0.2082307769674309,1.069764559220515,2.5534754430901216,full RL,0.07875
of_nogate,OF-MPC pretrained no gate,OF no gate,2,20260619_174127,107,84800,85600,800,-4.04321497915032,-3234.571983320256,-4.04321497915032,-3234.571983320256,0.0,0.0,17,0.02125,17,0.02125,0,0.0,0,0.0,0,0,0,0,0,0,0,0,0,0,0,6,-65.68353216521609,0.0,0.1578395407094316,2.5311578030074884,0.11366037231493,0.2020187091039333,1.0702961379646228,2.5311578030074884,full RL,0.02125
of_nogate,OF-MPC pretrained no gate,OF no gate,2,20260619_174127,108,85600,86400,800,-4.049006670343954,-3239.205336275163,-4.049006670343954,-3239.205336275163,0.0,0.0,11,0.01375,11,0.01375,0,0.0,0,0.0,0,0,0,0,0,0,0,0,0,0,0,6,-66.01463164932318,0.0,0.1559979753848496,2.5151410650663597,0.1142195153928366,0.1977764353768627,1.0815647724778483,2.5151410650663597,full RL,0.01375
of_nogate,OF-MPC pretrained no gate,OF no gate,2,20260619_174127,109,86400,87200,800,-4.037786950915947,-3230.229560732758,-4.037786950915947,-3230.229560732758,0.0,0.0,31,0.03875,31,0.03875,0,0.0,0,0.0,0,0,0,0,0,0,0,0,0,0,0,6,-61.50862565255716,0.0,0.160710672976702,2.652806224146957,0.1131980814474644,0.2082232645059396,1.0736086718116615,2.652806224146957,full RL,0.03875
of_nogate,OF-MPC pretrained no gate,OF no gate,2,20260619_174127,110,87200,88000,800,-4.110693871661827,-3288.5550973294617,-4.110693871661827,-3288.5550973294617,0.0,0.0,18,0.0225,18,0.0225,0,0.0,0,0.0,0,0,0,0,0,0,0,0,0,0,0,5,-63.56152633951899,0.0,0.1629907961619445,2.581049247149167,0.1141157958457899,0.2118657964780991,1.0749754328858758,2.581049247149167,full RL,0.0225
of_nogate,OF-MPC pretrained no gate,OF no gate,2,20260619_174127,111,88000,88800,800,-4.201618550694238,-3361.2948405553902,-4.201618550694238,-3361.2948405553902,0.0,0.0,27,0.03375,27,0.03375,0,0.0,0,0.0,0,0,0,0,0,0,0,0,0,0,0,7,-64.84455909754809,0.0,0.1675661732481214,2.7156443251340647,0.1146168409828729,0.2205155055133698,1.0801467183709,2.7156443251340647,full RL,0.03375
of_nogate,OF-MPC pretrained no gate,OF no gate,2,20260619_174127,112,88800,89600,800,-4.128580951215736,-3302.864760972589,-4.128580951215736,-3302.864760972589,0.0,0.0,84,0.105,84,0.105,0,0.0,0,0.0,0,0,0,0,0,0,0,0,0,0,0,6,-62.11652774744903,0.0,0.1618070327452725,2.5684088697738616,0.1143762274255215,0.2092378380650235,1.0734387834217691,2.5684088697738616,full RL,0.105
of_nogate,OF-MPC pretrained no gate,OF no gate,2,20260619_174127,113,89600,90400,800,-4.060719284179308,-3248.575427343447,-4.060719284179308,-3248.575427343447,0.0,0.0,15,0.01875,15,0.01875,0,0.0,0,0.0,0,0,0,0,0,0,0,0,0,0,0,7,-59.2222942387466,0.0,0.1554666598935228,2.5653571573879503,0.1147644697276608,0.1961688500593847,1.080567480646787,2.5653571573879503,full RL,0.01875
of_nogate,OF-MPC pretrained no gate,OF no gate,2,20260619_174127,114,90400,91200,800,-4.07431858474587,-3259.454867796696,-4.07431858474587,-3259.454867796696,0.0,0.0,48,0.06,48,0.06,0,0.0,0,0.0,0,0,0,0,0,0,0,0,0,0,0,7,-63.99272058552219,0.0,0.1580010165426593,2.5476470272183747,0.1144445996209992,0.2015574334643194,1.075289745568639,2.5476470272183747,full RL,0.06
of_nogate,OF-MPC pretrained no gate,OF no gate,2,20260619_174127,115,91200,92000,800,-4.078348603036204,-3262.678882428964,-4.078348603036204,-3262.678882428964,0.0,0.0,16,0.02,16,0.02,0,0.0,0,0.0,0,0,0,0,0,0,0,0,0,0,0,8,-59.64591952413582,0.0,0.1586839035194777,2.58868287653587,0.1140880900665257,0.2032797169724297,1.0751814939550526,2.58868287653587,full RL,0.02
of_nogate,OF-MPC pretrained no gate,OF no gate,2,20260619_174127,116,92000,92800,800,-4.084503312689776,-3267.602650151821,-4.084503312689776,-3267.602650151821,0.0,0.0,31,0.03875,31,0.03875,0,0.0,0,0.0,0,0,0,0,0,0,0,0,0,0,0,7,-62.02266684361052,0.0,0.159271918224498,2.585248710857627,0.1143672745214199,0.2041765619275761,1.0752175710177547,2.585248710857627,full RL,0.03875
of_nogate,OF-MPC pretrained no gate,OF no gate,2,20260619_174127,117,92800,93600,800,-4.140814934960144,-3312.6519479681147,-4.140814934960144,-3312.6519479681147,0.0,0.0,21,0.02625,21,0.02625,0,0.0,0,0.0,0,0,0,0,0,0,0,0,0,0,0,5,-66.49790405369254,0.0,0.1578967648754398,2.5938314383810166,0.115772979118622,0.2000205506322576,1.0869903989806482,2.5938314383810166,full RL,0.02625
of_nogate,OF-MPC pretrained no gate,OF no gate,2,20260619_174127,118,93600,94400,800,-4.083339965477318,-3266.671972381854,-4.083339965477318,-3266.671972381854,0.0,0.0,40,0.05,40,0.05,0,0.0,0,0.0,0,0,0,0,0,0,0,0,0,0,0,8,-61.79283290010744,0.0,0.1566566202450998,2.488453841626324,0.1145251550559265,0.1987880854342731,1.0733748546251864,2.488453841626324,full RL,0.05
of_nogate,OF-MPC pretrained no gate,OF no gate,2,20260619_174127,119,94400,95200,800,-4.032692939776476,-3226.154351821181,-4.032692939776476,-3226.154351821181,0.0,0.0,8,0.01,8,0.01,0,0.0,0,0.0,0,0,0,0,0,0,0,0,0,0,0,7,-65.70280626660326,0.0,0.1555373467278427,2.555017855450899,0.1139457656443421,0.1971289278113434,1.0688762452221048,2.555017855450899,full RL,0.01
of_nogate,OF-MPC pretrained no gate,OF no gate,2,20260619_174127,120,95200,96000,800,-4.042537613486392,-3234.0300907891133,-4.042537613486392,-3234.0300907891133,0.0,0.0,14,0.0175,14,0.0175,0,0.0,0,0.0,0,0,0,0,0,0,0,0,0,0,0,7,-62.248254527500535,0.0,0.1550058858421918,2.428356737506874,0.1142669074008257,0.195744864283558,1.0727713462449686,2.428356737506874,full RL,0.0175
of_nogate,OF-MPC pretrained no gate,OF no gate,2,20260619_174127,121,96000,96800,800,-4.10751595742303,-3286.0127659384243,-4.10751595742303,-3286.0127659384243,0.0,0.0,9,0.01125,9,0.01125,0,0.0,0,0.0,0,0,0,0,0,0,0,0,0,0,0,6,-63.772518614540445,0.0,0.1581834933191057,2.618116750374668,0.1149769623753692,0.2013900242628422,1.0778047543344589,2.618116750374668,full RL,0.01125
of_nogate,OF-MPC pretrained no gate,OF no gate,2,20260619_174127,122,96800,97600,800,-4.111200608412134,-3288.960486729708,-4.111200608412134,-3288.960486729708,0.0,0.0,11,0.01375,11,0.01375,0,0.0,0,0.0,0,0,0,0,0,0,0,0,0,0,0,7,-62.18825542865352,0.0,0.1590104986360946,2.611235345921557,0.1146104898559895,0.2034105074161998,1.075543500042202,2.611235345921557,full RL,0.01375
of_nogate,OF-MPC pretrained no gate,OF no gate,2,20260619_174127,123,97600,98400,800,-4.065375818799831,-3252.300655039865,-4.065375818799831,-3252.300655039865,0.0,0.0,12,0.015,12,0.015,0,0.0,0,0.0,0,0,0,0,0,0,0,0,0,0,0,7,-60.379113577665976,0.0,0.1583491822860787,2.585514676190769,0.1139962786552908,0.2027020859168667,1.0773449544982632,2.585514676190769,full RL,0.015
of_nogate,OF-MPC pretrained no gate,OF no gate,2,20260619_174127,124,98400,99200,800,-4.075159051240175,-3260.12724099214,-4.075159051240175,-3260.12724099214,0.0,0.0,11,0.01375,11,0.01375,0,0.0,0,0.0,0,0,0,0,0,0,0,0,0,0,0,6,-60.98897333195964,0.0,0.1552144389430332,2.521511457465806,0.11474808562025,0.1956807922658165,1.079330259227095,2.521511457465806,full RL,0.01375
of_nogate,OF-MPC pretrained no gate,OF no gate,2,20260619_174127,125,99200,100000,800,-4.535622476663101,-3628.497981330481,-4.535622476663101,-3628.497981330481,0.0,0.0,60,0.075,60,0.075,0,0.0,0,0.0,0,0,0,0,0,0,0,0,0,0,0,8,-65.35159173839702,0.0,0.1743619676856329,2.574355178198573,0.1183467555462743,0.2303771798249915,1.081605269269247,2.574355178198573,full RL,0.075
of_nogate,OF-MPC pretrained no gate,OF no gate,2,20260619_174127,126,100000,100800,800,-4.633126674086115,-3706.501339268892,-4.633126674086115,-3706.501339268892,0.0,0.0,12,0.015,12,0.015,0,0.0,0,0.0,0,0,0,0,0,0,0,0,0,0,0,9,-59.5823227611138,0.0,0.1756424774159999,2.5503875714582023,0.1161878569328608,0.2350970978991391,1.0950458022702343,2.5503875714582023,full RL,0.015
of_nogate,OF-MPC pretrained no gate,OF no gate,2,20260619_174127,127,100800,101600,800,-5.644440910110887,-4515.55272808871,-5.644440910110887,-4515.55272808871,0.0,0.0,41,0.05125,41,0.05125,0,0.0,0,0.0,0,0,0,0,0,0,0,0,0,0,0,2,-72.33169925832806,0.0,0.2687139883544239,2.536529730136124,0.1172952293099292,0.4201327473989186,1.0815168030781996,2.536529730136124,full RL,0.05125
of_nogate,OF-MPC pretrained no gate,OF no gate,2,20260619_174127,128,101600,102400,800,-4.2078244732541386,-3366.2595786033107,-4.2078244732541386,-3366.2595786033107,0.0,0.0,40,0.05,40,0.05,0,0.0,0,0.0,0,0,0,0,0,0,0,0,0,0,0,6,-62.56905581148203,0.0,0.1571028105847991,2.5239687642155677,0.1158062584709615,0.1983993626986367,1.084321664080306,2.5239687642155677,full RL,0.05
of_nogate,OF-MPC pretrained no gate,OF no gate,2,20260619_174127,129,102400,103200,800,-4.205298279532027,-3364.2386236256216,-4.205298279532027,-3364.2386236256216,0.0,0.0,7,0.00875,7,0.00875,0,0.0,0,0.0,0,0,0,0,0,0,0,0,0,0,0,5,-65.97359737530815,0.0,0.1575673462631349,2.5561581252288192,0.1157297869764425,0.1994049055498272,1.0844090024053847,2.5561581252288192,full RL,0.00875
of_nogate,OF-MPC pretrained no gate,OF no gate,2,20260619_174127,130,103200,104000,800,-4.235526079203982,-3388.420863363186,-4.235526079203982,-3388.420863363186,0.0,0.0,73,0.09125,73,0.09125,0,0.0,0,0.0,0,0,0,0,0,0,0,0,0,0,0,6,-63.00173484735137,0.0,0.1618102383867833,2.582988581503514,0.1166331357038875,0.2069873410696791,1.0957414700055712,2.582988581503514,full RL,0.09125
of_nogate,OF-MPC pretrained no gate,OF no gate,2,20260619_174127,131,104000,104800,800,-4.149122715385599,-3319.2981723084795,-4.149122715385599,-3319.2981723084795,0.0,0.0,10,0.0125,10,0.0125,0,0.0,0,0.0,0,0,0,0,0,0,0,0,0,0,0,7,-64.55495011938513,0.0,0.1586821615753503,2.619261330290442,0.1158747535486977,0.2014895696020029,1.0903155879266904,2.619261330290442,full RL,0.0125
of_nogate,OF-MPC pretrained no gate,OF no gate,2,20260619_174127,132,104800,105600,800,-4.188359965937708,-3350.6879727501664,-4.188359965937708,-3350.6879727501664,0.0,0.0,20,0.025,20,0.025,0,0.0,0,0.0,0,0,0,0,0,0,0,0,0,0,0,7,-64.06678781347011,0.0,0.1608728976315917,2.621306131711321,0.1160648557869555,0.2056809394762278,1.0923489685495986,2.621306131711321,full RL,0.025
of_nogate,OF-MPC pretrained no gate,OF no gate,2,20260619_174127,133,105600,106400,800,-4.1767867118079,-3341.42936944632,-4.1767867118079,-3341.42936944632,0.0,0.0,15,0.01875,15,0.01875,0,0.0,0,0.0,0,0,0,0,0,0,0,0,0,0,0,6,-62.71633116157148,0.0,0.1573197034760356,2.5624128670145296,0.1163919388617815,0.1982474680902896,1.091191067089286,2.5624128670145296,full RL,0.01875
of_nogate,OF-MPC pretrained no gate,OF no gate,2,20260619_174127,134,106400,107200,800,-4.143421193602438,-3314.7369548819506,-4.143421193602438,-3314.7369548819506,0.0,0.0,12,0.015,12,0.015,0,0.0,0,0.0,0,0,0,0,0,0,0,0,0,0,0,7,-60.824957931610015,0.0,0.1575034513476713,2.5532566435815056,0.1156211258893812,0.1993857768059614,1.086616615711487,2.5532566435815056,full RL,0.015
of_nogate,OF-MPC pretrained no gate,OF no gate,2,20260619_174127,135,107200,108000,800,-4.171964174287657,-3337.5713394301256,-4.171964174287657,-3337.5713394301256,0.0,0.0,19,0.02375,19,0.02375,0,0.0,0,0.0,0,0,0,0,0,0,0,0,0,0,0,7,-63.27275619458146,0.0,0.156647662966815,2.529294092829105,0.115855688166627,0.197439637767003,1.0897681633248557,2.529294092829105,full RL,0.02375
of_nogate,OF-MPC pretrained no gate,OF no gate,2,20260619_174127,136,108000,108800,800,-4.128912890162009,-3303.130312129607,-4.128912890162009,-3303.130312129607,0.0,0.0,27,0.03375,27,0.03375,0,0.0,0,0.0,0,0,0,0,0,0,0,0,0,0,0,7,-62.764076110869496,0.0,0.158859085772638,2.578406950679721,0.1155076600888526,0.2022105114564233,1.090526534341882,2.578406950679721,full RL,0.03375
of_nogate,OF-MPC pretrained no gate,OF no gate,2,20260619_174127,137,108800,109600,800,-4.157144012568829,-3325.7152100550634,-4.157144012568829,-3325.7152100550634,0.0,0.0,19,0.02375,19,0.02375,0,0.0,0,0.0,0,0,0,0,0,0,0,0,0,0,0,6,-60.62460871696396,0.0,0.157382573786311,2.490859876438549,0.116262218737283,0.198502928835339,1.0903060772536617,2.490859876438549,full RL,0.02375
of_nogate,OF-MPC pretrained no gate,OF no gate,2,20260619_174127,138,109600,110400,800,-4.096396227632894,-3277.1169821063154,-4.096396227632894,-3277.1169821063154,0.0,0.0,14,0.0175,14,0.0175,0,0.0,0,0.0,0,0,0,0,0,0,0,0,0,0,0,6,-61.28768478624431,0.0,0.1560860033386236,2.5400321240239805,0.1153146964272598,0.1968573102499874,1.0840263233247254,2.5400321240239805,full RL,0.0175
of_nogate,OF-MPC pretrained no gate,OF no gate,2,20260619_174127,139,110400,111200,800,-4.103765156841049,-3283.0121254728388,-4.103765156841049,-3283.0121254728388,0.0,0.0,31,0.03875,31,0.03875,0,0.0,0,0.0,0,0,0,0,0,0,0,0,0,0,0,7,-63.8823211249744,0.0,0.158021679730251,2.5764359836464905,0.1151538388883724,0.2008895205721297,1.0889681903255437,2.5764359836464905,full RL,0.03875
of_nogate,OF-MPC pretrained no gate,OF no gate,2,20260619_174127,140,111200,112000,800,-4.096627779615239,-3277.302223692191,-4.096627779615239,-3277.302223692191,0.0,0.0,12,0.015,12,0.015,0,0.0,0,0.0,0,0,0,0,0,0,0,0,0,0,0,8,-62.28607937094489,0.0,0.159546862309936,2.592682028508534,0.1146521460493522,0.2044415785705198,1.0903000173334028,2.592682028508534,full RL,0.015
of_nogate,OF-MPC pretrained no gate,OF no gate,2,20260619_174127,141,112000,112800,800,-4.098351222418031,-3278.680977934425,-4.098351222418031,-3278.680977934425,0.0,0.0,16,0.02,16,0.02,0,0.0,0,0.0,0,0,0,0,0,0,0,0,0,0,0,8,-63.43858481146481,0.0,0.1603947070739771,2.600202233449977,0.1144743492971057,0.2063150648508485,1.0787338688649712,2.600202233449977,full RL,0.02
of_nogate,OF-MPC pretrained no gate,OF no gate,2,20260619_174127,142,112800,113600,800,-4.100499697859932,-3280.3997582879456,-4.100499697859932,-3280.3997582879456,0.0,0.0,12,0.015,12,0.015,0,0.0,0,0.0,0,0,0,0,0,0,0,0,0,0,0,7,-65.32907309552058,0.0,0.1583518081047396,2.553782891344724,0.1143723564488792,0.2023312597606,1.0768831866169766,2.553782891344724,full RL,0.015
of_nogate,OF-MPC pretrained no gate,OF no gate,2,20260619_174127,143,113600,114400,800,-4.095865680836481,-3276.6925446691853,-4.095865680836481,-3276.6925446691853,0.0,0.0,12,0.015,12,0.015,0,0.0,0,0.0,0,0,0,0,0,0,0,0,0,0,0,8,-65.42849965091932,0.0,0.1598675328231509,2.639373228813952,0.1147781208806878,0.204956944765614,1.0803321675234057,2.639373228813952,full RL,0.015
of_nogate,OF-MPC pretrained no gate,OF no gate,2,20260619_174127,144,114400,115200,800,-50.046927240347976,-40037.54179227838,-50.046927240347976,-40037.54179227838,0.0,0.0,19,0.02375,19,0.02375,0,0.0,0,0.0,0,0,0,0,0,0,0,0,0,0,0,8,-75.75963526834914,0.0,0.7175442658483437,4.327283624060954,0.3941209979654396,1.0409675337312478,1.661777657907073,4.327283624060954,full RL,0.02375
of_nogate,OF-MPC pretrained no gate,OF no gate,2,20260619_174127,145,115200,116000,800,-4.12501625902682,-3300.013007221456,-4.12501625902682,-3300.013007221456,0.0,0.0,14,0.0175,14,0.0175,0,0.0,0,0.0,0,0,0,0,0,0,0,0,0,0,0,4,-62.62099627037867,0.0,0.1561471418799173,2.5361662477170626,0.1151804160132958,0.1971138677465388,1.0870763277515,2.5361662477170626,full RL,0.0175
of_nogate,OF-MPC pretrained no gate,OF no gate,2,20260619_174127,146,116000,116800,800,-4.1623843720637685,-3329.907497651014,-4.1623843720637685,-3329.907497651014,0.0,0.0,12,0.015,12,0.015,0,0.0,0,0.0,0,0,0,0,0,0,0,0,0,0,0,5,-62.516375497324816,0.0,0.164975275998965,2.567643467831488,0.114845650173016,0.2151049018249141,1.0940564836524893,2.567643467831488,full RL,0.015
of_nogate,OF-MPC pretrained no gate,OF no gate,2,20260619_174127,147,116800,117600,800,-4.079333209842884,-3263.4665678743067,-4.079333209842884,-3263.4665678743067,0.0,0.0,20,0.025,20,0.025,0,0.0,0,0.0,0,0,0,0,0,0,0,0,0,0,0,8,-63.735140546419416,0.0,0.1620796355510303,2.559152473197287,0.1138476026637899,0.2103116684382707,1.0740125879056053,2.559152473197287,full RL,0.025
of_nogate,OF-MPC pretrained no gate,OF no gate,2,20260619_174127,148,117600,118400,800,-4.013353254283911,-3210.682603427129,-4.013353254283911,-3210.682603427129,0.0,0.0,10,0.0125,10,0.0125,0,0.0,0,0.0,0,0,0,0,0,0,0,0,0,0,0,7,-62.08290889231239,0.0,0.1602581842851803,2.572204520512116,0.1130472389568071,0.2074691296135535,1.071541510125789,2.572204520512116,full RL,0.0125
of_nogate,OF-MPC pretrained no gate,OF no gate,2,20260619_174127,149,118400,119200,800,-4.00531581320258,-3204.2526505620644,-4.00531581320258,-3204.2526505620644,0.0,0.0,29,0.03625,29,0.03625,0,0.0,0,0.0,0,0,0,0,0,0,0,0,0,0,0,6,-62.68589815222265,0.0,0.1597174040473569,2.553095038521008,0.1127898624708559,0.2066449456238578,1.0728353074541528,2.553095038521008,full RL,0.03625
of_nogate,OF-MPC pretrained no gate,OF no gate,2,20260619_174127,150,119200,120000,800,-4.063150405682295,-3250.520324545836,-4.063150405682295,-3250.520324545836,0.0,0.0,21,0.02625,21,0.02625,0,0.0,0,0.0,0,0,0,0,0,0,0,0,0,0,0,5,-65.64163301326971,0.0,0.1624429872771337,2.599363961936149,0.113425925037736,0.2114600495165313,1.0741835349915565,2.599363961936149,full RL,0.02625
of_nogate,OF-MPC pretrained no gate,OF no gate,2,20260619_174127,151,120000,120800,800,-3.9779151960477535,-3182.3321568382034,-3.9779151960477535,-3182.3321568382034,0.0,0.0,18,0.0225,18,0.0225,0,0.0,0,0.0,0,0,0,0,0,0,0,0,0,0,0,7,-63.51215842381748,0.0,0.1587148351468432,2.5459818386459574,0.1126860656633524,0.204743604630334,1.0792427063573924,2.5459818386459574,full RL,0.0225
of_nogate,OF-MPC pretrained no gate,OF no gate,2,20260619_174127,152,120800,121600,800,-4.067528718042651,-3254.0229744341214,-4.067528718042651,-3254.0229744341214,0.0,0.0,13,0.01625,13,0.01625,0,0.0,0,0.0,0,0,0,0,0,0,0,0,0,0,0,7,-65.51311420028969,0.0,0.1603150257027317,2.5754202407862863,0.1140906057942266,0.2065394456112367,1.083149394326953,2.5754202407862863,full RL,0.01625
of_nogate,OF-MPC pretrained no gate,OF no gate,2,20260619_174127,153,121600,122400,800,-4.00551375431482,-3204.411003451856,-4.00551375431482,-3204.411003451856,0.0,0.0,13,0.01625,13,0.01625,0,0.0,0,0.0,0,0,0,0,0,0,0,0,0,0,0,6,-64.01705603350717,0.0,0.1582733001133832,2.5577764473960656,0.113126107778069,0.2034204924486973,1.0715914174629426,2.5577764473960656,full RL,0.01625
of_nogate,OF-MPC pretrained no gate,OF no gate,2,20260619_174127,154,122400,123200,800,-3.980413672586394,-3184.3309380691157,-3.980413672586394,-3184.3309380691157,0.0,0.0,16,0.02,16,0.02,0,0.0,0,0.0,0,0,0,0,0,0,0,0,0,0,0,6,-64.69016460013995,0.0,0.1560715259378178,2.5449340113387398,0.113136237384031,0.1990068144916046,1.076526295653609,2.5449340113387398,full RL,0.02
of_nogate,OF-MPC pretrained no gate,OF no gate,2,20260619_174127,155,123200,124000,800,-4.130074330109768,-3304.0594640878144,-4.130074330109768,-3304.0594640878144,0.0,0.0,11,0.01375,11,0.01375,0,0.0,0,0.0,0,0,0,0,0,0,0,0,0,0,0,6,-63.66028872691516,0.0,0.1597902833311543,2.58879716798549,0.1149717388834037,0.2046088277789048,1.0945026353601484,2.58879716798549,full RL,0.01375
of_nogate,OF-MPC pretrained no gate,OF no gate,2,20260619_174127,156,124000,124800,800,-4.30324000634615,-3442.59200507692,-4.30324000634615,-3442.59200507692,0.0,0.0,13,0.01625,13,0.01625,0,0.0,0,0.0,0,0,0,0,0,0,0,0,0,0,0,7,-54.1882268861832,0.0,0.1742359352113893,2.755777526375084,0.1171372178851401,0.2313346525376385,1.087212659956286,2.755777526375084,full RL,0.01625
of_nogate,OF-MPC pretrained no gate,OF no gate,2,20260619_174127,157,124800,125600,800,-3.948779773002378,-3159.023818401902,-3.948779773002378,-3159.023818401902,0.0,0.0,12,0.015,12,0.015,0,0.0,0,0.0,0,0,0,0,0,0,0,0,0,0,0,5,-67.86463602123717,0.0,0.153735405078752,2.5288559979142637,0.1129219977790441,0.1945488123784599,1.073001331605106,2.5288559979142637,full RL,0.015
of_nogate,OF-MPC pretrained no gate,OF no gate,2,20260619_174127,158,125600,126400,800,-3.990056704234477,-3192.0453633875813,-3.990056704234477,-3192.0453633875813,0.0,0.0,21,0.02625,21,0.02625,0,0.0,0,0.0,0,0,0,0,0,0,0,0,0,0,0,6,-66.23010629082285,0.0,0.1561296945461769,2.564972273318972,0.1132603748370941,0.1989990142552598,1.0738060492204269,2.564972273318972,full RL,0.02625
of_nogate,OF-MPC pretrained no gate,OF no gate,2,20260619_174127,159,126400,127200,800,-3.9620480720005857,-3169.6384576004684,-3.9620480720005857,-3169.6384576004684,0.0,0.0,9,0.01125,9,0.01125,0,0.0,0,0.0,0,0,0,0,0,0,0,0,0,0,0,5,-64.09315444258459,0.0,0.1554825196562772,2.58532314305927,0.113089839512135,0.1978751998004195,1.0736265913787857,2.58532314305927,full RL,0.01125
of_nogate,OF-MPC pretrained no gate,OF no gate,2,20260619_174127,160,127200,128000,800,-3.975728679442904,-3180.582943554323,-3.975728679442904,-3180.582943554323,0.0,0.0,7,0.00875,7,0.00875,0,0.0,0,0.0,0,0,0,0,0,0,0,0,0,0,0,6,-66.31813393504171,0.0,0.1551903595043245,2.5923319668755767,0.1137103271027399,0.1966703919059092,1.0806858591338533,2.5923319668755767,full RL,0.00875
of_nogate,OF-MPC pretrained no gate,OF no gate,2,20260619_174127,161,128000,128800,800,-4.008069721901536,-3206.455777521229,-4.008069721901536,-3206.455777521229,0.0,0.0,10,0.0125,10,0.0125,0,0.0,0,0.0,0,0,0,0,0,0,0,0,0,0,0,6,-67.34953695845843,0.0,0.1567457029669177,2.5899367093093133,0.1138305414398417,0.1996608644939937,1.0761061272961985,2.5899367093093133,full RL,0.0125
of_nogate,OF-MPC pretrained no gate,OF no gate,2,20260619_174127,162,128800,129600,800,-4.003293715190751,-3202.634972152601,-4.003293715190751,-3202.634972152601,0.0,0.0,22,0.0275,22,0.0275,0,0.0,0,0.0,0,0,0,0,0,0,0,0,0,0,0,5,-69.80722356437559,0.0,0.1583575620741264,2.5807076565753846,0.1132107745999781,0.2035043495482746,1.0715818076799772,2.5807076565753846,full RL,0.0275
of_nogate,OF-MPC pretrained no gate,OF no gate,2,20260619_174127,163,129600,130400,800,-4.036942575205118,-3229.554060164094,-4.036942575205118,-3229.554060164094,0.0,0.0,10,0.0125,10,0.0125,0,0.0,0,0.0,0,0,0,0,0,0,0,0,0,0,0,6,-68.61060540280869,0.0,0.1572181410005191,2.582288451228635,0.1142512746662654,0.2001850073347727,1.0866881422700447,2.582288451228635,full RL,0.0125
of_nogate,OF-MPC pretrained no gate,OF no gate,2,20260619_174127,164,130400,131200,800,-3.982815344421634,-3186.252275537307,-3.982815344421634,-3186.252275537307,0.0,0.0,13,0.01625,13,0.01625,0,0.0,0,0.0,0,0,0,0,0,0,0,0,0,0,0,7,-66.93742594699916,0.0,0.1556502378719169,2.5403939755120177,0.1132798451745867,0.1980206305692471,1.0751154989605198,2.5403939755120177,full RL,0.01625
of_nogate,OF-MPC pretrained no gate,OF no gate,2,20260619_174127,165,131200,132000,800,-3.9850793781841696,-3188.063502547336,-3.9850793781841696,-3188.063502547336,0.0,0.0,18,0.0225,18,0.0225,0,0.0,0,0.0,0,0,0,0,0,0,0,0,0,0,0,6,-69.20419765294764,0.0,0.1550463315534994,2.581619684482348,0.1132003774981334,0.1968922856088654,1.0787866847014818,2.581619684482348,full RL,0.0225
of_nogate,OF-MPC pretrained no gate,OF no gate,2,20260619_174127,166,132000,132800,800,-3.9341317805095626,-3147.30542440765,-3.9341317805095626,-3147.30542440765,0.0,0.0,9,0.01125,9,0.01125,0,0.0,0,0.0,0,0,0,0,0,0,0,0,0,0,0,6,-67.1178243365639,0.0,0.1540379492627326,2.5776976266523093,0.1127394426951816,0.1953364558302837,1.0750917165099063,2.5776976266523093,full RL,0.01125
of_nogate,OF-MPC pretrained no gate,OF no gate,2,20260619_174127,167,132800,133600,800,-4.022934147589289,-3218.347318071431,-4.022934147589289,-3218.347318071431,0.0,0.0,19,0.02375,19,0.02375,0,0.0,0,0.0,0,0,0,0,0,0,0,0,0,0,0,5,-70.1470843126657,0.0,0.1553561371061416,2.577521427391161,0.1138849874469118,0.1968272867653715,1.076494126342317,2.577521427391161,full RL,0.02375
of_nogate,OF-MPC pretrained no gate,OF no gate,2,20260619_174127,168,133600,134400,800,-3.9834127936296335,-3186.730234903707,-3.9834127936296335,-3186.730234903707,0.0,0.0,16,0.02,16,0.02,0,0.0,0,0.0,0,0,0,0,0,0,0,0,0,0,0,8,-63.29346615474435,0.0,0.1572485416331878,2.6209467604468277,0.1129263750877779,0.2015707081785978,1.0709766444557167,2.6209467604468277,full RL,0.02
of_nogate,OF-MPC pretrained no gate,OF no gate,2,20260619_174127,169,134400,135200,800,-4.016059181814398,-3212.8473454515183,-4.016059181814398,-3212.8473454515183,0.0,0.0,16,0.02,16,0.02,0,0.0,0,0.0,0,0,0,0,0,0,0,0,0,0,0,6,-66.46353709796915,0.0,0.1553580453090703,2.558195385074441,0.1142824149639133,0.1964336756542272,1.0772212206346592,2.558195385074441,full RL,0.02
of_nogate,OF-MPC pretrained no gate,OF no gate,2,20260619_174127,170,135200,136000,800,-4.000450564546789,-3200.3604516374307,-4.000450564546789,-3200.3604516374307,0.0,0.0,17,0.02125,17,0.02125,0,0.0,0,0.0,0,0,0,0,0,0,0,0,0,0,0,7,-69.05806039997196,0.0,0.1557493155233291,2.514673421062924,0.11286500073639,0.1986336303102682,1.0749070486364922,2.514673421062924,full RL,0.02125
of_nogate,OF-MPC pretrained no gate,OF no gate,2,20260619_174127,171,136000,136800,800,-3.919741163175315,-3135.792930540252,-3.919741163175315,-3135.792930540252,0.0,0.0,18,0.0225,18,0.0225,0,0.0,0,0.0,0,0,0,0,0,0,0,0,0,0,0,5,-66.89765891551701,0.0,0.1540704142447674,2.558392035216059,0.1126535333577747,0.1954872951317601,1.0786700641732296,2.558392035216059,full RL,0.0225
of_nogate,OF-MPC pretrained no gate,OF no gate,2,20260619_174127,172,136800,137600,800,-3.9892761395473535,-3191.420911637884,-3.9892761395473535,-3191.420911637884,0.0,0.0,13,0.01625,13,0.01625,0,0.0,0,0.0,0,0,0,0,0,0,0,0,0,0,0,6,-68.67206489087766,0.0,0.1564461788628431,2.563478182846495,0.1126901360441986,0.2002022216814877,1.0763813360578998,2.563478182846495,full RL,0.01625
of_nogate,OF-MPC pretrained no gate,OF no gate,2,20260619_174127,173,137600,138400,800,-4.018533974975963,-3214.82717998077,-4.018533974975963,-3214.82717998077,0.0,0.0,8,0.01,8,0.01,0,0.0,0,0.0,0,0,0,0,0,0,0,0,0,0,0,6,-70.26207682612858,0.0,0.1565026150522015,2.548838113665681,0.1135333030237507,0.1994719270806523,1.079110456632249,2.548838113665681,full RL,0.01
of_nogate,OF-MPC pretrained no gate,OF no gate,2,20260619_174127,174,138400,139200,800,-3.940911787194393,-3152.7294297555145,-3.940911787194393,-3152.7294297555145,0.0,0.0,10,0.0125,10,0.0125,0,0.0,0,0.0,0,0,0,0,0,0,0,0,0,0,0,6,-64.5033861522968,0.0,0.1547904128855357,2.570769598204322,0.113020913259401,0.1965599125116704,1.0753204709497406,2.570769598204322,full RL,0.0125
of_nogate,OF-MPC pretrained no gate,OF no gate,2,20260619_174127,175,139200,140000,800,-3.9535413996685502,-3162.83311973484,-3.9535413996685502,-3162.83311973484,0.0,0.0,15,0.01875,15,0.01875,0,0.0,0,0.0,0,0,0,0,0,0,0,0,0,0,0,7,-66.2143076017635,0.0,0.1546117039100097,2.5408687697346863,0.1129291419534088,0.1962942658666105,1.0730825849294985,2.5408687697346863,full RL,0.01875
of_nogate,OF-MPC pretrained no gate,OF no gate,2,20260619_174127,176,140000,140800,800,-4.010885356088743,-3208.7082848709942,-4.010885356088743,-3208.7082848709942,0.0,0.0,13,0.01625,13,0.01625,0,0.0,0,0.0,0,0,0,0,0,0,0,0,0,0,0,6,-70.08637453046572,0.0,0.1558399832558348,2.5412111090337817,0.1134154952308032,0.1982644712808665,1.082259223160016,2.5412111090337817,full RL,0.01625
of_nogate,OF-MPC pretrained no gate,OF no gate,2,20260619_174127,177,140800,141600,800,-4.028532337130024,-3222.825869704019,-4.028532337130024,-3222.825869704019,0.0,0.0,8,0.01,8,0.01,0,0.0,0,0.0,0,0,0,0,0,0,0,0,0,0,0,7,-67.95285327646195,0.0,0.1581097829121137,2.587913990639493,0.1132349712498164,0.2029845945744109,1.077378933073771,2.587913990639493,full RL,0.01
of_nogate,OF-MPC pretrained no gate,OF no gate,2,20260619_174127,178,141600,142400,800,-3.924330800401025,-3139.46464032082,-3.924330800401025,-3139.46464032082,0.0,0.0,12,0.015,12,0.015,0,0.0,0,0.0,0,0,0,0,0,0,0,0,0,0,0,7,-68.62341523008524,0.0,0.1538929623256832,2.5687503567550607,0.1129983599324199,0.1947875647189464,1.0751264923868846,2.5687503567550607,full RL,0.015
of_nogate,OF-MPC pretrained no gate,OF no gate,2,20260619_174127,179,142400,143200,800,-3.934437082876912,-3147.549666301529,-3.934437082876912,-3147.549666301529,0.0,0.0,13,0.01625,13,0.01625,0,0.0,0,0.0,0,0,0,0,0,0,0,0,0,0,0,7,-68.17346323900165,0.0,0.1548052320961873,2.592043492846642,0.1129410949089624,0.1966693692834123,1.075230793361431,2.592043492846642,full RL,0.01625
of_nogate,OF-MPC pretrained no gate,OF no gate,2,20260619_174127,180,143200,144000,800,-3.951133884397184,-3160.9071075177467,-3.951133884397184,-3160.9071075177467,0.0,0.0,10,0.0125,10,0.0125,0,0.0,0,0.0,0,0,0,0,0,0,0,0,0,0,0,5,-69.28987001541543,0.0,0.1535750764955961,2.551967098605644,0.112981690780319,0.1941684622108731,1.070490099061674,2.551967098605644,full RL,0.0125
of_nogate,OF-MPC pretrained no gate,OF no gate,2,20260619_174127,181,144000,144800,800,-3.961755841234307,-3169.4046729874453,-3.961755841234307,-3169.4046729874453,0.0,0.0,10,0.0125,10,0.0125,0,0.0,0,0.0,0,0,0,0,0,0,0,0,0,0,0,6,-69.1900357958475,0.0,0.154609431573316,2.5736741170670143,0.1130370702393758,0.1961817929072562,1.073406873584585,2.5736741170670143,full RL,0.0125
of_nogate,OF-MPC pretrained no gate,OF no gate,2,20260619_174127,182,144800,145600,800,-3.95449005579834,-3163.592044638672,-3.95449005579834,-3163.592044638672,0.0,0.0,17,0.02125,17,0.02125,0,0.0,0,0.0,0,0,0,0,0,0,0,0,0,0,0,7,-68.89295494000044,0.0,0.156984320060252,2.589207495922153,0.1125454612450714,0.2014231788754325,1.0709500388771969,2.589207495922153,full RL,0.02125
of_nogate,OF-MPC pretrained no gate,OF no gate,2,20260619_174127,183,145600,146400,800,-3.9206463479414464,-3136.517078353157,-3.9206463479414464,-3136.517078353157,0.0,0.0,9,0.01125,9,0.01125,0,0.0,0,0.0,0,0,0,0,0,0,0,0,0,0,0,7,-68.93297899442018,0.0,0.1533610138758771,2.5454314300682768,0.1123848195850788,0.1943372081666754,1.068651229568736,2.5454314300682768,full RL,0.01125
of_nogate,OF-MPC pretrained no gate,OF no gate,2,20260619_174127,184,146400,147200,800,-3.943320757011391,-3154.656605609113,-3.943320757011391,-3154.656605609113,0.0,0.0,15,0.01875,15,0.01875,0,0.0,0,0.0,0,0,0,0,0,0,0,0,0,0,0,7,-68.44790657206545,0.0,0.1541535477686981,2.568342874499649,0.1130192870053862,0.19528780853201,1.072289597842841,2.568342874499649,full RL,0.01875
of_nogate,OF-MPC pretrained no gate,OF no gate,2,20260619_174127,185,147200,148000,800,-3.974161462914193,-3179.3291703313544,-3.974161462914193,-3179.3291703313544,0.0,0.0,9,0.01125,9,0.01125,0,0.0,0,0.0,0,0,0,0,0,0,0,0,0,0,0,5,-70.03836003192862,0.0,0.1542391324708346,2.5540457701181367,0.1132584647464936,0.1952198001951755,1.0712477274447694,2.5540457701181367,full RL,0.01125
of_nogate,OF-MPC pretrained no gate,OF no gate,2,20260619_174127,186,148000,148800,800,-3.924126215305063,-3139.30097224405,-3.924126215305063,-3139.30097224405,0.0,0.0,10,0.0125,10,0.0125,0,0.0,0,0.0,0,0,0,0,0,0,0,0,0,0,0,6,-68.79826499943874,0.0,0.1543235793935701,2.5773474029043086,0.1127062388321126,0.1959409199550275,1.0723718996256904,2.5773474029043086,full RL,0.0125
of_nogate,OF-MPC pretrained no gate,OF no gate,2,20260619_174127,187,148800,149600,800,-3.961369377590316,-3169.095502072253,-3.961369377590316,-3169.095502072253,0.0,0.0,11,0.01375,11,0.01375,0,0.0,0,0.0,0,0,0,0,0,0,0,0,0,0,0,6,-69.42209273860988,0.0,0.1545890969720174,2.557995125942284,0.1133491150549032,0.1958290788891316,1.0760910624881643,2.557995125942284,full RL,0.01375
of_nogate,OF-MPC pretrained no gate,OF no gate,2,20260619_174127,188,149600,150400,800,-3.9771262224058863,-3181.700977924709,-3.9771262224058863,-3181.700977924709,0.0,0.0,11,0.01375,11,0.01375,0,0.0,0,0.0,0,0,0,0,0,0,0,0,0,0,0,6,-69.52597962951336,0.0,0.1557846821978337,2.561515416230577,0.1134228568660287,0.1981465075296386,1.0762087559135425,2.561515416230577,full RL,0.01375
of_nogate,OF-MPC pretrained no gate,OF no gate,2,20260619_174127,189,150400,151200,800,-3.997921974693376,-3198.3375797547005,-3.997921974693376,-3198.3375797547005,0.0,0.0,11,0.01375,11,0.01375,0,0.0,0,0.0,0,0,0,0,0,0,0,0,0,0,0,5,-69.2365447836296,0.0,0.1555886191926071,2.587932365471829,0.1138783144725836,0.1972989239126307,1.0758122204750111,2.587932365471829,full RL,0.01375
of_nogate,OF-MPC pretrained no gate,OF no gate,2,20260619_174127,190,151200,152000,800,-3.931633412517258,-3145.3067300138064,-3.931633412517258,-3145.3067300138064,0.0,0.0,7,0.00875,7,0.00875,0,0.0,0,0.0,0,0,0,0,0,0,0,0,0,0,0,5,-68.805996506915,0.0,0.1557150990713435,2.60445527603406,0.1126507312153707,0.1987794669273163,1.0737715198241458,2.60445527603406,full RL,0.00875
of_nogate,OF-MPC pretrained no gate,OF no gate,2,20260619_174127,191,152000,152800,800,-3.97881895354714,-3183.055162837712,-3.97881895354714,-3183.055162837712,0.0,0.0,11,0.01375,11,0.01375,0,0.0,0,0.0,0,0,0,0,0,0,0,0,0,0,0,6,-65.4436357385656,0.0,0.154771045820215,2.570656005551939,0.1134474798970464,0.1960946117433835,1.071581046929993,2.570656005551939,full RL,0.01375
of_nogate,OF-MPC pretrained no gate,OF no gate,2,20260619_174127,192,152800,153600,800,-3.9836806613521647,-3186.944529081732,-3.9836806613521647,-3186.944529081732,0.0,0.0,8,0.01,8,0.01,0,0.0,0,0.0,0,0,0,0,0,0,0,0,0,0,0,5,-67.44771695809732,0.0,0.1555860575180515,2.596199660884849,0.1135442400962402,0.1976278749398628,1.0743016533768386,2.596199660884849,full RL,0.01
of_nogate,OF-MPC pretrained no gate,OF no gate,2,20260619_174127,193,153600,154400,800,-3.964090882256235,-3171.272705804988,-3.964090882256235,-3171.272705804988,0.0,0.0,8,0.01,8,0.01,0,0.0,0,0.0,0,0,0,0,0,0,0,0,0,0,0,6,-65.83774630181688,0.0,0.1553994441583871,2.56723493985686,0.1131879587346125,0.1976109295821617,1.0712453034522125,2.56723493985686,full RL,0.01
of_nogate,OF-MPC pretrained no gate,OF no gate,2,20260619_174127,194,154400,155200,800,-3.949472706786601,-3159.5781654292805,-3.949472706786601,-3159.5781654292805,0.0,0.0,9,0.01125,9,0.01125,0,0.0,0,0.0,0,0,0,0,0,0,0,0,0,0,0,6,-68.48477940175849,0.0,0.1540147984938396,2.582146251276413,0.1135944029765692,0.1944351940111101,1.0745225930567854,2.582146251276413,full RL,0.01125
of_nogate,OF-MPC pretrained no gate,OF no gate,2,20260619_174127,195,155200,156000,800,-3.9058877758511663,-3124.710220680933,-3.9058877758511663,-3124.710220680933,0.0,0.0,11,0.01375,11,0.01375,0,0.0,0,0.0,0,0,0,0,0,0,0,0,0,0,0,6,-65.79040379116088,0.0,0.1525138039752266,2.534887736899236,0.1126133698113603,0.1924142381390929,1.0757402817834074,2.534887736899236,full RL,0.01375
of_nogate,OF-MPC pretrained no gate,OF no gate,2,20260619_174127,196,156000,156800,800,-3.968149390783651,-3174.519512626921,-3.968149390783651,-3174.519512626921,0.0,0.0,10,0.0125,10,0.0125,0,0.0,0,0.0,0,0,0,0,0,0,0,0,0,0,0,6,-67.53948605244057,0.0,0.1546583825825802,2.5628272377705343,0.1135601453250776,0.1957566198400828,1.08120285777138,2.5628272377705343,full RL,0.0125
of_nogate,OF-MPC pretrained no gate,OF no gate,2,20260619_174127,197,156800,157600,800,-4.144726257225482,-3315.7810057803854,-4.144726257225482,-3315.7810057803854,0.0,0.0,15,0.01875,15,0.01875,0,0.0,0,0.0,0,0,0,0,0,0,0,0,0,0,0,6,-69.01469308792241,0.0,0.1554999824014568,2.528877304084574,0.1136915853607943,0.1973083794421193,1.0784234590376278,2.528877304084574,full RL,0.01875
of_nogate,OF-MPC pretrained no gate,OF no gate,2,20260619_174127,198,157600,158400,800,-3.968779493742667,-3175.0235949941334,-3.968779493742667,-3175.0235949941334,0.0,0.0,14,0.0175,14,0.0175,0,0.0,0,0.0,0,0,0,0,0,0,0,0,0,0,0,6,-67.56116376963939,0.0,0.1550076137697751,2.57159052631107,0.11332581824252,0.1966894092970303,1.079585467524216,2.57159052631107,full RL,0.0175
of_nogate,OF-MPC pretrained no gate,OF no gate,2,20260619_174127,199,158400,159200,800,-3.981556630974719,-3185.245304779776,-3.981556630974719,-3185.245304779776,0.0,0.0,12,0.015,12,0.015,0,0.0,0,0.0,0,0,0,0,0,0,0,0,0,0,0,6,-67.95479948207912,0.0,0.1555332369830712,2.58528680755353,0.1134661119591863,0.1976003620069561,1.0808795775078672,2.58528680755353,full RL,0.015
of_nogate,OF-MPC pretrained no gate,OF no gate,2,20260619_174127,200,159200,160000,800,-3.993679650890272,-3194.9437207122173,-3.993679650890272,-3194.9437207122173,0.0,0.0,10,0.0125,10,0.0125,0,0.0,0,0.0,0,0,0,0,0,0,0,0,0,0,0,7,-68.55533624133102,0.0,0.1545205028441297,2.541034763573577,0.1139550435162288,0.1950859621720306,1.082512017067431,2.541034763573577,full RL,0.0125
of_nogate,OF-MPC pretrained no gate,OF no gate,2,20260619_174127,201,160000,160800,800,-3.949238920742636,-3159.3911365941085,-3.949238920742636,-3159.3911365941085,0.0,0.0,12,0.015,12,0.015,0,0.0,0,0.0,0,0,0,0,0,0,0,0,0,0,0,6,-68.56617377762905,0.0,0.1534435088249134,2.556835622238168,0.1132223039919493,0.1936647136578775,1.0731807710113448,2.556835622238168,full RL,0.015
of_nogate,OF-MPC pretrained no gate,OF no gate,2,20260619_174127,202,160800,161600,800,-4.0324685409695205,-3225.974832775616,-4.0324685409695205,-3225.974832775616,0.0,0.0,10,0.0125,10,0.0125,0,0.0,0,0.0,0,0,0,0,0,0,0,0,0,0,0,5,-66.49074974614996,0.0,0.1561200330704036,2.580516932527871,0.1146322385405947,0.1976078276002124,1.0774844574721256,2.580516932527871,full RL,0.0125
of_nogate,OF-MPC pretrained no gate,OF no gate,2,20260619_174127,203,161600,162400,800,-3.936355948705352,-3149.0847589642817,-3.936355948705352,-3149.0847589642817,0.0,0.0,10,0.0125,10,0.0125,0,0.0,0,0.0,0,0,0,0,0,0,0,0,0,0,0,5,-69.50951394652839,0.0,0.1556970623884067,2.554326253522845,0.1124965242849723,0.1988976004918411,1.0717300667904557,2.554326253522845,full RL,0.0125
of_nogate,OF-MPC pretrained no gate,OF no gate,2,20260619_174127,204,162400,163200,800,-3.9331167395510818,-3146.4933916408654,-3.9331167395510818,-3146.4933916408654,0.0,0.0,13,0.01625,13,0.01625,0,0.0,0,0.0,0,0,0,0,0,0,0,0,0,0,0,6,-67.42240698839646,0.0,0.1541743682276864,2.563217751128548,0.1131999724845862,0.1951487639707865,1.0743419761258903,2.563217751128548,full RL,0.01625
of_nogate,OF-MPC pretrained no gate,OF no gate,2,20260619_174127,205,163200,164000,800,-3.966564912502759,-3173.251930002207,-3.966564912502759,-3173.251930002207,0.0,0.0,10,0.0125,10,0.0125,0,0.0,0,0.0,0,0,0,0,0,0,0,0,0,0,0,7,-68.13436679451615,0.0,0.1553508756094708,2.5930187309711528,0.1134655689866234,0.1972361822323182,1.0770834993926055,2.5930187309711528,full RL,0.0125
of_nogate,OF-MPC pretrained no gate,OF no gate,2,20260619_174127,206,164000,164800,800,-3.979890987715799,-3183.912790172639,-3.979890987715799,-3183.912790172639,0.0,0.0,11,0.01375,11,0.01375,0,0.0,0,0.0,0,0,0,0,0,0,0,0,0,0,0,6,-64.04255924356244,0.0,0.1551456225967546,2.550159484434573,0.1132616156711385,0.1970296295223708,1.0743550507729285,2.550159484434573,full RL,0.01375
of_nogate,OF-MPC pretrained no gate,OF no gate,2,20260619_174127,207,164800,165600,800,-3.926322208462137,-3141.05776676971,-3.926322208462137,-3141.05776676971,0.0,0.0,12,0.015,12,0.015,0,0.0,0,0.0,0,0,0,0,0,0,0,0,0,0,0,7,-67.69104893687813,0.0,0.1535853291240576,2.5531971235196806,0.1126151053747075,0.1945555528734078,1.0701421436024012,2.5531971235196806,full RL,0.015
of_nogate,OF-MPC pretrained no gate,OF no gate,2,20260619_174127,208,165600,166400,800,-3.9996655527412464,-3199.732442192997,-3.9996655527412464,-3199.732442192997,0.0,0.0,10,0.0125,10,0.0125,0,0.0,0,0.0,0,0,0,0,0,0,0,0,0,0,0,6,-64.17978888654977,0.0,0.1554790934537597,2.571115363228671,0.1140766669965064,0.196881519911013,1.0800312543371553,2.571115363228671,full RL,0.0125
of_nogate,OF-MPC pretrained no gate,OF no gate,2,20260619_174127,209,166400,167200,800,-3.932925267591127,-3146.3402140729013,-3.932925267591127,-3146.3402140729013,0.0,0.0,10,0.0125,10,0.0125,0,0.0,0,0.0,0,0,0,0,0,0,0,0,0,0,0,6,-65.45501204917457,0.0,0.1532634612009154,2.5702325364208605,0.1134185234168342,0.1931083989849967,1.076400144536994,2.5702325364208605,full RL,0.0125
of_nogate,OF-MPC pretrained no gate,OF no gate,2,20260619_174127,210,167200,168000,800,-3.956028912302322,-3164.8231298418577,-3.956028912302322,-3164.8231298418577,0.0,0.0,7,0.00875,7,0.00875,0,0.0,0,0.0,0,0,0,0,0,0,0,0,0,0,0,6,-65.57181841859415,0.0,0.1544788480145892,2.5859538906128137,0.1134546024763191,0.1955030935528594,1.0740239554781668,2.5859538906128137,full RL,0.00875
of_nogate,OF-MPC pretrained no gate,OF no gate,2,20260619_174127,211,168000,168800,800,-3.9935866485971294,-3194.869318877704,-3.9935866485971294,-3194.869318877704,0.0,0.0,8,0.01,8,0.01,0,0.0,0,0.0,0,0,0,0,0,0,0,0,0,0,0,5,-67.64011191943291,0.0,0.1546366136653164,2.5594124920675085,0.1140280194276451,0.1952452079029877,1.086556285883587,2.5594124920675085,full RL,0.01
of_nogate,OF-MPC pretrained no gate,OF no gate,2,20260619_174127,212,168800,169600,800,-3.995431012604722,-3196.3448100837777,-3.995431012604722,-3196.3448100837777,0.0,0.0,10,0.0125,10,0.0125,0,0.0,0,0.0,0,0,0,0,0,0,0,0,0,0,0,4,-68.1685653205086,0.0,0.1558262227342035,2.5723023692684706,0.1136709535682921,0.197981491900115,1.0801387357523362,2.5723023692684706,full RL,0.0125
of_nogate,OF-MPC pretrained no gate,OF no gate,2,20260619_174127,213,169600,170400,800,-3.975440267294121,-3180.352213835297,-3.975440267294121,-3180.352213835297,0.0,0.0,12,0.015,12,0.015,0,0.0,0,0.0,0,0,0,0,0,0,0,0,0,0,0,5,-68.24427417968468,0.0,0.1547504871771626,2.553286351842189,0.1134136361633671,0.1960873381909581,1.0796683420146675,2.553286351842189,full RL,0.015
of_nogate,OF-MPC pretrained no gate,OF no gate,2,20260619_174127,214,170400,171200,800,-3.994387947327333,-3195.5103578618664,-3.994387947327333,-3195.5103578618664,0.0,0.0,13,0.01625,13,0.01625,0,0.0,0,0.0,0,0,0,0,0,0,0,0,0,0,0,5,-67.77742617243825,0.0,0.1546802142159728,2.569895515948076,0.1138914083764341,0.1954690200555115,1.0759961137160707,2.569895515948076,full RL,0.01625
of_nogate,OF-MPC pretrained no gate,OF no gate,2,20260619_174127,215,171200,172000,800,-3.980243602182178,-3184.1948817457424,-3.980243602182178,-3184.1948817457424,0.0,0.0,8,0.01,8,0.01,0,0.0,0,0.0,0,0,0,0,0,0,0,0,0,0,0,5,-65.10336347602026,0.0,0.156405919791399,2.592211759922691,0.1131311579690361,0.1996806816137619,1.0730719268339644,2.592211759922691,full RL,0.01
of_nogate,OF-MPC pretrained no gate,OF no gate,2,20260619_174127,216,172000,172800,800,-3.991738404847617,-3193.390723878093,-3.991738404847617,-3193.390723878093,0.0,0.0,10,0.0125,10,0.0125,0,0.0,0,0.0,0,0,0,0,0,0,0,0,0,0,0,5,-65.44024336516554,0.0,0.1565168098669204,2.567684511203538,0.1132532639980793,0.1997803557357615,1.0786049010925018,2.567684511203538,full RL,0.0125
of_nogate,OF-MPC pretrained no gate,OF no gate,2,20260619_174127,217,172800,173600,800,-3.9414617230937368,-3153.1693784749896,-3.9414617230937368,-3153.1693784749896,0.0,0.0,9,0.01125,9,0.01125,0,0.0,0,0.0,0,0,0,0,0,0,0,0,0,0,0,5,-67.3670996645609,0.0,0.153152588663723,2.545402226416229,0.1132791872991161,0.1930259900283299,1.0735564014322247,2.545402226416229,full RL,0.01125
of_nogate,OF-MPC pretrained no gate,OF no gate,2,20260619_174127,218,173600,174400,800,-4.0337635129962015,-3227.010810396961,-4.0337635129962015,-3227.010810396961,0.0,0.0,13,0.01625,13,0.01625,0,0.0,0,0.0,0,0,0,0,0,0,0,0,0,0,0,8,-70.28089791210562,0.0,0.1602182460404963,2.5463954791862875,0.1127721399648973,0.2076643521160954,1.0736457565461437,2.5463954791862875,full RL,0.01625
of_nogate,OF-MPC pretrained no gate,OF no gate,2,20260619_174127,219,174400,175200,800,-4.038246021666058,-3230.5968173328465,-4.038246021666058,-3230.5968173328465,0.0,0.0,6,0.0075,6,0.0075,0,0.0,0,0.0,0,0,0,0,0,0,0,0,0,0,0,6,-66.29523585646166,0.0,0.1559715495682361,2.5672224609230625,0.1145363691568763,0.1974067299795959,1.0826524052818471,2.5672224609230625,full RL,0.0075
of_nogate,OF-MPC pretrained no gate,OF no gate,2,20260619_174127,220,175200,176000,800,-3.9870489287376514,-3189.639142990121,-3.9870489287376514,-3189.639142990121,0.0,0.0,11,0.01375,11,0.01375,0,0.0,0,0.0,0,0,0,0,0,0,0,0,0,0,0,6,-68.11130926687872,0.0,0.1561816868942925,2.569143370873121,0.1134903464329849,0.1988730273556,1.0790582962354685,2.569143370873121,full RL,0.01375
of_nogate,OF-MPC pretrained no gate,OF no gate,2,20260619_174127,221,176000,176800,800,-3.947984437640516,-3158.387550112413,-3.947984437640516,-3158.387550112413,0.0,0.0,11,0.01375,11,0.01375,0,0.0,0,0.0,0,0,0,0,0,0,0,0,0,0,0,5,-66.35064190109051,0.0,0.1555897038919073,2.5868745265570965,0.1130590154673607,0.198120392316454,1.0756055308545176,2.5868745265570965,full RL,0.01375
of_nogate,OF-MPC pretrained no gate,OF no gate,2,20260619_174127,222,176800,177600,800,-4.079069616375389,-3263.255693100311,-4.079069616375389,-3263.255693100311,0.0,0.0,12,0.015,12,0.015,0,0.0,0,0.0,0,0,0,0,0,0,0,0,0,0,0,6,-67.1249060629807,0.0,0.1674701276088368,2.728642777145126,0.1142423187606781,0.2206979364569955,1.079766088126341,2.728642777145126,full RL,0.015
of_nogate,OF-MPC pretrained no gate,OF no gate,2,20260619_174127,223,177600,178400,800,-4.001014284069628,-3200.8114272557023,-4.001014284069628,-3200.8114272557023,0.0,0.0,8,0.01,8,0.01,0,0.0,0,0.0,0,0,0,0,0,0,0,0,0,0,0,5,-66.96660747183762,0.0,0.1561198261293949,2.5949323261044697,0.114040722749321,0.1981989295094688,1.082325342322116,2.5949323261044697,full RL,0.01
of_nogate,OF-MPC pretrained no gate,OF no gate,2,20260619_174127,224,178400,179200,800,-3.972005705263435,-3177.6045642107483,-3.972005705263435,-3177.6045642107483,0.0,0.0,8,0.01,8,0.01,0,0.0,0,0.0,0,0,0,0,0,0,0,0,0,0,0,5,-67.23152185904837,0.0,0.1556446590926165,2.588063870139081,0.1136231363528517,0.1976661818323813,1.0793610057242795,2.588063870139081,full RL,0.01
of_nogate,OF-MPC pretrained no gate,OF no gate,2,20260619_174127,225,179200,180000,800,-3.978210005211944,-3182.568004169555,-3.978210005211944,-3182.568004169555,0.0,0.0,10,0.0125,10,0.0125,0,0.0,0,0.0,0,0,0,0,0,0,0,0,0,0,0,6,-68.52665181340683,0.0,0.1550203617266444,2.5659425963593208,0.1137310573274918,0.1963096661257969,1.0783351638868512,2.5659425963593208,full RL,0.0125
of_nogate,OF-MPC pretrained no gate,OF no gate,2,20260619_174127,226,180000,180800,800,-3.946824070672034,-3157.459256537627,-3.946824070672034,-3157.459256537627,0.0,0.0,8,0.01,8,0.01,0,0.0,0,0.0,0,0,0,0,0,0,0,0,0,0,0,5,-66.19184668600406,0.0,0.1546888586083406,2.586338443868442,0.1132667034729033,0.196111013743778,1.0755414009474653,2.586338443868442,full RL,0.01
of_nogate,OF-MPC pretrained no gate,OF no gate,2,20260619_174127,227,180800,181600,800,-3.964807321194392,-3171.845856955513,-3.964807321194392,-3171.845856955513,0.0,0.0,11,0.01375,11,0.01375,0,0.0,0,0.0,0,0,0,0,0,0,0,0,0,0,0,5,-69.47087438497658,0.0,0.1540853446216702,2.568980395144308,0.113485631632477,0.1946850576108633,1.0785976757058466,2.568980395144308,full RL,0.01375
of_nogate,OF-MPC pretrained no gate,OF no gate,2,20260619_174127,228,181600,182400,800,-3.968232966222617,-3174.586372978093,-3.968232966222617,-3174.586372978093,0.0,0.0,11,0.01375,11,0.01375,0,0.0,0,0.0,0,0,0,0,0,0,0,0,0,0,0,5,-69.42592288061394,0.0,0.1532025292967889,2.543318004827426,0.1138942771334196,0.1925107814601581,1.0817271760541294,2.543318004827426,full RL,0.01375
of_nogate,OF-MPC pretrained no gate,OF no gate,2,20260619_174127,229,182400,183200,800,-3.9434337561372574,-3154.7470049098065,-3.9434337561372574,-3154.7470049098065,0.0,0.0,11,0.01375,11,0.01375,0,0.0,0,0.0,0,0,0,0,0,0,0,0,0,0,0,6,-66.73463737464795,0.0,0.1540753967118724,2.5740458769802785,0.1133987485159816,0.1947520449077631,1.0745501350365545,2.5740458769802785,full RL,0.01375
of_nogate,OF-MPC pretrained no gate,OF no gate,2,20260619_174127,230,183200,184000,800,-3.895180496775757,-3116.1443974206054,-3.895180496775757,-3116.1443974206054,0.0,0.0,9,0.01125,9,0.01125,0,0.0,0,0.0,0,0,0,0,0,0,0,0,0,0,0,6,-68.7169457520198,0.0,0.1526320305975316,2.5674235569808843,0.1124387900871495,0.1928252711079137,1.0685758586512408,2.5674235569808843,full RL,0.01125
of_nogate,OF-MPC pretrained no gate,OF no gate,2,20260619_174127,231,184000,184800,800,-3.950503692212041,-3160.402953769633,-3.950503692212041,-3160.402953769633,0.0,0.0,9,0.01125,9,0.01125,0,0.0,0,0.0,0,0,0,0,0,0,0,0,0,0,0,5,-68.46164146593765,0.0,0.1535632992063834,2.5692692466565745,0.1134422078996466,0.1936843905131201,1.0758864813108846,2.5692692466565745,full RL,0.01125
of_nogate,OF-MPC pretrained no gate,OF no gate,2,20260619_174127,232,184800,185600,800,-3.960247069277481,-3168.197655421985,-3.960247069277481,-3168.197655421985,0.0,0.0,10,0.0125,10,0.0125,0,0.0,0,0.0,0,0,0,0,0,0,0,0,0,0,0,5,-66.69273374694467,0.0,0.1537095533060344,2.572587927107349,0.1135928262976844,0.1938262803143845,1.0780945476821129,2.572587927107349,full RL,0.0125
of_nogate,OF-MPC pretrained no gate,OF no gate,2,20260619_174127,233,185600,186400,800,-3.932059559281861,-3145.6476474254887,-3.932059559281861,-3145.6476474254887,0.0,0.0,9,0.01125,9,0.01125,0,0.0,0,0.0,0,0,0,0,0,0,0,0,0,0,0,4,-66.6192779014051,0.0,0.1541527472224898,2.569345437469281,0.1133291872637339,0.1949763071812457,1.0760116513321765,2.569345437469281,full RL,0.01125
of_nogate,OF-MPC pretrained no gate,OF no gate,2,20260619_174127,234,186400,187200,800,-3.939066879256546,-3151.253503405237,-3.939066879256546,-3151.253503405237,0.0,0.0,11,0.01375,11,0.01375,0,0.0,0,0.0,0,0,0,0,0,0,0,0,0,0,0,5,-66.3898510962747,0.0,0.1531699682601131,2.5663686911143486,0.1134634303745468,0.1928765061456793,1.0768930892933368,2.5663686911143486,full RL,0.01375
of_nogate,OF-MPC pretrained no gate,OF no gate,2,20260619_174127,235,187200,188000,800,-3.927495406426553,-3141.9963251412423,-3.927495406426553,-3141.9963251412423,0.0,0.0,9,0.01125,9,0.01125,0,0.0,0,0.0,0,0,0,0,0,0,0,0,0,0,0,6,-66.61407606997477,0.0,0.1545548909882832,2.569456756845568,0.1130358618474863,0.1960739201290801,1.076027802390746,2.569456756845568,full RL,0.01125
of_nogate,OF-MPC pretrained no gate,OF no gate,2,20260619_174127,236,188000,188800,800,-3.916470410781636,-3133.176328625309,-3.916470410781636,-3133.176328625309,0.0,0.0,10,0.0125,10,0.0125,0,0.0,0,0.0,0,0,0,0,0,0,0,0,0,0,0,5,-66.979119110694,0.0,0.1537234748407858,2.581314913471033,0.113136879779057,0.1943100699025145,1.0723070579893048,2.581314913471033,full RL,0.0125
of_nogate,OF-MPC pretrained no gate,OF no gate,2,20260619_174127,237,188800,189600,800,-3.9474858173733542,-3157.988653898684,-3.9474858173733542,-3157.988653898684,0.0,0.0,9,0.01125,9,0.01125,0,0.0,0,0.0,0,0,0,0,0,0,0,0,0,0,0,5,-66.80536259903784,0.0,0.1538951335220384,2.561153568945429,0.1136818919206596,0.1941083751234173,1.079816786829031,2.561153568945429,full RL,0.01125
of_nogate,OF-MPC pretrained no gate,OF no gate,2,20260619_174127,238,189600,190400,800,-3.911831345360277,-3129.4650762882216,-3.911831345360277,-3129.4650762882216,0.0,0.0,10,0.0125,10,0.0125,0,0.0,0,0.0,0,0,0,0,0,0,0,0,0,0,0,5,-66.3715572076751,0.0,0.1537712840274924,2.589973004569117,0.1129566441710514,0.1945859238839334,1.07478897877238,2.589973004569117,full RL,0.0125
of_nogate,OF-MPC pretrained no gate,OF no gate,2,20260619_174127,239,190400,191200,800,-3.936606847930316,-3149.2854783442526,-3.936606847930316,-3149.2854783442526,0.0,0.0,9,0.01125,9,0.01125,0,0.0,0,0.0,0,0,0,0,0,0,0,0,0,0,0,5,-66.25398432134511,0.0,0.154600839429477,2.5526292143836717,0.1132612315155676,0.1959404473433863,1.0762588149559105,2.5526292143836717,full RL,0.01125
of_nogate,OF-MPC pretrained no gate,OF no gate,2,20260619_174127,240,191200,192000,800,-3.950930729860568,-3160.744583888454,-3.950930729860568,-3160.744583888454,0.0,0.0,8,0.01,8,0.01,0,0.0,0,0.0,0,0,0,0,0,0,0,0,0,0,0,6,-66.7767306432155,0.0,0.1565544396682764,2.568048123645042,0.1129850826408133,0.2001237966957396,1.075850130985004,2.568048123645042,full RL,0.01
of_nogate,OF-MPC pretrained no gate,OF no gate,2,20260619_174127,241,192000,192800,800,-3.930258903822144,-3144.2071230577158,-3.930258903822144,-3144.2071230577158,0.0,0.0,9,0.01125,9,0.01125,0,0.0,0,0.0,0,0,0,0,0,0,0,0,0,0,0,5,-66.51540046699733,0.0,0.1541570927348616,2.5827676338140577,0.1130268318851257,0.1952873535845975,1.0760011767904871,2.5827676338140577,full RL,0.01125
of_nogate,OF-MPC pretrained no gate,OF no gate,2,20260619_174127,242,192800,193600,800,-3.9155562649062894,-3132.4450119250314,-3.9155562649062894,-3132.4450119250314,0.0,0.0,10,0.0125,10,0.0125,0,0.0,0,0.0,0,0,0,0,0,0,0,0,0,0,0,6,-66.25370424635548,0.0,0.1531992983267318,2.5577511930196124,0.112914893440291,0.1934837032131726,1.0718628547232911,2.5577511930196124,full RL,0.0125
of_nogate,OF-MPC pretrained no gate,OF no gate,2,20260619_174127,243,193600,194400,800,-3.953846199006181,-3163.076959204944,-3.953846199006181,-3163.076959204944,0.0,0.0,8,0.01,8,0.01,0,0.0,0,0.0,0,0,0,0,0,0,0,0,0,0,0,5,-65.02237933932543,0.0,0.1544209259223801,2.5842674651214,0.1134614822916634,0.1953803695530967,1.0774623829208871,2.5842674651214,full RL,0.01
of_nogate,OF-MPC pretrained no gate,OF no gate,2,20260619_174127,244,194400,195200,800,-3.945132595298082,-3156.106076238465,-3.945132595298082,-3156.106076238465,0.0,0.0,8,0.01,8,0.01,0,0.0,0,0.0,0,0,0,0,0,0,0,0,0,0,0,6,-65.69762028323817,0.0,0.1544790090268356,2.577339330569771,0.1135515240690613,0.1954064939846098,1.079337183577604,2.577339330569771,full RL,0.01
of_nogate,OF-MPC pretrained no gate,OF no gate,2,20260619_174127,245,195200,196000,800,-3.95225913141967,-3161.807305135736,-3.95225913141967,-3161.807305135736,0.0,0.0,7,0.00875,7,0.00875,0,0.0,0,0.0,0,0,0,0,0,0,0,0,0,0,0,6,-64.78126992773355,0.0,0.154482482855959,2.5913648469837085,0.1136169673120428,0.1953479983998752,1.0805355981577145,2.5913648469837085,full RL,0.00875
of_nogate,OF-MPC pretrained no gate,OF no gate,2,20260619_174127,246,196000,196800,800,-3.9238826723206377,-3139.10613785651,-3.9238826723206377,-3139.10613785651,0.0,0.0,9,0.01125,9,0.01125,0,0.0,0,0.0,0,0,0,0,0,0,0,0,0,0,0,6,-64.04808216763001,0.0,0.153333128756774,2.5695909326748847,0.1131358388228712,0.1935304186906767,1.0734539325868693,2.5695909326748847,full RL,0.01125
of_nogate,OF-MPC pretrained no gate,OF no gate,2,20260619_174127,247,196800,197600,800,-3.964156957706724,-3171.3255661653798,-3.964156957706724,-3171.3255661653798,0.0,0.0,11,0.01375,11,0.01375,0,0.0,0,0.0,0,0,0,0,0,0,0,0,0,0,0,6,-63.7199749323546,0.0,0.1540255762622761,2.5807889595782285,0.1135324953919378,0.1945186571326144,1.0766760598330234,2.5807889595782285,full RL,0.01375
of_nogate,OF-MPC pretrained no gate,OF no gate,2,20260619_174127,248,197600,198400,800,-3.9657590350715073,-3172.6072280572057,-3.9657590350715073,-3172.6072280572057,0.0,0.0,15,0.01875,15,0.01875,0,0.0,0,0.0,0,0,0,0,0,0,0,0,0,0,0,6,-63.66970998590307,0.0,0.1568559631876001,2.572168402698594,0.113108589013261,0.2006033373619391,1.0773544431990598,2.572168402698594,full RL,0.01875
of_nogate,OF-MPC pretrained no gate,OF no gate,2,20260619_174127,249,198400,199200,800,-3.9499702556843146,-3159.976204547452,-3.9499702556843146,-3159.976204547452,0.0,0.0,8,0.01,8,0.01,0,0.0,0,0.0,0,0,0,0,0,0,0,0,0,0,0,6,-65.46593889702433,0.0,0.1575458694816295,2.588552269976276,0.1125437727880806,0.2025479661751784,1.076882529988326,2.588552269976276,full RL,0.01
of_nogate,OF-MPC pretrained no gate,OF no gate,2,20260619_174127,250,199200,200000,800,-3.9444298647164073,-3155.543891773126,-3.9444298647164073,-3155.543891773126,0.0,0.0,14,0.0175,14,0.0175,0,0.0,0,0.0,0,0,0,0,0,0,0,0,0,0,0,6,-63.618474178598944,0.0,0.1552537699475402,2.565854297600538,0.1128303876316472,0.1976771522634331,1.0724994687678362,2.565854297600538,full RL,0.0175
of_nogate,OF-MPC pretrained no gate,OF no gate,2,20260619_174127,251,200000,200800,800,-3.9043410669894456,-3123.4728535915565,-3.9043410669894456,-3123.4728535915565,0.0,0.0,12,0.015,12,0.015,0,0.0,0,0.0,0,0,0,0,0,0,0,0,0,0,0,7,-63.5337473432005,0.0,0.156711256616771,2.571146377693367,0.1115965635564299,0.2018259496771121,1.0714011334886495,2.571146377693367,full RL,0.015
of_nogate,OF-MPC pretrained no gate,OF no gate,2,20260619_174127,252,200800,201600,800,-3.928792930606734,-3143.034344485387,-3.928792930606734,-3143.034344485387,0.0,0.0,12,0.015,12,0.015,0,0.0,0,0.0,0,0,0,0,0,0,0,0,0,0,0,6,-63.270240304161234,0.0,0.1563733392298677,2.542386578097592,0.1124841232490082,0.2002625552107272,1.0745224493013938,2.542386578097592,full RL,0.015
of_nogate,OF-MPC pretrained no gate,OF no gate,2,20260619_174127,253,201600,202400,800,-3.9546713723129847,-3163.737097850388,-3.9546713723129847,-3163.737097850388,0.0,0.0,9,0.01125,9,0.01125,0,0.0,0,0.0,0,0,0,0,0,0,0,0,0,0,0,6,-65.81304176634069,0.0,0.1575036760490098,2.6127102895737835,0.1126052866050033,0.2024020654930163,1.0736930008676224,2.6127102895737835,full RL,0.01125
of_nogate,OF-MPC pretrained no gate,OF no gate,2,20260619_174127,254,202400,203200,800,-3.9958023088935306,-3196.6418471148245,-3.9958023088935306,-3196.6418471148245,0.0,0.0,11,0.01375,11,0.01375,0,0.0,0,0.0,0,0,0,0,0,0,0,0,0,0,0,6,-63.520955472309424,0.0,0.1576030968394225,2.53826021722756,0.1133390164317939,0.201867177247051,1.0818655726745123,2.53826021722756,full RL,0.01375
of_nogate,OF-MPC pretrained no gate,OF no gate,2,20260619_174127,255,203200,204000,800,-4.049716995134007,-3239.773596107206,-4.049716995134007,-3239.773596107206,0.0,0.0,11,0.01375,11,0.01375,0,0.0,0,0.0,0,0,0,0,0,0,0,0,0,0,0,6,-65.0991226411196,0.0,0.1615024397295574,2.60802077843249,0.1129564294086797,0.2100484500504351,1.0793336683715131,2.60802077843249,full RL,0.01375
of_nogate,OF-MPC pretrained no gate,OF no gate,2,20260619_174127,256,204000,204800,800,-3.9409751933826938,-3152.780154706155,-3.9409751933826938,-3152.780154706155,0.0,0.0,11,0.01375,11,0.01375,0,0.0,0,0.0,0,0,0,0,0,0,0,0,0,0,0,5,-64.80428279532407,0.0,0.1534685320989748,2.5502280889621147,0.1132213398683538,0.1937157243295958,1.0796468945519382,2.5502280889621147,full RL,0.01375
of_nogate,OF-MPC pretrained no gate,OF no gate,2,20260619_174127,257,204800,205600,800,-3.977943099723532,-3182.3544797788254,-3.977943099723532,-3182.3544797788254,0.0,0.0,9,0.01125,9,0.01125,0,0.0,0,0.0,0,0,0,0,0,0,0,0,0,0,0,5,-63.565961147679786,0.0,0.1541771007616302,2.5787297857763747,0.1135679863781942,0.1947862151450663,1.078806640594903,2.5787297857763747,full RL,0.01125
of_nogate,OF-MPC pretrained no gate,OF no gate,2,20260619_174127,258,205600,206400,800,-3.939801164702351,-3151.8409317618807,-3.939801164702351,-3151.8409317618807,0.0,0.0,9,0.01125,9,0.01125,0,0.0,0,0.0,0,0,0,0,0,0,0,0,0,0,0,5,-65.30925908754898,0.0,0.1555978867627478,2.5871148498195,0.1126772730409269,0.1985185004845686,1.073706402663301,2.5871148498195,full RL,0.01125
of_nogate,OF-MPC pretrained no gate,OF no gate,2,20260619_174127,259,206400,207200,800,-3.921873603008151,-3137.498882406521,-3.921873603008151,-3137.498882406521,0.0,0.0,11,0.01375,11,0.01375,0,0.0,0,0.0,0,0,0,0,0,0,0,0,0,0,0,5,-66.64989204465962,0.0,0.1544456236949868,2.58390710554562,0.1127634789243865,0.1961277684655871,1.0779852125506868,2.58390710554562,full RL,0.01375
of_nogate,OF-MPC pretrained no gate,OF no gate,2,20260619_174127,260,207200,208000,800,-3.922854647720442,-3138.283718176354,-3.922854647720442,-3138.283718176354,0.0,0.0,10,0.0125,10,0.0125,0,0.0,0,0.0,0,0,0,0,0,0,0,0,0,0,0,5,-65.61357383276481,0.0,0.1547445961925538,2.551210619005701,0.1126400352920234,0.1968491570930843,1.074300083035484,2.551210619005701,full RL,0.0125
of_nogate,OF-MPC pretrained no gate,OF no gate,2,20260619_174127,261,208000,208800,800,-3.9281567728899938,-3142.525418311995,-3.9281567728899938,-3142.525418311995,0.0,0.0,11,0.01375,11,0.01375,0,0.0,0,0.0,0,0,0,0,0,0,0,0,0,0,0,5,-64.72238091681334,0.0,0.1542769714669899,2.5391338062881914,0.1129843595574861,0.1955695833764937,1.0790957526681697,2.5391338062881914,full RL,0.01375
of_nogate,OF-MPC pretrained no gate,OF no gate,2,20260619_174127,262,208800,209600,800,-3.966593223073172,-3173.274578458537,-3.966593223073172,-3173.274578458537,0.0,0.0,18,0.0225,18,0.0225,0,0.0,0,0.0,0,0,0,0,0,0,0,0,0,0,0,6,-62.89011308523379,0.0,0.1564961365960397,2.594765885401614,0.1131814962438545,0.1998107769482248,1.0785420191760229,2.594765885401614,full RL,0.0225
of_nogate,OF-MPC pretrained no gate,OF no gate,2,20260619_174127,263,209600,210400,800,-3.9297698682250415,-3143.8158945800337,-3.9297698682250415,-3143.8158945800337,0.0,0.0,8,0.01,8,0.01,0,0.0,0,0.0,0,0,0,0,0,0,0,0,0,0,0,5,-69.29789466017576,0.0,0.15583409814512,2.5555533022009627,0.1123793361044306,0.1992888601858093,1.0731353374867685,2.5555533022009627,full RL,0.01
of_nogate,OF-MPC pretrained no gate,OF no gate,2,20260619_174127,264,210400,211200,800,-3.965613211251723,-3172.4905690013784,-3.965613211251723,-3172.4905690013784,0.0,0.0,11,0.01375,11,0.01375,0,0.0,0,0.0,0,0,0,0,0,0,0,0,0,0,0,6,-66.55781926222573,0.0,0.1580341948682757,2.5773349173715587,0.1128571899143417,0.2032111998222096,1.0795158137216858,2.5773349173715587,full RL,0.01375
of_nogate,OF-MPC pretrained no gate,OF no gate,2,20260619_174127,265,211200,212000,800,-3.9534399373266593,-3162.7519498613274,-3.9534399373266593,-3162.7519498613274,0.0,0.0,10,0.0125,10,0.0125,0,0.0,0,0.0,0,0,0,0,0,0,0,0,0,0,0,6,-65.63027022421329,0.0,0.1558106143611346,2.582437672782248,0.1132322207212594,0.1983890080010097,1.0837756123520257,2.582437672782248,full RL,0.0125
of_nogate,OF-MPC pretrained no gate,OF no gate,2,20260619_174127,266,212000,212800,800,-3.963529920420829,-3170.823936336664,-3.963529920420829,-3170.823936336664,0.0,0.0,8,0.01,8,0.01,0,0.0,0,0.0,0,0,0,0,0,0,0,0,0,0,0,6,-66.48515124760581,0.0,0.1541461644838357,2.575519226582742,0.1136909838507317,0.1946013451169397,1.0795579842575935,2.575519226582742,full RL,0.01
of_nogate,OF-MPC pretrained no gate,OF no gate,2,20260619_174127,267,212800,213600,800,-3.8975007027500808,-3118.0005622000645,-3.8975007027500808,-3118.0005622000645,0.0,0.0,11,0.01375,11,0.01375,0,0.0,0,0.0,0,0,0,0,0,0,0,0,0,0,0,7,-64.63381884486284,0.0,0.1539615410911008,2.5673678011452807,0.1124747537484772,0.1954483284337244,1.0769074978314657,2.5673678011452807,full RL,0.01375
of_nogate,OF-MPC pretrained no gate,OF no gate,2,20260619_174127,268,213600,214400,800,-3.947587201297413,-3158.0697610379307,-3.947587201297413,-3158.0697610379307,0.0,0.0,10,0.0125,10,0.0125,0,0.0,0,0.0,0,0,0,0,0,0,0,0,0,0,0,6,-66.18705836712729,0.0,0.1573617997557688,2.577379569594882,0.112665369220014,0.2020582302915235,1.0802327518898749,2.577379569594882,full RL,0.0125
of_nogate,OF-MPC pretrained no gate,OF no gate,2,20260619_174127,269,214400,215200,800,-3.925332335685469,-3140.2658685483752,-3.925332335685469,-3140.2658685483752,0.0,0.0,11,0.01375,11,0.01375,0,0.0,0,0.0,0,0,0,0,0,0,0,0,0,0,0,6,-66.15560162498264,0.0,0.1541757833784077,2.546317078861364,0.1130312554396354,0.19532031131718,1.078251394896108,2.546317078861364,full RL,0.01375
of_nogate,OF-MPC pretrained no gate,OF no gate,2,20260619_174127,270,215200,216000,800,-3.958332745512066,-3166.666196409653,-3.958332745512066,-3166.666196409653,0.0,0.0,10,0.0125,10,0.0125,0,0.0,0,0.0,0,0,0,0,0,0,0,0,0,0,0,6,-66.80215125079144,0.0,0.154144512085034,2.559110976723616,0.1135533530305162,0.1947356711395518,1.079652543931252,2.559110976723616,full RL,0.0125
of_nogate,OF-MPC pretrained no gate,OF no gate,2,20260619_174127,271,216000,216800,800,-3.953565425917252,-3162.8523407338016,-3.953565425917252,-3162.8523407338016,0.0,0.0,9,0.01125,9,0.01125,0,0.0,0,0.0,0,0,0,0,0,0,0,0,0,0,0,6,-66.49554354325983,0.0,0.1541791424308111,2.559477494236376,0.1135324390228313,0.1948258458387909,1.081356252729662,2.559477494236376,full RL,0.01125
of_nogate,OF-MPC pretrained no gate,OF no gate,2,20260619_174127,272,216800,217600,800,-3.965715349827964,-3172.572279862371,-3.965715349827964,-3172.572279862371,0.0,0.0,8,0.01,8,0.01,0,0.0,0,0.0,0,0,0,0,0,0,0,0,0,0,0,6,-65.48341373643575,0.0,0.1552646211903929,2.584114319120374,0.1131619551760672,0.1973672872047185,1.0799576496164245,2.584114319120374,full RL,0.01
of_nogate,OF-MPC pretrained no gate,OF no gate,2,20260619_174127,273,217600,218400,800,-3.9461815387638937,-3156.945231011115,-3.9461815387638937,-3156.945231011115,0.0,0.0,12,0.015,12,0.015,0,0.0,0,0.0,0,0,0,0,0,0,0,0,0,0,0,5,-65.8985025088574,0.0,0.1553292289433261,2.5751949930608475,0.1131771751915345,0.1974812826951177,1.0774892314310809,2.5751949930608475,full RL,0.015
of_nogate,OF-MPC pretrained no gate,OF no gate,2,20260619_174127,274,218400,219200,800,-3.971332913960147,-3177.066331168118,-3.971332913960147,-3177.066331168118,0.0,0.0,10,0.0125,10,0.0125,0,0.0,0,0.0,0,0,0,0,0,0,0,0,0,0,0,6,-67.1353278677808,0.0,0.1568424880693133,2.576009185882242,0.113310122650264,0.2003748534883626,1.083365124707861,2.576009185882242,full RL,0.0125
of_nogate,OF-MPC pretrained no gate,OF no gate,2,20260619_174127,275,219200,220000,800,-3.947726070111108,-3158.1808560888862,-3.947726070111108,-3158.1808560888862,0.0,0.0,15,0.01875,15,0.01875,0,0.0,0,0.0,0,0,0,0,0,0,0,0,0,0,0,6,-64.12561443958384,0.0,0.1566122364722856,2.566337656544817,0.1128587812003313,0.2003656917442399,1.0815432515169987,2.566337656544817,full RL,0.01875
of_nogate,OF-MPC pretrained no gate,OF no gate,2,20260619_174127,276,220000,220800,800,-3.9427716884482,-3154.2173507585594,-3.9427716884482,-3154.2173507585594,0.0,0.0,9,0.01125,9,0.01125,0,0.0,0,0.0,0,0,0,0,0,0,0,0,0,0,0,6,-65.2849739867736,0.0,0.1538179723464435,2.5467161793832247,0.1131295261442687,0.1945064185486184,1.0787127240302925,2.5467161793832247,full RL,0.01125
of_nogate,OF-MPC pretrained no gate,OF no gate,2,20260619_174127,277,220800,221600,800,-3.9557815979795374,-3164.6252783836308,-3.9557815979795374,-3164.6252783836308,0.0,0.0,9,0.01125,9,0.01125,0,0.0,0,0.0,0,0,0,0,0,0,0,0,0,0,0,5,-65.5377433684738,0.0,0.1556014879340679,2.55211025751521,0.113058891442427,0.1981440844257089,1.0787374613030756,2.55211025751521,full RL,0.01125
of_nogate,OF-MPC pretrained no gate,OF no gate,2,20260619_174127,278,221600,222400,800,-3.9649160063029223,-3171.9328050423383,-3.9649160063029223,-3171.9328050423383,0.0,0.0,11,0.01375,11,0.01375,0,0.0,0,0.0,0,0,0,0,0,0,0,0,0,0,0,6,-65.46638348568229,0.0,0.1567569012155109,2.570913664498505,0.1138439937509904,0.1996698086800315,1.0761821025073597,2.570913664498505,full RL,0.01375
of_nogate,OF-MPC pretrained no gate,OF no gate,2,20260619_174127,279,222400,223200,800,-3.8942424943956295,-3115.393995516504,-3.8942424943956295,-3115.393995516504,0.0,0.0,12,0.015,12,0.015,0,0.0,0,0.0,0,0,0,0,0,0,0,0,0,0,0,6,-65.3328395160645,0.0,0.1552205871026416,2.592079020809649,0.1123571779739827,0.1980839962313005,1.0727538391036968,2.592079020809649,full RL,0.015
of_nogate,OF-MPC pretrained no gate,OF no gate,2,20260619_174127,280,223200,224000,800,-3.9198817828644894,-3135.9054262915915,-3.9198817828644894,-3135.9054262915915,0.0,0.0,8,0.01,8,0.01,0,0.0,0,0.0,0,0,0,0,0,0,0,0,0,0,0,5,-65.28518694331956,0.0,0.1553006991354391,2.5851937487602754,0.113015049125758,0.1975863491451202,1.0783791948016508,2.5851937487602754,full RL,0.01
of_nogate,OF-MPC pretrained no gate,OF no gate,2,20260619_174127,281,224000,224800,800,-3.936196567646729,-3148.957254117383,-3.936196567646729,-3148.957254117383,0.0,0.0,16,0.02,16,0.02,0,0.0,0,0.0,0,0,0,0,0,0,0,0,0,0,0,5,-65.82347093380793,0.0,0.153493946809874,2.5641969644248093,0.113465532020117,0.193522361599631,1.0807365593600022,2.5641969644248093,full RL,0.02
of_nogate,OF-MPC pretrained no gate,OF no gate,2,20260619_174127,282,224800,225600,800,-3.934425676362188,-3147.54054108975,-3.934425676362188,-3147.54054108975,0.0,0.0,9,0.01125,9,0.01125,0,0.0,0,0.0,0,0,0,0,0,0,0,0,0,0,0,6,-66.4137554534343,0.0,0.1546287255218439,2.5886591644252803,0.1130281985160058,0.1962292525276819,1.074164405681549,2.5886591644252803,full RL,0.01125
of_nogate,OF-MPC pretrained no gate,OF no gate,2,20260619_174127,283,225600,226400,800,-3.966489581887953,-3173.1916655103623,-3.966489581887953,-3173.1916655103623,0.0,0.0,11,0.01375,11,0.01375,0,0.0,0,0.0,0,0,0,0,0,0,0,0,0,0,0,4,-66.24101107423292,0.0,0.1550692418276407,2.5830939703911326,0.1138742539932103,0.196264229662071,1.0847172738680544,2.5830939703911326,full RL,0.01375
of_nogate,OF-MPC pretrained no gate,OF no gate,2,20260619_174127,284,226400,227200,800,-3.9268863906979847,-3141.509112558388,-3.9268863906979847,-3141.509112558388,0.0,0.0,10,0.0125,10,0.0125,0,0.0,0,0.0,0,0,0,0,0,0,0,0,0,0,0,5,-66.67196624878272,0.0,0.1536221316876824,2.5697924332677644,0.113228681486601,0.1940155818887638,1.0778978691113932,2.5697924332677644,full RL,0.0125
of_nogate,OF-MPC pretrained no gate,OF no gate,2,20260619_174127,285,227200,228000,800,-3.912996781675373,-3130.397425340298,-3.912996781675373,-3130.397425340298,0.0,0.0,14,0.0175,14,0.0175,0,0.0,0,0.0,0,0,0,0,0,0,0,0,0,0,0,6,-66.06665067445579,0.0,0.1539996151391971,2.563241057555217,0.1128052679874229,0.1951939622909713,1.0742592437863752,2.563241057555217,full RL,0.0175
of_nogate,OF-MPC pretrained no gate,OF no gate,2,20260619_174127,286,228000,228800,800,-3.989051023716354,-3191.240818973083,-3.989051023716354,-3191.240818973083,0.0,0.0,12,0.015,12,0.015,0,0.0,0,0.0,0,0,0,0,0,0,0,0,0,0,0,5,-65.23931110933677,0.0,0.1553194342860185,2.5937837481316137,0.1139610919007245,0.1966777766713126,1.0848708395219575,2.5937837481316137,full RL,0.015
of_nogate,OF-MPC pretrained no gate,OF no gate,2,20260619_174127,287,228800,229600,800,-3.9609430916529114,-3168.7544733223285,-3.9609430916529114,-3168.7544733223285,0.0,0.0,11,0.01375,11,0.01375,0,0.0,0,0.0,0,0,0,0,0,0,0,0,0,0,0,5,-64.5202405637948,0.0,0.1574785735236664,2.52231446066628,0.1126967346258674,0.2022604124214653,1.0806302698173664,2.52231446066628,full RL,0.01375
of_nogate,OF-MPC pretrained no gate,OF no gate,2,20260619_174127,288,229600,230400,800,-3.952232852661922,-3161.786282129537,-3.952232852661922,-3161.786282129537,0.0,0.0,10,0.0125,10,0.0125,0,0.0,0,0.0,0,0,0,0,0,0,0,0,0,0,0,4,-67.19977798367495,0.0,0.1553105068451586,2.598437141672548,0.1133725599035475,0.1972484537867697,1.078835997435227,2.598437141672548,full RL,0.0125
of_nogate,OF-MPC pretrained no gate,OF no gate,2,20260619_174127,289,230400,231200,800,-3.917735279667626,-3134.1882237341006,-3.917735279667626,-3134.1882237341006,0.0,0.0,11,0.01375,11,0.01375,0,0.0,0,0.0,0,0,0,0,0,0,0,0,0,0,0,5,-67.67305139099506,0.0,0.1547101674154659,2.5738600461213537,0.1131031208578245,0.1963172139731073,1.0761148579229585,2.5738600461213537,full RL,0.01375
of_nogate,OF-MPC pretrained no gate,OF no gate,2,20260619_174127,290,231200,232000,800,-3.900289046909232,-3120.231237527386,-3.900289046909232,-3120.231237527386,0.0,0.0,17,0.02125,17,0.02125,0,0.0,0,0.0,0,0,0,0,0,0,0,0,0,0,0,5,-67.61969575532794,0.0,0.1548942364520513,2.599480278086901,0.1126693697301321,0.1971191031739705,1.074949496902622,2.599480278086901,full RL,0.02125
of_nogate,OF-MPC pretrained no gate,OF no gate,2,20260619_174127,291,232000,232800,800,-3.926529204015389,-3141.2233632123107,-3.926529204015389,-3141.2233632123107,0.0,0.0,10,0.0125,10,0.0125,0,0.0,0,0.0,0,0,0,0,0,0,0,0,0,0,0,4,-69.06059973033337,0.0,0.1552178860226532,2.58768117829959,0.113034641054735,0.1974011309905713,1.0807644426003755,2.58768117829959,full RL,0.0125
of_nogate,OF-MPC pretrained no gate,OF no gate,2,20260619_174127,292,232800,233600,800,-3.9713023865628942,-3177.0419092503157,-3.9713023865628942,-3177.0419092503157,0.0,0.0,28,0.035,28,0.035,0,0.0,0,0.0,0,0,0,0,0,0,0,0,0,0,0,5,-68.3530390342977,0.0,0.1564917136397864,2.58854699589142,0.1133442287226067,0.199639198556966,1.0805293808922518,2.58854699589142,full RL,0.035
of_nogate,OF-MPC pretrained no gate,OF no gate,2,20260619_174127,293,233600,234400,800,-3.906792997471739,-3125.434397977391,-3.906792997471739,-3125.434397977391,0.0,0.0,12,0.015,12,0.015,0,0.0,0,0.0,0,0,0,0,0,0,0,0,0,0,0,5,-67.32200362027652,0.0,0.1577719346244334,2.633999870495757,0.1126383295221792,0.2029055397266876,1.0759027810140505,2.633999870495757,full RL,0.015
of_nogate,OF-MPC pretrained no gate,OF no gate,2,20260619_174127,294,234400,235200,800,-4.002398222091809,-3201.9185776734475,-4.002398222091809,-3201.9185776734475,0.0,0.0,8,0.01,8,0.01,0,0.0,0,0.0,0,0,0,0,0,0,0,0,0,0,0,4,-61.37578200700125,0.0,0.1553806118131788,2.570957767393338,0.1145491900506928,0.1962120335756648,1.0765476921820238,2.570957767393338,full RL,0.01
of_nogate,OF-MPC pretrained no gate,OF no gate,2,20260619_174127,295,235200,236000,800,-3.906857836973643,-3125.4862695789143,-3.906857836973643,-3125.4862695789143,0.0,0.0,15,0.01875,15,0.01875,0,0.0,0,0.0,0,0,0,0,0,0,0,0,0,0,0,6,-64.16661687725525,0.0,0.1544624451954913,2.5591258196403714,0.1130527818227868,0.1958721085681958,1.0814440340038618,2.5591258196403714,full RL,0.01875
of_nogate,OF-MPC pretrained no gate,OF no gate,2,20260619_174127,296,236000,236800,800,-3.947737049229936,-3158.189639383949,-3.947737049229936,-3158.189639383949,0.0,0.0,8,0.01,8,0.01,0,0.0,0,0.0,0,0,0,0,0,0,0,0,0,0,0,5,-63.50573274716805,0.0,0.1574940083268905,2.565335840523744,0.112748282816913,0.202239733836868,1.0778388836669983,2.565335840523744,full RL,0.01
of_nogate,OF-MPC pretrained no gate,OF no gate,2,20260619_174127,297,236800,237600,800,-3.996358363460339,-3197.086690768271,-3.996358363460339,-3197.086690768271,0.0,0.0,11,0.01375,11,0.01375,0,0.0,0,0.0,0,0,0,0,0,0,0,0,0,0,0,7,-63.33247929973561,0.0,0.1597357821625248,2.5723603660124468,0.1132185893218388,0.2062529750032107,1.083484439253639,2.5723603660124468,full RL,0.01375
of_nogate,OF-MPC pretrained no gate,OF no gate,2,20260619_174127,298,237600,238400,800,-3.932261812157468,-3145.8094497259744,-3.932261812157468,-3145.8094497259744,0.0,0.0,10,0.0125,10,0.0125,0,0.0,0,0.0,0,0,0,0,0,0,0,0,0,0,0,5,-64.1342211664795,0.0,0.1562352102007291,2.602697413608212,0.11297330953771,0.1994971108637481,1.0773051171818042,2.602697413608212,full RL,0.0125
of_nogate,OF-MPC pretrained no gate,OF no gate,2,20260619_174127,299,238400,239200,800,-3.934479698248136,-3147.583758598508,-3.934479698248136,-3147.583758598508,0.0,0.0,10,0.0125,10,0.0125,0,0.0,0,0.0,0,0,0,0,0,0,0,0,0,0,0,6,-65.20714702687314,0.0,0.1550882698391872,2.5740425967973124,0.1132267687743063,0.1969497709040682,1.0806543727721205,2.5740425967973124,full RL,0.0125
of_nogate,OF-MPC pretrained no gate,OF no gate,2,20260619_174127,300,239200,240000,800,-3.9691361922808697,-3175.308953824696,-3.9691361922808697,-3175.308953824696,0.0,0.0,9,0.01125,9,0.01125,0,0.0,0,0.0,0,0,0,0,0,0,0,0,0,0,0,5,-64.83374490885353,0.0,0.1562652673014118,2.6049453395979185,0.1136602897860532,0.1988702448167705,1.084543588631878,2.6049453395979185,full RL,0.01125
