case,metric,finite_count,nonpositive_count,nonpositive_rate_pct,mean,min,max
unbounded_hard,pred,0,0,n/a,n/a,n/a,n/a
unbounded_hard,logged,0,0,n/a,n/a,n/a,n/a
bounded_hard,pred,1548,1548,100.000000,-10.588321593309,-167.580809415330,-6.43e-05
bounded_hard,logged,1527,1179,77.210216,-0.094613892610,-192.142351032428,573.653672768305
unbounded_soft,pred,1557,523,33.590238,1.878973759088,-37.706971413846,29.457707934991
unbounded_soft,logged,1516,747,49.274406,-0.942629818998,-275.767993782486,1414.714667229196
bounded_soft,pred,1558,1558,100.000000,-11.497445009588,-406.619210063461,-4.77e-05
bounded_soft,logged,1545,1233,79.805825,0.006511618507,-181.272918210565,1058.536680695555
