cond_I_minus_A,cond_M,cond_G,smallest_sv_M,smallest_sv_G,configured_solver_mode
33.61993671443602,1205.832131027246,7.051874430738768,0.001532367971945311,0.0032563630496676536,auto
