case,episode,step_start,step_stop_exclusive,n_steps,reward_mean,reward_sum,reward_no_penalty_mean,reward_no_penalty_sum,fallback_penalty_mean,fallback_penalty_sum,diagnostic_unsafe_count,diagnostic_unsafe_rate,diagnostic_unstable_count,diagnostic_unstable_rate,actual_intervention_count,actual_intervention_rate,projection_count,projection_rate,accepted_candidate_count,section16_projection_count,fallback_count,fallback_verified_count,fallback_unverified_count,target_fail_hold_prev_count,solver_fail_hold_prev_count,target_hold_prev_count,solver_hold_prev_count,gart_target_hold_prev_count,gart_solver_hold_prev_count,target_failure_count,min_contraction_margin,max_executed_action_gap_inf,output_rmse_mean,output_max_abs_error,output0_rmse,output1_rmse,output0_max_abs_error,output1_max_abs_error
Cold start + gate,1,0,800,800,-12.051116724489708,-9640.893379591766,-11.976021631388043,-9580.817305110437,0.0750950931016619,60.076074481329535,0,0.0,0,0.0,6,0.0075,0,0.0,794,0,6,6,0,0,0,0,0,0,0,0,-15.560862433205529,0.092845784959825,0.3777198397594462,2.967308304147707,0.1827425714275964,0.5726971080912959,1.1205454402323096,2.967308304147707
Cold start + gate,2,800,1600,800,-12.347393013995648,-9877.914411196518,-12.284853931026696,-9827.883144821357,0.0625390829689499,50.03126637515997,0,0.0,0,0.0,5,0.00625,0,0.0,795,0,5,5,0,0,0,0,0,0,0,0,-16.96029790409716,0.0700646477770363,0.3769152408045325,3.351615625750924,0.1882518811380112,0.5655786004710538,1.145268069322701,3.351615625750924
Cold start + gate,3,1600,2400,800,-27.80129593776361,-22241.03675021089,-27.613487921002488,-22090.79033680199,0.187808016761126,150.24641340890082,0,0.0,0,0.0,15,0.01875,0,0.0,785,0,9,9,0,0,0,6,0,6,0,6,-74.5577238109779,0.1755393335451935,0.628618873091815,3.805375401710592,0.2605539945483114,0.9966837516353186,1.129490040839646,3.805375401710592
Cold start + gate,4,2400,3200,800,-23.4725635336918,-18778.05082695344,-23.35993086503969,-18687.944692031757,0.1126326686521082,90.10613492168662,0,0.0,0,0.0,9,0.01125,0,0.0,791,0,8,8,0,0,0,1,0,1,0,1,-100.63926614802926,0.1070244152792736,0.5269812598558221,3.20583584776665,0.2557533065415586,0.7982092131700855,1.1934510789380974,3.20583584776665
Cold start + gate,5,3200,4000,800,-57.46464056183862,-45971.7124494709,-57.352076418282,-45881.6611346256,0.1125641435566318,90.05131484530544,0,0.0,0,0.0,9,0.01125,0,0.0,791,0,6,6,0,0,0,3,0,3,0,3,-61.443098526135714,0.0651427511038642,0.8800066355863669,3.601803433465136,0.3879705716924503,1.3720426994802837,1.1017618693942557,3.601803433465136
Cold start + gate,6,4000,4800,800,-32.75996904758325,-26207.9752380666,-32.484562809566526,-25987.65024765322,0.275406238016725,220.32499041338,0,0.0,0,0.0,22,0.0275,0,0.0,778,0,10,10,0,0,0,12,0,12,0,12,-90.52688103691467,0.1541746816690916,0.557117121059646,3.0235774631104846,0.3159730385888631,0.7982612035304288,1.232704764022659,3.0235774631104846
Cold start + gate,7,4800,5600,800,-82.84681563534768,-66277.45250827815,-82.59643562040675,-66077.1484963254,0.2503800149409341,200.3040119527473,0,0.0,0,0.0,20,0.025,0,0.0,780,0,2,2,0,0,0,18,0,18,0,18,-172.34739373498724,0.1146406286954878,1.1117288421984075,7.215120686480645,0.4486026611488024,1.7748550232480131,1.2512406191870702,7.215120686480645
Cold start + gate,8,5600,6400,800,-20.199960899457764,-16159.968719566212,-19.987229566181508,-15989.783652945209,0.2127313332762588,170.18506662100705,0,0.0,0,0.0,17,0.02125,0,0.0,783,0,10,10,0,0,0,7,0,7,0,7,-74.3286723618196,0.1068331652879708,0.4883606614837581,3.1121351648072846,0.2350910287383867,0.7416302942291294,0.9932079340794115,3.1121351648072846
Cold start + gate,9,6400,7200,800,-36.98603094276259,-29588.82475421007,-36.77326403364284,-29418.611226914272,0.2127669091197474,170.21352729579797,0,0.0,0,0.0,17,0.02125,0,0.0,783,0,12,12,0,0,0,5,0,5,0,5,-65.08442437579083,0.0950298144200516,0.6298699553917873,4.035214286531129,0.3309492423795338,0.9287906684040408,1.2774933713495549,4.035214286531129
Cold start + gate,10,7200,8000,800,-29.5297747254772,-23623.81978038176,-29.317054235348717,-23453.64338827897,0.2127204901284785,170.17639210278278,0,0.0,0,0.0,17,0.02125,0,0.0,783,0,7,7,0,0,0,10,0,10,0,10,-120.91579995958136,0.1050333139819774,0.5356331853146286,4.065380601525476,0.3026997927467181,0.7685665778825389,1.3111262229992495,4.065380601525476
Cold start + gate,11,8000,8800,800,-24.860185666895976,-19888.14853351678,-24.546237994659197,-19636.99039572736,0.313947672236778,251.15813778942243,0,0.0,0,0.0,24,0.03,0,0.0,776,0,18,18,0,0,0,6,0,6,0,6,-52.34976151822207,1.0994702844662854,0.6349658606452531,3.246698884893931,0.2257376701448063,1.0441940511456995,1.3082988948598815,3.246698884893931
Cold start + gate,12,8800,9600,800,-35.817478043731256,-28653.982434985,-35.19631729570617,-28157.05383656494,0.6211607480250805,496.9285984200644,0,0.0,0,0.0,39,0.04875,0,0.0,761,0,36,36,0,0,0,3,0,3,0,3,-57.18337112577967,2.0579800380113094,0.8262187738706627,4.009657277118379,0.2281714957099798,1.4242660520313457,1.2526749267399595,4.009657277118379
Cold start + gate,13,9600,10400,800,-44.36974384767187,-35495.7950781375,-43.12562572834355,-34500.50058267484,1.2441181193283222,995.2944954626578,0,0.0,0,0.0,50,0.0625,0,0.0,750,0,39,39,0,0,0,11,0,11,0,11,-95.33897362458627,3.756621246182778,0.8586707890050529,3.937742638238433,0.2773547184688448,1.439986859541261,1.514875401234545,3.937742638238433
Cold start + gate,14,10400,11200,800,-47.30064483910439,-37840.51587128351,-45.44947546875741,-36359.58037500593,1.8511693703469725,1480.935496277578,0,0.0,0,0.0,55,0.06875,0,0.0,745,0,53,53,0,0,0,2,0,2,0,2,-91.13312205674868,4.561878194425895,0.9227326523638328,4.7824715403396,0.2611565427888841,1.5843087619387817,1.4169974766294318,4.7824715403396
Cold start + gate,15,11200,12000,800,-39.286924132088345,-31429.539305670674,-36.720053436796846,-29376.04274943748,2.5668706952914957,2053.4965562331963,0,0.0,0,0.0,56,0.07,0,0.0,744,0,52,52,0,0,0,4,0,4,0,4,-76.84555311490692,6.178021979304487,0.8289513825491975,4.763015834355713,0.2297135759687076,1.4281891891296874,1.1854800510636294,4.763015834355713
Cold start + gate,16,12000,12800,800,-37.92991645758993,-30343.933166071947,-33.89275361126515,-27114.20288901212,4.03716284632478,3229.7302770598244,0,0.0,0,0.0,50,0.0625,0,0.0,750,0,49,49,0,0,0,1,0,1,0,1,-77.66337952428773,8.90549626403562,0.8125124892569152,4.542966695316068,0.1987511617194208,1.4262738167944096,1.2682495842787422,4.542966695316068
Cold start + gate,17,12800,13600,800,-38.283323057554895,-30626.658446043915,-34.40651590023938,-27525.2127201915,3.87680715731552,3101.445725852416,0,0.0,0,0.0,51,0.06375,0,0.0,749,0,48,48,0,0,0,3,0,3,0,3,-71.16479789141863,8.052261552213732,0.7524212145733997,4.504867311159444,0.2473444339169714,1.257497995229828,1.24112969913771,4.504867311159444
Cold start + gate,18,13600,14400,800,-36.748993368480434,-29399.194694784343,-29.654892925854146,-23723.914340683317,7.09410044262629,5675.280354101033,0,0.0,0,0.0,54,0.0675,0,0.0,746,0,50,50,0,0,0,3,1,3,1,3,-60.52652620073752,9.872368949651507,0.7242392079835415,3.725704420361581,0.1944308509292954,1.2540475650377876,1.148187963164902,3.725704420361581
Cold start + gate,19,14400,15200,800,-35.42705857984435,-28341.64686387548,-28.84850026022108,-23078.80020817686,6.578558319623268,5262.846655698615,0,0.0,0,0.0,56,0.07,0,0.0,744,0,56,56,0,0,0,0,0,0,0,0,-61.28819963686794,10.371120687383456,0.6991836256419387,3.7149340401689983,0.2081346485560941,1.1902326027277832,1.1039765500200729,3.7149340401689983
Cold start + gate,20,15200,16000,800,-31.29707447298108,-25037.65957838486,-25.726805398924707,-20581.44431913977,5.570269074056366,4456.215259245093,0,0.0,0,0.0,37,0.04625,0,0.0,763,0,36,36,0,0,0,1,0,1,0,1,-78.22587021326206,11.038435500854542,0.6800941924053668,4.269827426194013,0.1869257922366764,1.1732625925740572,1.104398229103588,4.269827426194013
Cold start + gate,21,16000,16800,800,-30.91526148438645,-24732.20918750916,-26.620830107181263,-21296.66408574501,4.294431377205182,3435.5451017641453,0,0.0,0,0.0,33,0.04125,0,0.0,767,0,33,33,0,0,0,0,0,0,0,0,-67.96616508323564,10.18702720266794,0.6621494991851937,3.9691534136104,0.1705444512009179,1.1537545471694697,1.103729118201802,3.9691534136104
Cold start + gate,22,16800,17600,800,-23.001397824209217,-18401.118259367373,-18.169528169207137,-14535.622535365708,4.831869655002079,3865.495724001663,0,0.0,0,0.0,43,0.05375,0,0.0,757,0,42,42,0,0,0,1,0,1,0,1,-75.67050995014858,9.217824793607814,0.5032226083214779,3.66812329226525,0.144015718910565,0.8624294977323907,1.0542026834195275,3.66812329226525
Cold start + gate,23,17600,18400,800,-24.4613299494626,-19569.06395957008,-18.357336942617405,-14685.869554093922,6.103993006845198,4883.194405476159,0,0.0,0,0.0,51,0.06375,0,0.0,749,0,46,46,0,0,0,5,0,5,0,5,-63.856055027600405,11.267311235332508,0.4597053490053042,3.0268269714700864,0.1657227620955713,0.7536879359150371,1.03988539692326,3.0268269714700864
Cold start + gate,24,18400,19200,800,-20.662879021638464,-16530.30321731077,-16.31120736574979,-13048.965892599834,4.3516716558886746,3481.33732471094,0,0.0,0,0.0,36,0.045,0,0.0,764,0,35,35,0,0,0,1,0,1,0,1,-55.31493425468966,13.170111989419937,0.4424945881158593,2.982461958416877,0.1481311434038173,0.7368580328279013,1.0349058105600997,2.982461958416877
Cold start + gate,25,19200,20000,800,-20.928631420124493,-16742.905136099595,-16.011141939119618,-12808.913551295696,4.917489481004878,3933.991584803903,0,0.0,0,0.0,45,0.05625,0,0.0,755,0,44,44,0,0,0,1,0,1,0,1,-53.501727015202846,15.69782886037382,0.4347583155675101,2.872794504712488,0.149201342844712,0.7203152882903081,1.0518303842807786,2.872794504712488
Cold start + gate,26,20000,20800,800,-18.68349259801395,-14946.794078411158,-16.15913577224504,-12927.308617796032,2.5243568257689075,2019.4854606151264,0,0.0,0,0.0,32,0.04,0,0.0,768,0,32,32,0,0,0,0,0,0,0,0,-60.42964273233906,9.2104133141534,0.459499598792696,3.156479266265819,0.1500974818410876,0.7689017157443043,1.0982201779422964,3.156479266265819
Cold start + gate,27,20800,21600,800,-15.482886793488715,-12386.309434790972,-13.43619342477121,-10748.954739816969,2.046693368717504,1637.354694974003,0,0.0,0,0.0,31,0.03875,0,0.0,769,0,28,28,0,0,0,3,0,3,0,3,-38.49234669231731,9.173697315958162,0.3907505309036889,2.6753827009404176,0.1433879021289293,0.6381131596784484,1.0732573747061274,2.6753827009404176
Cold start + gate,28,21600,22400,800,-17.43166214830126,-13945.329718641007,-14.216056686730685,-11372.845349384548,3.215605461570574,2572.484369256459,0,0.0,0,0.0,33,0.04125,0,0.0,767,0,32,32,0,0,0,1,0,1,0,1,-58.17498751160224,10.589058614532313,0.4372870175929618,3.039843778315401,0.13202247881342,0.7425515563725037,1.0534418987620875,3.039843778315401
Cold start + gate,29,22400,23200,800,-14.520318400714707,-11616.254720571766,-12.558555915873525,-10046.84473269882,1.961762484841182,1569.4099878729455,0,0.0,0,0.0,33,0.04125,0,0.0,767,0,31,31,0,0,0,2,0,2,0,2,-61.22593362729924,6.3891953518689615,0.4046133073455282,2.8610840521076284,0.1307643776461053,0.678462237044951,1.046196948683861,2.8610840521076284
Cold start + gate,30,23200,24000,800,-14.51567730412058,-11612.541843296463,-12.485253596361831,-9988.202877089469,2.0304237077587475,1624.3389662069978,0,0.0,0,0.0,28,0.035,0,0.0,772,0,26,26,0,0,0,2,0,2,0,2,-49.50044643979123,7.965212584243221,0.4052996112525773,2.7272674819115537,0.1238670263061499,0.6867321961990046,1.1040047236321384,2.7272674819115537
Cold start + gate,31,24000,24800,800,-15.610494967489592,-12488.395973991674,-13.625867755200284,-10900.694204160229,1.984627212289309,1587.701769831447,0,0.0,0,0.0,32,0.04,0,0.0,768,0,27,27,0,0,0,5,0,5,0,5,-53.27601909983724,9.242494018410104,0.3717443122142092,2.6293344202838966,0.1600806899613767,0.5834079344670416,1.101717236604543,2.6293344202838966
Cold start + gate,32,24800,25600,800,-11.750452801174667,-9400.362240939736,-10.1166661364106,-8093.33290912848,1.6337866647640689,1307.0293318112551,0,0.0,0,0.0,22,0.0275,0,0.0,778,0,19,19,0,0,0,3,0,3,0,3,-43.12672416183568,8.787975425650872,0.3158247361306709,2.556819485377048,0.1250813983671824,0.5065680738941595,1.075578128834286,2.556819485377048
Cold start + gate,33,25600,26400,800,-16.098204557384182,-12878.563645907348,-13.711933841108454,-10969.547072886764,2.3862707162757277,1909.0165730205815,0,0.0,0,0.0,30,0.0375,0,0.0,770,0,26,26,0,0,0,4,0,4,0,4,-53.92011117085229,8.89977521738404,0.4264528986404414,2.8032603425963885,0.140145326056282,0.7127604712246008,1.1736451987210703,2.8032603425963885
Cold start + gate,34,26400,27200,800,-17.424415262842246,-13939.532210273795,-13.540309271183338,-10832.24741694667,3.8841059916589065,3107.284793327125,0,0.0,0,0.0,34,0.0425,0,0.0,766,0,29,29,0,0,0,5,0,5,0,5,-52.58345471975366,15.375204959793969,0.3954771651171728,2.806886877311797,0.1361906419584024,0.6547636882759432,1.142898871127159,2.806886877311797
Cold start + gate,35,27200,28000,800,-16.015499323888445,-12812.399459110757,-13.605972642798086,-10884.778114238468,2.40952668109036,1927.621344872288,0,0.0,0,0.0,24,0.03,0,0.0,776,0,21,21,0,0,0,3,0,3,0,3,-48.70300145754226,11.516779265609005,0.4375601653470721,2.659772218512728,0.1256473058503592,0.7494730248437851,1.0969252832634004,2.659772218512728
Cold start + gate,36,28000,28800,800,-19.07706076520087,-15261.648612160694,-13.3656509221778,-10692.52073774224,5.711409843023063,4569.12787441845,0,0.0,0,0.0,36,0.045,0,0.0,764,0,34,34,0,0,0,2,0,2,0,2,-53.0499141111265,18.16070633357432,0.3805924463260927,3.077732520977122,0.1360328011034289,0.6251520915487564,1.1688825900476203,3.077732520977122
Cold start + gate,37,28800,29600,800,-14.78503909176518,-11828.031273412143,-11.913745701570862,-9530.99656125669,2.871293390194317,2297.0347121554537,0,0.0,0,0.0,27,0.03375,0,0.0,773,0,27,27,0,0,0,0,0,0,0,0,-53.48738624951517,10.499842279315,0.371281373637837,2.7934863630877658,0.126270793971452,0.616291953304222,1.1049303128618124,2.7934863630877658
Cold start + gate,38,29600,30400,800,-16.695165972805363,-13356.132778244291,-13.193498030656036,-10554.798424524828,3.5016679421493304,2801.334353719464,0,0.0,0,0.0,32,0.04,0,0.0,768,0,26,26,0,0,0,6,0,6,0,6,-47.14358803066955,10.38331395886729,0.4189620070130253,2.931290877495371,0.138282600714466,0.6996414133115847,1.131290456418408,2.931290877495371
Cold start + gate,39,30400,31200,800,-16.434899026762764,-13147.919221410211,-12.066083617173351,-9652.866893738685,4.368815409589411,3495.0523276715285,0,0.0,0,0.0,46,0.0575,0,0.0,754,0,39,39,0,0,0,7,0,7,0,7,-53.75550093935124,13.118491288642968,0.3530552656407055,2.8004510823773785,0.1384511821524606,0.5676593491289506,1.1518093489639742,2.8004510823773785
Cold start + gate,40,31200,32000,800,-12.640018100404426,-10112.01448032354,-10.906031287944296,-8724.825030355436,1.733986812460132,1387.1894499681057,0,0.0,0,0.0,32,0.04,0,0.0,768,0,27,27,0,0,0,4,1,4,1,4,-54.83294001312197,8.798526836052286,0.3425841832729052,2.4749445333643507,0.13447637241611,0.5506919941297004,1.1137606956147117,2.4749445333643507
Cold start + gate,41,32000,32800,800,-19.13863253388855,-15310.90602711084,-11.687762113239105,-9350.209690591284,7.450870420649442,5960.696336519554,0,0.0,0,0.0,25,0.03125,0,0.0,775,0,20,20,0,0,0,5,0,5,0,5,-69.30189024119466,19.647228166971523,0.3130096277245017,2.967959963219585,0.1453473476460698,0.4806719078029337,1.1235639228763663,2.967959963219585
Cold start + gate,42,32800,33600,800,-12.41497874135301,-9931.982993082407,-9.650991327206668,-7720.793061765335,2.763987414146346,2211.189931317077,0,0.0,0,0.0,18,0.0225,0,0.0,782,0,13,13,0,0,0,5,0,5,0,5,-57.369868029129066,12.484175181341357,0.2637182436495405,3.156314347081832,0.1348412219674896,0.3925952653315914,1.1562287213084987,3.156314347081832
Cold start + gate,43,33600,34400,800,-12.33680481404855,-9869.44385123884,-9.994760336575355,-7995.808269260286,2.342044477473193,1873.635581978554,0,0.0,0,0.0,19,0.02375,0,0.0,781,0,15,15,0,0,0,4,0,4,0,4,-75.50772087265011,12.378535373175788,0.2925746337234143,2.6676372121305008,0.1290793487724045,0.4560699186744241,1.0831196902420497,2.6676372121305008
Cold start + gate,44,34400,35200,800,-16.196516352483094,-12957.213081986476,-10.492833352407038,-8394.26668192563,5.703683000076053,4562.946400060842,0,0.0,0,0.0,26,0.0325,0,0.0,774,0,21,21,0,0,0,5,0,5,0,5,-62.91970566704265,16.693022617785587,0.2840318897067876,2.502221721233184,0.1318038583012925,0.4362599211122827,1.0837434298665896,2.502221721233184
Cold start + gate,45,35200,36000,800,-16.4652655485907,-13172.21243887256,-9.820243926680453,-7856.195141344362,6.645021621910246,5316.017297528197,0,0.0,0,0.0,22,0.0275,0,0.0,778,0,20,20,0,0,0,2,0,2,0,2,-60.820137364582365,19.959999999927764,0.237933583988793,2.78910236671976,0.1287954166733558,0.3470717513042301,1.1001805044586708,2.78910236671976
Cold start + gate,46,36000,36800,800,-11.761009092695272,-9408.807274156215,-9.756914693920589,-7805.53175513647,2.004094398774685,1603.2755190197486,0,0.0,0,0.0,25,0.03125,0,0.0,775,0,21,21,0,0,0,4,0,4,0,4,-63.35467257459072,10.47716406625691,0.2724969063245854,2.663349606845827,0.1312235536378912,0.4137702590112797,1.113714979693261,2.663349606845827
Cold start + gate,47,36800,37600,800,-10.049858889305826,-8039.887111444661,-8.657418750632322,-6925.935000505858,1.3924401386735037,1113.952110938803,0,0.0,0,0.0,24,0.03,0,0.0,776,0,18,18,0,0,0,6,0,6,0,6,-61.36988568634604,8.478475252117263,0.2592107462349989,2.902785730297694,0.1264339505910338,0.3919875418789639,1.095286544438408,2.902785730297694
Cold start + gate,48,37600,38400,800,-11.969183262510027,-9575.346610008022,-9.822265889809632,-7857.812711847706,2.1469173727003943,1717.5338981603154,0,0.0,0,0.0,24,0.03,0,0.0,776,0,19,19,0,0,0,5,0,5,0,5,-57.4529046311136,8.5058860530761,0.283550701491044,2.7637639346635297,0.138000248506415,0.429101154475673,1.1405421596574792,2.7637639346635297
Cold start + gate,49,38400,39200,800,-10.06964405789406,-8055.715246315249,-7.898839936780275,-6319.07194942422,2.1708041211137847,1736.6432968910278,0,0.0,0,0.0,30,0.0375,0,0.0,770,0,23,23,0,0,0,7,0,7,0,7,-62.66011142048774,13.45531729458498,0.211465697028567,2.5291065540865247,0.1193131960341665,0.3036181980229674,1.0505345525142171,2.5291065540865247
Cold start + gate,50,39200,40000,800,-10.985051516847346,-8788.041213477876,-9.155705097358265,-7324.56407788661,1.829346419489084,1463.4771355912671,0,0.0,0,0.0,22,0.0275,0,0.0,778,0,17,17,0,0,0,5,0,5,0,5,-54.28346526969148,7.256437197300575,0.2568475339971804,2.743862733842434,0.1318898708536331,0.3818051971407276,1.087898189688668,2.743862733842434
Cold start + gate,51,40000,40800,800,-13.132083929621304,-10505.667143697045,-9.32416046139402,-7459.328369115216,3.807923468227281,3046.338774581825,0,0.0,0,0.0,31,0.03875,0,0.0,769,0,30,30,0,0,0,1,0,1,0,1,-67.43267875866093,9.882929487136328,0.258698574541937,2.9247032937200856,0.1250661825098603,0.3923309665740137,1.095748395469644,2.9247032937200856
Cold start + gate,52,40800,41600,800,-10.2996994004276,-8239.759520342079,-8.800534823747153,-7040.427858997723,1.4991645766804436,1199.3316613443549,0,0.0,0,0.0,21,0.02625,0,0.0,779,0,16,16,0,0,0,5,0,5,0,5,-63.79514294881301,9.916753675726218,0.2655612286114219,2.6901119715896584,0.1263938026228002,0.4047286546000435,1.0837730464661064,2.6901119715896584
Cold start + gate,53,41600,42400,800,-11.829848942998272,-9463.87915439862,-9.529962268344338,-7623.969814675471,2.299886674653933,1839.9093397231463,0,0.0,0,0.0,35,0.04375,0,0.0,765,0,32,32,0,0,0,3,0,3,0,3,-63.05050718523967,12.38076353028761,0.2900598051332914,2.853888374854762,0.1247747805734085,0.4553448296931742,1.0862077288287466,2.853888374854762
Cold start + gate,54,42400,43200,800,-10.282588857957252,-8226.071086365802,-8.59336022924439,-6874.688183395512,1.6892286287128635,1351.3829029702908,0,0.0,0,0.0,23,0.02875,0,0.0,777,0,19,19,0,0,0,4,0,4,0,4,-61.994425919111336,11.936746220879948,0.2626031932715386,2.880175454667892,0.1258498923296989,0.3993564942133783,1.0575515116813952,2.880175454667892
Cold start + gate,55,43200,44000,800,-10.655811524038889,-8524.649219231109,-8.958166700142536,-7166.533360114029,1.697644823896349,1358.1158591170793,0,0.0,0,0.0,28,0.035,0,0.0,772,0,26,26,0,0,0,2,0,2,0,2,-60.37793569370854,9.246352146355363,0.2702350515838698,2.694158163568602,0.1269459615144824,0.4135241416532572,1.059541684155182,2.694158163568602
Cold start + gate,56,44000,44800,800,-10.762252839820787,-8609.802271856632,-9.06860932317627,-7254.887458541017,1.6936435166445163,1354.9148133156132,0,0.0,0,0.0,36,0.045,0,0.0,764,0,31,31,0,0,0,5,0,5,0,5,-62.66150660277117,5.755866079419844,0.2763293785815635,2.6472086561947776,0.1311004853315844,0.4215582718315425,1.1645006644432878,2.6472086561947776
Cold start + gate,57,44800,45600,800,-10.825991144475433,-8660.792915580347,-8.759722904342855,-7007.778323474284,2.0662682401325787,1653.014592106063,0,0.0,0,0.0,29,0.03625,0,0.0,771,0,22,22,0,0,0,7,0,7,0,7,-58.64709876940663,11.184309519787698,0.2409917938766769,2.578265340456653,0.1343278059420369,0.3476557818113169,1.118482216575805,2.578265340456653
Cold start + gate,58,45600,46400,800,-9.7871905170556,-7829.752413644481,-8.720727901674138,-6976.582321339311,1.0664626153814651,853.170092305172,0,0.0,0,0.0,21,0.02625,0,0.0,779,0,15,15,0,0,0,6,0,6,0,6,-70.15708309672482,5.937127434858085,0.2732874141594046,2.8043970225811563,0.1282427227756234,0.4183321055431858,1.1664825372058112,2.8043970225811563
Cold start + gate,59,46400,47200,800,-10.011520695236982,-8009.216556189585,-8.623073202123713,-6898.45856169897,1.3884474931132695,1110.7579944906156,0,0.0,0,0.0,17,0.02125,0,0.0,783,0,13,13,0,0,0,4,0,4,0,4,-64.48510031371893,11.760261147767892,0.2377535675012989,2.822993122912692,0.1351723529900083,0.3403347820125895,1.128936239160458,2.822993122912692
Cold start + gate,60,47200,48000,800,-10.74127808577615,-8593.02246862092,-9.250371221358922,-7400.296977087137,1.4909068644172292,1192.7254915337833,0,0.0,0,0.0,22,0.0275,0,0.0,778,0,18,18,0,0,0,4,0,4,0,4,-47.533341594911576,9.427177270464991,0.2784392325753536,2.6407405951894134,0.1325210193738366,0.4243574457768707,0.9909881466894236,2.6407405951894134
Cold start + gate,61,48000,48800,800,-9.160171367934474,-7328.1370943475795,-7.79858657828644,-6238.869262629152,1.3615847896480349,1089.267831718428,0,0.0,0,0.0,25,0.03125,0,0.0,775,0,21,21,0,0,0,4,0,4,0,4,-73.63665046783706,6.92068582828016,0.2489506879300893,2.708071952082719,0.1193410191677469,0.3785603566924318,1.061766626484626,2.708071952082719
Cold start + gate,62,48800,49600,800,-11.820337503078294,-9456.270002462636,-9.328675293133536,-7462.94023450683,2.4916622099447583,1993.3297679558068,0,0.0,0,0.0,28,0.035,0,0.0,772,0,23,23,0,0,0,5,0,5,0,5,-65.6448310628524,9.824685053341208,0.2693820439516162,3.0250901569781945,0.1396040435317732,0.3991600443714592,1.1278837577363745,3.0250901569781945
Cold start + gate,63,49600,50400,800,-9.888197468490045,-7910.557974792035,-7.773443468775985,-6218.754775020788,2.11475399971406,1691.8031997712478,0,0.0,0,0.0,17,0.02125,0,0.0,783,0,14,14,0,0,0,3,0,3,0,3,-42.827045669947495,10.636384687326384,0.2310587091151668,2.4946122550269365,0.1202996537604715,0.341817764469862,1.072430508690346,2.4946122550269365
Cold start + gate,64,50400,51200,800,-10.474689367840169,-8379.751494272135,-8.029745349037983,-6423.796279230386,2.444944018802186,1955.955215041749,0,0.0,0,0.0,17,0.02125,0,0.0,783,0,13,13,0,0,0,4,0,4,0,4,-48.79315399264658,15.318349537507332,0.2332535908602735,2.6292879504442794,0.1140133601073186,0.3524938216132284,1.0480981996687055,2.6292879504442794
Cold start + gate,65,51200,52000,800,-9.73123807593513,-7784.990460748104,-8.146085413410743,-6516.868330728595,1.5851526625243857,1268.1221300195084,0,0.0,0,0.0,22,0.0275,0,0.0,778,0,16,16,0,0,0,6,0,6,0,6,-69.0832913495891,9.949244625838883,0.2368619005354029,2.6672640446657283,0.1263840655934469,0.3473397354773589,1.106222789285744,2.6672640446657283
Cold start + gate,66,52000,52800,800,-10.79170423309862,-8633.363386478897,-8.458723283055136,-6766.978626444108,2.332980950043485,1866.384760034788,0,0.0,0,0.0,19,0.02375,0,0.0,781,0,12,12,0,0,0,7,0,7,0,7,-56.11567211420368,12.499373206502,0.2543724564128178,2.5385344391462468,0.123573865586631,0.3851710472390047,1.0958202742404746,2.5385344391462468
Cold start + gate,67,52800,53600,800,-9.019249566415075,-7215.39965313206,-7.745489564218385,-6196.391651374708,1.273760002196691,1019.0080017573528,0,0.0,0,0.0,23,0.02875,0,0.0,777,0,17,17,0,0,0,6,0,6,0,6,-47.86282163148536,6.688696624500054,0.2374410301689091,2.7366590109765525,0.1214684086100122,0.353413651727806,1.1007438958047708,2.7366590109765525
Cold start + gate,68,53600,54400,800,-9.738480063003603,-7790.784050402884,-9.262898789263112,-7410.3190314104895,0.4755812737404937,380.465018992395,0,0.0,0,0.0,11,0.01375,0,0.0,789,0,10,10,0,0,0,1,0,1,0,1,-57.79607089177409,4.632999216346545,0.2807274730161627,2.8025299575114677,0.1391258530881925,0.4223290929441328,1.0982683599817542,2.8025299575114677
Cold start + gate,69,54400,55200,800,-9.7345233396447,-7787.61867171576,-8.374782905683638,-6699.826324546911,1.3597404339610606,1087.7923471688484,0,0.0,0,0.0,16,0.02,0,0.0,784,0,13,13,0,0,0,3,0,3,0,3,-47.14312122802375,8.934194426188377,0.26273858425117,2.9415957842992384,0.1277337370612307,0.3977434314411093,1.1212924937418216,2.9415957842992384
Cold start + gate,70,55200,56000,800,-10.28579217258838,-8228.633738070705,-8.189158573721482,-6551.326858977185,2.096633598866901,1677.3068790935208,0,0.0,0,0.0,15,0.01875,0,0.0,785,0,11,11,0,0,0,4,0,4,0,4,-54.62398045530392,19.959999999997137,0.2387711852200378,2.9009441483617597,0.121712448380729,0.3558299220593465,1.0977547582567475,2.9009441483617597
Cold start + gate,71,56000,56800,800,-8.108027283920867,-6486.4218271366935,-7.1839479984077705,-5747.158398726217,0.9240792855130954,739.2634284104763,0,0.0,0,0.0,15,0.01875,0,0.0,785,0,11,11,0,0,0,4,0,4,0,4,-59.42426169554301,10.31381482639085,0.2210732549999594,2.6538925088158862,0.1185431515457895,0.3236033584541293,1.0716204997955203,2.6538925088158862
Cold start + gate,72,56800,57600,800,-11.407435903390049,-9125.948722712035,-8.215146166881624,-6572.116933505299,3.192289736508423,2553.8317892067384,0,0.0,0,0.0,8,0.01,0,0.0,792,0,6,6,0,0,0,2,0,2,0,2,-53.67949749594817,19.959999999999333,0.2531636369566904,2.6160480487900486,0.1211317671654471,0.3851955067479337,1.093856959911267,2.6160480487900486
Cold start + gate,73,57600,58400,800,-11.687072881125022,-9349.658304900018,-8.792947777537206,-7034.358222029765,2.8941251035878146,2315.300082870252,0,0.0,0,0.0,14,0.0175,0,0.0,786,0,8,8,0,0,0,6,0,6,0,6,-57.4991415798371,18.271088420073823,0.228324964047701,2.433291006894194,0.1252604636042744,0.3313894644911276,1.097106461660076,2.433291006894194
Cold start + gate,74,58400,59200,800,-8.054789691744695,-6443.831753395756,-7.633925017445962,-6107.1400139567695,0.420864674298733,336.6917394389864,0,0.0,0,0.0,11,0.01375,0,0.0,789,0,9,9,0,0,0,2,0,2,0,2,-51.39198332975974,5.447891390580159,0.2423337686976012,2.713396625830285,0.1253293329832982,0.3593382044119042,1.0676153393245855,2.713396625830285
Cold start + gate,75,59200,60000,800,-7.183114044324976,-5746.49123545998,-6.781665953337022,-5425.332762669617,0.4014480909879539,321.15847279036313,0,0.0,0,0.0,9,0.01125,0,0.0,791,0,5,5,0,0,0,4,0,4,0,4,-51.94167815086234,4.124957640385473,0.2160480633541859,2.7852494302121613,0.1181663003977102,0.3139298263106616,1.060687219557638,2.7852494302121613
Cold start + gate,76,60000,60800,800,-7.234707950079792,-5787.766360063833,-6.6371942016139,-5309.75536129112,0.5975137484658919,478.0109987727136,0,0.0,0,0.0,15,0.01875,0,0.0,785,0,12,12,0,0,0,3,0,3,0,3,-52.72828145322774,4.674814680556878,0.2119181335368141,2.759152694105694,0.1165143793135094,0.3073218877601187,1.025067673719334,2.759152694105694
Cold start + gate,77,60800,61600,800,-8.338071772676532,-6670.457418141225,-7.530000497488642,-6024.000397990914,0.8080712751878895,646.4570201503116,0,0.0,0,0.0,15,0.01875,0,0.0,785,0,13,13,0,0,0,2,0,2,0,2,-53.32719905585168,9.502822735367705,0.2137453940492093,2.3552150763661643,0.1263252066873336,0.301165581411085,1.1178835971515846,2.3552150763661643
Cold start + gate,78,61600,62400,800,-7.762921614508543,-6210.337291606835,-7.017276416533105,-5613.821133226484,0.745645197975439,596.5161583803513,0,0.0,0,0.0,10,0.0125,0,0.0,790,0,5,5,0,0,0,4,1,4,1,4,-53.8359211030355,10.802381318807605,0.2251912409214164,3.124620575752885,0.123042328701879,0.3273401531409537,1.0538754893027558,3.124620575752885
Cold start + gate,79,62400,63200,800,-9.73489693124614,-7787.917544996912,-7.776510662792078,-6221.208530233663,1.9583862684540605,1566.7090147632482,0,0.0,0,0.0,7,0.00875,0,0.0,793,0,5,5,0,0,0,2,0,2,0,2,-72.23081700958733,17.338914975556676,0.2249356539499978,2.7438052537966087,0.1269826489192728,0.3228886589807228,1.103101155075168,2.7438052537966087
Cold start + gate,80,63200,64000,800,-7.148850664248617,-5719.080531398894,-7.105260207730109,-5684.208166184088,0.0435904565185084,34.87236521480676,0,0.0,0,0.0,2,0.0025,0,0.0,798,0,0,0,0,0,0,2,0,2,0,2,-55.5614971308961,1.5697325091809042,0.2218020327887532,2.687948112211757,0.124516887435288,0.3190871781422184,1.0994581646043344,2.687948112211757
Cold start + gate,81,64000,64800,800,-8.047946207143871,-6438.356965715097,-7.364749857826698,-5891.799886261359,0.6831963493171728,546.5570794537382,0,0.0,0,0.0,7,0.00875,0,0.0,793,0,6,6,0,0,0,1,0,1,0,1,-57.84289983900135,8.858513166959938,0.2347780896048246,2.942331892143727,0.1241280522819147,0.3454281269277345,1.066029311650126,2.942331892143727
Cold start + gate,82,64800,65600,800,-9.001576203860484,-7201.260963088387,-7.465640492020912,-5972.512393616729,1.5359357118395718,1228.7485694716574,0,0.0,0,0.0,9,0.01125,0,0.0,791,0,6,6,0,0,0,3,0,3,0,3,-67.78454165141011,16.898387012236512,0.2288083921326367,2.7021890908776527,0.1188337370683408,0.3387830471969326,1.0680690769587495,2.7021890908776527
Cold start + gate,83,65600,66400,800,-7.597277987676319,-6077.822390141056,-6.891266130179349,-5513.012904143479,0.7060118574969704,564.8094859975763,0,0.0,0,0.0,8,0.01,0,0.0,792,0,6,6,0,0,0,2,0,2,0,2,-67.78408581289113,10.567988458861818,0.2125834712077598,2.6225282730697472,0.1205300427196132,0.3046368996959064,1.0979848138933033,2.6225282730697472
Cold start + gate,84,66400,67200,800,-6.833240953455418,-5466.592762764334,-6.59261232390138,-5274.089859121104,0.2406286295540373,192.5029036432299,0,0.0,0,0.0,8,0.01,0,0.0,792,0,6,6,0,0,0,2,0,2,0,2,-60.83170919245004,3.108821150809433,0.2042022380058621,2.6028309526047906,0.1195883779158033,0.2888160980959209,1.0688009563599938,2.6028309526047906
Cold start + gate,85,67200,68000,800,-10.363431676258706,-8290.745341006965,-7.578050345453525,-6062.44027636282,2.785381330805181,2228.3050646441447,0,0.0,0,0.0,14,0.0175,0,0.0,786,0,11,11,0,0,0,3,0,3,0,3,-67.08371608738753,19.80229057209561,0.209507974171686,2.723743658333831,0.1199076811491129,0.2991082671942592,1.0624831291305612,2.723743658333831
Cold start + gate,86,68000,68800,800,-7.336075086700115,-5868.860069360093,-6.852025361712875,-5481.6202893703,0.4840497249872418,387.2397799897935,0,0.0,0,0.0,6,0.0075,0,0.0,794,0,4,4,0,0,0,2,0,2,0,2,-63.330963514686005,8.752761770787597,0.2265472763595218,3.0595988274370143,0.1220063822983012,0.3310881704207425,1.060218850693499,3.0595988274370143
Cold start + gate,87,68800,69600,800,-9.7727419874191,-7818.193589935279,-7.655201570297502,-6124.161256238001,2.1175404171215964,1694.032333697277,0,0.0,0,0.0,22,0.0275,0,0.0,778,0,17,17,0,0,0,5,0,5,0,5,-70.08081181428088,15.046750886065997,0.2411495739092966,2.6468296519435057,0.1203618250818622,0.3619373227367309,1.0790105209089886,2.6468296519435057
Cold start + gate,88,69600,70400,800,-6.930858351708728,-5544.686681366982,-6.442186957092615,-5153.749565674092,0.488671394616113,390.9371156928904,0,0.0,0,0.0,9,0.01125,0,0.0,791,0,5,5,0,0,0,4,0,4,0,4,-67.03020754627232,6.567801335550464,0.2054826525098824,2.6757350761478733,0.117832613678735,0.2931326913410298,1.0627595529817624,2.6757350761478733
Cold start + gate,89,70400,71200,800,-7.612498660237842,-6089.998928190274,-7.030177467792908,-5624.141974234326,0.5823211924449335,465.8569539559468,0,0.0,0,0.0,9,0.01125,0,0.0,791,0,6,6,0,0,0,3,0,3,0,3,-66.12406781062225,6.726979053068636,0.2021549073909586,2.558775851211749,0.1241299001800941,0.2801799146018232,1.1080285981912297,2.558775851211749
Cold start + gate,90,71200,72000,800,-7.233901515123921,-5787.121212099137,-6.762381463480506,-5409.905170784405,0.4715200516434147,377.2160413147318,0,0.0,0,0.0,10,0.0125,0,0.0,790,0,6,6,0,0,0,4,0,4,0,4,-65.49495052958844,6.429406541314279,0.20257065207394,2.75025640346621,0.1239992899074206,0.2811420142404594,1.1251063247376338,2.75025640346621
Cold start + gate,91,72000,72800,800,-8.629701920837642,-6903.761536670114,-7.093688660899542,-5674.950928719634,1.5360132599381005,1228.8106079504803,0,0.0,0,0.0,12,0.015,0,0.0,788,0,4,4,0,0,0,8,0,8,0,8,-63.48981922095618,11.656701960834145,0.1931771613024351,2.610725566031249,0.1231349830182445,0.2632193395866258,1.0921604412911838,2.610725566031249
Cold start + gate,92,72800,73600,800,-7.245759884678185,-5796.607907742548,-6.820727669601419,-5456.582135681136,0.4250322150767661,340.0257720614129,0,0.0,0,0.0,13,0.01625,0,0.0,787,0,8,8,0,0,0,5,0,5,0,5,-69.41453819593619,4.604482612646474,0.207965727177709,2.730525601936506,0.1229363647097493,0.2929950896456686,1.131154391601303,2.730525601936506
Cold start + gate,93,73600,74400,800,-8.907024038803565,-7125.619231042852,-7.53842358188689,-6030.738865509512,1.368600456916676,1094.8803655333409,0,0.0,0,0.0,10,0.0125,0,0.0,790,0,6,6,0,0,0,4,0,4,0,4,-64.14757834197337,12.54434036688873,0.2169620373111062,2.612559579295805,0.122149871634731,0.3117742029874814,1.1399834745940185,2.612559579295805
Cold start + gate,94,74400,75200,800,-6.795085906197976,-5436.068724958381,-6.6197615443258,-5295.80923546064,0.1753243618721766,140.2594894977413,0,0.0,0,0.0,5,0.00625,0,0.0,795,0,2,2,0,0,0,3,0,3,0,3,-66.81361460729568,4.430149565731649,0.2211815709256574,2.815272544629522,0.1193947422151273,0.3229683996361875,1.1009075344694597,2.815272544629522
Cold start + gate,95,75200,76000,800,-10.081918802862326,-8065.535042289861,-7.799282642993665,-6239.4261143949325,2.282636159868661,1826.108927894929,0,0.0,0,0.0,18,0.0225,0,0.0,782,0,11,11,0,0,0,7,0,7,0,7,-68.0512170266527,10.113788462594044,0.2331671446160975,3.074589351912038,0.1337537997722855,0.3325804894599096,1.0795066034861924,3.074589351912038
Cold start + gate,96,76000,76800,800,-10.21490374820893,-8171.922998567144,-7.192526513096246,-5754.021210476997,3.022377235112685,2417.901788090148,0,0.0,0,0.0,13,0.01625,0,0.0,787,0,7,7,0,0,0,6,0,6,0,6,-75.98241949222756,18.109945216771365,0.2209346669305426,2.7478332473202727,0.1179402355168801,0.3239290983442052,1.0919782543835337,2.7478332473202727
Cold start + gate,97,76800,77600,800,-7.310794058397079,-5848.635246717663,-6.624325821422527,-5299.460657138022,0.6864682369745513,549.1745895796411,0,0.0,0,0.0,14,0.0175,0,0.0,786,0,10,10,0,0,0,4,0,4,0,4,-66.75139071536398,6.586935670018912,0.202513903599419,2.648918805286769,0.119679053822175,0.285348753376663,1.0826705484701078,2.648918805286769
Cold start + gate,98,77600,78400,800,-6.775670695288588,-5420.53655623087,-6.440193388077923,-5152.154710462339,0.3354773072106626,268.3818457685301,0,0.0,0,0.0,12,0.015,0,0.0,788,0,7,7,0,0,0,5,0,5,0,5,-64.61638260996347,5.465583235935509,0.1940160531071321,2.689217309775984,0.1232773404584233,0.2647547657558408,1.143121793699509,2.689217309775984
Cold start + gate,99,78400,79200,800,-7.196221795724309,-5756.977436579447,-6.364957236972964,-5091.965789578371,0.831264558751345,665.011647001076,0,0.0,0,0.0,11,0.01375,0,0.0,789,0,7,7,0,0,0,4,0,4,0,4,-72.59029579067555,10.320138845972073,0.1982008629778633,2.789624567107296,0.1158723094410058,0.2805294165147208,1.0724971287731142,2.789624567107296
Cold start + gate,100,79200,80000,800,-7.737838286617092,-6190.270629293674,-6.608997964427322,-5287.198371541857,1.12884032218977,903.072257751816,0,0.0,0,0.0,18,0.0225,0,0.0,782,0,10,10,0,0,0,8,0,8,0,8,-70.127444326989,7.6747447252564545,0.190899877794797,2.5946134255648303,0.1221444447758108,0.2596553108137831,1.133711540841002,2.5946134255648303
Cold start + gate,101,80000,80800,800,-8.606269359830161,-6885.01548786413,-7.231779398463966,-5785.423518771173,1.3744899613661945,1099.5919690929557,0,0.0,0,0.0,8,0.01,0,0.0,792,0,5,5,0,0,0,3,0,3,0,3,-72.08996673947865,13.356326166376226,0.2176315271024442,2.745040865661281,0.1203616016293659,0.3149014525755225,1.109672568142622,2.745040865661281
Cold start + gate,102,80800,81600,800,-6.6179281092562725,-5294.342487405018,-6.3317091956313565,-5065.367356505085,0.2862189136249173,228.97513089993387,0,0.0,0,0.0,8,0.01,0,0.0,792,0,3,3,0,0,0,5,0,5,0,5,-70.8540254860444,4.005616278283879,0.2025439879502206,2.4834281475754665,0.118520314721206,0.2865676611792352,1.0613465007515246,2.4834281475754665
Cold start + gate,103,81600,82400,800,-7.819181376632327,-6255.345101305861,-7.1507199810130615,-5720.575984810449,0.6684613956192643,534.7691164954115,0,0.0,0,0.0,11,0.01375,0,0.0,789,0,7,7,0,0,0,4,0,4,0,4,-60.13550135844287,10.033068289066534,0.2205553208687141,2.8941677844766787,0.1292128644117054,0.3118977773257228,1.1233686566503769,2.8941677844766787
Cold start + gate,104,82400,83200,800,-6.679970541680658,-5343.976433344526,-6.307073942007464,-5045.659153605971,0.3728965996731932,298.3172797385546,0,0.0,0,0.0,9,0.01125,0,0.0,791,0,6,6,0,0,0,3,0,3,0,3,-70.85493526088817,5.255867497648637,0.2115231755581348,2.63293185834624,0.1184804090007146,0.3045659421155551,1.0655560332553136,2.63293185834624
Cold start + gate,105,83200,84000,800,-9.2207858851181,-7376.62870809448,-7.014217108406797,-5611.373686725437,2.206568776711304,1765.255021369043,0,0.0,0,0.0,10,0.0125,0,0.0,790,0,6,6,0,0,0,4,0,4,0,4,-72.23712557173656,14.777079903974736,0.212358599026564,2.852705727403816,0.1262724981045383,0.2984446999485897,1.1103754135033037,2.852705727403816
Cold start + gate,106,84000,84800,800,-6.884203050128508,-5507.362440102806,-6.190845252124102,-4952.676201699282,0.6933577980044059,554.6862384035247,0,0.0,0,0.0,12,0.015,0,0.0,788,0,7,7,0,0,0,5,0,5,0,5,-72.92706078825074,8.521097715781792,0.2029015457071868,2.703470050279748,0.1150346325558227,0.290768458858551,1.053083322380449,2.703470050279748
Cold start + gate,107,84800,85600,800,-8.6053207091191,-6884.256567295281,-6.432097331804374,-5145.677865443499,2.173223377314726,1738.5787018517806,0,0.0,0,0.0,9,0.01125,0,0.0,791,0,7,7,0,0,0,2,0,2,0,2,-67.02862108533907,15.168387698892047,0.1939449799671794,2.7218671517129565,0.1168128146566263,0.2710771452777324,1.101849624752434,2.7218671517129565
Cold start + gate,108,85600,86400,800,-8.44564559147439,-6756.516473179512,-6.603327969522306,-5282.662375617845,1.8423176219520825,1473.854097561666,0,0.0,0,0.0,17,0.02125,0,0.0,783,0,12,12,0,0,0,5,0,5,0,5,-67.99131286143245,12.374758202056393,0.1952207528285686,2.5439650432268195,0.1197251501795163,0.2707163554776208,1.0815284595418992,2.5439650432268195
Cold start + gate,109,86400,87200,800,-7.702595346683756,-6162.076277347005,-6.24375723640084,-4995.005789120672,1.458838110282917,1167.0704882263335,0,0.0,0,0.0,11,0.01375,0,0.0,789,0,8,8,0,0,0,3,0,3,0,3,-58.9933550189387,11.033722311314868,0.1891933442344998,2.6209639990076994,0.1185210249711736,0.259865663497826,1.089740100582072,2.6209639990076994
Cold start + gate,110,87200,88000,800,-7.594824923360631,-6075.859938688505,-6.864296254930732,-5491.437003944586,0.7305286684298994,584.4229347439195,0,0.0,0,0.0,10,0.0125,0,0.0,790,0,5,5,0,0,0,5,0,5,0,5,-62.47113690048559,8.483976963985395,0.2085609585393629,2.650717032040575,0.1249532749071768,0.2921686421715489,1.0763072830440548,2.650717032040575
Cold start + gate,111,88000,88800,800,-10.143588749334414,-8114.870999467531,-6.828969830115689,-5463.175864092551,3.3146189192187245,2651.69513537498,0,0.0,0,0.0,9,0.01125,0,0.0,791,0,3,3,0,0,0,6,0,6,0,6,-67.37374155120642,19.27853086500432,0.1983544722804243,2.703039834153685,0.1185880740102639,0.2781208705505846,1.103642138432066,2.703039834153685
Cold start + gate,112,88800,89600,800,-6.261177061834939,-5008.941649467951,-5.99141172238378,-4793.129377907024,0.2697653394511599,215.812271560928,0,0.0,0,0.0,12,0.015,0,0.0,788,0,7,7,0,0,0,5,0,5,0,5,-70.98010876285025,2.921426028910094,0.1951215817161968,2.5878413803102944,0.1170808307563745,0.2731623326760191,1.0863121210758613,2.5878413803102944
Cold start + gate,113,89600,90400,800,-6.936575572361407,-5549.260457889125,-6.223731558048323,-4978.985246438659,0.7128440143130811,570.2752114504649,0,0.0,0,0.0,13,0.01625,0,0.0,787,0,8,8,0,0,0,5,0,5,0,5,-67.72531610041358,7.263238909085882,0.1844780688911268,2.576533613883612,0.1210232905367918,0.2479328472454618,1.104951168481839,2.576533613883612
Cold start + gate,114,90400,91200,800,-6.887408320300915,-5509.926656240732,-6.262239037736308,-5009.791230189047,0.625169282564607,500.1354260516856,0,0.0,0,0.0,12,0.015,0,0.0,788,0,8,8,0,0,0,4,0,4,0,4,-73.87294614171697,5.939000317878475,0.1969419620086463,2.433558812076569,0.1221544690437232,0.2717294549735695,1.118737435778807,2.433558812076569
Cold start + gate,115,91200,92000,800,-6.489047450957373,-5191.237960765899,-6.060775253798544,-4848.620203038836,0.4282721971588284,342.6177577270627,0,0.0,0,0.0,5,0.00625,0,0.0,795,0,2,2,0,0,0,3,0,3,0,3,-62.26271086111888,9.169035110912713,0.1936638092806004,2.6187185779052697,0.1166901563986687,0.270637462162532,1.0823300612694688,2.6187185779052697
Cold start + gate,116,92000,92800,800,-7.237086109931175,-5789.66888794494,-6.523409981657908,-5218.727985326326,0.7136761282732685,570.9409026186148,0,0.0,0,0.0,10,0.0125,0,0.0,790,0,6,6,0,0,0,4,0,4,0,4,-63.92187177507333,9.099569827161964,0.2290753038160237,3.0612189510164853,0.1218501750160462,0.3363004326160013,1.067605848432152,3.0612189510164853
Cold start + gate,117,92800,93600,800,-10.693138816593018,-8554.511053274415,-7.2626817713157505,-5810.1454170526,3.430457045277268,2744.3656362218144,0,0.0,0,0.0,14,0.0175,0,0.0,786,0,12,12,0,0,0,2,0,2,0,2,-63.8681722047653,18.208479214575647,0.238336221857652,2.9724003094164573,0.1168185876042797,0.3598538561110243,1.113432327350218,2.9724003094164573
Cold start + gate,118,93600,94400,800,-6.498046907971723,-5198.437526377378,-6.3099327182505,-5047.9461746004,0.1881141897212221,150.49135177697775,0,0.0,0,0.0,9,0.01125,0,0.0,791,0,6,6,0,0,0,3,0,3,0,3,-64.23559706589526,2.7174978378566714,0.2366582558999755,2.7783013376965187,0.1165429498031422,0.3567735619968088,1.073692683572785,2.7783013376965187
Cold start + gate,119,94400,95200,800,-11.433501333913348,-9146.801067130678,-7.62522190652798,-6100.177525222383,3.8082794273853686,3046.623541908295,0,0.0,0,0.0,18,0.0225,0,0.0,782,0,8,8,0,0,0,10,0,10,0,10,-66.68421593202447,14.425764876453776,0.2225161950476257,2.977589011914461,0.13223569607361,0.3127966940216414,1.1055579307298204,2.977589011914461
Cold start + gate,120,95200,96000,800,-6.745278387112251,-5396.2227096898005,-5.651612779800489,-4521.290223840391,1.0936656073117617,874.9324858494093,0,0.0,0,0.0,10,0.0125,0,0.0,790,0,1,1,0,0,0,9,0,9,0,9,-68.68152106201592,6.876596052646637,0.1836255104252104,2.5809873254582385,0.1166842878155824,0.2505667330348383,1.0523691719875783,2.5809873254582385
Cold start + gate,121,96000,96800,800,-5.895965756870632,-4716.772605496506,-5.574306276146109,-4459.445020916887,0.3216594807245234,257.3275845796188,0,0.0,0,0.0,11,0.01375,0,0.0,789,0,5,5,0,0,0,6,0,6,0,6,-67.45129984905645,3.083055169582366,0.1836679972310765,2.42575066105627,0.115826438125004,0.2515095563371491,1.0767294369347185,2.42575066105627
Cold start + gate,122,96800,97600,800,-6.124502895435126,-4899.6023163481,-5.813792832253138,-4651.03426580251,0.3107100631819882,248.56805054559055,0,0.0,0,0.0,7,0.00875,0,0.0,793,0,3,3,0,0,0,4,0,4,0,4,-78.5835476958606,7.305861470429584,0.2037887893227025,2.9076259499499315,0.1147428929779567,0.2928346856674483,1.076107315494748,2.9076259499499315
Cold start + gate,123,97600,98400,800,-6.676411156985657,-5341.128925588526,-6.151610652174867,-4921.288521739893,0.5248005048107903,419.84040384863226,0,0.0,0,0.0,10,0.0125,0,0.0,790,0,4,4,0,0,0,6,0,6,0,6,-73.92273045144248,9.36561501176765,0.2121920742672034,2.6697814725847597,0.1146970633115386,0.3096870852228682,1.0557389483968658,2.6697814725847597
Cold start + gate,124,98400,99200,800,-6.217972720273856,-4974.378176219085,-6.125567876510288,-4900.45430120823,0.0924048437635679,73.92387501085433,0,0.0,0,0.0,5,0.00625,0,0.0,795,0,1,1,0,0,0,4,0,4,0,4,-59.63412828984804,1.6324498832225798,0.2220518622078917,2.93029509477401,0.1143063572031196,0.3297973672126637,1.0578884662935204,2.93029509477401
Cold start + gate,125,99200,100000,800,-7.306171192812644,-5844.936954250115,-6.415510150769925,-5132.40812061594,0.8906610420427202,712.5288336341762,0,0.0,0,0.0,18,0.0225,0,0.0,782,0,13,13,0,0,0,4,1,4,1,4,-70.43397144396556,5.2968669395155805,0.2170997436169234,2.753843535668977,0.1180412903134743,0.3161581969203726,1.0998594092492495,2.753843535668977
Cold start + gate,126,100000,100800,800,-6.166510436020944,-4933.208348816756,-5.986563442153601,-4789.250753722881,0.1799469938673445,143.95759509387565,0,0.0,0,0.0,10,0.0125,0,0.0,790,0,3,3,0,0,0,7,0,7,0,7,-71.83608683229807,1.6018596082925796,0.2010416877784435,2.538041901370434,0.1171202464551528,0.2849631291017341,1.0640459965554014,2.538041901370434
Cold start + gate,127,100800,101600,800,-6.212724916894979,-4970.179933515983,-5.797289745153255,-4637.831796122604,0.415435171741723,332.3481373933784,0,0.0,0,0.0,5,0.00625,0,0.0,795,0,2,2,0,0,0,3,0,3,0,3,-73.86446513183591,9.409908330222615,0.2040785634412132,2.854929451785779,0.1118345178727862,0.2963226090096403,1.032048637297477,2.854929451785779
Cold start + gate,128,101600,102400,800,-6.162906500699348,-4930.325200559479,-5.810612382910672,-4648.4899063285375,0.3522941177886757,281.8352942309406,0,0.0,0,0.0,11,0.01375,0,0.0,789,0,6,6,0,0,0,5,0,5,0,5,-62.61978980822471,3.587256100177763,0.191729854174148,2.434714366006233,0.1194047902137693,0.2640549181345267,1.096857511636577,2.434714366006233
Cold start + gate,129,102400,103200,800,-8.467287851965477,-6773.830281572381,-6.778447224885564,-5422.757779908451,1.6888406270799114,1351.0725016639292,0,0.0,0,0.0,8,0.01,0,0.0,792,0,4,4,0,0,0,3,1,3,1,3,-88.33596089001651,16.433310648232624,0.2039183938593385,2.511673470828555,0.1180990413529836,0.2897377463656935,1.0597577120864132,2.511673470828555
Cold start + gate,130,103200,104000,800,-6.260559255886498,-5008.447404709199,-5.745505524718117,-4596.404419774493,0.5150537311683832,412.0429849347065,0,0.0,0,0.0,11,0.01375,0,0.0,789,0,7,7,0,0,0,4,0,4,0,4,-66.68481108706692,8.399854164227438,0.2007144505751417,2.6234122660171124,0.1141484872953438,0.2872804138549396,1.0422490585737898,2.6234122660171124
Cold start + gate,131,104000,104800,800,-7.876683642635902,-6301.346914108722,-6.311307194054437,-5049.045755243549,1.5653764485814656,1252.3011588651725,0,0.0,0,0.0,5,0.00625,0,0.0,795,0,2,2,0,0,0,3,0,3,0,3,-68.30550202249981,19.36201482462681,0.2025246131450044,2.5860834519984905,0.1184583323357094,0.2865908939542995,1.0837551444678728,2.5860834519984905
Cold start + gate,132,104800,105600,800,-6.15814940482516,-4926.519523860128,-5.834531911108383,-4667.625528886706,0.3236174937167782,258.8939949734226,0,0.0,0,0.0,10,0.0125,0,0.0,790,0,4,4,0,0,0,6,0,6,0,6,-59.1392771461326,2.7983757209777838,0.1993959500700434,2.688792727150428,0.119051740237537,0.2797401599025498,1.0812207229159865,2.688792727150428
Cold start + gate,133,105600,106400,800,-5.876706876835324,-4701.365501468259,-5.6900437829148105,-4552.035026331849,0.1866630939205135,149.33047513641085,0,0.0,0,0.0,6,0.0075,0,0.0,794,0,2,2,0,0,0,4,0,4,0,4,-64.68313339278552,2.7767706108093293,0.1959903630910496,2.5309356836276606,0.1169988152807082,0.274981910901391,1.1051075805634296,2.5309356836276606
Cold start + gate,134,106400,107200,800,-6.493771180375448,-5195.016944300358,-6.101079282011801,-4880.863425609441,0.3926918983636465,314.1535186909172,0,0.0,0,0.0,13,0.01625,0,0.0,787,0,7,7,0,0,0,6,0,6,0,6,-72.19514314587786,3.198220757246016,0.2113199326957512,2.6016047559017466,0.1188373329921564,0.303802532399346,1.1149654235948223,2.6016047559017466
Cold start + gate,135,107200,108000,800,-6.329539029824348,-5063.631223859478,-5.810071837583815,-4648.057470067051,0.5194671922405333,415.5737537924266,0,0.0,0,0.0,12,0.015,0,0.0,788,0,6,6,0,0,0,6,0,6,0,6,-58.17803621905921,4.326394691850542,0.1931745285199008,2.5457253897006358,0.1186005333153312,0.2677485237244703,1.0864594400043068,2.5457253897006358
Cold start + gate,136,108000,108800,800,-6.255955421398983,-5004.764337119186,-5.837219195526149,-4669.77535642092,0.4187362258728321,334.98898069826566,0,0.0,0,0.0,9,0.01125,0,0.0,791,0,5,5,0,0,0,4,0,4,0,4,-89.5363931288623,5.673360779685221,0.2019769870381098,2.7326248834627904,0.1154213076139177,0.288532666462302,1.050030090196067,2.7326248834627904
Cold start + gate,137,108800,109600,800,-6.107649118312398,-4886.119294649919,-5.7636730824670135,-4610.938465973611,0.3439760358453846,275.18082867630767,0,0.0,0,0.0,13,0.01625,0,0.0,787,0,7,7,0,0,0,6,0,6,0,6,-69.39295039151898,4.384933658408913,0.1963661473118848,2.6580240522076224,0.1195426136979074,0.2731896809258622,1.1251996648239897,2.6580240522076224
Cold start + gate,138,109600,110400,800,-5.984671154940799,-4787.736923952639,-5.678887340336836,-4543.109872269469,0.3057838146039635,244.6270516831708,0,0.0,0,0.0,11,0.01375,0,0.0,789,0,8,8,0,0,0,3,0,3,0,3,-73.46888025985777,3.025929856977938,0.2042723078955248,2.67630196084275,0.1154699060558193,0.2930747097352304,1.0617992126191838,2.67630196084275
Cold start + gate,139,110400,111200,800,-5.71230176570287,-4569.841412562296,-5.612970516719242,-4490.376413375394,0.0993312489836272,79.46499918690179,0,0.0,0,0.0,5,0.00625,0,0.0,795,0,3,3,0,0,0,2,0,2,0,2,-90.081459594914,2.6816319847106938,0.205261289376099,2.664052025046203,0.1157771810619468,0.2947453976902511,1.056934275357483,2.664052025046203
Cold start + gate,140,111200,112000,800,-6.356490850809536,-5085.192680647629,-5.95401353954383,-4763.210831635064,0.4024773112657061,321.9818490125649,0,0.0,0,0.0,13,0.01625,0,0.0,787,0,9,9,0,0,0,4,0,4,0,4,-61.98054189908214,3.982854471206666,0.2125361313901098,2.6826360315729403,0.1162025130191763,0.3088697497610433,1.0555247356241684,2.6826360315729403
Cold start + gate,141,112000,112800,800,-6.089415426840256,-4871.532341472205,-5.751954033309083,-4601.563226647267,0.337461393531173,269.96911482493846,0,0.0,0,0.0,10,0.0125,0,0.0,790,0,6,6,0,0,0,4,0,4,0,4,-64.61478170914779,4.266229404211046,0.2056408253583355,2.5452254483349748,0.1185085612417199,0.292773089474951,1.0793376961360566,2.5452254483349748
Cold start + gate,142,112800,113600,800,-6.320923442642373,-5056.738754113899,-6.047077289587497,-4837.661831669998,0.2738461530548756,219.0769224439005,0,0.0,0,0.0,8,0.01,0,0.0,792,0,5,5,0,0,0,3,0,3,0,3,-77.28986007300239,4.200575923919674,0.2226242004806694,2.743701272450892,0.1166859632207659,0.3285624377405729,1.0526297941062768,2.743701272450892
Cold start + gate,143,113600,114400,800,-6.516158705913969,-5212.926964731175,-6.087068384108561,-4869.654707286849,0.4290903218054079,343.2722574443263,0,0.0,0,0.0,14,0.0175,0,0.0,786,0,6,6,0,0,0,8,0,8,0,8,-71.24025601924404,5.554754117371814,0.2035910999924506,2.656341700979453,0.1227882256826056,0.2843939743022957,1.0971288055927868,2.656341700979453
Cold start + gate,144,114400,115200,800,-5.926247784629761,-4740.998227703809,-5.439446028983057,-4351.556823186445,0.4868017556467049,389.441404517364,0,0.0,0,0.0,7,0.00875,0,0.0,793,0,2,2,0,0,0,5,0,5,0,5,-72.86980046914528,5.303810009630839,0.1792172767655349,2.581207130028361,0.1170782721175465,0.2413562814135233,1.063950287497494,2.581207130028361
Cold start + gate,145,115200,116000,800,-6.107376514068265,-4885.901211254612,-5.738995802167948,-4591.196641734358,0.3683807119003179,294.7045695202544,0,0.0,0,0.0,9,0.01125,0,0.0,791,0,5,5,0,0,0,4,0,4,0,4,-65.35999056843775,4.567439260482788,0.2016951389601201,2.6284533433155275,0.1157396134443562,0.2876506644758839,1.071518496573939,2.6284533433155275
Cold start + gate,146,116000,116800,800,-9.844800027552887,-7875.84002204231,-6.867405395715596,-5493.9243165724765,2.977394631837291,2381.9157054698326,0,0.0,0,0.0,15,0.01875,0,0.0,785,0,9,9,0,0,0,6,0,6,0,6,-65.07325916348998,11.411298513998188,0.2148981198069602,2.959790886143935,0.1306933002940123,0.2991029393199081,1.119658822459472,2.959790886143935
Cold start + gate,147,116800,117600,800,-6.680264864972477,-5344.211891977981,-5.8741477542338,-4699.31820338704,0.8061171107386764,644.8936885909411,0,0.0,0,0.0,9,0.01125,0,0.0,791,0,3,3,0,0,0,6,0,6,0,6,-61.878672189469626,6.606228096480904,0.1974142632673745,2.6100589718680567,0.119684119139322,0.275144407395427,1.0916224039057192,2.6100589718680567
Cold start + gate,148,117600,118400,800,-5.872733308584984,-4698.186646867987,-5.52901639828063,-4423.213118624504,0.3437169103043548,274.9735282434838,0,0.0,0,0.0,8,0.01,0,0.0,792,0,3,3,0,0,0,5,0,5,0,5,-70.89629680205724,3.942885166108608,0.1973221294908299,2.717421459119066,0.1161258595258626,0.2785183994557972,1.056834467643526,2.717421459119066
Cold start + gate,149,118400,119200,800,-6.982049182146702,-5585.639345717362,-5.6692840821209405,-4535.427265696752,1.3127651000257614,1050.2120800206092,0,0.0,0,0.0,14,0.0175,0,0.0,786,0,7,7,0,0,0,7,0,7,0,7,-83.64442666341847,7.25330798380077,0.2030420232198745,2.7007332064093816,0.1139653729522808,0.2921186734874683,1.0549191591792648,2.7007332064093816
Cold start + gate,150,119200,120000,800,-6.160712972533208,-4928.570378026567,-5.745920704753657,-4596.736563802926,0.4147922677795509,331.8338142236408,0,0.0,0,0.0,13,0.01625,0,0.0,787,0,8,8,0,0,0,5,0,5,0,5,-54.643325407649,4.373098177282468,0.1997728477264619,2.5562056339708192,0.114968566516462,0.2845771289364618,1.060028436524655,2.5562056339708192
Cold start + gate,151,120000,120800,800,-7.81791339908198,-6254.330719265584,-5.760332707784992,-4608.266166227993,2.057580691296987,1646.0645530375896,0,0.0,0,0.0,16,0.02,0,0.0,784,0,7,7,0,0,0,9,0,9,0,9,-66.61359940928287,9.653795404732229,0.1977464096854381,2.717014278140084,0.1172745705578326,0.2782182488130436,1.0486599983385392,2.717014278140084
Cold start + gate,152,120800,121600,800,-9.074948177203046,-7259.958541762437,-6.849336058841717,-5479.468847073374,2.2256121183613304,1780.4896946890642,0,0.0,0,0.0,6,0.0075,0,0.0,794,0,1,1,0,0,0,5,0,5,0,5,-97.99446672444004,19.95999999997324,0.209480368342821,2.712946679127185,0.1192987296241633,0.2996620070614788,1.0953653632600084,2.712946679127185
Cold start + gate,153,121600,122400,800,-5.936823423450312,-4749.45873876025,-5.654086360188867,-4523.2690881510935,0.2827370632614445,226.1896506091556,0,0.0,0,0.0,7,0.00875,0,0.0,793,0,2,2,0,0,0,5,0,5,0,5,-69.15322841399541,3.9401586464068616,0.2128050598495554,2.970831308203458,0.1148978302515983,0.3107122894475126,1.067502186233411,2.970831308203458
Cold start + gate,154,122400,123200,800,-7.057213123650299,-5645.770498920239,-6.082048528230775,-4865.63882258462,0.975164595419523,780.1316763356184,0,0.0,0,0.0,11,0.01375,0,0.0,789,0,4,4,0,0,0,7,0,7,0,7,-63.98020587971837,9.2702567865664,0.1971454077999856,2.3278619239246723,0.1212356089889073,0.273055206611064,1.0953200165437198,2.3278619239246723
Cold start + gate,155,123200,124000,800,-6.135309387521739,-4908.247510017391,-5.719706240006376,-4575.764992005101,0.4156031475153628,332.48251801229026,0,0.0,0,0.0,8,0.01,0,0.0,792,0,6,6,0,0,0,2,0,2,0,2,-66.72237426651805,5.79783428626647,0.2077654152921617,2.8476180509420037,0.113405500679352,0.3021253299049715,1.0410541121389358,2.8476180509420037
Cold start + gate,156,124000,124800,800,-10.10655739648492,-8085.245917187936,-7.232402082178694,-5785.921665742955,2.8741553143062277,2299.3242514449817,0,0.0,0,0.0,10,0.0125,0,0.0,790,0,4,4,0,0,0,6,0,6,0,6,-78.07874959634921,19.959999999963323,0.2132892456918613,2.524743209328108,0.1232112589033401,0.3033672324803824,1.1292831500287392,2.524743209328108
Cold start + gate,157,124800,125600,800,-9.113150416317806,-7290.520333054244,-6.874054818639702,-5499.243854911761,2.2390955976781037,1791.2764781424828,0,0.0,0,0.0,10,0.0125,0,0.0,790,0,8,8,0,0,0,2,0,2,0,2,-102.5660672425064,12.215407965554014,0.208298601754528,2.4774157951440543,0.1216890217932092,0.2949081817158467,1.1131114109295672,2.4774157951440543
Cold start + gate,158,125600,126400,800,-8.111521527628726,-6489.2172221029805,-6.847753975041724,-5478.203180033379,1.2637675525870011,1011.0140420696008,0,0.0,0,0.0,9,0.01125,0,0.0,791,0,7,7,0,0,0,2,0,2,0,2,-88.1686116352463,10.16992288752347,0.2359580752448618,3.300761699599832,0.1231712454116987,0.3487449050780249,1.0633016285461054,3.300761699599832
Cold start + gate,159,126400,127200,800,-5.927818650402495,-4742.254920321996,-5.694540309131717,-4555.632247305373,0.2332783412707776,186.6226730166221,0,0.0,0,0.0,8,0.01,0,0.0,792,0,5,5,0,0,0,3,0,3,0,3,-92.54008086312672,3.506708342517501,0.2087243067412765,2.8239274527404064,0.1170917392983166,0.3003568741842365,1.0644911427025376,2.8239274527404064
Cold start + gate,160,127200,128000,800,-11.655911060781245,-9324.728848624996,-6.405994302276797,-5124.795441821438,5.249916758504451,4199.9334068035605,0,0.0,0,0.0,17,0.02125,0,0.0,783,0,9,9,0,0,0,8,0,8,0,8,-82.19573815915203,15.032967238062064,0.2251856097390859,2.549629325221133,0.117034778665958,0.3333364408122138,1.0942375084573173,2.549629325221133
Cold start + gate,161,128000,128800,800,-6.213763694105057,-4971.010955284046,-5.923858295739751,-4739.086636591801,0.2899053983653054,231.92431869224436,0,0.0,0,0.0,12,0.015,0,0.0,788,0,8,8,0,0,0,4,0,4,0,4,-60.67855157842814,3.734080039296657,0.2198490456292462,2.864404074846448,0.1149489651777632,0.3247491260807292,1.0697019214215795,2.864404074846448
Cold start + gate,162,128800,129600,800,-8.029575599996729,-6423.660479997383,-6.387601136358243,-5110.080909086594,1.6419744636384852,1313.579570910788,0,0.0,0,0.0,9,0.01125,0,0.0,791,0,7,7,0,0,0,2,0,2,0,2,-54.78375933701693,13.108166885605328,0.2129880752884611,2.643803531153253,0.1157770286869725,0.3101991218899497,1.0566182646947255,2.643803531153253
Cold start + gate,163,129600,130400,800,-6.450141518552411,-5160.113214841929,-6.34245065167408,-5073.960521339263,0.1076908668783315,86.15269350266524,0,0.0,0,0.0,4,0.005,0,0.0,796,0,1,1,0,0,0,3,0,3,0,3,-66.2773553980636,3.1167810320854183,0.2369389507098725,2.7350687855999354,0.1171284329580444,0.3567494684617006,1.0696955952545402,2.7350687855999354
Cold start + gate,164,130400,131200,800,-6.804594627219153,-5443.6757017753225,-6.409862653451103,-5127.890122760883,0.3947319737680482,315.7855790144385,0,0.0,0,0.0,8,0.01,0,0.0,792,0,5,5,0,0,0,3,0,3,0,3,-54.32617653512557,5.970572917295115,0.2281716284695326,2.630624721784727,0.1193375196094082,0.337005737329657,1.084143050591624,2.630624721784727
Cold start + gate,165,131200,132000,800,-7.188203754750953,-5750.563003800762,-6.380772938196835,-5104.618350557468,0.8074308165541174,645.9446532432939,0,0.0,0,0.0,11,0.01375,0,0.0,789,0,7,7,0,0,0,4,0,4,0,4,-77.96433759487263,9.845318888080218,0.2285290042971298,3.334617979194036,0.1226185374332085,0.3344394711610511,1.0685866134165765,3.334617979194036
Cold start + gate,166,132000,132800,800,-6.208754742998192,-4967.0037943985535,-5.7920318124570205,-4633.625449965616,0.4167229305411725,333.37834443293804,0,0.0,0,0.0,9,0.01125,0,0.0,791,0,3,3,0,0,0,6,0,6,0,6,-66.03429288759332,4.269172148704532,0.1997215372234157,2.386232477939245,0.1219585462223918,0.2774845282244396,1.1132146888878345,2.386232477939245
Cold start + gate,167,132800,133600,800,-6.59125333377075,-5273.0026670166,-6.264926632541021,-5011.941306032817,0.3263267012297283,261.06136098378266,0,0.0,0,0.0,13,0.01625,0,0.0,787,0,9,9,0,0,0,4,0,4,0,4,-72.0300697346546,3.082413374392741,0.2249203626097816,2.8030914975117867,0.1200683588530282,0.329772366366535,1.0938018890112589,2.8030914975117867
Cold start + gate,168,133600,134400,800,-6.86949173858392,-5495.593390867136,-6.130280219341387,-4904.224175473109,0.7392115192425339,591.3692153940272,0,0.0,0,0.0,8,0.01,0,0.0,792,0,6,6,0,0,0,2,0,2,0,2,-64.6407788125465,9.05751935030568,0.2060950344689455,2.5993895256478936,0.1209058453320305,0.2912842236058605,1.0932465432424123,2.5993895256478936
Cold start + gate,169,134400,135200,800,-5.889976050489505,-4711.980840391604,-5.83577519930485,-4668.62015944388,0.0542008511846549,43.36068094772398,0,0.0,0,0.0,4,0.005,0,0.0,796,0,1,1,0,0,0,3,0,3,0,3,-54.06378895548028,0.6774231910705562,0.2078354812478512,2.535910742380679,0.1209038467869886,0.2947671157087137,1.128122281379893,2.535910742380679
Cold start + gate,170,135200,136000,800,-6.289880076463878,-5031.904061171103,-6.153914097567115,-4923.131278053692,0.1359659788967637,108.77278311741097,0,0.0,0,0.0,6,0.0075,0,0.0,794,0,2,2,0,0,0,4,0,4,0,4,-72.34421720848945,2.990495477260444,0.2189725884971336,2.6075409706925825,0.1194961486871583,0.3184490283071088,1.0903865342337724,2.6075409706925825
Cold start + gate,171,136000,136800,800,-6.356172994918329,-5084.938395934663,-6.096932400178132,-4877.545920142506,0.2592405947401965,207.39247579215728,0,0.0,0,0.0,7,0.00875,0,0.0,793,0,4,4,0,0,0,3,0,3,0,3,-74.22589067185027,4.486586656570434,0.2115507446589443,2.7045231760434376,0.1209128618296294,0.3021886274882592,1.111219422774015,2.7045231760434376
Cold start + gate,172,136800,137600,800,-5.758756310797553,-4607.005048638042,-5.587551614087178,-4470.041291269742,0.171204696710376,136.96375736830086,0,0.0,0,0.0,6,0.0075,0,0.0,794,0,4,4,0,0,0,2,0,2,0,2,-74.39528360883321,4.181785012713681,0.2063483020885771,2.8374934634946958,0.1162435469835454,0.2964530571936088,1.0906926535367911,2.8374934634946958
Cold start + gate,173,137600,138400,800,-7.020825245050669,-5616.660196040535,-6.047380702520789,-4837.904562016631,0.9734445425298816,778.7556340239053,0,0.0,0,0.0,11,0.01375,0,0.0,789,0,6,6,0,0,0,5,0,5,0,5,-80.30613889507174,8.801818509424182,0.2020774252828481,2.5045520217063317,0.1213267617611327,0.2828280888045635,1.0928372134222553,2.5045520217063317
Cold start + gate,174,138400,139200,800,-6.46610568695728,-5172.884549565824,-5.718957520476489,-4575.166016381191,0.7471481664807911,597.7185331846329,0,0.0,0,0.0,14,0.0175,0,0.0,786,0,7,7,0,0,0,7,0,7,0,7,-73.68230689058635,8.517234074711345,0.2094984790034073,3.0059874458655718,0.1152357536200719,0.3037612043867427,1.0904548182027098,3.0059874458655718
Cold start + gate,175,139200,140000,800,-7.682168789077568,-6145.735031262055,-6.513314737932312,-5210.65179034585,1.168854051145257,935.0832409162056,0,0.0,0,0.0,16,0.02,0,0.0,784,0,12,12,0,0,0,3,1,3,1,3,-78.14317296484467,10.78772200086552,0.2190362397018117,2.659949110863124,0.1238879851273543,0.3141844942762691,1.081799295941985,2.659949110863124
Cold start + gate,176,140000,140800,800,-5.984200606991297,-4787.360485593037,-5.754577565733464,-4603.662052586771,0.2296230412578327,183.69843300626616,0,0.0,0,0.0,8,0.01,0,0.0,792,0,5,5,0,0,0,3,0,3,0,3,-71.77644947042347,2.7890876600683,0.2071496929467675,2.581112210213007,0.1190472114514937,0.2952521744420413,1.0956193868266646,2.581112210213007
Cold start + gate,177,140800,141600,800,-5.457571210251363,-4366.05696820109,-5.314674876279389,-4251.739901023511,0.1428963339719739,114.31706717757912,0,0.0,0,0.0,6,0.0075,0,0.0,794,0,2,2,0,0,0,4,0,4,0,4,-50.82547876950247,2.7297396409511547,0.1910704848090286,2.574005452893573,0.1189215582863355,0.2632194113317218,1.107302214248889,2.574005452893573
Cold start + gate,178,141600,142400,800,-8.341909232746438,-6673.52738619715,-6.420739790873521,-5136.591832698817,1.9211694418729168,1536.935553498333,0,0.0,0,0.0,14,0.0175,0,0.0,786,0,8,8,0,0,0,5,1,5,1,5,-82.69871361459082,14.248439593709469,0.2099860500283349,2.634536550389214,0.1166492642517923,0.3033228358048776,1.0581607768655918,2.634536550389214
Cold start + gate,179,142400,143200,800,-6.874028035850768,-5499.222428680614,-6.401816605921101,-5121.453284736881,0.4722114299296647,377.7691439437318,0,0.0,0,0.0,7,0.00875,0,0.0,793,0,5,5,0,0,0,2,0,2,0,2,-73.61930186515337,6.747968839149535,0.2241842590974649,2.846643727295316,0.1192619157535153,0.3291066024414145,1.0941980369564177,2.846643727295316
Cold start + gate,180,143200,144000,800,-6.17828997014703,-4942.631976117624,-6.045729983541907,-4836.583986833526,0.1325599866051218,106.04798928409744,0,0.0,0,0.0,3,0.00375,0,0.0,797,0,0,0,0,0,0,3,0,3,0,3,-68.81289765764836,3.685496296882632,0.2123553462495988,2.629932812234472,0.1219848551340891,0.3027258373651085,1.1109564758992705,2.629932812234472
Cold start + gate,181,144000,144800,800,-6.261911072043554,-5009.528857634843,-5.685174842650492,-4548.139874120394,0.5767362293930607,461.3889835144485,0,0.0,0,0.0,8,0.01,0,0.0,792,0,2,2,0,0,0,6,0,6,0,6,-62.25653216124908,5.1460353535413725,0.199965731474226,2.7324079909570287,0.1202647646747061,0.2796666982737459,1.094262242327218,2.7324079909570287
Cold start + gate,182,144800,145600,800,-7.7211860289330545,-6176.948823146444,-6.406637172377121,-5125.309737901697,1.3145488565559331,1051.6390852447464,0,0.0,0,0.0,8,0.01,0,0.0,792,0,6,6,0,0,0,2,0,2,0,2,-67.21399252133472,14.210826492171318,0.2217433495835095,2.9020307950296456,0.1148982243436761,0.3285884748233429,1.0699571434855597,2.9020307950296456
Cold start + gate,183,145600,146400,800,-6.867335459783272,-5493.868367826617,-6.1800488746788,-4944.03909974304,0.6872865851044727,549.8292680835782,0,0.0,0,0.0,9,0.01125,0,0.0,791,0,6,6,0,0,0,3,0,3,0,3,-73.99489980855117,8.236695391000435,0.2217670727236847,2.759339218214848,0.1163281438238109,0.3272060016235584,1.0643492582377614,2.759339218214848
Cold start + gate,184,146400,147200,800,-9.274663488213076,-7419.730790570462,-6.3932009126814044,-5114.560730145124,2.881462575531672,2305.1700604253374,0,0.0,0,0.0,20,0.025,0,0.0,780,0,14,14,0,0,0,6,0,6,0,6,-71.2092820869309,15.092478918960156,0.2067021498388969,2.2791661955537847,0.1195140979397429,0.2938902017380509,1.089628430151572,2.2791661955537847
Cold start + gate,185,147200,148000,800,-9.105439380777806,-7284.351504622246,-6.534682418969351,-5227.745935175481,2.570756961808456,2056.6055694467645,0,0.0,0,0.0,8,0.01,0,0.0,792,0,5,5,0,0,0,3,0,3,0,3,-68.21389707240382,18.153047525783798,0.21913394163242,2.679091978323754,0.114591369290537,0.323676513974303,1.1017430128062404,2.679091978323754
Cold start + gate,186,148000,148800,800,-6.185552237720792,-4948.441790176634,-5.641256979105304,-4513.005583284243,0.5442952586154871,435.4362068923897,0,0.0,0,0.0,8,0.01,0,0.0,792,0,2,2,0,0,0,6,0,6,0,6,-52.70324938712838,6.340686562644152,0.1980690484010145,2.5206575194844163,0.1205126090167014,0.2756254877853276,1.1304258792863742,2.5206575194844163
Cold start + gate,187,148800,149600,800,-10.73299809573864,-8586.398476590912,-6.827481856141109,-5461.985484912887,3.90551623959753,3124.412991678024,0,0.0,0,0.0,14,0.0175,0,0.0,786,0,3,3,0,0,0,11,0,11,0,11,-92.46418205428915,11.20671400427818,0.2243908661791667,2.7900228589915628,0.1288687446987132,0.3199129876596201,1.0646283785284587,2.7900228589915628
Cold start + gate,188,149600,150400,800,-5.998519888890582,-4798.815911112466,-5.59813555462424,-4478.508443699392,0.400384334266342,320.30746741307365,0,0.0,0,0.0,7,0.00875,0,0.0,793,0,4,4,0,0,0,3,0,3,0,3,-55.10999561652545,8.23974045810085,0.1998407620189016,2.63726015792048,0.1170356595822126,0.2826458644555906,1.083578877005236,2.63726015792048
Cold start + gate,189,150400,151200,800,-5.887205945642148,-4709.764756513718,-4.983128313762698,-3986.502651010159,0.9040776318794488,723.2621055035589,0,0.0,0,0.0,8,0.01,0,0.0,792,0,1,1,0,0,0,7,0,7,0,7,-61.258837293643296,6.03786241710186,0.184750193002335,2.5834409637120075,0.1145802061510976,0.2549201798535725,1.079515055900646,2.5834409637120075
Cold start + gate,190,151200,152000,800,-6.849095760470741,-5479.276608376593,-6.289024562094189,-5031.219649675351,0.5600711983765512,448.05695870124094,0,0.0,0,0.0,13,0.01625,0,0.0,787,0,7,7,0,0,0,6,0,6,0,6,-56.9507328498546,4.284785588383674,0.2268987077359027,2.627773676340155,0.1202191521901657,0.3335782632816398,1.1033525040463306,2.627773676340155
Cold start + gate,191,152000,152800,800,-10.362440037334618,-8289.952029867694,-7.703368863421264,-6162.695090737012,2.6590711739133512,2127.256939130681,0,0.0,0,0.0,13,0.01625,0,0.0,787,0,11,11,0,0,0,2,0,2,0,2,-80.83998859255144,14.448688755975816,0.2445353016016738,3.0033573479927327,0.131529461117145,0.3575411420862027,1.1122831768719386,3.0033573479927327
Cold start + gate,192,152800,153600,800,-8.508065732518123,-6806.452586014499,-6.388345676303301,-5110.676541042641,2.119720056214822,1695.7760449718576,0,0.0,0,0.0,14,0.0175,0,0.0,786,0,6,6,0,0,0,8,0,8,0,8,-86.70365154272645,8.115455719124672,0.2132421065459325,2.777437790219608,0.1219047358963603,0.3045794771955047,1.0862981858096972,2.777437790219608
Cold start + gate,193,153600,154400,800,-6.366641790261812,-5093.313432209449,-5.942311597710474,-4753.849278168379,0.4243301925513381,339.46415404107046,0,0.0,0,0.0,9,0.01125,0,0.0,791,0,4,4,0,0,0,5,0,5,0,5,-95.51896661857973,4.188284448385238,0.2282236429923297,2.544731289947549,0.1162449220053039,0.3402023639793554,1.0901151598926346,2.544731289947549
Cold start + gate,194,154400,155200,800,-6.693525690312197,-5354.820552249757,-6.32261134727577,-5058.089077820616,0.3709143430364265,296.73147442914126,0,0.0,0,0.0,10,0.0125,0,0.0,790,0,5,5,0,0,0,5,0,5,0,5,-99.04984148002268,2.873136421442032,0.2337983633105241,2.546599428245372,0.1200500421005187,0.3475466845205295,1.0882941255698522,2.546599428245372
Cold start + gate,195,155200,156000,800,-6.864406059793771,-5491.524847835017,-6.47953406064581,-5183.627248516648,0.3848719991479607,307.8975993183686,0,0.0,0,0.0,8,0.01,0,0.0,792,0,6,6,0,0,0,2,0,2,0,2,-101.69726380181544,8.210889884852008,0.2426094570660624,2.436037110917198,0.1167827177974291,0.3684361963346956,1.0727159094540792,2.436037110917198
Cold start + gate,196,156000,156800,800,-6.026980097283622,-4821.584077826898,-5.561279133120641,-4449.023306496512,0.4657009641629825,372.560771330386,0,0.0,0,0.0,13,0.01625,0,0.0,787,0,12,12,0,0,0,1,0,1,0,1,-100.77370112194058,8.119913091625271,0.2156713501284312,2.6159891018588155,0.1164121336825007,0.3149305665743618,1.066211575406538,2.6159891018588155
Cold start + gate,197,156800,157600,800,-6.56356216973231,-5250.849735785848,-6.14023925396853,-4912.191403174824,0.4233229157637808,338.65833261102466,0,0.0,0,0.0,9,0.01125,0,0.0,791,0,5,5,0,0,0,4,0,4,0,4,-84.72064347163007,6.340261892724916,0.2346338045715054,2.6606577684559056,0.1163535391731316,0.3529140699698793,1.0688586512069622,2.6606577684559056
Cold start + gate,198,157600,158400,800,-7.898870756130687,-6319.096604904549,-7.094287665719694,-5675.430132575755,0.804583090410992,643.6664723287936,0,0.0,0,0.0,6,0.0075,0,0.0,794,0,4,4,0,0,0,2,0,2,0,2,-100.08498288372505,9.380217122004025,0.2567920491704791,3.3534897165926054,0.1228289928654178,0.3907551054755404,1.0836139411449186,3.3534897165926054
Cold start + gate,199,158400,159200,800,-7.3310958765186,-5864.87670121488,-6.837935013314065,-5470.3480106512525,0.4931608632045356,394.5286905636285,0,0.0,0,0.0,5,0.00625,0,0.0,795,0,2,2,0,0,0,3,0,3,0,3,-104.21908538693788,10.18833031361306,0.2431958812494494,2.7941018842763583,0.120907432497366,0.3654843300015329,1.0629125791517329,2.7941018842763583
Cold start + gate,200,159200,160000,800,-7.910730232195881,-6328.584185756705,-6.902262175662172,-5521.809740529738,1.0084680565337087,806.774445226967,0,0.0,0,0.0,12,0.015,0,0.0,788,0,8,8,0,0,0,4,0,4,0,4,-50.6017579972476,9.852438670937426,0.2353342867645458,2.478774155303313,0.1214756915824866,0.3491928819466051,1.1290375004593294,2.478774155303313
Cold start + gate,201,160000,160800,800,-7.709473737795729,-6167.578990236583,-6.590188304606952,-5272.150643685562,1.119285433188777,895.4283465510216,0,0.0,0,0.0,8,0.01,0,0.0,792,0,5,5,0,0,0,3,0,3,0,3,-104.5408460890642,11.63217784162311,0.2419324063562206,2.660219513580614,0.1142389904370274,0.3696258222754138,1.064976388126207,2.660219513580614
Cold start + gate,202,160800,161600,800,-8.287274922218197,-6629.819937774558,-6.907621748987684,-5526.097399190147,1.3796531732305135,1103.722538584411,0,0.0,0,0.0,9,0.01125,0,0.0,791,0,6,6,0,0,0,3,0,3,0,3,-101.70575623254877,15.155344002192692,0.2505089544332828,2.88057845034632,0.1156353614931188,0.3853825473734468,1.055347193553771,2.88057845034632
Cold start + gate,203,161600,162400,800,-7.780857579286103,-6224.686063428882,-6.627360724344752,-5301.888579475802,1.1534968549413511,922.7974839530812,0,0.0,0,0.0,6,0.0075,0,0.0,794,0,2,2,0,0,0,4,0,4,0,4,-105.29016934467472,14.581095725754611,0.242366659979781,2.6603577155647717,0.1163681798288308,0.3683651401307312,1.0722411973401775,2.6603577155647717
Cold start + gate,204,162400,163200,800,-6.314469387769154,-5051.5755102153225,-6.209857781583426,-4967.88622526674,0.1046116061857281,83.6892849485825,0,0.0,0,0.0,6,0.0075,0,0.0,794,0,2,2,0,0,0,4,0,4,0,4,-83.65087611650267,1.598079588735411,0.2278037257877835,2.603285557183028,0.1196410564170121,0.3359663951585549,1.0935075546429265,2.603285557183028
Cold start + gate,205,163200,164000,800,-6.045701559427313,-4836.56124754185,-5.876323946762866,-4701.059157410293,0.1693776126644477,135.50209013155816,0,0.0,0,0.0,8,0.01,0,0.0,792,0,4,4,0,0,0,4,0,4,0,4,-62.50065257380072,2.830127898628536,0.2226472232120506,2.8555791860922,0.1162216032783768,0.3290728431457244,1.121994105160442,2.8555791860922
Cold start + gate,206,164000,164800,800,-8.378075981894902,-6702.460785515921,-6.610242780907741,-5288.194224726192,1.767833200987163,1414.2665607897302,0,0.0,0,0.0,15,0.01875,0,0.0,785,0,8,8,0,0,0,7,0,7,0,7,-67.89330218871555,9.973554935532643,0.2281908335648404,2.816206662931052,0.1205633071802752,0.3358183599494056,1.0959969945180563,2.816206662931052
Cold start + gate,207,164800,165600,800,-5.963271982312271,-4770.617585849817,-5.8685749415053445,-4694.859953204275,0.0946970408069275,75.75763264554206,0,0.0,0,0.0,6,0.0075,0,0.0,794,0,2,2,0,0,0,4,0,4,0,4,-51.957807031501375,1.5548198612208264,0.226511989502197,2.610610577002433,0.1161049417959568,0.3369190372084372,1.083945894245503,2.610610577002433
Cold start + gate,208,165600,166400,800,-6.75710620578511,-5405.684964628088,-6.556723363253084,-5245.378690602467,0.2003828425320274,160.30627402562197,0,0.0,0,0.0,9,0.01125,0,0.0,791,0,4,4,0,0,0,5,0,5,0,5,-52.30191666220986,2.507397657036781,0.235698511195888,2.3708769838378885,0.1237677081034697,0.3476293142883064,1.1145819179415244,2.3708769838378885
Cold start + gate,209,166400,167200,800,-8.301933722379506,-6641.546977903605,-7.226023684292596,-5780.818947434076,1.0759100380869102,860.7280304695282,0,0.0,0,0.0,11,0.01375,0,0.0,789,0,8,8,0,0,0,3,0,3,0,3,-83.36729678023255,10.977789750410086,0.2620638122581056,3.293515715249498,0.1304025778069699,0.3937250467092413,1.0960800046007946,3.293515715249498
Cold start + gate,210,167200,168000,800,-7.885188822551875,-6308.1510580415,-6.448088173134056,-5158.470538507245,1.4371006494178185,1149.6805195342547,0,0.0,0,0.0,6,0.0075,0,0.0,794,0,4,4,0,0,0,2,0,2,0,2,-96.24417361813472,11.904762684982083,0.2202503962180713,2.686914434117284,0.118742712735124,0.3217580797010185,1.1007670869448014,2.686914434117284
Cold start + gate,211,168000,168800,800,-6.399213181741893,-5119.3705453935145,-5.853963745640192,-4683.170996512154,0.5452494361017001,436.19954888136,0,0.0,0,0.0,5,0.00625,0,0.0,795,0,4,4,0,0,0,1,0,1,0,1,-69.72833087658705,10.12660072201146,0.2155906889647965,3.008580411634341,0.1164319538453824,0.3147494240842106,1.073815144134738,3.008580411634341
Cold start + gate,212,168800,169600,800,-6.31211356039343,-5049.6908483147445,-6.0725568226683,-4858.04545813464,0.2395567377251309,191.64539018010476,0,0.0,0,0.0,10,0.0125,0,0.0,790,0,7,7,0,0,0,3,0,3,0,3,-65.1881478925277,3.9383234894637407,0.231118356728676,2.7889047190682845,0.1167703392156547,0.3454663742416973,1.0781959666061485,2.7889047190682845
Cold start + gate,213,169600,170400,800,-7.118423079697204,-5694.738463757763,-6.594936452280665,-5275.949161824532,0.5234866274165373,418.78930193322986,0,0.0,0,0.0,11,0.01375,0,0.0,789,0,8,8,0,0,0,3,0,3,0,3,-51.98511209774034,8.1193633226411,0.2366166120625561,2.3571803438188117,0.1219444710170936,0.3512887531080186,1.1414432629553208,2.3571803438188117
Cold start + gate,214,170400,171200,800,-5.792693618426312,-4634.154894741049,-5.337710899747456,-4270.1687197979645,0.4549827186788566,363.9861749430853,0,0.0,0,0.0,6,0.0075,0,0.0,794,0,3,3,0,0,0,3,0,3,0,3,-89.89302671582584,7.941794354422967,0.2000330728834451,2.670982300249761,0.116380254442775,0.2836858913241153,1.0904180362188618,2.670982300249761
Cold start + gate,215,171200,172000,800,-6.446429085620534,-5157.143268496428,-6.124510619954237,-4899.60849596339,0.3219184656662984,257.53477253303873,0,0.0,0,0.0,11,0.01375,0,0.0,789,0,6,6,0,0,0,5,0,5,0,5,-55.865526347187824,4.783369594242839,0.2263625628552872,2.536669410798595,0.1182727430261563,0.3344523826844182,1.1075770403058636,2.536669410798595
Cold start + gate,216,172000,172800,800,-6.559592477834421,-5247.673982267537,-6.173351600505671,-4938.681280404537,0.3862408773287499,308.992701863,0,0.0,0,0.0,10,0.0125,0,0.0,790,0,7,7,0,0,0,3,0,3,0,3,-80.81213871446084,7.116414906255255,0.2229078632044774,2.7854407260474545,0.1199737242426382,0.3258420021663167,1.112039878347185,2.7854407260474545
Cold start + gate,217,172800,173600,800,-6.331801034901893,-5065.440827921515,-6.064011842895679,-4851.209474316544,0.2677891920062137,214.23135360497105,0,0.0,0,0.0,12,0.015,0,0.0,788,0,8,8,0,0,0,4,0,4,0,4,-55.41747436291752,3.1797871387275376,0.2256414881872041,2.77026662835516,0.1185175012782797,0.3327654750961284,1.1169912120898975,2.77026662835516
Cold start + gate,218,173600,174400,800,-5.664416923440706,-4531.533538752565,-5.5918159601446575,-4473.452768115726,0.0726009632960489,58.08077063683916,0,0.0,0,0.0,5,0.00625,0,0.0,795,0,1,1,0,0,0,4,0,4,0,4,-60.61821328530584,0.8725507438182825,0.2080283912485891,2.921418642419781,0.1185227245011266,0.2975340579960517,1.1323224998033077,2.921418642419781
Cold start + gate,219,174400,175200,800,-5.498320659531007,-4398.656527624806,-5.210294473000029,-4168.235578400023,0.2880261865309796,230.42094922478367,0,0.0,0,0.0,8,0.01,0,0.0,792,0,4,4,0,0,0,3,1,3,1,3,-63.60033853410141,5.698835010645279,0.2032114848331386,2.931463206874241,0.1141937013830533,0.2922292682832239,1.0620862310321093,2.931463206874241
Cold start + gate,220,175200,176000,800,-6.648973697105898,-5319.178957684719,-6.053386098800809,-4842.708879040647,0.5955875983050888,476.470078644071,0,0.0,0,0.0,12,0.015,0,0.0,788,0,7,7,0,0,0,5,0,5,0,5,-56.75894313252888,9.22350034501728,0.227508201550631,3.020909415553888,0.1235449102746483,0.3314714928266137,1.1074915600863529,3.020909415553888
Cold start + gate,221,176000,176800,800,-6.092538533930151,-4874.030827144121,-5.958204300322702,-4766.563440258162,0.1343342336074496,107.46738688595973,0,0.0,0,0.0,7,0.00875,0,0.0,793,0,5,5,0,0,0,2,0,2,0,2,-64.12242391654513,2.3464115965156696,0.2339955866119747,2.792532936686598,0.1179492360716272,0.3500419371523223,1.1007819764875202,2.792532936686598
Cold start + gate,222,176800,177600,800,-6.46976897106478,-5175.815176851824,-6.354360041795342,-5083.488033436273,0.1154089292694377,92.32714341555018,0,0.0,0,0.0,8,0.01,0,0.0,792,0,4,4,0,0,0,4,0,4,0,4,-49.032518571273954,1.120684845528162,0.2381849819565188,2.598718736709145,0.1205597892094185,0.3558101747036191,1.138093264953806,2.598718736709145
Cold start + gate,223,177600,178400,800,-6.544816169288132,-5235.852935430506,-6.008359531313167,-4806.687625050534,0.5364566379749638,429.165310379971,0,0.0,0,0.0,9,0.01125,0,0.0,791,0,6,6,0,0,0,3,0,3,0,3,-99.82298144911658,8.029834339596697,0.2275144327755213,2.6152043032785173,0.1183834542494425,0.3366454113016001,1.072402703497756,2.6152043032785173
Cold start + gate,224,178400,179200,800,-6.876040787606963,-5500.832630085571,-6.669825327776387,-5335.860262221109,0.206215459830577,164.97236786446166,0,0.0,0,0.0,6,0.0075,0,0.0,794,0,4,4,0,0,0,2,0,2,0,2,-74.75930740250715,4.617736776631494,0.2578451994360387,2.896853284320798,0.1187722757603412,0.3969181231117362,1.091175290335419,2.896853284320798
Cold start + gate,225,179200,180000,800,-7.321726437687219,-5857.381150149775,-6.627181028641924,-5301.744822913539,0.6945454090452955,555.6363272362364,0,0.0,0,0.0,10,0.0125,0,0.0,790,0,10,10,0,0,0,0,0,0,0,0,-103.89600541998357,8.892916261346922,0.2496562843359731,2.8925494720164124,0.1187809089654506,0.3805316597064956,1.0622017052620645,2.8925494720164124
Cold start + gate,226,180000,180800,800,-10.2407565266048,-8192.60522128384,-7.062338282415226,-5649.870625932181,3.1784182441895736,2542.7345953516588,0,0.0,0,0.0,13,0.01625,0,0.0,787,0,9,9,0,0,0,4,0,4,0,4,-103.56974675103312,17.619696551451938,0.2308027882302352,3.3492680978915814,0.1284843949350747,0.3331211815253957,1.0836765876387484,3.3492680978915814
Cold start + gate,227,180800,181600,800,-5.769044424133537,-4615.23553930683,-5.394264181424168,-4315.411345139334,0.3747802427093697,299.8241941674958,0,0.0,0,0.0,9,0.01125,0,0.0,791,0,7,7,0,0,0,2,0,2,0,2,-62.20360946969936,7.636207709542714,0.2180256973378966,2.9735056256430425,0.1118518949161269,0.3241994997596663,1.0408639414000795,2.9735056256430425
Cold start + gate,228,181600,182400,800,-6.175174909292375,-4940.1399274339,-5.34405149605599,-4275.241196844792,0.8311234132363853,664.8987305891083,0,0.0,0,0.0,17,0.02125,0,0.0,783,0,12,12,0,0,0,5,0,5,0,5,-52.19446680778776,10.028444687287704,0.1873672651489037,2.5403697501718057,0.1194949934432424,0.2552395368545649,1.105634063751257,2.5403697501718057
Cold start + gate,229,182400,183200,800,-5.573148273547528,-4458.518618838022,-5.462225419394008,-4369.780335515206,0.1109228541535186,88.73828332281488,0,0.0,0,0.0,7,0.00875,0,0.0,793,0,3,3,0,0,0,4,0,4,0,4,-92.17509615187204,1.67635828256607,0.2173131374328242,2.776189915643215,0.1126415165118563,0.3219847583537921,1.0528351600596575,2.776189915643215
Cold start + gate,230,183200,184000,800,-5.588335961735679,-4470.668769388543,-5.3915876245837,-4313.27009966696,0.1967483371519778,157.39866972158228,0,0.0,0,0.0,10,0.0125,0,0.0,790,0,6,6,0,0,0,4,0,4,0,4,-56.67665941587188,2.4243802405168715,0.2117774535156466,2.693591278776182,0.1174639598944873,0.3060909471368059,1.101385915065736,2.693591278776182
Cold start + gate,231,184000,184800,800,-7.143350856788533,-5714.680685430827,-6.215025309683269,-4972.020247746616,0.9283255471052636,742.6604376842108,0,0.0,0,0.0,13,0.01625,0,0.0,787,0,9,9,0,0,0,4,0,4,0,4,-60.06833858243999,8.978291444401405,0.2117565943039496,2.3880607798434994,0.1229264519782333,0.3005867366296659,1.1100024206420156,2.3880607798434994
Cold start + gate,232,184800,185600,800,-7.943216869470578,-6354.573495576462,-6.561667289774944,-5249.333831819955,1.381549579695636,1105.239663756509,0,0.0,0,0.0,10,0.0125,0,0.0,790,0,8,8,0,0,0,2,0,2,0,2,-93.26290002890914,11.0703009554649,0.2384499296699362,3.330540012463132,0.1211002106618967,0.3557996486779758,1.0756476722064026,3.330540012463132
Cold start + gate,233,185600,186400,800,-4.978953799223016,-3983.1630393784126,-4.865482124815731,-3892.385699852585,0.1134716744072851,90.77733952582814,0,0.0,0,0.0,8,0.01,0,0.0,792,0,4,4,0,0,0,4,0,4,0,4,-53.14884129905568,0.9354346466064474,0.1760431127005011,2.541449158410444,0.1190551163622168,0.2330311090387854,1.131177129040676,2.541449158410444
Cold start + gate,234,186400,187200,800,-5.903479656802278,-4722.783725441823,-5.666287543911444,-4533.030035129155,0.237192112890833,189.75369031266644,0,0.0,0,0.0,9,0.01125,0,0.0,791,0,5,5,0,0,0,4,0,4,0,4,-59.7862631510078,3.112743040579727,0.2123922455500795,2.547210152296657,0.1189479419216676,0.3058365491784914,1.0813149917922664,2.547210152296657
Cold start + gate,235,187200,188000,800,-5.868704613562255,-4694.963690849804,-5.663744168302042,-4530.995334641633,0.2049604452602141,163.96835620817131,0,0.0,0,0.0,9,0.01125,0,0.0,791,0,4,4,0,0,0,5,0,5,0,5,-49.06768969020794,3.479514891688285,0.2114956593417082,2.6214039734311427,0.1190479914127842,0.3039433272706323,1.122449005106307,2.6214039734311427
Cold start + gate,236,188000,188800,800,-5.42067690673171,-4336.541525385368,-5.223247026095987,-4178.59762087679,0.1974298806357231,157.94390450857847,0,0.0,0,0.0,9,0.01125,0,0.0,791,0,6,6,0,0,0,3,0,3,0,3,-64.94046575369157,2.324184001148568,0.192098560621462,2.5283333393838348,0.1189834508170057,0.2652136704259182,1.1076086521266602,2.5283333393838348
Cold start + gate,237,188800,189600,800,-5.318521425544994,-4254.817140435996,-4.91565835471634,-3932.526683773072,0.4028630708286537,322.29045666292296,0,0.0,0,0.0,7,0.00875,0,0.0,793,0,2,2,0,0,0,5,0,5,0,5,-54.55424246021187,8.0038816134525,0.1794513447605628,2.4335091485341422,0.1159923596120736,0.2429103299090521,1.081003141210017,2.4335091485341422
Cold start + gate,238,189600,190400,800,-5.700152484646732,-4560.121987717385,-5.500460455672269,-4400.368364537815,0.1996920289744626,159.75362317957007,0,0.0,0,0.0,9,0.01125,0,0.0,791,0,5,5,0,0,0,4,0,4,0,4,-56.38091802296549,2.434160610254036,0.2100162074222685,2.538474663512148,0.1169160272666111,0.3031163875779258,1.0719484200877525,2.538474663512148
Cold start + gate,239,190400,191200,800,-6.642842179975673,-5314.273743980539,-5.679163500913571,-4543.330800730857,0.9636786790621014,770.9429432496811,0,0.0,0,0.0,7,0.00875,0,0.0,793,0,3,3,0,0,0,4,0,4,0,4,-76.56108089649479,9.295888719123807,0.2037776705600022,3.052568018026591,0.1272887886383976,0.2802665524816068,1.0910259426821538,3.052568018026591
Cold start + gate,240,191200,192000,800,-6.202099255914371,-4961.679404731497,-5.569558516815107,-4455.646813452086,0.632540739099264,506.0325912794112,0,0.0,0,0.0,7,0.00875,0,0.0,793,0,4,4,0,0,0,3,0,3,0,3,-54.547510215418015,9.53152379767908,0.2092484791702679,2.8828196116094773,0.1219998450627042,0.2964971132778315,1.0887479489526726,2.8828196116094773
Cold start + gate,241,192000,192800,800,-5.317387041636832,-4253.909633309466,-5.017008012164999,-4013.606409732,0.3003790294718324,240.303223577466,0,0.0,0,0.0,7,0.00875,0,0.0,793,0,4,4,0,0,0,3,0,3,0,3,-59.23285160699538,5.388622481460539,0.1903696284476944,2.5273582983376173,0.1169268347233338,0.263812422172055,1.082464549975242,2.5273582983376173
Cold start + gate,242,192800,193600,800,-7.323388200446252,-5858.710560357002,-5.9936702412055975,-4794.936192964478,1.329717959240657,1063.7743673925256,0,0.0,0,0.0,11,0.01375,0,0.0,789,0,8,8,0,0,0,3,0,3,0,3,-65.19184069850996,9.57617068415593,0.2200648444733869,2.9422830648879312,0.1295829970135785,0.3105466919331954,1.0889488099061988,2.9422830648879312
Cold start + gate,243,193600,194400,800,-5.898806152255307,-4719.044921804245,-5.525152313828318,-4420.121851062655,0.3736538384269886,298.9230707415909,0,0.0,0,0.0,8,0.01,0,0.0,792,0,5,5,0,0,0,3,0,3,0,3,-56.61998556172762,7.527317388845169,0.2166024194562142,2.620915265276608,0.115863844502425,0.3173409944100034,1.0798501685252444,2.620915265276608
Cold start + gate,244,194400,195200,800,-7.074743055194468,-5659.794444155575,-5.955593673045732,-4764.474938436586,1.119149382148737,895.3195057189897,0,0.0,0,0.0,8,0.01,0,0.0,792,0,4,4,0,0,0,4,0,4,0,4,-56.568843584175056,9.601711509375072,0.2234420677951179,2.9555143550561525,0.1315472669932342,0.3153368685970016,1.1078995699281902,2.9555143550561525
Cold start + gate,245,195200,196000,800,-7.54254210194836,-6034.033681558688,-6.132682585988536,-4906.146068790828,1.409859515959825,1127.88761276786,0,0.0,0,0.0,12,0.015,0,0.0,788,0,8,8,0,0,0,4,0,4,0,4,-70.62551801653103,9.762740750726213,0.2250412874676539,3.041439457459944,0.1315432358959716,0.3185393390393363,1.0918730044883094,3.041439457459944
Cold start + gate,246,196000,196800,800,-5.080736727873806,-4064.5893822990447,-4.765340663472702,-3812.2725307781616,0.3153960644011046,252.3168515208837,0,0.0,0,0.0,8,0.01,0,0.0,792,0,4,4,0,0,0,4,0,4,0,4,-61.8966817217115,4.189033674878784,0.1865827341646372,2.6375069303952614,0.1139236246558173,0.2592418436734572,1.0664107564891627,2.6375069303952614
Cold start + gate,247,196800,197600,800,-8.688545405249215,-6950.836324199372,-5.903601581314178,-4722.881265051343,2.7849438239350377,2227.95505914803,0,0.0,0,0.0,9,0.01125,0,0.0,791,0,3,3,0,0,0,6,0,6,0,6,-60.17081864589875,19.71547619455388,0.1935420578003447,2.5358915109492277,0.1165912046491122,0.2704929109515773,1.0849735258648563,2.5358915109492277
Cold start + gate,248,197600,198400,800,-6.525059023687422,-5220.047218949938,-5.815905989971486,-4652.724791977189,0.7091530337159366,567.3224269727493,0,0.0,0,0.0,13,0.01625,0,0.0,787,0,10,10,0,0,0,3,0,3,0,3,-88.68598857344057,9.38666584058666,0.2149373792949079,2.571881381053572,0.1167704220079706,0.3131043365818453,1.0708712507814735,2.571881381053572
Cold start + gate,249,198400,199200,800,-6.262502650417647,-5010.0021203341175,-5.979208878412782,-4783.367102730226,0.2832937720048645,226.6350176038916,0,0.0,0,0.0,8,0.01,0,0.0,792,0,5,5,0,0,0,3,0,3,0,3,-89.30056620500386,6.059050405412846,0.2279123606566727,2.63272687852799,0.1175293096747888,0.3382954116385567,1.092876982356657,2.63272687852799
Cold start + gate,250,199200,200000,800,-5.79404709260587,-4635.237674084696,-5.344276726440835,-4275.421381152668,0.4497703661650359,359.8162929320287,0,0.0,0,0.0,9,0.01125,0,0.0,791,0,6,6,0,0,0,3,0,3,0,3,-92.18067976011685,8.608436586922632,0.2051412760084313,2.7173083635350395,0.11370793813923,0.2965746138776325,1.0579073421236989,2.7173083635350395
Cold start + gate,251,200000,200800,800,-7.106975430542878,-5685.580344434303,-6.138067166478841,-4910.4537331830725,0.9689082640640369,775.1266112512294,0,0.0,0,0.0,11,0.01375,0,0.0,789,0,7,7,0,0,0,4,0,4,0,4,-54.685283400632784,9.330926306681034,0.2297031826566307,2.934382522843009,0.1262166404125567,0.3331897249007047,1.0910469509593663,2.934382522843009
Cold start + gate,252,200800,201600,800,-5.414579235769867,-4331.663388615894,-5.201207720296951,-4160.966176237561,0.2133715154729167,170.69721237833335,0,0.0,0,0.0,9,0.01125,0,0.0,791,0,5,5,0,0,0,4,0,4,0,4,-79.85173049723221,2.9956659734859805,0.2055733893061589,2.563976556811326,0.1148171215208415,0.2963296570914764,1.0653495567136857,2.563976556811326
Cold start + gate,253,201600,202400,800,-8.637007890076534,-6909.606312061227,-6.99585506710361,-5596.684053682889,1.641152822972924,1312.9222583783392,0,0.0,0,0.0,13,0.01625,0,0.0,787,0,9,9,0,0,0,4,0,4,0,4,-61.02741312898536,10.005900424491426,0.2397271419566459,3.0142749278405745,0.1343912335795694,0.3450630503337223,1.113596785055034,3.0142749278405745
Cold start + gate,254,202400,203200,800,-8.238692403424379,-6590.953922739504,-6.782693453261697,-5426.154762609357,1.455998950162684,1164.7991601301471,0,0.0,0,0.0,13,0.01625,0,0.0,787,0,8,8,0,0,0,5,0,5,0,5,-73.16710514070633,9.872999276303837,0.2455397609185688,3.022555526748704,0.1315870076191464,0.3594925142179912,1.092649235909191,3.022555526748704
Cold start + gate,255,203200,204000,800,-7.368541840908732,-5894.833472726986,-6.444912657106586,-5155.930125685269,0.923629183802147,738.9033470417176,0,0.0,0,0.0,10,0.0125,0,0.0,790,0,6,6,0,0,0,4,0,4,0,4,-70.79109436650538,9.682789256222105,0.2397308842027093,2.943239493815554,0.1276757478253038,0.3517860205801149,1.1061472867126905,2.943239493815554
Cold start + gate,256,204000,204800,800,-7.744244714669508,-6195.395771735606,-6.483786129216193,-5187.028903372954,1.2604585854533144,1008.3668683626516,0,0.0,0,0.0,13,0.01625,0,0.0,787,0,10,10,0,0,0,3,0,3,0,3,-90.88445791712913,11.373649170709792,0.2371897320286935,3.308368888237453,0.1277677691629467,0.3466116948944403,1.0752329046299145,3.308368888237453
Cold start + gate,257,204800,205600,800,-5.451748073236081,-4361.398458588865,-5.273692489964429,-4218.953991971543,0.1780555832716515,142.4444666173212,0,0.0,0,0.0,9,0.01125,0,0.0,791,0,5,5,0,0,0,4,0,4,0,4,-62.63252675861429,2.2916954404341654,0.2132050125148321,2.763766245860495,0.1152063746800106,0.3112036503496536,1.0720606790634153,2.763766245860495
Cold start + gate,258,205600,206400,800,-6.277467195499244,-5021.973756399395,-5.74075083903799,-4592.600671230392,0.5367163564612524,429.3730851690019,0,0.0,0,0.0,10,0.0125,0,0.0,790,0,8,8,0,0,0,2,0,2,0,2,-79.74148607379993,9.129325384312086,0.2171729473137471,2.6241160493180478,0.11552929686737,0.3188165977601242,1.0753250041147262,2.6241160493180478
Cold start + gate,259,206400,207200,800,-5.522092777374869,-4417.674221899895,-5.156962789003302,-4125.5702312026415,0.3651299883715676,292.1039906972541,0,0.0,0,0.0,10,0.0125,0,0.0,790,0,7,7,0,0,0,3,0,3,0,3,-81.49909730350419,6.99019682343209,0.1990384215157719,2.721356419393885,0.1155287188148427,0.2825481242167012,1.072586700010104,2.721356419393885
Cold start + gate,260,207200,208000,800,-6.471095050971823,-5176.876040777459,-5.928367135510562,-4742.693708408449,0.5427279154612618,434.1823323690094,0,0.0,0,0.0,10,0.0125,0,0.0,790,0,6,6,0,0,0,4,0,4,0,4,-60.993896351300464,9.873564476263162,0.2277564422206049,2.9635850739473426,0.1228402969457809,0.3326725874954289,1.0971230950457938,2.9635850739473426
Cold start + gate,261,208000,208800,800,-5.1116566979769,-4089.32535838152,-4.988446128857748,-3990.7569030861982,0.1232105691191527,98.56845529532218,0,0.0,0,0.0,5,0.00625,0,0.0,795,0,2,2,0,0,0,3,0,3,0,3,-85.1872605168079,3.210709038529273,0.2002033157427314,2.606985109622201,0.1150358299820222,0.2853708015034406,1.074115771574592,2.606985109622201
Cold start + gate,262,208800,209600,800,-6.032261546535999,-4825.809237228799,-5.797657191781927,-4638.125753425542,0.2346043547540709,187.68348380325676,0,0.0,0,0.0,8,0.01,0,0.0,792,0,5,5,0,0,0,3,0,3,0,3,-59.59789857263502,5.306423360821405,0.2288916944329881,2.657745580749747,0.1162757934665958,0.3415075953993803,1.072047944876433,2.657745580749747
Cold start + gate,263,209600,210400,800,-6.755199842342396,-5404.159873873917,-5.82386198898849,-4659.089591190792,0.931337853353906,745.0702826831248,0,0.0,0,0.0,10,0.0125,0,0.0,790,0,6,6,0,0,0,4,0,4,0,4,-79.84634736079374,9.664228940778488,0.2206515568728835,2.993976067309177,0.1254614179694544,0.3158416957763125,1.0936336773719195,2.993976067309177
Cold start + gate,264,210400,211200,800,-7.606156561445528,-6084.925249156422,-6.743380948164852,-5394.704758531881,0.8627756132806749,690.2204906245399,0,0.0,0,0.0,11,0.01375,0,0.0,789,0,7,7,0,0,0,4,0,4,0,4,-67.2813805557945,9.52822530282324,0.2507761422826865,3.026823171465992,0.1277836793907976,0.3737686051745754,1.08055304821807,3.026823171465992
Cold start + gate,265,211200,212000,800,-9.694378717713269,-7755.502974170615,-7.557014211130815,-6045.611368904652,2.137364506582454,1709.891605265963,0,0.0,0,0.0,16,0.02,0,0.0,784,0,12,12,0,0,0,4,0,4,0,4,-68.12575604354015,11.064152121536695,0.2588261477135578,2.9958907314443195,0.1328430093314616,0.3848092860956541,1.082348163085515,2.9958907314443195
Cold start + gate,266,212000,212800,800,-7.608541781361002,-6086.833425088802,-6.382174947519816,-5105.739958015853,1.2263668338411868,981.0934670729496,0,0.0,0,0.0,14,0.0175,0,0.0,786,0,10,10,0,0,0,4,0,4,0,4,-70.22337725347279,9.556419747156138,0.2362843822853222,2.990703552008938,0.1260537278744221,0.3465150366962224,1.0901273964181155,2.990703552008938
Cold start + gate,267,212800,213600,800,-6.221179838339412,-4976.94387067153,-5.88412054669858,-4707.296437358864,0.3370592916408336,269.64743331266686,0,0.0,0,0.0,11,0.01375,0,0.0,789,0,7,7,0,0,0,4,0,4,0,4,-71.91843013493178,5.375045964827107,0.2366972370828594,2.8471010157554133,0.1142916608704762,0.3591028132952426,1.065861978620679,2.8471010157554133
Cold start + gate,268,213600,214400,800,-6.4183256882201,-5134.66055057608,-5.514460101520847,-4411.5680812166775,0.9038655866992537,723.0924693594029,0,0.0,0,0.0,10,0.0125,0,0.0,790,0,5,5,0,0,0,5,0,5,0,5,-82.1412757719703,9.671105500472787,0.2118975072138042,2.9602554692591525,0.124614709662849,0.2991803047647593,1.0776073235301236,2.9602554692591525
Cold start + gate,269,214400,215200,800,-8.40495375803487,-6723.963006427895,-6.753160133203353,-5402.528106562682,1.651793624831516,1321.4348998652129,0,0.0,0,0.0,14,0.0175,0,0.0,786,0,9,9,0,0,0,5,0,5,0,5,-60.84530966745592,9.602817333147277,0.2408120992783324,3.0000204871494702,0.1313592775230693,0.3502649210335956,1.0844837993629004,3.0000204871494702
Cold start + gate,270,215200,216000,800,-6.248100299800492,-4998.480239840394,-5.712178622019028,-4569.742897615222,0.5359216777814655,428.7373422251724,0,0.0,0,0.0,12,0.015,0,0.0,788,0,7,7,0,0,0,5,0,5,0,5,-99.6421050682402,9.543303355219026,0.2172961291767036,2.9615341585886767,0.123495006889988,0.3110972514634191,1.1026570832917124,2.9615341585886767
Cold start + gate,271,216000,216800,800,-6.230941787481799,-4984.753429985439,-5.5381938583773005,-4430.55508670184,0.6927479291044989,554.1983432835991,0,0.0,0,0.0,10,0.0125,0,0.0,790,0,5,5,0,0,0,5,0,5,0,5,-85.06724251670903,11.653786417088972,0.2036602986750656,2.664269103412608,0.1154100287470695,0.2919105686030618,1.0658830629416527,2.664269103412608
Cold start + gate,272,216800,217600,800,-5.941594682791943,-4753.275746233555,-5.675919811480647,-4540.735849184517,0.2656748713112954,212.5398970490364,0,0.0,0,0.0,11,0.01375,0,0.0,789,0,6,6,0,0,0,5,0,5,0,5,-90.63368860560117,3.1372982659985533,0.2144074993139079,2.5296958510464265,0.1186131697993242,0.3102018288284917,1.0896100847152224,2.5296958510464265
Cold start + gate,273,217600,218400,800,-6.96443174714188,-5571.545397713504,-6.440248233460391,-5152.198586768312,0.5241835136814887,419.346810945191,0,0.0,0,0.0,7,0.00875,0,0.0,793,0,4,4,0,0,0,3,0,3,0,3,-84.20628812466134,10.191530971263605,0.2406706512197058,2.6651268947131825,0.1192931139950294,0.3620481884443822,1.0927659941793548,2.6651268947131825
Cold start + gate,274,218400,219200,800,-9.94424864195473,-7955.398913563784,-7.023984217113913,-5619.18737369113,2.920264424840816,2336.211539872653,0,0.0,0,0.0,10,0.0125,0,0.0,790,0,7,7,0,0,0,3,0,3,0,3,-68.7955460470182,19.85932709141006,0.2388727864333561,2.950623057715518,0.1274333409040824,0.3503122319626298,1.1120613413778373,2.950623057715518
Cold start + gate,275,219200,220000,800,-7.423905983493896,-5939.124786795117,-6.239305796987744,-4991.444637590195,1.1846001865061526,947.680149204922,0,0.0,0,0.0,12,0.015,0,0.0,788,0,8,8,0,0,0,4,0,4,0,4,-92.14591009390028,9.649371763882176,0.2340388382208579,3.029960783077911,0.1300140849687287,0.3380635914729872,1.0921825985662426,3.029960783077911
Cold start + gate,276,220000,220800,800,-5.608645088501064,-4486.916070800851,-5.351580643578356,-4281.264514862685,0.2570644449227085,205.65155593816684,0,0.0,0,0.0,9,0.01125,0,0.0,791,0,5,5,0,0,0,4,0,4,0,4,-72.55775640166473,3.177198519179747,0.2100534027142587,2.550746563447376,0.1160732236719992,0.3040335817565182,1.0812547238415289,2.550746563447376
Cold start + gate,277,220800,221600,800,-5.490467404202418,-4392.373923361934,-5.185101366480307,-4148.081093184245,0.3053660377221108,244.29283017768867,0,0.0,0,0.0,7,0.00875,0,0.0,793,0,5,5,0,0,0,2,0,2,0,2,-85.84255001738097,5.159512960808775,0.2070935653919375,2.6240211610075903,0.1162284728302255,0.2979586579536496,1.0827103673208858,2.6240211610075903
Cold start + gate,278,221600,222400,800,-5.592915072888509,-4474.332058310807,-5.340198955650562,-4272.15916452045,0.2527161172379466,202.17289379035728,0,0.0,0,0.0,10,0.0125,0,0.0,790,0,5,5,0,0,0,5,0,5,0,5,-84.15459863788453,3.038333473130775,0.2077260309573124,2.565824127857809,0.1163413904617922,0.2991106714528327,1.094078236597705,2.565824127857809
Cold start + gate,279,222400,223200,800,-7.809193902999238,-6247.35512239939,-5.514274483299931,-4411.419586639945,2.294919419699306,1835.9355357594447,0,0.0,0,0.0,11,0.01375,0,0.0,789,0,6,6,0,0,0,5,0,5,0,5,-82.65429438234594,19.736477522234235,0.1900939798912455,2.550223771002265,0.1155711910325254,0.2646167687499656,1.0851722199088836,2.550223771002265
Cold start + gate,280,223200,224000,800,-6.992865948355689,-5594.292758684552,-6.085455688439233,-4868.364550751387,0.907410259916456,725.9282079331648,0,0.0,0,0.0,6,0.0075,0,0.0,794,0,5,5,0,0,0,1,0,1,0,1,-81.5120993184097,9.62931288799648,0.2298376584943977,3.2517925298088244,0.1269204114085974,0.3327549055801979,1.0780083322327187,3.2517925298088244
Cold start + gate,281,224000,224800,800,-5.06751648754372,-4054.013190034977,-4.892887264916251,-3914.309811933,0.1746292226274702,139.7033781019762,0,0.0,0,0.0,7,0.00875,0,0.0,793,0,4,4,0,0,0,3,0,3,0,3,-75.56648504561451,2.976583869106415,0.1977402282466532,2.6961841672610944,0.1146529585278425,0.280827497965464,1.076470851787001,2.6961841672610944
Cold start + gate,282,224800,225600,800,-5.2529078502642825,-4202.326280211426,-5.186786242899042,-4149.428994319233,0.0661216073652408,52.89728589219264,0,0.0,0,0.0,4,0.005,0,0.0,796,0,2,2,0,0,0,2,0,2,0,2,-74.07390505423677,1.4444476160301098,0.2105973631597625,2.729660576199933,0.1162829880112911,0.3049117383082339,1.084334860786607,2.729660576199933
Cold start + gate,283,225600,226400,800,-6.8957281757953455,-5516.5825406362765,-5.705278236283236,-4564.222589026588,1.1904499395121106,952.3599516096886,0,0.0,0,0.0,9,0.01125,0,0.0,791,0,5,5,0,0,0,4,0,4,0,4,-56.31837529421682,13.33192023394072,0.2087090540540929,2.565193423598828,0.1167325714196267,0.300685536688559,1.0839764525192703,2.565193423598828
Cold start + gate,284,226400,227200,800,-5.966193799998874,-4772.955039999099,-5.446548072409855,-4357.238457927884,0.5196457275890185,415.7165820712148,0,0.0,0,0.0,15,0.01875,0,0.0,785,0,10,10,0,0,0,5,0,5,0,5,-53.13836674731749,7.697434577668398,0.2046840713463539,2.584422447458394,0.1212854690445437,0.2880826736481641,1.1036706823337168,2.584422447458394
Cold start + gate,285,227200,228000,800,-5.426904135167563,-4341.52330813405,-5.236719869848687,-4189.375895878949,0.1901842653188759,152.14741225510073,0,0.0,0,0.0,10,0.0125,0,0.0,790,0,5,5,0,0,0,5,0,5,0,5,-53.560590442604735,1.8795689947660368,0.205279608550005,2.599708022435664,0.1183344600720359,0.292224757027974,1.1001041596575662,2.599708022435664
Cold start + gate,286,228000,228800,800,-4.930920762386442,-3944.736609909154,-4.813661020705541,-3850.928816564433,0.1172597416809006,93.8077933447205,0,0.0,0,0.0,7,0.00875,0,0.0,793,0,2,2,0,0,0,5,0,5,0,5,-56.241606976321805,1.7173457121849038,0.1872552995749263,2.5537780877578484,0.1185962681581327,0.2559143309917198,1.115719956045576,2.5537780877578484
Cold start + gate,287,228800,229600,800,-5.11796800686488,-4094.374405491904,-4.790240653445108,-3832.192522756086,0.3277273534197719,262.1818827358175,0,0.0,0,0.0,6,0.0075,0,0.0,794,0,1,1,0,0,0,5,0,5,0,5,-55.42521950633841,6.373863869674691,0.1902985427539171,2.5730087695349084,0.1158701196743508,0.2647269658334834,1.0858467324827354,2.5730087695349084
Cold start + gate,288,229600,230400,800,-7.057426120607097,-5645.9408964856775,-5.393982572826391,-4315.1860582611125,1.6634435477807057,1330.7548382245643,0,0.0,0,0.0,9,0.01125,0,0.0,791,0,6,6,0,0,0,3,0,3,0,3,-54.40677784495568,13.41337716574468,0.1913530750645208,2.55040003551494,0.1163292278563799,0.2663769222726617,1.0985887604531976,2.55040003551494
Cold start + gate,289,230400,231200,800,-10.18842476699658,-8150.739813597263,-7.02983478436914,-5623.867827495313,3.1585899826274373,2526.87198610195,0,0.0,0,0.0,14,0.0175,0,0.0,786,0,7,7,0,0,0,7,0,7,0,7,-52.76040213731221,19.569876277074368,0.2353932272810104,2.9950854980577333,0.1277752133387762,0.3430112412232446,1.0962836347034473,2.9950854980577333
Cold start + gate,290,231200,232000,800,-6.88365350225773,-5506.922801806184,-5.9843690901677,-4787.49527213416,0.8992844120900315,719.4275296720252,0,0.0,0,0.0,9,0.01125,0,0.0,791,0,6,6,0,0,0,3,0,3,0,3,-99.71015982801724,9.748666818787036,0.2328528427082261,2.9897294375156207,0.1284500579946417,0.3372556274218106,1.1108306081318902,2.9897294375156207
Cold start + gate,291,232000,232800,800,-7.544297613764626,-6035.438091011701,-6.001851489309129,-4801.481191447303,1.542446124455496,1233.956899564397,0,0.0,0,0.0,7,0.00875,0,0.0,793,0,4,4,0,0,0,3,0,3,0,3,-97.79749093403792,9.785676695007828,0.2198622197499905,3.0417177536853046,0.1315526519741137,0.3081717875258674,1.095951108551818,3.0417177536853046
Cold start + gate,292,232800,233600,800,-10.000926649047347,-8000.741319237878,-6.441665595549734,-5153.332476439788,3.559261053497613,2847.4088427980905,0,0.0,0,0.0,14,0.0175,0,0.0,786,0,6,6,0,0,0,8,0,8,0,8,-55.71897125067335,17.735594131903106,0.216644554569974,2.799652371837226,0.1243380042801373,0.3089511048598108,1.099891279011123,2.799652371837226
Cold start + gate,293,233600,234400,800,-6.255879920796142,-5004.703936636914,-5.314552702311073,-4251.642161848858,0.9413272184850692,753.0617747880555,0,0.0,0,0.0,7,0.00875,0,0.0,793,0,5,5,0,0,0,2,0,2,0,2,-88.852758516231,9.675969474363717,0.2079353332660955,2.978019269769049,0.1245082417074509,0.29136242482474,1.0956605280833602,2.978019269769049
Cold start + gate,294,234400,235200,800,-6.648328107713148,-5318.662486170519,-5.866833875125837,-4693.46710010067,0.7814942325873108,625.1953860698486,0,0.0,0,0.0,7,0.00875,0,0.0,793,0,5,5,0,0,0,2,0,2,0,2,-85.35236170967573,9.64553179186839,0.2238348522199775,3.004623451578823,0.1279379713034364,0.3197317331365186,1.1070751006639736,3.004623451578823
Cold start + gate,295,235200,236000,800,-6.405343785217981,-5124.275028174385,-5.424436749612867,-4339.549399690293,0.980907035605114,784.7256284840912,0,0.0,0,0.0,7,0.00875,0,0.0,793,0,2,2,0,0,0,5,0,5,0,5,-59.6449128931813,12.1421772043542,0.2022472143010897,2.573846239484567,0.1181569715679923,0.2863374570341871,1.103456768549528,2.573846239484567
Cold start + gate,296,236000,236800,800,-5.576620533171974,-4461.29642653758,-5.297757275414304,-4238.205820331443,0.27886325775767,223.09060620613607,0,0.0,0,0.0,6,0.0075,0,0.0,794,0,2,2,0,0,0,4,0,4,0,4,-61.39894794204099,6.14695688788292,0.203525635100669,2.588160076900863,0.1191104848157175,0.2879407853856205,1.1141832438405377,2.588160076900863
Cold start + gate,297,236800,237600,800,-5.459105028909517,-4367.284023127613,-5.088317546456,-4070.6540371648,0.370787482453517,296.62998596281363,0,0.0,0,0.0,6,0.0075,0,0.0,794,0,3,3,0,0,0,3,0,3,0,3,-52.76752326129372,8.430776755335708,0.185442149424281,2.558812666775964,0.119916692242729,0.250967606605833,1.125773440253353,2.558812666775964
Cold start + gate,298,237600,238400,800,-6.873976109192561,-5499.1808873540485,-6.093833215885564,-4875.066572708451,0.7801428933069985,624.1143146455988,0,0.0,0,0.0,4,0.005,0,0.0,796,0,2,2,0,0,0,2,0,2,0,2,-81.44360100299753,9.651366139662176,0.2227808865140189,3.0044908158790804,0.1274159028799483,0.3181458701480894,1.11153930440998,3.0044908158790804
Cold start + gate,299,238400,239200,800,-6.115361421403297,-4892.289137122638,-5.672992365788867,-4538.393892631093,0.4423690556144302,353.89524449154413,0,0.0,0,0.0,6,0.0075,0,0.0,794,0,5,5,0,0,0,1,0,1,0,1,-113.654929195239,9.606117064294832,0.2287746800249418,2.976328747011792,0.1239944204141722,0.3335549396357113,1.1044025408066696,2.976328747011792
Cold start + gate,300,239200,240000,800,-5.68679957657474,-4549.439661259792,-5.252732755838458,-4202.186204670767,0.4340668207362823,347.25345658902586,0,0.0,0,0.0,6,0.0075,0,0.0,794,0,3,3,0,0,0,3,0,3,0,3,-55.76029659007151,7.518496872635934,0.1992852492961785,2.568064096535068,0.1204329531954619,0.278137545396895,1.0935859317267391,2.568064096535068
Cold start no gate,1,0,800,800,-18.78880601574028,-15031.04481259222,-18.78880601574028,-15031.04481259222,0.0,0.0,11,0.01375,11,0.01375,0,0.0,0,0.0,0,0,0,0,0,0,0,0,0,0,0,2,-69.76018792458831,0.0,0.4802769388217626,3.12591537435452,0.2275571123982881,0.7329967652452369,1.1191729652139784,3.12591537435452
Cold start no gate,2,800,1600,800,-41.12977241567157,-32903.817932537255,-41.12977241567157,-32903.817932537255,0.0,0.0,18,0.0225,18,0.0225,0,0.0,0,0.0,0,0,0,0,0,0,0,0,0,0,0,5,-60.89626398376515,0.0,0.7760842220870334,5.659890368594006,0.3166465768288954,1.2355218673451716,1.2698002449474464,5.659890368594006
Cold start no gate,3,1600,2400,800,-22.407097560878032,-17925.678048702426,-22.407097560878032,-17925.678048702426,0.0,0.0,12,0.015,12,0.015,0,0.0,0,0.0,0,0,0,0,0,0,0,0,0,0,0,1,-16.085651547048684,0.0,0.5213934520193411,3.0880792113058533,0.2506639411156647,0.7921229629230174,1.1057269821844955,3.0880792113058533
Cold start no gate,4,2400,3200,800,-21.49960147056856,-17199.681176454847,-21.49960147056856,-17199.681176454847,0.0,0.0,18,0.0225,18,0.0225,0,0.0,0,0.0,0,0,0,0,0,0,0,0,0,0,0,4,-39.35854069918906,0.0,0.4737048682063762,3.26584042909974,0.2544744042527898,0.6929353321599626,1.1756967728966106,3.26584042909974
Cold start no gate,5,3200,4000,800,-62.81705303419074,-50253.64242735259,-62.81705303419074,-50253.64242735259,0.0,0.0,13,0.01625,13,0.01625,0,0.0,0,0.0,0,0,0,0,0,0,0,0,0,0,0,6,-88.97395646100722,0.0,0.9158145095923494,4.908266899387172,0.4093229993436831,1.4223060198410158,1.1714552999039265,4.908266899387172
Cold start no gate,6,4000,4800,800,-27.089308532731685,-21671.446826185347,-27.089308532731685,-21671.446826185347,0.0,0.0,14,0.0175,14,0.0175,0,0.0,0,0.0,0,0,0,0,0,0,0,0,0,0,0,5,-110.3658503774068,0.0,0.631363856556906,4.778980314441355,0.256502521286698,1.006225191827114,1.2931176642770486,4.778980314441355
Cold start no gate,7,4800,5600,800,-30.959253788706384,-24767.403030965103,-30.959253788706384,-24767.403030965103,0.0,0.0,11,0.01375,11,0.01375,0,0.0,0,0.0,0,0,0,0,0,0,0,0,0,0,0,7,-59.1090541959685,0.0,0.5319363321362467,2.8988802401473777,0.3147618291247596,0.7491108351477337,1.1255208928870557,2.8988802401473777
Cold start no gate,8,5600,6400,800,-48.0334730734068,-38426.77845872544,-48.0334730734068,-38426.77845872544,0.0,0.0,23,0.02875,23,0.02875,0,0.0,0,0.0,0,0,0,0,0,0,0,0,0,0,0,14,-109.3639699081666,0.0,0.7390275257035441,3.575537704433316,0.3721962281786566,1.1058588232284317,1.5985893720927384,3.575537704433316
Cold start no gate,9,6400,7200,800,-26.88717018900164,-21509.73615120131,-26.88717018900164,-21509.73615120131,0.0,0.0,18,0.0225,18,0.0225,0,0.0,0,0.0,0,0,0,0,0,0,0,0,0,0,0,6,-127.61961522441813,0.0,0.5686525835692342,5.861878413487034,0.2748090927989419,0.8624960743395265,1.4567252057812707,5.861878413487034
Cold start no gate,10,7200,8000,800,-66.71624840204161,-53372.998721633296,-66.71624840204161,-53372.998721633296,0.0,0.0,22,0.0275,22,0.0275,0,0.0,0,0.0,0,0,0,0,0,0,0,0,0,0,0,15,-90.04556772280273,0.0,0.8849168622162178,5.350798442419375,0.4409183846720964,1.328915339760339,2.0965077752435675,5.350798442419375
Cold start no gate,11,8000,8800,800,-29.9139498398685,-23931.1598718948,-29.9139498398685,-23931.1598718948,0.0,0.0,56,0.07,56,0.07,0,0.0,0,0.0,0,0,0,0,0,0,0,0,0,0,0,20,-64.52425495223622,0.0,0.5557559695068118,3.5077971670145303,0.290488483982787,0.8210234550308366,1.1917958602751637,3.5077971670145303
Cold start no gate,12,8800,9600,800,-30.58047210986636,-24464.377687893084,-30.58047210986636,-24464.377687893084,0.0,0.0,59,0.07375,59,0.07375,0,0.0,0,0.0,0,0,0,0,0,0,0,0,0,0,0,2,-83.23995159616254,0.0,0.5585352364875246,2.7758158538138105,0.3003399728635315,0.8167305001115176,1.1043806550170876,2.7758158538138105
Cold start no gate,13,9600,10400,800,-32.769080319069914,-26215.26425525593,-32.769080319069914,-26215.26425525593,0.0,0.0,66,0.0825,66,0.0825,0,0.0,0,0.0,0,0,0,0,0,0,0,0,0,0,0,9,-64.62995193182621,0.0,0.5480381735758952,3.6216599096528057,0.319620342467984,0.7764560046838064,1.5431793543584753,3.6216599096528057
Cold start no gate,14,10400,11200,800,-20.40852298607244,-16326.818388857952,-20.40852298607244,-16326.818388857952,0.0,0.0,66,0.0825,66,0.0825,0,0.0,0,0.0,0,0,0,0,0,0,0,0,0,0,0,7,-71.24205338868683,0.0,0.4297134163594195,3.146958627039851,0.2451753208596049,0.614251511859234,1.2583924182841328,3.146958627039851
Cold start no gate,15,11200,12000,800,-11.983745261785492,-9586.996209428393,-11.983745261785492,-9586.996209428393,0.0,0.0,97,0.12125,97,0.12125,0,0.0,0,0.0,0,0,0,0,0,0,0,0,0,0,0,8,-63.64097307933878,0.0,0.4237781337770022,3.058704577152469,0.1546775249193006,0.6928787426347038,1.1563710866527352,3.058704577152469
Cold start no gate,16,12000,12800,800,-11.179847013756364,-8943.877611005093,-11.179847013756364,-8943.877611005093,0.0,0.0,116,0.145,116,0.145,0,0.0,0,0.0,0,0,0,0,0,0,0,0,0,0,0,7,-68.43733903662564,0.0,0.4358602417133078,3.032534018054264,0.1367755271436206,0.734944956282995,1.0783640674477666,3.032534018054264
Cold start no gate,17,12800,13600,800,-11.5454160338586,-9236.33282708688,-11.5454160338586,-9236.33282708688,0.0,0.0,151,0.18875,151,0.18875,0,0.0,0,0.0,0,0,0,0,0,0,0,0,0,0,0,4,-73.62704550168769,0.0,0.453102837633042,2.926604803818009,0.1350807588393051,0.7711249164267788,1.0744181546656573,2.926604803818009
Cold start no gate,18,13600,14400,800,-10.410731210340748,-8328.584968272598,-10.410731210340748,-8328.584968272598,0.0,0.0,180,0.225,180,0.225,0,0.0,0,0.0,0,0,0,0,0,0,0,0,0,0,0,3,-76.73308763392822,0.0,0.4317959041406812,2.8904898407692485,0.1284238114228137,0.7351679968585487,1.063775010136918,2.8904898407692485
Cold start no gate,19,14400,15200,800,-11.775425973411778,-9420.340778729422,-11.775425973411778,-9420.340778729422,0.0,0.0,242,0.3025,242,0.3025,0,0.0,0,0.0,0,0,0,0,0,0,0,0,0,0,0,3,-73.65667749801344,0.0,0.4492510886266365,3.069517986940525,0.1416437991377602,0.7568583781155128,1.0266457678646057,3.069517986940525
Cold start no gate,20,15200,16000,800,-14.451719001642193,-11561.375201313753,-14.451719001642193,-11561.375201313753,0.0,0.0,437,0.54625,437,0.54625,0,0.0,0,0.0,0,0,0,0,0,0,0,0,0,0,0,3,-73.05247806623834,0.0,0.5012751769742789,3.198726756000269,0.1582914275334162,0.8442589264151417,0.9963426194804472,3.198726756000269
Cold start no gate,21,16000,16800,800,-15.159432632719447,-12127.546106175558,-15.159432632719447,-12127.546106175558,0.0,0.0,49,0.06125,49,0.06125,0,0.0,0,0.0,0,0,0,0,0,0,0,0,0,0,0,2,-78.59286707025933,0.0,0.4529879570875723,3.301682765495059,0.1464056293894579,0.7595702847856867,1.0220478531965749,3.301682765495059
Cold start no gate,22,16800,17600,800,-14.95376509284663,-11963.012074277303,-14.95376509284663,-11963.012074277303,0.0,0.0,56,0.07,56,0.07,0,0.0,0,0.0,0,0,0,0,0,0,0,0,0,0,0,4,-71.66840947459491,0.0,0.4500510734597435,3.043539082793586,0.1436378280086042,0.7564643189108828,0.9966607266197064,3.043539082793586
Cold start no gate,23,17600,18400,800,-13.691009145480102,-10952.807316384082,-13.691009145480102,-10952.807316384082,0.0,0.0,52,0.065,52,0.065,0,0.0,0,0.0,0,0,0,0,0,0,0,0,0,0,0,4,-69.41795984723774,0.0,0.4214246810559844,3.2021678654028847,0.1398724631343063,0.7029768989776626,1.0308438428422884,3.2021678654028847
Cold start no gate,24,18400,19200,800,-12.326893452238114,-9861.514761790491,-12.326893452238114,-9861.514761790491,0.0,0.0,76,0.095,76,0.095,0,0.0,0,0.0,0,0,0,0,0,0,0,0,0,0,0,5,-67.91788210785171,0.0,0.3927982213018196,3.2266266167175104,0.1380298200579022,0.647566622545737,1.0579179089996251,3.2266266167175104
Cold start no gate,25,19200,20000,800,-9.836714608081152,-7869.371686464921,-9.836714608081152,-7869.371686464921,0.0,0.0,62,0.0775,62,0.0775,0,0.0,0,0.0,0,0,0,0,0,0,0,0,0,0,0,3,-66.67443305570032,0.0,0.3210740007472951,3.066247747283228,0.1271872473368687,0.5149607541577214,1.068837296988646,3.066247747283228
Cold start no gate,26,20000,20800,800,-9.313517842021962,-7450.81427361757,-9.313517842021962,-7450.81427361757,0.0,0.0,43,0.05375,43,0.05375,0,0.0,0,0.0,0,0,0,0,0,0,0,0,0,0,0,4,-70.32361512203897,0.0,0.2655158019856427,2.8022437609743065,0.1369767094594397,0.3940548945118457,1.105168747525807,2.8022437609743065
Cold start no gate,27,20800,21600,800,-8.611675340751422,-6889.340272601137,-8.611675340751422,-6889.340272601137,0.0,0.0,11,0.01375,11,0.01375,0,0.0,0,0.0,0,0,0,0,0,0,0,0,0,0,0,4,-73.41759346552351,0.0,0.24750878841763,2.840825481111324,0.1304556882162176,0.3645618886190425,1.1309921216771337,2.840825481111324
Cold start no gate,28,21600,22400,800,-8.390648590476166,-6712.518872380933,-8.390648590476166,-6712.518872380933,0.0,0.0,29,0.03625,29,0.03625,0,0.0,0,0.0,0,0,0,0,0,0,0,0,0,0,0,2,-69.65568010124593,0.0,0.2304299928776675,2.667269799213557,0.1308413484534843,0.3300186373018508,1.117301936965991,2.667269799213557
Cold start no gate,29,22400,23200,800,-8.200523040079855,-6560.418432063883,-8.200523040079855,-6560.418432063883,0.0,0.0,30,0.0375,30,0.0375,0,0.0,0,0.0,0,0,0,0,0,0,0,0,0,0,0,4,-59.1471294797326,0.0,0.2342099315581496,2.2916461820263976,0.1306076471687757,0.3378122159475236,1.0961314275878666,2.2916461820263976
Cold start no gate,30,23200,24000,800,-8.33051123029757,-6664.408984238057,-8.33051123029757,-6664.408984238057,0.0,0.0,31,0.03875,31,0.03875,0,0.0,0,0.0,0,0,0,0,0,0,0,0,0,0,0,6,-67.9167608130524,0.0,0.2361023972977533,2.3340081276874685,0.1300971684066768,0.3421076261888299,1.0778559783034862,2.3340081276874685
Cold start no gate,31,24000,24800,800,-8.095781177115994,-6476.624941692795,-8.095781177115994,-6476.624941692795,0.0,0.0,38,0.0475,38,0.0475,0,0.0,0,0.0,0,0,0,0,0,0,0,0,0,0,0,5,-68.5525917752816,0.0,0.2414085034973557,2.443289509551903,0.1283121996490116,0.3545048073456999,1.10521587905227,2.443289509551903
Cold start no gate,32,24800,25600,800,-8.439137373707437,-6751.30989896595,-8.439137373707437,-6751.30989896595,0.0,0.0,34,0.0425,34,0.0425,0,0.0,0,0.0,0,0,0,0,0,0,0,0,0,0,0,4,-67.7256248526777,0.0,0.2369847594437002,2.2688469048922,0.134009260048183,0.3399602588392175,1.1144238060328069,2.2688469048922
Cold start no gate,33,25600,26400,800,-8.924129941017819,-7139.303952814255,-8.924129941017819,-7139.303952814255,0.0,0.0,30,0.0375,30,0.0375,0,0.0,0,0.0,0,0,0,0,0,0,0,0,0,0,0,5,-64.30887929057724,0.0,0.2604665893135884,2.5634284694844496,0.1336320289724464,0.3873011496547305,1.1103626397485975,2.5634284694844496
Cold start no gate,34,26400,27200,800,-8.510684823895083,-6808.547859116067,-8.510684823895083,-6808.547859116067,0.0,0.0,17,0.02125,17,0.02125,0,0.0,0,0.0,0,0,0,0,0,0,0,0,0,0,0,4,-67.93737454185941,0.0,0.2415988753863309,2.632619003333275,0.1349074428212607,0.3482903079514012,1.1608279217741435,2.632619003333275
Cold start no gate,35,27200,28000,800,-7.853676168525364,-6282.940934820292,-7.853676168525364,-6282.940934820292,0.0,0.0,23,0.02875,23,0.02875,0,0.0,0,0.0,0,0,0,0,0,0,0,0,0,0,0,4,-65.21636701776185,0.0,0.227000251130007,2.474108296384827,0.1260759784858681,0.3279245237741459,1.1143553595893243,2.474108296384827
Cold start no gate,36,28000,28800,800,-8.867394143002565,-7093.915314402053,-8.867394143002565,-7093.915314402053,0.0,0.0,31,0.03875,31,0.03875,0,0.0,0,0.0,0,0,0,0,0,0,0,0,0,0,0,6,-81.80609966239194,0.0,0.2797977635535408,2.8669933027756542,0.1283820320266703,0.4312134950804113,1.1333067341316403,2.8669933027756542
Cold start no gate,37,28800,29600,800,-9.0635060920282,-7250.804873622561,-9.0635060920282,-7250.804873622561,0.0,0.0,45,0.05625,45,0.05625,0,0.0,0,0.0,0,0,0,0,0,0,0,0,0,0,0,6,-74.41773562194078,0.0,0.2931585203240691,2.6378968861862404,0.1282894623203066,0.4580275783278316,1.1549840637259303,2.6378968861862404
Cold start no gate,38,29600,30400,800,-9.577657780893771,-7662.126224715019,-9.577657780893771,-7662.126224715019,0.0,0.0,46,0.0575,46,0.0575,0,0.0,0,0.0,0,0,0,0,0,0,0,0,0,0,0,5,-73.34825193140534,0.0,0.3291925852788527,2.931733920010742,0.1255042809774998,0.5328808895802055,1.088346723382101,2.931733920010742
Cold start no gate,39,30400,31200,800,-9.330577603571102,-7464.462082856882,-9.330577603571102,-7464.462082856882,0.0,0.0,57,0.07125,57,0.07125,0,0.0,0,0.0,0,0,0,0,0,0,0,0,0,0,0,3,-76.41379712989999,0.0,0.3148625664370182,2.6287976695195425,0.1270216047708259,0.5027035281032106,1.1029931207238612,2.6287976695195425
Cold start no gate,40,31200,32000,800,-8.376820449868172,-6701.456359894537,-8.376820449868172,-6701.456359894537,0.0,0.0,61,0.07625,61,0.07625,0,0.0,0,0.0,0,0,0,0,0,0,0,0,0,0,0,5,-80.03864174884768,0.0,0.2850508164902957,2.694857918497405,0.1226949353574007,0.4474066976231906,1.1608221066935802,2.694857918497405
Cold start no gate,41,32000,32800,800,-8.358382334644011,-6686.705867715209,-8.358382334644011,-6686.705867715209,0.0,0.0,32,0.04,32,0.04,0,0.0,0,0.0,0,0,0,0,0,0,0,0,0,0,0,3,-84.0632994614698,0.0,0.2845116843428179,2.681652761347152,0.1204224872790448,0.4486008814065909,1.1213374200345414,2.681652761347152
Cold start no gate,42,32800,33600,800,-7.910351492209927,-6328.281193767942,-7.910351492209927,-6328.281193767942,0.0,0.0,49,0.06125,49,0.06125,0,0.0,0,0.0,0,0,0,0,0,0,0,0,0,0,0,3,-90.85361391292008,0.0,0.2536851246806126,3.1555983546641078,0.1215725670755773,0.3857976822856479,1.1144778815546736,3.1555983546641078
Cold start no gate,43,33600,34400,800,-7.214428995723795,-5771.543196579036,-7.214428995723795,-5771.543196579036,0.0,0.0,47,0.05875,47,0.05875,0,0.0,0,0.0,0,0,0,0,0,0,0,0,0,0,0,3,-83.58866332543016,0.0,0.219400309465962,2.8398049527452827,0.1196070379005493,0.3191935810313747,1.0883311080040765,2.8398049527452827
Cold start no gate,44,34400,35200,800,-7.388190690265294,-5910.552552212235,-7.388190690265294,-5910.552552212235,0.0,0.0,41,0.05125,41,0.05125,0,0.0,0,0.0,0,0,0,0,0,0,0,0,0,0,0,3,-77.63356425114273,0.0,0.2185475048301093,2.8168769655984534,0.1233961168977521,0.3136988927624666,1.105292719153685,2.8168769655984534
Cold start no gate,45,35200,36000,800,-7.091999844352698,-5673.599875482159,-7.091999844352698,-5673.599875482159,0.0,0.0,20,0.025,20,0.025,0,0.0,0,0.0,0,0,0,0,0,0,0,0,0,0,0,3,-77.09686393409993,0.0,0.2059489727073814,2.8106598525595814,0.1215265135066256,0.2903714319081371,1.100192242444097,2.8106598525595814
Cold start no gate,46,36000,36800,800,-7.259836303630216,-5807.869042904173,-7.259836303630216,-5807.869042904173,0.0,0.0,27,0.03375,27,0.03375,0,0.0,0,0.0,0,0,0,0,0,0,0,0,0,0,0,5,-77.2546029089932,0.0,0.2109599389896966,2.678924868757917,0.1218659581377115,0.3000539198416818,1.100083782505776,2.678924868757917
Cold start no gate,47,36800,37600,800,-7.050224129632807,-5640.179303706245,-7.050224129632807,-5640.179303706245,0.0,0.0,30,0.0375,30,0.0375,0,0.0,0,0.0,0,0,0,0,0,0,0,0,0,0,0,3,-85.7373248569047,0.0,0.2111817173554435,2.9470863308063717,0.1197452055892075,0.3026182291216796,1.092396741169361,2.9470863308063717
Cold start no gate,48,37600,38400,800,-7.182887674844574,-5746.310139875659,-7.182887674844574,-5746.310139875659,0.0,0.0,25,0.03125,25,0.03125,0,0.0,0,0.0,0,0,0,0,0,0,0,0,0,0,0,4,-78.16209932592051,0.0,0.2103808270761162,2.6207472082799086,0.1227677020718935,0.2979939520803388,1.107517934647901,2.6207472082799086
Cold start no gate,49,38400,39200,800,-7.157288836712764,-5725.831069370212,-7.157288836712764,-5725.831069370212,0.0,0.0,44,0.055,44,0.055,0,0.0,0,0.0,0,0,0,0,0,0,0,0,0,0,0,3,-80.05131845940025,0.0,0.2179908604745298,2.633897312499869,0.1210608805197185,0.3149208404293412,1.0890820853850802,2.633897312499869
Cold start no gate,50,39200,40000,800,-7.321778849920939,-5857.423079936752,-7.321778849920939,-5857.423079936752,0.0,0.0,19,0.02375,19,0.02375,0,0.0,0,0.0,0,0,0,0,0,0,0,0,0,0,0,5,-77.4332976127414,0.0,0.2145229029064218,2.606697015510747,0.1239689490461601,0.3050768567666835,1.112051217196551,2.606697015510747
Cold start no gate,51,40000,40800,800,-7.009103372785017,-5607.282698228013,-7.009103372785017,-5607.282698228013,0.0,0.0,35,0.04375,35,0.04375,0,0.0,0,0.0,0,0,0,0,0,0,0,0,0,0,0,5,-83.57116345697011,0.0,0.2215779170149589,2.8569406489665994,0.1185348791632414,0.3246209548666765,1.0803494614694311,2.8569406489665994
Cold start no gate,52,40800,41600,800,-6.818925890664353,-5455.140712531483,-6.818925890664353,-5455.140712531483,0.0,0.0,30,0.0375,30,0.0375,0,0.0,0,0.0,0,0,0,0,0,0,0,0,0,0,0,5,-80.3846840432326,0.0,0.2147132388118654,2.5449816847437887,0.1190438763188379,0.310382601304893,1.0766427070779137,2.5449816847437887
Cold start no gate,53,41600,42400,800,-7.009637698123218,-5607.710158498574,-7.009637698123218,-5607.710158498574,0.0,0.0,34,0.0425,34,0.0425,0,0.0,0,0.0,0,0,0,0,0,0,0,0,0,0,0,5,-79.08486063822932,0.0,0.2237978452118458,2.874139015012929,0.1200713146146989,0.3275243758089928,1.1174927939420924,2.874139015012929
Cold start no gate,54,42400,43200,800,-6.713107297464818,-5370.485837971854,-6.713107297464818,-5370.485837971854,0.0,0.0,20,0.025,20,0.025,0,0.0,0,0.0,0,0,0,0,0,0,0,0,0,0,0,3,-73.79733167714267,0.0,0.2036889185352542,2.6490881837426627,0.1196414216714247,0.2877364153990837,1.0976534003777672,2.6490881837426627
Cold start no gate,55,43200,44000,800,-6.984351929747079,-5587.481543797663,-6.984351929747079,-5587.481543797663,0.0,0.0,35,0.04375,35,0.04375,0,0.0,0,0.0,0,0,0,0,0,0,0,0,0,0,0,3,-78.29369790110252,0.0,0.2033076720893762,2.702845259531728,0.1191555773899745,0.287459766788778,1.0824269931266364,2.702845259531728
Cold start no gate,56,44000,44800,800,-6.970389870029639,-5576.311896023711,-6.970389870029639,-5576.311896023711,0.0,0.0,11,0.01375,11,0.01375,0,0.0,0,0.0,0,0,0,0,0,0,0,0,0,0,0,4,-76.7736021050431,0.0,0.2072220438181633,2.7866526534193667,0.124782586526592,0.2896615011097346,1.1157508774493907,2.7866526534193667
Cold start no gate,57,44800,45600,800,-6.623658978789665,-5298.927183031732,-6.623658978789665,-5298.927183031732,0.0,0.0,13,0.01625,13,0.01625,0,0.0,0,0.0,0,0,0,0,0,0,0,0,0,0,0,5,-77.07687772747227,0.0,0.1973732119919806,2.539221052397352,0.119721375215176,0.2750250487687851,1.0917831095866624,2.539221052397352
Cold start no gate,58,45600,46400,800,-6.799869108674728,-5439.895286939783,-6.799869108674728,-5439.895286939783,0.0,0.0,12,0.015,12,0.015,0,0.0,0,0.0,0,0,0,0,0,0,0,0,0,0,0,5,-81.7009898295114,0.0,0.2020544179873551,2.5422737986254447,0.1213381846722325,0.2827706513024777,1.105171891841533,2.5422737986254447
Cold start no gate,59,46400,47200,800,-6.562141812508331,-5249.713450006665,-6.562141812508331,-5249.713450006665,0.0,0.0,12,0.015,12,0.015,0,0.0,0,0.0,0,0,0,0,0,0,0,0,0,0,0,4,-75.1540460485412,0.0,0.1934793316468518,2.5381190988363755,0.1209176635173161,0.2660409997763875,1.0922824573105632,2.5381190988363755
Cold start no gate,60,47200,48000,800,-6.541642756802329,-5233.314205441863,-6.541642756802329,-5233.314205441863,0.0,0.0,20,0.025,20,0.025,0,0.0,0,0.0,0,0,0,0,0,0,0,0,0,0,0,4,-72.65188389085415,0.0,0.1905325701707869,2.5884528626634733,0.1173412831105486,0.2637238572310251,1.088836760349969,2.5884528626634733
Cold start no gate,61,48000,48800,800,-6.333729039644577,-5066.9832317156615,-6.333729039644577,-5066.9832317156615,0.0,0.0,10,0.0125,10,0.0125,0,0.0,0,0.0,0,0,0,0,0,0,0,0,0,0,0,5,-72.60110903782686,0.0,0.1831234432091579,2.5979907700840954,0.1181584799784773,0.2480884064398385,1.0796038266654917,2.5979907700840954
Cold start no gate,62,48800,49600,800,-6.669253217026485,-5335.402573621188,-6.669253217026485,-5335.402573621188,0.0,0.0,16,0.02,16,0.02,0,0.0,0,0.0,0,0,0,0,0,0,0,0,0,0,0,4,-74.51471286744231,0.0,0.2004653555936896,2.5355817881308558,0.1214457758044099,0.2794849353829693,1.1099213788877609,2.5355817881308558
Cold start no gate,63,49600,50400,800,-6.858680737508945,-5486.944590007156,-6.858680737508945,-5486.944590007156,0.0,0.0,16,0.02,16,0.02,0,0.0,0,0.0,0,0,0,0,0,0,0,0,0,0,0,6,-73.35020522292962,0.0,0.1957756122321748,2.390901833292901,0.1240383011034139,0.2675129233609357,1.1013102565696848,2.390901833292901
Cold start no gate,64,50400,51200,800,-6.726317778427695,-5381.054222742156,-6.726317778427695,-5381.054222742156,0.0,0.0,20,0.025,20,0.025,0,0.0,0,0.0,0,0,0,0,0,0,0,0,0,0,0,5,-73.13998129982792,0.0,0.1951053120257461,2.2787299102402017,0.1247872769064926,0.2654233471449996,1.1132930647342687,2.2787299102402017
Cold start no gate,65,51200,52000,800,-6.486712825707083,-5189.370260565666,-6.486712825707083,-5189.370260565666,0.0,0.0,13,0.01625,13,0.01625,0,0.0,0,0.0,0,0,0,0,0,0,0,0,0,0,0,7,-79.81936236268973,0.0,0.2075400734664316,2.8105373623981222,0.1183129925484994,0.2967671543843638,1.0731538516535069,2.8105373623981222
Cold start no gate,66,52000,52800,800,-6.7287546610853095,-5383.003728868248,-6.7287546610853095,-5383.003728868248,0.0,0.0,21,0.02625,21,0.02625,0,0.0,0,0.0,0,0,0,0,0,0,0,0,0,0,0,4,-73.98111108271519,0.0,0.2113150559521683,2.4143649366885143,0.1211039196652654,0.3015261922390712,1.0852153882528666,2.4143649366885143
Cold start no gate,67,52800,53600,800,-6.779959179711171,-5423.967343768937,-6.779959179711171,-5423.967343768937,0.0,0.0,24,0.03,24,0.03,0,0.0,0,0.0,0,0,0,0,0,0,0,0,0,0,0,5,-71.71296658807694,0.0,0.207962475330149,2.2446055194038763,0.1221795302178265,0.2937454204424716,1.1098986495310703,2.2446055194038763
Cold start no gate,68,53600,54400,800,-6.442613040252757,-5154.090432202206,-6.442613040252757,-5154.090432202206,0.0,0.0,10,0.0125,10,0.0125,0,0.0,0,0.0,0,0,0,0,0,0,0,0,0,0,0,4,-74.82204772377918,0.0,0.1911061790618436,2.3893179079066726,0.1208886654649628,0.2613236926587245,1.0973839797375562,2.3893179079066726
Cold start no gate,69,54400,55200,800,-6.566571765744816,-5253.257412595853,-6.566571765744816,-5253.257412595853,0.0,0.0,7,0.00875,7,0.00875,0,0.0,0,0.0,0,0,0,0,0,0,0,0,0,0,0,5,-75.03476960903015,0.0,0.19766243971292,2.868875820892697,0.1214582216035078,0.2738666578223322,1.0913307856187484,2.868875820892697
Cold start no gate,70,55200,56000,800,-6.456015180535924,-5164.812144428739,-6.456015180535924,-5164.812144428739,0.0,0.0,8,0.01,8,0.01,0,0.0,0,0.0,0,0,0,0,0,0,0,0,0,0,0,3,-73.01867767984243,0.0,0.1932925167106009,2.418194385003176,0.1223799306482822,0.2642051027729196,1.1221129012813311,2.418194385003176
Cold start no gate,71,56000,56800,800,-6.503257434474099,-5202.605947579279,-6.503257434474099,-5202.605947579279,0.0,0.0,10,0.0125,10,0.0125,0,0.0,0,0.0,0,0,0,0,0,0,0,0,0,0,0,4,-76.02211355808902,0.0,0.1930254361945916,2.409468132853533,0.1213333288646721,0.264717543524511,1.1256562584436387,2.409468132853533
Cold start no gate,72,56800,57600,800,-6.157162721600269,-4925.730177280215,-6.157162721600269,-4925.730177280215,0.0,0.0,6,0.0075,6,0.0075,0,0.0,0,0.0,0,0,0,0,0,0,0,0,0,0,0,3,-69.47130093869453,0.0,0.1791540121065619,2.530220656473375,0.1193299557396904,0.2389780684734333,1.0818606226107694,2.530220656473375
Cold start no gate,73,57600,58400,800,-6.209376130611473,-4967.5009044891785,-6.209376130611473,-4967.5009044891785,0.0,0.0,12,0.015,12,0.015,0,0.0,0,0.0,0,0,0,0,0,0,0,0,0,0,0,4,-66.68073801808839,0.0,0.1861065464079257,2.5675153733727143,0.1190972348655506,0.2531158579503008,1.0752030322822246,2.5675153733727143
Cold start no gate,74,58400,59200,800,-6.09005905464438,-4872.047243715504,-6.09005905464438,-4872.047243715504,0.0,0.0,8,0.01,8,0.01,0,0.0,0,0.0,0,0,0,0,0,0,0,0,0,0,0,3,-69.37398318693249,0.0,0.1912144621180752,2.843270235397995,0.1176926083573075,0.2647363158788429,1.0912355925722963,2.843270235397995
Cold start no gate,75,59200,60000,800,-6.239044003491256,-4991.235202793005,-6.239044003491256,-4991.235202793005,0.0,0.0,11,0.01375,11,0.01375,0,0.0,0,0.0,0,0,0,0,0,0,0,0,0,0,0,4,-72.06126148305907,0.0,0.1868064742365246,2.5466674269273994,0.120959265953583,0.2526536825194662,1.0997074200144792,2.5466674269273994
Cold start no gate,76,60000,60800,800,-6.116647262096556,-4893.317809677244,-6.116647262096556,-4893.317809677244,0.0,0.0,12,0.015,12,0.015,0,0.0,0,0.0,0,0,0,0,0,0,0,0,0,0,0,4,-71.80891893431794,0.0,0.1828937728030489,2.5635924890618185,0.1194597366391653,0.2463278089669326,1.086862521856479,2.5635924890618185
Cold start no gate,77,60800,61600,800,-6.117299144257658,-4893.839315406127,-6.117299144257658,-4893.839315406127,0.0,0.0,11,0.01375,11,0.01375,0,0.0,0,0.0,0,0,0,0,0,0,0,0,0,0,0,5,-75.01990329218495,0.0,0.1826074610792911,2.528075356403235,0.1204825599159422,0.24473236224264,1.0763185167348754,2.528075356403235
Cold start no gate,78,61600,62400,800,-5.936277696603051,-4749.022157282441,-5.936277696603051,-4749.022157282441,0.0,0.0,17,0.02125,17,0.02125,0,0.0,0,0.0,0,0,0,0,0,0,0,0,0,0,0,4,-60.95883943524439,0.0,0.1862321976173544,2.635737794713009,0.1168289801983454,0.2556354150363634,1.0575527889227492,2.635737794713009
Cold start no gate,79,62400,63200,800,-6.49981303680628,-5199.850429445024,-6.49981303680628,-5199.850429445024,0.0,0.0,20,0.025,20,0.025,0,0.0,0,0.0,0,0,0,0,0,0,0,0,0,0,0,6,-73.40128709642374,0.0,0.1899867569801215,2.4983331695505058,0.1260714026684842,0.2539021112917588,1.126198834283573,2.4983331695505058
Cold start no gate,80,63200,64000,800,-6.389857693565663,-5111.88615485253,-6.389857693565663,-5111.88615485253,0.0,0.0,8,0.01,8,0.01,0,0.0,0,0.0,0,0,0,0,0,0,0,0,0,0,0,4,-70.19862603219076,0.0,0.1900138234613915,2.538964122566483,0.1244763039736109,0.2555513429491721,1.1321482989346603,2.538964122566483
Cold start no gate,81,64000,64800,800,-6.184985915719879,-4947.988732575903,-6.184985915719879,-4947.988732575903,0.0,0.0,10,0.0125,10,0.0125,0,0.0,0,0.0,0,0,0,0,0,0,0,0,0,0,0,4,-67.20171819164739,0.0,0.1844649088394065,2.3764785508358277,0.1231782978013519,0.2457515198774612,1.104072779771219,2.3764785508358277
Cold start no gate,82,64800,65600,800,-6.255884875666768,-5004.707900533414,-6.255884875666768,-5004.707900533414,0.0,0.0,11,0.01375,11,0.01375,0,0.0,0,0.0,0,0,0,0,0,0,0,0,0,0,0,5,-73.33792127914046,0.0,0.1926495248310565,2.5537293486534054,0.1232776357707493,0.2620214138913637,1.100654767773912,2.5537293486534054
Cold start no gate,83,65600,66400,800,-5.939242618414195,-4751.394094731356,-5.939242618414195,-4751.394094731356,0.0,0.0,7,0.00875,7,0.00875,0,0.0,0,0.0,0,0,0,0,0,0,0,0,0,0,0,4,-61.45693242129016,0.0,0.1868996596604494,2.501893889921746,0.1187563783322034,0.2550429409886953,1.1020731691598415,2.501893889921746
Cold start no gate,84,66400,67200,800,-5.825834066502648,-4660.667253202118,-5.825834066502648,-4660.667253202118,0.0,0.0,12,0.015,12,0.015,0,0.0,0,0.0,0,0,0,0,0,0,0,0,0,0,0,4,-64.77309620971425,0.0,0.179455511064759,2.362623134393175,0.1163452935935239,0.2425657285359941,1.0737164863080628,2.362623134393175
Cold start no gate,85,67200,68000,800,-5.854866932244549,-4683.893545795639,-5.854866932244549,-4683.893545795639,0.0,0.0,11,0.01375,11,0.01375,0,0.0,0,0.0,0,0,0,0,0,0,0,0,0,0,0,4,-64.62553470057583,0.0,0.1944389884845972,2.9388790949784607,0.1151888401857648,0.2736891367834296,1.0558701519055806,2.9388790949784607
Cold start no gate,86,68000,68800,800,-5.643193962187367,-4514.555169749894,-5.643193962187367,-4514.555169749894,0.0,0.0,11,0.01375,11,0.01375,0,0.0,0,0.0,0,0,0,0,0,0,0,0,0,0,0,3,-63.3874969422418,0.0,0.1925020814184373,2.7918764471940563,0.113753795593607,0.2712503672432675,1.0517337419748274,2.7918764471940563
Cold start no gate,87,68800,69600,800,-5.841429326222176,-4673.143460977741,-5.841429326222176,-4673.143460977741,0.0,0.0,10,0.0125,10,0.0125,0,0.0,0,0.0,0,0,0,0,0,0,0,0,0,0,0,4,-67.26142740513228,0.0,0.1870046283892572,2.7644071347123145,0.1184247920289913,0.2555844647495232,1.0949065774590785,2.7644071347123145
Cold start no gate,88,69600,70400,800,-5.749864794620662,-4599.89183569653,-5.749864794620662,-4599.89183569653,0.0,0.0,14,0.0175,14,0.0175,0,0.0,0,0.0,0,0,0,0,0,0,0,0,0,0,0,4,-65.93884290165886,0.0,0.1798473904318865,2.6335228523641376,0.115810536326938,0.2438842445368351,1.075374810504738,2.6335228523641376
Cold start no gate,89,70400,71200,800,-6.001015296107429,-4800.812236885943,-6.001015296107429,-4800.812236885943,0.0,0.0,13,0.01625,13,0.01625,0,0.0,0,0.0,0,0,0,0,0,0,0,0,0,0,0,4,-66.42828569116864,0.0,0.1802264413220452,2.757741681102175,0.1204011218642524,0.2400517607798379,1.1146794419202024,2.757741681102175
Cold start no gate,90,71200,72000,800,-5.666817220313655,-4533.453776250924,-5.666817220313655,-4533.453776250924,0.0,0.0,9,0.01125,9,0.01125,0,0.0,0,0.0,0,0,0,0,0,0,0,0,0,0,0,4,-64.07596756510111,0.0,0.1799619102011392,2.757332486527844,0.1177168998573461,0.2422069205449324,1.0881837516048245,2.757332486527844
Cold start no gate,91,72000,72800,800,-5.751257568558085,-4601.006054846468,-5.751257568558085,-4601.006054846468,0.0,0.0,9,0.01125,9,0.01125,0,0.0,0,0.0,0,0,0,0,0,0,0,0,0,0,0,3,-64.03935883876431,0.0,0.1734741887906134,2.598855008443877,0.1182854304885676,0.2286629470926593,1.0897065347230854,2.598855008443877
Cold start no gate,92,72800,73600,800,-5.812303860518413,-4649.84308841473,-5.812303860518413,-4649.84308841473,0.0,0.0,10,0.0125,10,0.0125,0,0.0,0,0.0,0,0,0,0,0,0,0,0,0,0,0,3,-67.4735969032148,0.0,0.1808668456514448,2.6902849631496224,0.1181567366211799,0.2435769546817097,1.0793205224228224,2.6902849631496224
Cold start no gate,93,73600,74400,800,-5.974010523582037,-4779.20841886563,-5.974010523582037,-4779.20841886563,0.0,0.0,14,0.0175,14,0.0175,0,0.0,0,0.0,0,0,0,0,0,0,0,0,0,0,0,5,-62.6251577317455,0.0,0.1795431853132091,2.4935230878963357,0.1217041687325625,0.2373822018938557,1.1046462909913246,2.4935230878963357
Cold start no gate,94,74400,75200,800,-5.969950075613908,-4775.960060491127,-5.969950075613908,-4775.960060491127,0.0,0.0,6,0.0075,6,0.0075,0,0.0,0,0.0,0,0,0,0,0,0,0,0,0,0,0,4,-67.53706883583868,0.0,0.1854328645161528,2.7619602526106632,0.121042587583176,0.2498231414491296,1.0946144628230887,2.7619602526106632
Cold start no gate,95,75200,76000,800,-5.61012437290854,-4488.099498326832,-5.61012437290854,-4488.099498326832,0.0,0.0,8,0.01,8,0.01,0,0.0,0,0.0,0,0,0,0,0,0,0,0,0,0,0,4,-53.66515305571477,0.0,0.1707576261714735,2.566787292519109,0.1175027825867914,0.2240124697561555,1.08609068454158,2.566787292519109
Cold start no gate,96,76000,76800,800,-5.780061279736636,-4624.049023789308,-5.780061279736636,-4624.049023789308,0.0,0.0,9,0.01125,9,0.01125,0,0.0,0,0.0,0,0,0,0,0,0,0,0,0,0,0,4,-65.9735966957171,0.0,0.1891360445712754,2.8532911916072976,0.1183104803286926,0.2599616088138582,1.1041718128321576,2.8532911916072976
Cold start no gate,97,76800,77600,800,-5.809144853340185,-4647.315882672148,-5.809144853340185,-4647.315882672148,0.0,0.0,14,0.0175,14,0.0175,0,0.0,0,0.0,0,0,0,0,0,0,0,0,0,0,0,2,-58.07022803741484,0.0,0.1864060744976166,2.644144577883992,0.117794922060757,0.2550172269344763,1.0692990703553318,2.644144577883992
Cold start no gate,98,77600,78400,800,-5.733085789335844,-4586.468631468675,-5.733085789335844,-4586.468631468675,0.0,0.0,12,0.015,12,0.015,0,0.0,0,0.0,0,0,0,0,0,0,0,0,0,0,0,3,-63.33699974732781,0.0,0.1787386982691086,2.639178813048261,0.1182840725324314,0.2391933240057857,1.085253773313624,2.639178813048261
Cold start no gate,99,78400,79200,800,-5.537552993264829,-4430.042394611864,-5.537552993264829,-4430.042394611864,0.0,0.0,12,0.015,12,0.015,0,0.0,0,0.0,0,0,0,0,0,0,0,0,0,0,0,3,-61.26130403907291,0.0,0.1738787436540936,2.6420347496786576,0.1166538699882547,0.2311036173199325,1.1128121658186805,2.6420347496786576
Cold start no gate,100,79200,80000,800,-5.3683759270535845,-4294.700741642868,-5.3683759270535845,-4294.700741642868,0.0,0.0,12,0.015,12,0.015,0,0.0,0,0.0,0,0,0,0,0,0,0,0,0,0,0,3,-64.15462970663111,0.0,0.1745888060585188,2.619754574295712,0.1141403505768691,0.2350372615401684,1.077766516645558,2.619754574295712
Cold start no gate,101,80000,80800,800,-5.815819728857756,-4652.655783086205,-5.815819728857756,-4652.655783086205,0.0,0.0,13,0.01625,13,0.01625,0,0.0,0,0.0,0,0,0,0,0,0,0,0,0,0,0,2,-66.99233725563363,0.0,0.1808513053483112,2.641965114240349,0.118985492803074,0.2427171178935483,1.0959590679105582,2.641965114240349
Cold start no gate,102,80800,81600,800,-5.542662251111199,-4434.12980088896,-5.542662251111199,-4434.12980088896,0.0,0.0,10,0.0125,10,0.0125,0,0.0,0,0.0,0,0,0,0,0,0,0,0,0,0,0,2,-61.37997569506626,0.0,0.1769121852888984,2.5896927170076083,0.115380196018796,0.2384441745590008,1.074913717853073,2.5896927170076083
Cold start no gate,103,81600,82400,800,-5.573554642017029,-4458.843713613624,-5.573554642017029,-4458.843713613624,0.0,0.0,17,0.02125,17,0.02125,0,0.0,0,0.0,0,0,0,0,0,0,0,0,0,0,0,2,-61.29901142237623,0.0,0.1766799242887322,2.691133643832188,0.1175799544987523,0.2357798940787121,1.0717159823227411,2.691133643832188
Cold start no gate,104,82400,83200,800,-5.411614011088055,-4329.291208870444,-5.411614011088055,-4329.291208870444,0.0,0.0,8,0.01,8,0.01,0,0.0,0,0.0,0,0,0,0,0,0,0,0,0,0,0,2,-59.91619866974565,0.0,0.1756303415447463,2.750631498714654,0.1170692945287506,0.234191388560742,1.0812934521260749,2.750631498714654
Cold start no gate,105,83200,84000,800,-5.505437040029841,-4404.349632023873,-5.505437040029841,-4404.349632023873,0.0,0.0,7,0.00875,7,0.00875,0,0.0,0,0.0,0,0,0,0,0,0,0,0,0,0,0,2,-67.31122996885938,0.0,0.1771086620586875,2.6247918891801305,0.1169517254295807,0.2372655986877943,1.0820283144183196,2.6247918891801305
Cold start no gate,106,84000,84800,800,-5.228485769121514,-4182.788615297211,-5.228485769121514,-4182.788615297211,0.0,0.0,7,0.00875,7,0.00875,0,0.0,0,0.0,0,0,0,0,0,0,0,0,0,0,0,3,-62.71470301367492,0.0,0.1701336140106508,2.611442292984691,0.1144552457621262,0.2258119822591753,1.0478170943271032,2.611442292984691
Cold start no gate,107,84800,85600,800,-5.4590180763063,-4367.2144610450405,-5.4590180763063,-4367.2144610450405,0.0,0.0,9,0.01125,9,0.01125,0,0.0,0,0.0,0,0,0,0,0,0,0,0,0,0,0,3,-67.18574714440626,0.0,0.1754752619311067,2.5832821772226,0.1166256425860449,0.2343248812761686,1.0892193259948666,2.5832821772226
Cold start no gate,108,85600,86400,800,-5.333241510222073,-4266.593208177658,-5.333241510222073,-4266.593208177658,0.0,0.0,10,0.0125,10,0.0125,0,0.0,0,0.0,0,0,0,0,0,0,0,0,0,0,0,1,-66.73980405085308,0.0,0.1720518027159828,2.616721972530513,0.1159634748867007,0.228140130545265,1.074575479783499,2.616721972530513
Cold start no gate,109,86400,87200,800,-5.506299988775324,-4405.03999102026,-5.506299988775324,-4405.03999102026,0.0,0.0,10,0.0125,10,0.0125,0,0.0,0,0.0,0,0,0,0,0,0,0,0,0,0,0,4,-61.11992974100838,0.0,0.1727027391063762,2.6004801579723,0.1177072932454438,0.2276981849673087,1.082487432954622,2.6004801579723
Cold start no gate,110,87200,88000,800,-5.713092108511392,-4570.473686809113,-5.713092108511392,-4570.473686809113,0.0,0.0,14,0.0175,14,0.0175,0,0.0,0,0.0,0,0,0,0,0,0,0,0,0,0,0,2,-71.10164708059938,0.0,0.1835403055994754,2.765965223239448,0.1203106638317468,0.2467699473672039,1.107008957360501,2.765965223239448
Cold start no gate,111,88000,88800,800,-5.512068319023233,-4409.654655218586,-5.512068319023233,-4409.654655218586,0.0,0.0,9,0.01125,9,0.01125,0,0.0,0,0.0,0,0,0,0,0,0,0,0,0,0,0,2,-60.778169983863,0.0,0.1761387944796345,2.538625442702994,0.1191216951650417,0.2331558937942272,1.1019068157484395,2.538625442702994
Cold start no gate,112,88800,89600,800,-5.530014721416217,-4424.011777132973,-5.530014721416217,-4424.011777132973,0.0,0.0,21,0.02625,21,0.02625,0,0.0,0,0.0,0,0,0,0,0,0,0,0,0,0,0,1,-66.01712888771522,0.0,0.1827396372068755,2.70991949706007,0.1166869825725337,0.2487922918412172,1.1000367751129687,2.70991949706007
Cold start no gate,113,89600,90400,800,-5.607001562880953,-4485.601250304762,-5.607001562880953,-4485.601250304762,0.0,0.0,23,0.02875,23,0.02875,0,0.0,0,0.0,0,0,0,0,0,0,0,0,0,0,0,4,-70.7861299279175,0.0,0.1815611609467833,2.798600234044784,0.119550597038176,0.2435717248553906,1.098872008308189,2.798600234044784
Cold start no gate,114,90400,91200,800,-5.560066905384863,-4448.05352430789,-5.560066905384863,-4448.05352430789,0.0,0.0,11,0.01375,11,0.01375,0,0.0,0,0.0,0,0,0,0,0,0,0,0,0,0,0,5,-66.98992549276147,0.0,0.1758294880657648,2.5280464662895383,0.1192444595316052,0.2324145165999245,1.111992786106856,2.5280464662895383
Cold start no gate,115,91200,92000,800,-5.392257360893272,-4313.805888714617,-5.392257360893272,-4313.805888714617,0.0,0.0,12,0.015,12,0.015,0,0.0,0,0.0,0,0,0,0,0,0,0,0,0,0,0,6,-61.20492837399877,0.0,0.1781920239596958,2.701607278497136,0.1165671462735133,0.2398169016458783,1.0968331050674722,2.701607278497136
Cold start no gate,116,92000,92800,800,-5.3211225364745385,-4256.898029179631,-5.3211225364745385,-4256.898029179631,0.0,0.0,9,0.01125,9,0.01125,0,0.0,0,0.0,0,0,0,0,0,0,0,0,0,0,0,4,-56.27176057775898,0.0,0.1734682836444208,2.715287334118443,0.1166069577603952,0.2303296095284463,1.0825073915446688,2.715287334118443
Cold start no gate,117,92800,93600,800,-5.434586489132175,-4347.66919130574,-5.434586489132175,-4347.66919130574,0.0,0.0,16,0.02,16,0.02,0,0.0,0,0.0,0,0,0,0,0,0,0,0,0,0,0,5,-58.06964394916508,0.0,0.1859032498098437,2.94373606919919,0.1155059307443844,0.256300568875303,1.0822255535601475,2.94373606919919
Cold start no gate,118,93600,94400,800,-5.396549344392643,-4317.239475514114,-5.396549344392643,-4317.239475514114,0.0,0.0,13,0.01625,13,0.01625,0,0.0,0,0.0,0,0,0,0,0,0,0,0,0,0,0,6,-59.96155575731723,0.0,0.1780233230053973,2.7921868265602257,0.1178112175094505,0.238235428501344,1.0880491353477797,2.7921868265602257
Cold start no gate,119,94400,95200,800,-5.659401175800126,-4527.520940640101,-5.659401175800126,-4527.520940640101,0.0,0.0,22,0.0275,22,0.0275,0,0.0,0,0.0,0,0,0,0,0,0,0,0,0,0,0,3,-63.46676571850992,0.0,0.1894334154649279,2.80503743608233,0.1199468629217868,0.2589199680080691,1.105067106918125,2.80503743608233
Cold start no gate,120,95200,96000,800,-5.237869227221167,-4190.295381776934,-5.237869227221167,-4190.295381776934,0.0,0.0,11,0.01375,11,0.01375,0,0.0,0,0.0,0,0,0,0,0,0,0,0,0,0,0,4,-62.64020754445153,0.0,0.1799844714401923,2.857640045581036,0.1154222431898282,0.2445466996905564,1.0696274477644914,2.857640045581036
Cold start no gate,121,96000,96800,800,-5.184823926558545,-4147.859141246836,-5.184823926558545,-4147.859141246836,0.0,0.0,12,0.015,12,0.015,0,0.0,0,0.0,0,0,0,0,0,0,0,0,0,0,0,7,-66.14135814189865,0.0,0.1723716887952328,2.6181535027018867,0.114280258246628,0.2304631193438377,1.0774858689304878,2.6181535027018867
Cold start no gate,122,96800,97600,800,-5.615647752181599,-4492.518201745279,-5.615647752181599,-4492.518201745279,0.0,0.0,18,0.0225,18,0.0225,0,0.0,0,0.0,0,0,0,0,0,0,0,0,0,0,0,3,-74.05954167415928,0.0,0.1876575030988418,2.803633088921515,0.1204116385067425,0.254903367690941,1.1078652587304978,2.803633088921515
Cold start no gate,123,97600,98400,800,-5.219025689837277,-4175.220551869822,-5.219025689837277,-4175.220551869822,0.0,0.0,12,0.015,12,0.015,0,0.0,0,0.0,0,0,0,0,0,0,0,0,0,0,0,3,-62.28346194486426,0.0,0.1757938661308535,2.656779652831517,0.1153403201197154,0.2362474121419916,1.081586611917214,2.656779652831517
Cold start no gate,124,98400,99200,800,-5.479102247163414,-4383.281797730731,-5.479102247163414,-4383.281797730731,0.0,0.0,8,0.01,8,0.01,0,0.0,0,0.0,0,0,0,0,0,0,0,0,0,0,0,4,-62.04711111651261,0.0,0.1754717089683434,2.560043407035096,0.1197897854200721,0.2311536325166148,1.1061789548259875,2.560043407035096
Cold start no gate,125,99200,100000,800,-5.284500949208209,-4227.600759366567,-5.284500949208209,-4227.600759366567,0.0,0.0,11,0.01375,11,0.01375,0,0.0,0,0.0,0,0,0,0,0,0,0,0,0,0,0,4,-63.07601004726837,0.0,0.1707143827728265,2.45607704101792,0.1181736314538754,0.2232551340917776,1.094050091996785,2.45607704101792
Cold start no gate,126,100000,100800,800,-5.251449645424893,-4201.159716339915,-5.251449645424893,-4201.159716339915,0.0,0.0,12,0.015,12,0.015,0,0.0,0,0.0,0,0,0,0,0,0,0,0,0,0,0,6,-62.05428692405678,0.0,0.1716173951454027,2.468398298350621,0.1178691347580189,0.2253656555327865,1.0876456314974576,2.468398298350621
Cold start no gate,127,100800,101600,800,-5.132503279019793,-4106.002623215834,-5.132503279019793,-4106.002623215834,0.0,0.0,11,0.01375,11,0.01375,0,0.0,0,0.0,0,0,0,0,0,0,0,0,0,0,0,4,-60.18896006084879,0.0,0.1763120525737602,2.654148705278544,0.1142098417374071,0.2384142634101133,1.059029573046495,2.654148705278544
Cold start no gate,128,101600,102400,800,-5.263739109698527,-4210.991287758821,-5.263739109698527,-4210.991287758821,0.0,0.0,7,0.00875,7,0.00875,0,0.0,0,0.0,0,0,0,0,0,0,0,0,0,0,0,5,-65.55500446686801,0.0,0.1694740711988563,2.4269950936962346,0.1181905137954409,0.2207576286022718,1.0931647649608252,2.4269950936962346
Cold start no gate,129,102400,103200,800,-5.252336357804543,-4201.869086243634,-5.252336357804543,-4201.869086243634,0.0,0.0,16,0.02,16,0.02,0,0.0,0,0.0,0,0,0,0,0,0,0,0,0,0,0,6,-75.5988706332173,0.0,0.1737476233071482,2.576331114846369,0.1161202615911152,0.2313749850231812,1.0904575641817065,2.576331114846369
Cold start no gate,130,103200,104000,800,-5.393246107674099,-4314.596886139279,-5.393246107674099,-4314.596886139279,0.0,0.0,14,0.0175,14,0.0175,0,0.0,0,0.0,0,0,0,0,0,0,0,0,0,0,0,6,-58.09316278924166,0.0,0.1751349959849457,2.433071571096093,0.1181618853179088,0.2321081066519825,1.0892794436373108,2.433071571096093
Cold start no gate,131,104000,104800,800,-5.381718359820014,-4305.374687856011,-5.381718359820014,-4305.374687856011,0.0,0.0,11,0.01375,11,0.01375,0,0.0,0,0.0,0,0,0,0,0,0,0,0,0,0,0,6,-66.87617242008321,0.0,0.176842171750399,2.7119640970668115,0.1192558691538012,0.2344284743469969,1.1036581817231426,2.7119640970668115
Cold start no gate,132,104800,105600,800,-5.227786379885742,-4182.229103908593,-5.227786379885742,-4182.229103908593,0.0,0.0,15,0.01875,15,0.01875,0,0.0,0,0.0,0,0,0,0,0,0,0,0,0,0,0,7,-62.12387163206586,0.0,0.1718609591237395,2.717635695981187,0.1176672928582141,0.2260546253892648,1.092298616892005,2.717635695981187
Cold start no gate,133,105600,106400,800,-5.075186973550999,-4060.149578840799,-5.075186973550999,-4060.149578840799,0.0,0.0,16,0.02,16,0.02,0,0.0,0,0.0,0,0,0,0,0,0,0,0,0,0,0,4,-65.77169745119761,0.0,0.1685184355904861,2.463968030961837,0.1148520151980588,0.2221848559829133,1.071901474381665,2.463968030961837
Cold start no gate,134,106400,107200,800,-5.210318237973026,-4168.254590378421,-5.210318237973026,-4168.254590378421,0.0,0.0,18,0.0225,18,0.0225,0,0.0,0,0.0,0,0,0,0,0,0,0,0,0,0,0,7,-66.62955079710878,0.0,0.1689243651138049,2.4609042241335146,0.1177890301623932,0.2200597000652165,1.0821349538113103,2.4609042241335146
Cold start no gate,135,107200,108000,800,-5.216825272859983,-4173.460218287986,-5.216825272859983,-4173.460218287986,0.0,0.0,19,0.02375,19,0.02375,0,0.0,0,0.0,0,0,0,0,0,0,0,0,0,0,0,2,-62.28013730373653,0.0,0.1708795252066491,2.479626545686358,0.1175508920379991,0.2242081583752991,1.0884366792321258,2.479626545686358
Cold start no gate,136,108000,108800,800,-5.20699289820132,-4165.594318561056,-5.20699289820132,-4165.594318561056,0.0,0.0,16,0.02,16,0.02,0,0.0,0,0.0,0,0,0,0,0,0,0,0,0,0,0,5,-69.96170482590878,0.0,0.1680300258881455,2.464516192032022,0.1189329457618436,0.2171271060144474,1.085937452618436,2.464516192032022
Cold start no gate,137,108800,109600,800,-5.088562253996991,-4070.849803197593,-5.088562253996991,-4070.849803197593,0.0,0.0,12,0.015,12,0.015,0,0.0,0,0.0,0,0,0,0,0,0,0,0,0,0,0,3,-62.80611572248051,0.0,0.1646698758131132,2.504570439838119,0.1181942296244016,0.2111455220018248,1.115287320048814,2.504570439838119
Cold start no gate,138,109600,110400,800,-4.989163697719928,-3991.330958175942,-4.989163697719928,-3991.330958175942,0.0,0.0,18,0.0225,18,0.0225,0,0.0,0,0.0,0,0,0,0,0,0,0,0,0,0,0,6,-51.80485012064088,0.0,0.1696698649613253,2.5785757312938244,0.1142287403897866,0.2251109895328641,1.0801608844980626,2.5785757312938244
Cold start no gate,139,110400,111200,800,-5.220875673360371,-4176.7005386882975,-5.220875673360371,-4176.7005386882975,0.0,0.0,11,0.01375,11,0.01375,0,0.0,0,0.0,0,0,0,0,0,0,0,0,0,0,0,3,-70.93741159805074,0.0,0.1777934379627666,2.7787674998138527,0.1183442032766551,0.2372426726488781,1.090444556754051,2.7787674998138527
Cold start no gate,140,111200,112000,800,-5.0008339290939965,-4000.667143275197,-5.0008339290939965,-4000.667143275197,0.0,0.0,14,0.0175,14,0.0175,0,0.0,0,0.0,0,0,0,0,0,0,0,0,0,0,0,4,-60.80761887386575,0.0,0.1693808952440952,2.616187456901628,0.1150093645011032,0.2237524259870872,1.074485394914034,2.616187456901628
Cold start no gate,141,112000,112800,800,-5.120523786056292,-4096.419028845034,-5.120523786056292,-4096.419028845034,0.0,0.0,13,0.01625,13,0.01625,0,0.0,0,0.0,0,0,0,0,0,0,0,0,0,0,0,3,-63.391820778355054,0.0,0.1688463934312812,2.6184912836307035,0.1192436896659251,0.2184490971966373,1.1003205770728148,2.6184912836307035
Cold start no gate,142,112800,113600,800,-5.024224565848468,-4019.379652678775,-5.024224565848468,-4019.379652678775,0.0,0.0,11,0.01375,11,0.01375,0,0.0,0,0.0,0,0,0,0,0,0,0,0,0,0,0,6,-59.41467628421174,0.0,0.1737284678460279,2.733870987700186,0.1164397572536558,0.2310171784384001,1.093096341263904,2.733870987700186
Cold start no gate,143,113600,114400,800,-5.160408648357373,-4128.326918685898,-5.160408648357373,-4128.326918685898,0.0,0.0,9,0.01125,9,0.01125,0,0.0,0,0.0,0,0,0,0,0,0,0,0,0,0,0,5,-61.28476138910332,0.0,0.1634773442858742,2.4979080429752685,0.1194219472024546,0.2075327413692937,1.0924218504049803,2.4979080429752685
Cold start no gate,144,114400,115200,800,-4.983156478814027,-3986.5251830512216,-4.983156478814027,-3986.5251830512216,0.0,0.0,10,0.0125,10,0.0125,0,0.0,0,0.0,0,0,0,0,0,0,0,0,0,0,0,5,-65.58802612917714,0.0,0.1699188752344364,2.6886846411725287,0.1148510552465503,0.2249866952223224,1.0613878855221253,2.6886846411725287
Cold start no gate,145,115200,116000,800,-5.010589268555356,-4008.471414844285,-5.010589268555356,-4008.471414844285,0.0,0.0,12,0.015,12,0.015,0,0.0,0,0.0,0,0,0,0,0,0,0,0,0,0,0,5,-66.09123283667691,0.0,0.1663093566172944,2.596802486351578,0.1174454446145121,0.2151732686200766,1.0913283853117275,2.596802486351578
Cold start no gate,146,116000,116800,800,-5.035172594979731,-4028.138075983785,-5.035172594979731,-4028.138075983785,0.0,0.0,17,0.02125,17,0.02125,0,0.0,0,0.0,0,0,0,0,0,0,0,0,0,0,0,5,-63.54144975735551,0.0,0.1644302577925737,2.66116131460268,0.1172784970729588,0.2115820185121885,1.0920276281566377,2.66116131460268
Cold start no gate,147,116800,117600,800,-4.992909383056396,-3994.327506445116,-4.992909383056396,-3994.327506445116,0.0,0.0,6,0.0075,6,0.0075,0,0.0,0,0.0,0,0,0,0,0,0,0,0,0,0,0,4,-59.55347174465544,0.0,0.1725274016911498,2.602633543007016,0.1162427580048153,0.2288120453774844,1.0961671883514774,2.602633543007016
Cold start no gate,148,117600,118400,800,-4.946742777064722,-3957.394221651778,-4.946742777064722,-3957.394221651778,0.0,0.0,13,0.01625,13,0.01625,0,0.0,0,0.0,0,0,0,0,0,0,0,0,0,0,0,5,-62.64424482891775,0.0,0.1686669811054615,2.646296016083852,0.1171781817653923,0.2201557804455307,1.0989684710840808,2.646296016083852
Cold start no gate,149,118400,119200,800,-4.846909743848606,-3877.527795078885,-4.846909743848606,-3877.527795078885,0.0,0.0,18,0.0225,18,0.0225,0,0.0,0,0.0,0,0,0,0,0,0,0,0,0,0,0,4,-63.64872844034903,0.0,0.1680116038764101,2.692419414840004,0.1130863982429552,0.222936809509865,1.0737917185900012,2.692419414840004
Cold start no gate,150,119200,120000,800,-4.838384899577145,-3870.707919661716,-4.838384899577145,-3870.707919661716,0.0,0.0,12,0.015,12,0.015,0,0.0,0,0.0,0,0,0,0,0,0,0,0,0,0,0,6,-63.08619357823352,0.0,0.1606396707319866,2.389689816378052,0.1150083127445152,0.206271028719458,1.096141251984335,2.389689816378052
Cold start no gate,151,120000,120800,800,-4.805239316049771,-3844.191452839817,-4.805239316049771,-3844.191452839817,0.0,0.0,8,0.01,8,0.01,0,0.0,0,0.0,0,0,0,0,0,0,0,0,0,0,0,6,-58.06718489033733,0.0,0.168039009634726,2.697643685732544,0.11363718534889,0.2224408339205621,1.068506177019645,2.697643685732544
Cold start no gate,152,120800,121600,800,-4.81660276022279,-3853.282208178232,-4.81660276022279,-3853.282208178232,0.0,0.0,7,0.00875,7,0.00875,0,0.0,0,0.0,0,0,0,0,0,0,0,0,0,0,0,4,-71.15880438910335,0.0,0.1687699692574395,2.60351033374576,0.1146755108699171,0.2228644276449619,1.0812092235597288,2.60351033374576
Cold start no gate,153,121600,122400,800,-4.725588456783347,-3780.4707654266776,-4.725588456783347,-3780.4707654266776,0.0,0.0,16,0.02,16,0.02,0,0.0,0,0.0,0,0,0,0,0,0,0,0,0,0,0,4,-60.61943706109196,0.0,0.1714745394007497,2.870366036471125,0.1133877361786249,0.2295613426228746,1.0655571876482202,2.870366036471125
Cold start no gate,154,122400,123200,800,-5.038553000426601,-4030.842400341281,-5.038553000426601,-4030.842400341281,0.0,0.0,12,0.015,12,0.015,0,0.0,0,0.0,0,0,0,0,0,0,0,0,0,0,0,6,-61.43582967811369,0.0,0.1634740105914676,2.415737149122265,0.1184998560183926,0.2084481651645426,1.0996630177383877,2.415737149122265
Cold start no gate,155,123200,124000,800,-4.774462259395464,-3819.569807516371,-4.774462259395464,-3819.569807516371,0.0,0.0,12,0.015,12,0.015,0,0.0,0,0.0,0,0,0,0,0,0,0,0,0,0,0,6,-64.34705523459161,0.0,0.1667247440492517,2.6403584442422243,0.1139059748264344,0.219543513272069,1.0644456259865471,2.6403584442422243
Cold start no gate,156,124000,124800,800,-4.9686237751577655,-3974.899020126212,-4.9686237751577655,-3974.899020126212,0.0,0.0,7,0.00875,7,0.00875,0,0.0,0,0.0,0,0,0,0,0,0,0,0,0,0,0,5,-63.08768310624544,0.0,0.1668578260520652,2.6356809942109862,0.1178989057606053,0.2158167463435251,1.0968181150210945,2.6356809942109862
Cold start no gate,157,124800,125600,800,-4.872783534531465,-3898.226827625173,-4.872783534531465,-3898.226827625173,0.0,0.0,7,0.00875,7,0.00875,0,0.0,0,0.0,0,0,0,0,0,0,0,0,0,0,0,4,-69.72251719592862,0.0,0.1655618645237937,2.595742100003065,0.1158185942193639,0.2153051348282234,1.091257031717841,2.595742100003065
Cold start no gate,158,125600,126400,800,-4.949335022346144,-3959.468017876915,-4.949335022346144,-3959.468017876915,0.0,0.0,9,0.01125,9,0.01125,0,0.0,0,0.0,0,0,0,0,0,0,0,0,0,0,0,5,-62.86859537928501,0.0,0.1715148551954603,2.618010959612036,0.1169120741067645,0.226117636284156,1.0886014205518646,2.618010959612036
Cold start no gate,159,126400,127200,800,-4.846471013294688,-3877.1768106357504,-4.846471013294688,-3877.1768106357504,0.0,0.0,10,0.0125,10,0.0125,0,0.0,0,0.0,0,0,0,0,0,0,0,0,0,0,0,4,-68.69331289617708,0.0,0.1691093449332927,2.639409644437194,0.1148763880482637,0.2233423018183216,1.0690974099820276,2.639409644437194
Cold start no gate,160,127200,128000,800,-4.703464801718017,-3762.771841374413,-4.703464801718017,-3762.771841374413,0.0,0.0,7,0.00875,7,0.00875,0,0.0,0,0.0,0,0,0,0,0,0,0,0,0,0,0,4,-61.69689732538575,0.0,0.1603770223471257,2.570879486350748,0.1149570518674923,0.2057969928267591,1.1051955777989133,2.570879486350748
Cold start no gate,161,128000,128800,800,-4.920927964484475,-3936.74237158758,-4.920927964484475,-3936.74237158758,0.0,0.0,7,0.00875,7,0.00875,0,0.0,0,0.0,0,0,0,0,0,0,0,0,0,0,0,5,-70.07056953700419,0.0,0.1687812739179795,2.636268144987582,0.117793208625542,0.219769339210417,1.1054286358282952,2.636268144987582
Cold start no gate,162,128800,129600,800,-4.445652158885043,-3556.5217271080346,-4.445652158885043,-3556.5217271080346,0.0,0.0,8,0.01,8,0.01,0,0.0,0,0.0,0,0,0,0,0,0,0,0,0,0,0,4,-61.28550115994904,0.0,0.1593271508419793,2.518436872128916,0.1107690973074205,0.207885204376538,1.0650695036482345,2.518436872128916
Cold start no gate,163,129600,130400,800,-4.648472324022037,-3718.777859217629,-4.648472324022037,-3718.777859217629,0.0,0.0,11,0.01375,11,0.01375,0,0.0,0,0.0,0,0,0,0,0,0,0,0,0,0,0,4,-62.31300077268884,0.0,0.1630647493351344,2.449644042399484,0.1147882497777536,0.2113412488925151,1.0959407174824838,2.449644042399484
Cold start no gate,164,130400,131200,800,-4.602376994949271,-3681.901595959417,-4.602376994949271,-3681.901595959417,0.0,0.0,7,0.00875,7,0.00875,0,0.0,0,0.0,0,0,0,0,0,0,0,0,0,0,0,3,-62.71480349286821,0.0,0.1633212331610921,2.538182776191149,0.1134467778516082,0.213195688470576,1.073573967125974,2.538182776191149
Cold start no gate,165,131200,132000,800,-4.65629559462502,-3725.0364757000166,-4.65629559462502,-3725.0364757000166,0.0,0.0,10,0.0125,10,0.0125,0,0.0,0,0.0,0,0,0,0,0,0,0,0,0,0,0,4,-64.46991419343783,0.0,0.1653997689086133,2.661292899520447,0.1136276705181408,0.2171718672990857,1.0724501239859117,2.661292899520447
Cold start no gate,166,132000,132800,800,-4.710469555428046,-3768.375644342436,-4.710469555428046,-3768.375644342436,0.0,0.0,6,0.0075,6,0.0075,0,0.0,0,0.0,0,0,0,0,0,0,0,0,0,0,0,4,-62.0697839892722,0.0,0.1652193343710813,2.631271706787629,0.1151674221042034,0.2152712466379593,1.0876234449578015,2.631271706787629
Cold start no gate,167,132800,133600,800,-4.858040463316366,-3886.4323706530927,-4.858040463316366,-3886.4323706530927,0.0,0.0,8,0.01,8,0.01,0,0.0,0,0.0,0,0,0,0,0,0,0,0,0,0,0,4,-67.46412061191381,0.0,0.1665342177051773,2.6080156854397387,0.1168873560637207,0.2161810793466339,1.0830700709336476,2.6080156854397387
Cold start no gate,168,133600,134400,800,-4.700133895555386,-3760.107116444309,-4.700133895555386,-3760.107116444309,0.0,0.0,6,0.0075,6,0.0075,0,0.0,0,0.0,0,0,0,0,0,0,0,0,0,0,0,4,-72.12399149756152,0.0,0.1662530160040524,2.619010436566043,0.1149712765862036,0.2175347554219011,1.0821543114166643,2.619010436566043
Cold start no gate,169,134400,135200,800,-4.792133919360441,-3833.707135488353,-4.792133919360441,-3833.707135488353,0.0,0.0,9,0.01125,9,0.01125,0,0.0,0,0.0,0,0,0,0,0,0,0,0,0,0,0,5,-66.02781602767504,0.0,0.1655140699316722,2.623001222410551,0.117387644745264,0.2136404951180804,1.1085848496098207,2.623001222410551
Cold start no gate,170,135200,136000,800,-4.618207929920901,-3694.566343936721,-4.618207929920901,-3694.566343936721,0.0,0.0,10,0.0125,10,0.0125,0,0.0,0,0.0,0,0,0,0,0,0,0,0,0,0,0,5,-62.56476320980869,0.0,0.1611888831750993,2.565409043060754,0.114123043074156,0.2082547232760427,1.0780609872132874,2.565409043060754
Cold start no gate,171,136000,136800,800,-4.730672329564098,-3784.537863651279,-4.730672329564098,-3784.537863651279,0.0,0.0,6,0.0075,6,0.0075,0,0.0,0,0.0,0,0,0,0,0,0,0,0,0,0,0,4,-68.47974275001206,0.0,0.158832251975069,2.5193498046451737,0.1167929751540775,0.2008715287960604,1.0915189233173792,2.5193498046451737
Cold start no gate,172,136800,137600,800,-4.681093747361078,-3744.874997888862,-4.681093747361078,-3744.874997888862,0.0,0.0,14,0.0175,14,0.0175,0,0.0,0,0.0,0,0,0,0,0,0,0,0,0,0,0,5,-66.99243226105773,0.0,0.1669756339023731,2.638303113548318,0.1149844669168826,0.2189668008878635,1.0808165644210237,2.638303113548318
Cold start no gate,173,137600,138400,800,-4.732808782243401,-3786.2470257947207,-4.732808782243401,-3786.2470257947207,0.0,0.0,6,0.0075,6,0.0075,0,0.0,0,0.0,0,0,0,0,0,0,0,0,0,0,0,5,-66.76337140409146,0.0,0.1666138219813726,2.635695152459391,0.1153589475447938,0.2178686964179514,1.0823060375526414,2.635695152459391
Cold start no gate,174,138400,139200,800,-4.636684412794256,-3709.347530235405,-4.636684412794256,-3709.347530235405,0.0,0.0,7,0.00875,7,0.00875,0,0.0,0,0.0,0,0,0,0,0,0,0,0,0,0,0,6,-68.51528185226255,0.0,0.163435399275874,2.580248360065184,0.1151256003671194,0.2117451981846286,1.0774712349186406,2.580248360065184
Cold start no gate,175,139200,140000,800,-4.5608916930441765,-3648.713354435341,-4.5608916930441765,-3648.713354435341,0.0,0.0,6,0.0075,6,0.0075,0,0.0,0,0.0,0,0,0,0,0,0,0,0,0,0,0,4,-58.98384847059526,0.0,0.1618672659989032,2.577538435129327,0.1146095558987721,0.2091249760990343,1.087477206679372,2.577538435129327
Cold start no gate,176,140000,140800,800,-4.62722787325494,-3701.782298603952,-4.62722787325494,-3701.782298603952,0.0,0.0,6,0.0075,6,0.0075,0,0.0,0,0.0,0,0,0,0,0,0,0,0,0,0,0,4,-64.05908685439408,0.0,0.1590164971472019,2.557378831221399,0.1166183215989001,0.2014146726955036,1.108418021560222,2.557378831221399
Cold start no gate,177,140800,141600,800,-4.669732725663087,-3735.7861805304697,-4.669732725663087,-3735.7861805304697,0.0,0.0,7,0.00875,7,0.00875,0,0.0,0,0.0,0,0,0,0,0,0,0,0,0,0,0,4,-62.848449080879845,0.0,0.1600718600006503,2.492346999688607,0.1168845237619212,0.2032591962393794,1.0987638217568363,2.492346999688607
Cold start no gate,178,141600,142400,800,-4.557824202006652,-3646.259361605321,-4.557824202006652,-3646.259361605321,0.0,0.0,6,0.0075,6,0.0075,0,0.0,0,0.0,0,0,0,0,0,0,0,0,0,0,0,4,-63.81595131653057,0.0,0.1645834440409753,2.583618217717799,0.1132499024939949,0.2159169855879557,1.0743693202971678,2.583618217717799
Cold start no gate,179,142400,143200,800,-4.569491901639034,-3655.593521311227,-4.569491901639034,-3655.593521311227,0.0,0.0,7,0.00875,7,0.00875,0,0.0,0,0.0,0,0,0,0,0,0,0,0,0,0,0,4,-67.46908631177189,0.0,0.1636673939450769,2.578017478442973,0.1146041847943938,0.21273060309576,1.0793053833218995,2.578017478442973
Cold start no gate,180,143200,144000,800,-4.498317276821997,-3598.653821457598,-4.498317276821997,-3598.653821457598,0.0,0.0,7,0.00875,7,0.00875,0,0.0,0,0.0,0,0,0,0,0,0,0,0,0,0,0,4,-64.53666861077534,0.0,0.1615850356375935,2.590903412076159,0.1138643368018376,0.2093057344733494,1.0807440614116293,2.590903412076159
Cold start no gate,181,144000,144800,800,-4.604181547639104,-3683.345238111283,-4.604181547639104,-3683.345238111283,0.0,0.0,7,0.00875,7,0.00875,0,0.0,0,0.0,0,0,0,0,0,0,0,0,0,0,0,5,-64.09931692789576,0.0,0.1658835096634078,2.654226134693033,0.1153685365630305,0.2163984827637851,1.0813863266850094,2.654226134693033
Cold start no gate,182,144800,145600,800,-4.832032857306512,-3865.6262858452096,-4.832032857306512,-3865.6262858452096,0.0,0.0,12,0.015,12,0.015,0,0.0,0,0.0,0,0,0,0,0,0,0,0,0,0,0,4,-62.56554234020507,0.0,0.1661764628281578,2.585027560385868,0.1189873673626289,0.2133655582936867,1.104359306175255,2.585027560385868
Cold start no gate,183,145600,146400,800,-4.701761828038495,-3761.409462430796,-4.701761828038495,-3761.409462430796,0.0,0.0,9,0.01125,9,0.01125,0,0.0,0,0.0,0,0,0,0,0,0,0,0,0,0,0,4,-65.27253012226527,0.0,0.1671338132259135,2.630913327162091,0.1162802407535414,0.2179873856982856,1.1001083330130093,2.630913327162091
Cold start no gate,184,146400,147200,800,-4.481141957046416,-3584.9135656371327,-4.481141957046416,-3584.9135656371327,0.0,0.0,12,0.015,12,0.015,0,0.0,0,0.0,0,0,0,0,0,0,0,0,0,0,0,3,-61.557355066359946,0.0,0.1599517156694329,2.4528138583157784,0.1140487155125797,0.2058547158262861,1.0785873316953327,2.4528138583157784
Cold start no gate,185,147200,148000,800,-4.297855599439982,-3438.284479551986,-4.297855599439982,-3438.284479551986,0.0,0.0,9,0.01125,9,0.01125,0,0.0,0,0.0,0,0,0,0,0,0,0,0,0,0,0,3,-63.45600384431782,0.0,0.1583073023115213,2.530472330153032,0.1116867231579453,0.2049278814650972,1.079830113531164,2.530472330153032
Cold start no gate,186,148000,148800,800,-4.504089987904289,-3603.271990323431,-4.504089987904289,-3603.271990323431,0.0,0.0,7,0.00875,7,0.00875,0,0.0,0,0.0,0,0,0,0,0,0,0,0,0,0,0,4,-63.250941326290445,0.0,0.1653045324053011,2.6871606901262908,0.1147619857917698,0.2158470790188325,1.086615537211188,2.6871606901262908
Cold start no gate,187,148800,149600,800,-4.472106792124869,-3577.685433699895,-4.472106792124869,-3577.685433699895,0.0,0.0,13,0.01625,13,0.01625,0,0.0,0,0.0,0,0,0,0,0,0,0,0,0,0,0,4,-62.40044673873194,0.0,0.1603696837595445,2.5746522906266023,0.11393639189207,0.206802975627019,1.0768831409162858,2.5746522906266023
Cold start no gate,188,149600,150400,800,-4.471822061632086,-3577.4576493056684,-4.471822061632086,-3577.4576493056684,0.0,0.0,9,0.01125,9,0.01125,0,0.0,0,0.0,0,0,0,0,0,0,0,0,0,0,0,4,-59.73471651855573,0.0,0.1622886641547387,2.561636209146627,0.11456245631482,0.2100148719946574,1.0847711161605065,2.561636209146627
Cold start no gate,189,150400,151200,800,-4.416168954530181,-3532.9351636241445,-4.416168954530181,-3532.9351636241445,0.0,0.0,5,0.00625,5,0.00625,0,0.0,0,0.0,0,0,0,0,0,0,0,0,0,0,0,4,-63.33778563856697,0.0,0.1597948696188086,2.648459438177838,0.1137860364176581,0.2058037028199591,1.0821206736892417,2.648459438177838
Cold start no gate,190,151200,152000,800,-4.594326816299672,-3675.4614530397375,-4.594326816299672,-3675.4614530397375,0.0,0.0,9,0.01125,9,0.01125,0,0.0,0,0.0,0,0,0,0,0,0,0,0,0,0,0,4,-57.83953461502222,0.0,0.1612738604373224,2.631224329416,0.116550683599428,0.2059970372752168,1.0984175810381864,2.631224329416
Cold start no gate,191,152000,152800,800,-4.388634958907852,-3510.907967126281,-4.388634958907852,-3510.907967126281,0.0,0.0,10,0.0125,10,0.0125,0,0.0,0,0.0,0,0,0,0,0,0,0,0,0,0,0,5,-63.90548683261841,0.0,0.1613524545897036,2.5163199986193945,0.1133467984279227,0.2093581107514846,1.0719296732140635,2.5163199986193945
Cold start no gate,192,152800,153600,800,-4.4815569489452,-3585.24555915616,-4.4815569489452,-3585.24555915616,0.0,0.0,10,0.0125,10,0.0125,0,0.0,0,0.0,0,0,0,0,0,0,0,0,0,0,0,4,-58.49464966554933,0.0,0.1618198900737134,2.640537967418368,0.1142006051661303,0.2094391749812964,1.073533463908277,2.640537967418368
Cold start no gate,193,153600,154400,800,-4.408426371612093,-3526.741097289674,-4.408426371612093,-3526.741097289674,0.0,0.0,8,0.01,8,0.01,0,0.0,0,0.0,0,0,0,0,0,0,0,0,0,0,0,4,-60.8227708663394,0.0,0.162405093465301,2.678872221924678,0.113300758670985,0.2115094282596169,1.0833302267235942,2.678872221924678
Cold start no gate,194,154400,155200,800,-4.458849130375401,-3567.0793043003205,-4.458849130375401,-3567.0793043003205,0.0,0.0,11,0.01375,11,0.01375,0,0.0,0,0.0,0,0,0,0,0,0,0,0,0,0,0,4,-63.64669292776796,0.0,0.1588570779349191,2.533281210232019,0.1148085600397244,0.2029055958301138,1.0850854484801702,2.533281210232019
Cold start no gate,195,155200,156000,800,-4.464255762583344,-3571.404610066674,-4.464255762583344,-3571.404610066674,0.0,0.0,7,0.00875,7,0.00875,0,0.0,0,0.0,0,0,0,0,0,0,0,0,0,0,0,6,-65.27496379444506,0.0,0.1622757183028881,2.5491656201972432,0.1145400802184714,0.2100113563873048,1.0832809196650843,2.5491656201972432
Cold start no gate,196,156000,156800,800,-4.329275725600397,-3463.4205804803173,-4.329275725600397,-3463.4205804803173,0.0,0.0,9,0.01125,9,0.01125,0,0.0,0,0.0,0,0,0,0,0,0,0,0,0,0,0,5,-62.685323006850126,0.0,0.1605169677774182,2.533433643755984,0.1126919730606552,0.2083419624941811,1.0698111494341274,2.533433643755984
Cold start no gate,197,156800,157600,800,-4.321818276416657,-3457.4546211333254,-4.321818276416657,-3457.4546211333254,0.0,0.0,12,0.015,12,0.015,0,0.0,0,0.0,0,0,0,0,0,0,0,0,0,0,0,4,-63.75891372920262,0.0,0.1600346459511311,2.5516865731119083,0.1131120614740587,0.2069572304282035,1.084252426835708,2.5516865731119083
Cold start no gate,198,157600,158400,800,-4.344759510603207,-3475.807608482565,-4.344759510603207,-3475.807608482565,0.0,0.0,6,0.0075,6,0.0075,0,0.0,0,0.0,0,0,0,0,0,0,0,0,0,0,0,5,-62.13656165441455,0.0,0.1624089774847017,2.612877590959158,0.1131575820776915,0.2116603728917119,1.07763789278326,2.612877590959158
Cold start no gate,199,158400,159200,800,-4.372141633809042,-3497.7133070472337,-4.372141633809042,-3497.7133070472337,0.0,0.0,9,0.01125,9,0.01125,0,0.0,0,0.0,0,0,0,0,0,0,0,0,0,0,0,6,-63.70479522210701,0.0,0.1612325398289421,2.6591380515910146,0.1133018546350145,0.2091632250228697,1.069072356903145,2.6591380515910146
Cold start no gate,200,159200,160000,800,-4.395924152126561,-3516.7393217012486,-4.395924152126561,-3516.7393217012486,0.0,0.0,14,0.0175,14,0.0175,0,0.0,0,0.0,0,0,0,0,0,0,0,0,0,0,0,5,-60.92131816821086,0.0,0.1585191625304116,2.5675214450891986,0.1144726721930302,0.2025656528677931,1.079637286975926,2.5675214450891986
Cold start no gate,201,160000,160800,800,-4.236930536429586,-3389.544429143669,-4.236930536429586,-3389.544429143669,0.0,0.0,10,0.0125,10,0.0125,0,0.0,0,0.0,0,0,0,0,0,0,0,0,0,0,0,5,-64.39880237656018,0.0,0.1542368726966281,2.4909725486543834,0.1129466923603333,0.1955270530329229,1.0688964582644256,2.4909725486543834
Cold start no gate,202,160800,161600,800,-4.367026369366971,-3493.6210954935764,-4.367026369366971,-3493.6210954935764,0.0,0.0,7,0.00875,7,0.00875,0,0.0,0,0.0,0,0,0,0,0,0,0,0,0,0,0,4,-65.91433177029444,0.0,0.1604085095469503,2.6236166404140704,0.1139927667879258,0.2068242523059748,1.0740705428219006,2.6236166404140704
Cold start no gate,203,161600,162400,800,-4.336582347624821,-3469.265878099857,-4.336582347624821,-3469.265878099857,0.0,0.0,9,0.01125,9,0.01125,0,0.0,0,0.0,0,0,0,0,0,0,0,0,0,0,0,5,-63.49579575073517,0.0,0.1583238432732206,2.597629730341737,0.1140428796808508,0.2026048068655904,1.079716533761427,2.597629730341737
Cold start no gate,204,162400,163200,800,-4.340650647882675,-3472.52051830614,-4.340650647882675,-3472.52051830614,0.0,0.0,8,0.01,8,0.01,0,0.0,0,0.0,0,0,0,0,0,0,0,0,0,0,0,4,-62.796640393139455,0.0,0.1562576404994319,2.560417113882977,0.1142717917833777,0.1982434892154861,1.080107666124325,2.560417113882977
Cold start no gate,205,163200,164000,800,-4.247934832826473,-3398.3478662611788,-4.247934832826473,-3398.3478662611788,0.0,0.0,10,0.0125,10,0.0125,0,0.0,0,0.0,0,0,0,0,0,0,0,0,0,0,0,5,-60.69164016261493,0.0,0.1576053298662127,2.534295067195444,0.112225309611411,0.2029853501210144,1.076514497630598,2.534295067195444
Cold start no gate,206,164000,164800,800,-4.365235395332067,-3492.1883162656536,-4.365235395332067,-3492.1883162656536,0.0,0.0,14,0.0175,14,0.0175,0,0.0,0,0.0,0,0,0,0,0,0,0,0,0,0,0,4,-63.14934766141869,0.0,0.162138082180316,2.670409128302879,0.1137796781656882,0.2104964861949437,1.068547917036176,2.670409128302879
Cold start no gate,207,164800,165600,800,-4.3269081776966605,-3461.526542157328,-4.3269081776966605,-3461.526542157328,0.0,0.0,7,0.00875,7,0.00875,0,0.0,0,0.0,0,0,0,0,0,0,0,0,0,0,0,3,-61.53683839327721,0.0,0.1591803541365992,2.5869192819257023,0.1137682861343378,0.2045924221388605,1.0867165708405833,2.5869192819257023
Cold start no gate,208,165600,166400,800,-4.297437998416528,-3437.950398733222,-4.297437998416528,-3437.950398733222,0.0,0.0,6,0.0075,6,0.0075,0,0.0,0,0.0,0,0,0,0,0,0,0,0,0,0,0,4,-63.4565453707786,0.0,0.1589671737270682,2.540217073182077,0.1136347829082721,0.2042995645458643,1.0870803281418202,2.540217073182077
Cold start no gate,209,166400,167200,800,-4.424433391878581,-3539.5467135028643,-4.424433391878581,-3539.5467135028643,0.0,0.0,7,0.00875,7,0.00875,0,0.0,0,0.0,0,0,0,0,0,0,0,0,0,0,0,4,-61.79758917495815,0.0,0.1599793316888164,2.629877131764772,0.1154663616848237,0.2044923016928091,1.0857444893617676,2.629877131764772
Cold start no gate,210,167200,168000,800,-4.252959092995131,-3402.367274396105,-4.252959092995131,-3402.367274396105,0.0,0.0,10,0.0125,10,0.0125,0,0.0,0,0.0,0,0,0,0,0,0,0,0,0,0,0,5,-61.51693308314202,0.0,0.1595087350862056,2.6645324758908373,0.1130313615659676,0.2059861086064436,1.078432544184912,2.6645324758908373
Cold start no gate,211,168000,168800,800,-4.347617159754501,-3478.093727803601,-4.347617159754501,-3478.093727803601,0.0,0.0,14,0.0175,14,0.0175,0,0.0,0,0.0,0,0,0,0,0,0,0,0,0,0,0,5,-65.40545002126476,0.0,0.1594105948660177,2.5741997145291293,0.1145985765750272,0.2042226131570082,1.0876933789992167,2.5741997145291293
Cold start no gate,212,168800,169600,800,-4.42095651938269,-3536.765215506152,-4.42095651938269,-3536.765215506152,0.0,0.0,11,0.01375,11,0.01375,0,0.0,0,0.0,0,0,0,0,0,0,0,0,0,0,0,5,-67.89848854936724,0.0,0.1614917617333938,2.602970429596894,0.1156288832112238,0.2073546402555637,1.0860672117269066,2.602970429596894
Cold start no gate,213,169600,170400,800,-4.423573805700671,-3538.859044560537,-4.423573805700671,-3538.859044560537,0.0,0.0,12,0.015,12,0.015,0,0.0,0,0.0,0,0,0,0,0,0,0,0,0,0,0,5,-64.6317008845624,0.0,0.1594630415684553,2.504489855697443,0.1160354288606097,0.2028906542763009,1.0885711413441923,2.504489855697443
Cold start no gate,214,170400,171200,800,-4.42064248246649,-3536.513985973192,-4.42064248246649,-3536.513985973192,0.0,0.0,10,0.0125,10,0.0125,0,0.0,0,0.0,0,0,0,0,0,0,0,0,0,0,0,6,-62.56462546502621,0.0,0.1589864709681292,2.556877077864556,0.1168782694658368,0.2010946724704216,1.1041963400033867,2.556877077864556
Cold start no gate,215,171200,172000,800,-4.273523289222328,-3418.8186313778624,-4.273523289222328,-3418.8186313778624,0.0,0.0,10,0.0125,10,0.0125,0,0.0,0,0.0,0,0,0,0,0,0,0,0,0,0,0,5,-62.89828638263839,0.0,0.1601140810258786,2.612789174883289,0.1142040546909262,0.2060241073608311,1.0793248566350808,2.612789174883289
Cold start no gate,216,172000,172800,800,-4.349144628430293,-3479.315702744234,-4.349144628430293,-3479.315702744234,0.0,0.0,7,0.00875,7,0.00875,0,0.0,0,0.0,0,0,0,0,0,0,0,0,0,0,0,5,-62.23342409362374,0.0,0.1598557725047269,2.5622826397471954,0.1151393172358265,0.2045722277736272,1.0853572069658235,2.5622826397471954
Cold start no gate,217,172800,173600,800,-4.222917842840181,-3378.3342742721443,-4.222917842840181,-3378.3342742721443,0.0,0.0,12,0.015,12,0.015,0,0.0,0,0.0,0,0,0,0,0,0,0,0,0,0,0,4,-64.55712522098952,0.0,0.1593932540125635,2.58939523238979,0.1129469040440934,0.2058396039810337,1.073146415763881,2.58939523238979
Cold start no gate,218,173600,174400,800,-4.31301653254314,-3450.4132260345123,-4.31301653254314,-3450.4132260345123,0.0,0.0,9,0.01125,9,0.01125,0,0.0,0,0.0,0,0,0,0,0,0,0,0,0,0,0,7,-64.89320201569478,0.0,0.1583591617713395,2.6011400434916823,0.1150089375947791,0.2017093859478998,1.086324942069258,2.6011400434916823
Cold start no gate,219,174400,175200,800,-4.301109375034737,-3440.887500027789,-4.301109375034737,-3440.887500027789,0.0,0.0,9,0.01125,9,0.01125,0,0.0,0,0.0,0,0,0,0,0,0,0,0,0,0,0,4,-64.98305411733054,0.0,0.1587167333808889,2.5558492905000776,0.1146252741480376,0.2028081926137403,1.0903429780075808,2.5558492905000776
Cold start no gate,220,175200,176000,800,-4.228630159562626,-3382.904127650101,-4.228630159562626,-3382.904127650101,0.0,0.0,9,0.01125,9,0.01125,0,0.0,0,0.0,0,0,0,0,0,0,0,0,0,0,0,6,-63.715812125828734,0.0,0.1575112420070402,2.5335541669489885,0.1139222462445106,0.2011002377695699,1.0870057136164295,2.5335541669489885
Cold start no gate,221,176000,176800,800,-4.291836579260531,-3433.469263408425,-4.291836579260531,-3433.469263408425,0.0,0.0,12,0.015,12,0.015,0,0.0,0,0.0,0,0,0,0,0,0,0,0,0,0,0,5,-65.582535494372,0.0,0.1593776688379482,2.5894944405150118,0.1145176312530612,0.2042377064228352,1.0879929701880733,2.5894944405150118
Cold start no gate,222,176800,177600,800,-4.271879533468845,-3417.503626775076,-4.271879533468845,-3417.503626775076,0.0,0.0,8,0.01,8,0.01,0,0.0,0,0.0,0,0,0,0,0,0,0,0,0,0,0,5,-65.64226408865318,0.0,0.1576101331868944,2.539038669353431,0.114611228165453,0.2006090382083359,1.0817888719223676,2.539038669353431
Cold start no gate,223,177600,178400,800,-4.220183109134238,-3376.1464873073905,-4.220183109134238,-3376.1464873073905,0.0,0.0,8,0.01,8,0.01,0,0.0,0,0.0,0,0,0,0,0,0,0,0,0,0,0,4,-63.479197267649965,0.0,0.1579069453033977,2.52915811979301,0.1136693351097692,0.2021445554970262,1.077477108034675,2.52915811979301
Cold start no gate,224,178400,179200,800,-4.273677978846182,-3418.9423830769456,-4.273677978846182,-3418.9423830769456,0.0,0.0,7,0.00875,7,0.00875,0,0.0,0,0.0,0,0,0,0,0,0,0,0,0,0,0,5,-64.36195170178894,0.0,0.1570060434915622,2.492910536848683,0.1144481472530126,0.1995639397301117,1.077195524322804,2.492910536848683
Cold start no gate,225,179200,180000,800,-4.275083866747918,-3420.0670933983347,-4.275083866747918,-3420.0670933983347,0.0,0.0,7,0.00875,7,0.00875,0,0.0,0,0.0,0,0,0,0,0,0,0,0,0,0,0,6,-66.42571607180162,0.0,0.1587544988544727,2.587068409099288,0.1148878407643504,0.2026211569445949,1.099348243110685,2.587068409099288
Cold start no gate,226,180000,180800,800,-4.357471818186776,-3485.977454549421,-4.357471818186776,-3485.977454549421,0.0,0.0,5,0.00625,5,0.00625,0,0.0,0,0.0,0,0,0,0,0,0,0,0,0,0,0,4,-62.50981238087286,0.0,0.160596793573169,2.601154620983891,0.115722972106327,0.2054706150400111,1.0930313342931377,2.601154620983891
Cold start no gate,227,180800,181600,800,-4.187193318556406,-3349.7546548451246,-4.187193318556406,-3349.7546548451246,0.0,0.0,10,0.0125,10,0.0125,0,0.0,0,0.0,0,0,0,0,0,0,0,0,0,0,0,6,-63.95359500822656,0.0,0.1573671485510797,2.587783875082721,0.114201137656293,0.2005331594458664,1.09009921677703,2.587783875082721
Cold start no gate,228,181600,182400,800,-4.133831727838103,-3307.0653822704817,-4.133831727838103,-3307.0653822704817,0.0,0.0,9,0.01125,9,0.01125,0,0.0,0,0.0,0,0,0,0,0,0,0,0,0,0,0,5,-65.81198975694122,0.0,0.1582607707998986,2.635363793170825,0.1125705917138846,0.2039509498859125,1.0707350646685732,2.635363793170825
Cold start no gate,229,182400,183200,800,-4.142771695545506,-3314.2173564364048,-4.142771695545506,-3314.2173564364048,0.0,0.0,9,0.01125,9,0.01125,0,0.0,0,0.0,0,0,0,0,0,0,0,0,0,0,0,3,-67.57796016806697,0.0,0.1578004837849765,2.585710743323034,0.112802713385345,0.2027982541846079,1.0789876708401835,2.585710743323034
Cold start no gate,230,183200,184000,800,-4.127247583850995,-3301.798067080796,-4.127247583850995,-3301.798067080796,0.0,0.0,11,0.01375,11,0.01375,0,0.0,0,0.0,0,0,0,0,0,0,0,0,0,0,0,5,-62.84215152355205,0.0,0.1577624058113672,2.6162751591375013,0.1129792688132248,0.2025455428095096,1.07829243194237,2.6162751591375013
Cold start no gate,231,184000,184800,800,-4.241396821107205,-3393.117456885764,-4.241396821107205,-3393.117456885764,0.0,0.0,9,0.01125,9,0.01125,0,0.0,0,0.0,0,0,0,0,0,0,0,0,0,0,0,5,-66.2466911362186,0.0,0.1584142819889267,2.540281256251717,0.1147580371558168,0.2020705268220367,1.0816353769023457,2.540281256251717
Cold start no gate,232,184800,185600,800,-4.222791700694837,-3378.2333605558697,-4.222791700694837,-3378.2333605558697,0.0,0.0,8,0.01,8,0.01,0,0.0,0,0.0,0,0,0,0,0,0,0,0,0,0,0,3,-65.08171966570865,0.0,0.1582922004100948,2.6069541551315183,0.1143486695432045,0.2022357312769851,1.079591369385788,2.6069541551315183
Cold start no gate,233,185600,186400,800,-4.16924158511297,-3335.3932680903763,-4.16924158511297,-3335.3932680903763,0.0,0.0,6,0.0075,6,0.0075,0,0.0,0,0.0,0,0,0,0,0,0,0,0,0,0,0,4,-69.96510591495996,0.0,0.1574367596878243,2.5890572186361283,0.1142180857152985,0.2006554336603501,1.0823879482247238,2.5890572186361283
Cold start no gate,234,186400,187200,800,-4.2754070580490176,-3420.3256464392143,-4.2754070580490176,-3420.3256464392143,0.0,0.0,9,0.01125,9,0.01125,0,0.0,0,0.0,0,0,0,0,0,0,0,0,0,0,0,3,-65.17744181330522,0.0,0.1597792707504746,2.5685093050914247,0.1154704727007971,0.2040880688001521,1.094048781797245,2.5685093050914247
Cold start no gate,235,187200,188000,800,-4.201045840198399,-3360.836672158719,-4.201045840198399,-3360.836672158719,0.0,0.0,12,0.015,12,0.015,0,0.0,0,0.0,0,0,0,0,0,0,0,0,0,0,0,5,-65.97142260235046,0.0,0.1580085619966636,2.5886403252160903,0.1145011092160764,0.2015160147772508,1.0810813175687506,2.5886403252160903
Cold start no gate,236,188000,188800,800,-4.300013811421084,-3440.011049136867,-4.300013811421084,-3440.011049136867,0.0,0.0,9,0.01125,9,0.01125,0,0.0,0,0.0,0,0,0,0,0,0,0,0,0,0,0,4,-65.33306255534092,0.0,0.158850068591536,2.5301374408840616,0.115948366899446,0.2017517702836259,1.0872173101112312,2.5301374408840616
Cold start no gate,237,188800,189600,800,-4.129143179442646,-3303.3145435541164,-4.129143179442646,-3303.3145435541164,0.0,0.0,6,0.0075,6,0.0075,0,0.0,0,0.0,0,0,0,0,0,0,0,0,0,0,0,3,-65.48412203544103,0.0,0.1567223349831406,2.5451218689926804,0.11348237708007,0.1999622928862113,1.0783199873255709,2.5451218689926804
Cold start no gate,238,189600,190400,800,-4.190247244042789,-3352.1977952342318,-4.190247244042789,-3352.1977952342318,0.0,0.0,9,0.01125,9,0.01125,0,0.0,0,0.0,0,0,0,0,0,0,0,0,0,0,0,3,-66.68261302096892,0.0,0.1586836990207169,2.581770466204034,0.1144399322689637,0.2029274657724701,1.077048977553765,2.581770466204034
Cold start no gate,239,190400,191200,800,-4.148674406818003,-3318.9395254544024,-4.148674406818003,-3318.9395254544024,0.0,0.0,7,0.00875,7,0.00875,0,0.0,0,0.0,0,0,0,0,0,0,0,0,0,0,0,4,-63.67458183894598,0.0,0.1580879730387392,2.5438876575366294,0.1139618675780016,0.2022140784994769,1.0836616025953671,2.5438876575366294
Cold start no gate,240,191200,192000,800,-4.061872997790187,-3249.498398232149,-4.061872997790187,-3249.498398232149,0.0,0.0,10,0.0125,10,0.0125,0,0.0,0,0.0,0,0,0,0,0,0,0,0,0,0,0,4,-63.14159262256953,0.0,0.1553176253717761,2.5405320499734216,0.1129735822848711,0.1976616684586812,1.0687901934726471,2.5405320499734216
Cold start no gate,241,192000,192800,800,-4.145251563838271,-3316.2012510706168,-4.145251563838271,-3316.2012510706168,0.0,0.0,10,0.0125,10,0.0125,0,0.0,0,0.0,0,0,0,0,0,0,0,0,0,0,0,5,-65.45260276556758,0.0,0.1561750035941035,2.564922848775609,0.1143837687409995,0.1979662384472076,1.081785730642442,2.564922848775609
Cold start no gate,242,192800,193600,800,-4.180554065498333,-3344.443252398666,-4.180554065498333,-3344.443252398666,0.0,0.0,10,0.0125,10,0.0125,0,0.0,0,0.0,0,0,0,0,0,0,0,0,0,0,0,4,-66.38968556709426,0.0,0.1579899769636691,2.543854699515407,0.1147480052662648,0.2012319486610733,1.0930856834796183,2.543854699515407
Cold start no gate,243,193600,194400,800,-4.152929156987177,-3322.3433255897417,-4.152929156987177,-3322.3433255897417,0.0,0.0,8,0.01,8,0.01,0,0.0,0,0.0,0,0,0,0,0,0,0,0,0,0,0,3,-67.0398126340267,0.0,0.1574872580251143,2.554094816157658,0.1144744108523244,0.2005001051979042,1.0840805526432082,2.554094816157658
Cold start no gate,244,194400,195200,800,-4.119607166389723,-3295.685733111778,-4.119607166389723,-3295.685733111778,0.0,0.0,10,0.0125,10,0.0125,0,0.0,0,0.0,0,0,0,0,0,0,0,0,0,0,0,4,-68.5934110011716,0.0,0.1565633082066594,2.532210331328713,0.1138276710062917,0.1992989454070272,1.073941450231239,2.532210331328713
Cold start no gate,245,195200,196000,800,-4.174261757008692,-3339.409405606953,-4.174261757008692,-3339.409405606953,0.0,0.0,7,0.00875,7,0.00875,0,0.0,0,0.0,0,0,0,0,0,0,0,0,0,0,0,4,-69.23033831371652,0.0,0.1587396257795438,2.595706208129627,0.1144500314480876,0.203029220111,1.0832192615767675,2.595706208129627
Cold start no gate,246,196000,196800,800,-4.21104234982234,-3368.833879857872,-4.21104234982234,-3368.833879857872,0.0,0.0,7,0.00875,7,0.00875,0,0.0,0,0.0,0,0,0,0,0,0,0,0,0,0,0,3,-67.4200431305701,0.0,0.1577544658690087,2.537548047271457,0.1156912235477982,0.1998177081902192,1.0919842278818357,2.537548047271457
Cold start no gate,247,196800,197600,800,-4.179044502752886,-3343.2356022023087,-4.179044502752886,-3343.2356022023087,0.0,0.0,11,0.01375,11,0.01375,0,0.0,0,0.0,0,0,0,0,0,0,0,0,0,0,0,6,-66.07223972224608,0.0,0.1580894783704892,2.6172995936015013,0.1148710698566652,0.2013078868843132,1.0839302033728364,2.6172995936015013
Cold start no gate,248,197600,198400,800,-4.06109255840644,-3248.874046725152,-4.06109255840644,-3248.874046725152,0.0,0.0,7,0.00875,7,0.00875,0,0.0,0,0.0,0,0,0,0,0,0,0,0,0,0,0,4,-68.92641950991185,0.0,0.156608801856406,2.5409826845152,0.1129153984185906,0.2003022052942213,1.0770126140907863,2.5409826845152
Cold start no gate,249,198400,199200,800,-4.16785208764882,-3334.281670119056,-4.16785208764882,-3334.281670119056,0.0,0.0,8,0.01,8,0.01,0,0.0,0,0.0,0,0,0,0,0,0,0,0,0,0,0,4,-66.42905854634353,0.0,0.1573198166669272,2.6085960714697194,0.1151126794498722,0.1995269538839822,1.0888814775629938,2.6085960714697194
Cold start no gate,250,199200,200000,800,-4.112484662312823,-3289.987729850258,-4.112484662312823,-3289.987729850258,0.0,0.0,8,0.01,8,0.01,0,0.0,0,0.0,0,0,0,0,0,0,0,0,0,0,0,4,-67.0845461451064,0.0,0.1575267472434909,2.567651067381746,0.113765586981526,0.2012879075054558,1.083355127643983,2.567651067381746
Cold start no gate,251,200000,200800,800,-4.118190159254957,-3294.5521274039656,-4.118190159254957,-3294.5521274039656,0.0,0.0,9,0.01125,9,0.01125,0,0.0,0,0.0,0,0,0,0,0,0,0,0,0,0,0,3,-67.53432285038787,0.0,0.1584544705344147,2.5454694861597886,0.1138515906708226,0.2030573503980067,1.0845905377299905,2.5454694861597886
Cold start no gate,252,200800,201600,800,-4.059064738254444,-3247.251790603555,-4.059064738254444,-3247.251790603555,0.0,0.0,8,0.01,8,0.01,0,0.0,0,0.0,0,0,0,0,0,0,0,0,0,0,0,4,-67.45275577750431,0.0,0.157030274487408,2.542777583310908,0.1130188580449488,0.2010416909298671,1.0757480411144509,2.542777583310908
Cold start no gate,253,201600,202400,800,-4.109496631058201,-3287.597304846561,-4.109496631058201,-3287.597304846561,0.0,0.0,10,0.0125,10,0.0125,0,0.0,0,0.0,0,0,0,0,0,0,0,0,0,0,0,4,-68.38308151299032,0.0,0.1596861686651954,2.5630130915129143,0.1132141463543698,0.2061581909760211,1.0819625108530944,2.5630130915129143
Cold start no gate,254,202400,203200,800,-4.169013480493263,-3335.21078439461,-4.169013480493263,-3335.21078439461,0.0,0.0,11,0.01375,11,0.01375,0,0.0,0,0.0,0,0,0,0,0,0,0,0,0,0,0,5,-67.53964435576597,0.0,0.1581514488886265,2.5600579067502167,0.1144089376562663,0.2018939601209867,1.08709059915615,2.5600579067502167
Cold start no gate,255,203200,204000,800,-4.1179216798968605,-3294.3373439174884,-4.1179216798968605,-3294.3373439174884,0.0,0.0,9,0.01125,9,0.01125,0,0.0,0,0.0,0,0,0,0,0,0,0,0,0,0,0,5,-67.49521176147687,0.0,0.1616404214306439,2.563399595036288,0.113017910709115,0.2102629321521728,1.0802176237741707,2.563399595036288
Cold start no gate,256,204000,204800,800,-4.179204267131428,-3343.363413705142,-4.179204267131428,-3343.363413705142,0.0,0.0,10,0.0125,10,0.0125,0,0.0,0,0.0,0,0,0,0,0,0,0,0,0,0,0,7,-67.3188518524787,0.0,0.1603062377572676,2.5834463716882965,0.1141790523141693,0.2064334232003658,1.0889752330158935,2.5834463716882965
Cold start no gate,257,204800,205600,800,-4.070535152818572,-3256.428122254857,-4.070535152818572,-3256.428122254857,0.0,0.0,7,0.00875,7,0.00875,0,0.0,0,0.0,0,0,0,0,0,0,0,0,0,0,0,5,-67.82055113974127,0.0,0.1579569223125304,2.6319490092846536,0.1135148088261085,0.2023990357989523,1.081278950280097,2.6319490092846536
Cold start no gate,258,205600,206400,800,-4.05587153065971,-3244.6972245277675,-4.05587153065971,-3244.6972245277675,0.0,0.0,8,0.01,8,0.01,0,0.0,0,0.0,0,0,0,0,0,0,0,0,0,0,0,6,-67.1435303314513,0.0,0.1557972326943083,2.5811679841493174,0.1137025775010938,0.1978918878875228,1.07665927743346,2.5811679841493174
Cold start no gate,259,206400,207200,800,-3.974825125748772,-3179.8601005990176,-3.974825125748772,-3179.8601005990176,0.0,0.0,9,0.01125,9,0.01125,0,0.0,0,0.0,0,0,0,0,0,0,0,0,0,0,0,4,-66.33094714871243,0.0,0.1542227190197012,2.5887827691315124,0.1124209575209957,0.1960244805184068,1.0726831422081835,2.5887827691315124
Cold start no gate,260,207200,208000,800,-4.11191654341494,-3289.533234731952,-4.11191654341494,-3289.533234731952,0.0,0.0,8,0.01,8,0.01,0,0.0,0,0.0,0,0,0,0,0,0,0,0,0,0,0,5,-68.06997745276442,0.0,0.1589611757844128,2.614793529123233,0.1142445558151361,0.2036777957536895,1.0873712339576058,2.614793529123233
Cold start no gate,261,208000,208800,800,-4.028665967518457,-3222.932774014765,-4.028665967518457,-3222.932774014765,0.0,0.0,7,0.00875,7,0.00875,0,0.0,0,0.0,0,0,0,0,0,0,0,0,0,0,0,3,-68.32481755103856,0.0,0.1566312034816852,2.5943648925338607,0.1128547561098929,0.2004076508534775,1.0741459529699289,2.5943648925338607
Cold start no gate,262,208800,209600,800,-3.936957654085088,-3149.5661232680704,-3.936957654085088,-3149.5661232680704,0.0,0.0,8,0.01,8,0.01,0,0.0,0,0.0,0,0,0,0,0,0,0,0,0,0,0,3,-68.58317033014077,0.0,0.1577105461468759,2.6414084154760644,0.1114651035339916,0.2039559887597601,1.0678933935274617,2.6414084154760644
Cold start no gate,263,209600,210400,800,-4.077325709213648,-3261.860567370918,-4.077325709213648,-3261.860567370918,0.0,0.0,7,0.00875,7,0.00875,0,0.0,0,0.0,0,0,0,0,0,0,0,0,0,0,0,4,-68.62820936773733,0.0,0.1564874505936943,2.598173499736049,0.1141181769361885,0.1988567242512001,1.0819790011222103,2.598173499736049
Cold start no gate,264,210400,211200,800,-3.941951604153517,-3153.5612833228133,-3.941951604153517,-3153.5612833228133,0.0,0.0,10,0.0125,10,0.0125,0,0.0,0,0.0,0,0,0,0,0,0,0,0,0,0,0,5,-65.55802399582501,0.0,0.1569409065706261,2.624754939536615,0.1114730558669623,0.2024087572742898,1.0805911855515853,2.624754939536615
Cold start no gate,265,211200,212000,800,-4.000255100842391,-3200.2040806739124,-4.000255100842391,-3200.2040806739124,0.0,0.0,9,0.01125,9,0.01125,0,0.0,0,0.0,0,0,0,0,0,0,0,0,0,0,0,5,-66.2422688600816,0.0,0.1568695627040019,2.606106743631869,0.112840789397874,0.2008983360101299,1.075206268044932,2.606106743631869
Cold start no gate,266,212000,212800,800,-3.951382262721584,-3161.105810177268,-3.951382262721584,-3161.105810177268,0.0,0.0,9,0.01125,9,0.01125,0,0.0,0,0.0,0,0,0,0,0,0,0,0,0,0,0,3,-66.88594091614186,0.0,0.1546971043602537,2.5754717537912484,0.1118893406598335,0.1975048680606738,1.0670194132101112,2.5754717537912484
Cold start no gate,267,212800,213600,800,-3.981292439190424,-3185.0339513523395,-3.981292439190424,-3185.0339513523395,0.0,0.0,7,0.00875,7,0.00875,0,0.0,0,0.0,0,0,0,0,0,0,0,0,0,0,0,3,-69.78206102959257,0.0,0.1573779586840255,2.5944041677035443,0.1122578613110355,0.2024980560570155,1.0732871814907727,2.5944041677035443
Cold start no gate,268,213600,214400,800,-3.962054265504273,-3169.643412403418,-3.962054265504273,-3169.643412403418,0.0,0.0,8,0.01,8,0.01,0,0.0,0,0.0,0,0,0,0,0,0,0,0,0,0,0,4,-70.03633342013802,0.0,0.1568887296388634,2.582389078664619,0.1117573571191077,0.2020201021586192,1.068819187661005,2.582389078664619
Cold start no gate,269,214400,215200,800,-3.9576438794685536,-3166.1151035748435,-3.9576438794685536,-3166.1151035748435,0.0,0.0,6,0.0075,6,0.0075,0,0.0,0,0.0,0,0,0,0,0,0,0,0,0,0,0,4,-67.26366263862997,0.0,0.1547403930156377,2.546616296244224,0.1125153502031438,0.1969654358281316,1.0717186294198382,2.546616296244224
Cold start no gate,270,215200,216000,800,-4.021025052488734,-3216.820041990987,-4.021025052488734,-3216.820041990987,0.0,0.0,8,0.01,8,0.01,0,0.0,0,0.0,0,0,0,0,0,0,0,0,0,0,0,4,-68.2473598310255,0.0,0.1574344213353708,2.5604899259999456,0.1133863171455857,0.2014825255251559,1.0885155848217551,2.5604899259999456
Cold start no gate,271,216000,216800,800,-3.9869249338497457,-3189.5399470797965,-3.9869249338497457,-3189.5399470797965,0.0,0.0,8,0.01,8,0.01,0,0.0,0,0.0,0,0,0,0,0,0,0,0,0,0,0,3,-67.85867339661945,0.0,0.1568313573066798,2.5923058175968663,0.1127280637008283,0.2009346509125314,1.0731146099584077,2.5923058175968663
Cold start no gate,272,216800,217600,800,-3.9911794753707768,-3192.9435802966213,-3.9911794753707768,-3192.9435802966213,0.0,0.0,9,0.01125,9,0.01125,0,0.0,0,0.0,0,0,0,0,0,0,0,0,0,0,0,3,-67.77202561444608,0.0,0.1565714470358767,2.578185475613111,0.1128094231209587,0.2003334709507947,1.079176503863994,2.578185475613111
Cold start no gate,273,217600,218400,800,-3.9376417127075256,-3150.113370166021,-3.9376417127075256,-3150.113370166021,0.0,0.0,6,0.0075,6,0.0075,0,0.0,0,0.0,0,0,0,0,0,0,0,0,0,0,0,4,-68.36704848527097,0.0,0.1555932521226623,2.5907312541220904,0.1122838762224173,0.1989026280229073,1.0754873052303466,2.5907312541220904
Cold start no gate,274,218400,219200,800,-3.9644388949061793,-3171.551115924944,-3.9644388949061793,-3171.551115924944,0.0,0.0,9,0.01125,9,0.01125,0,0.0,0,0.0,0,0,0,0,0,0,0,0,0,0,0,5,-68.2090066412868,0.0,0.1568415846798211,2.5741836151219677,0.1125274307281975,0.2011557386314447,1.0767110935453084,2.5741836151219677
Cold start no gate,275,219200,220000,800,-3.999240712479516,-3199.3925699836127,-3.999240712479516,-3199.3925699836127,0.0,0.0,15,0.01875,15,0.01875,0,0.0,0,0.0,0,0,0,0,0,0,0,0,0,0,0,4,-71.40064483923186,0.0,0.1568867217643935,2.5983440136893705,0.113190862123816,0.2005825814049711,1.0817968100559212,2.5983440136893705
Cold start no gate,276,220000,220800,800,-3.969037407269513,-3175.22992581561,-3.969037407269513,-3175.22992581561,0.0,0.0,9,0.01125,9,0.01125,0,0.0,0,0.0,0,0,0,0,0,0,0,0,0,0,0,3,-68.25385534922395,0.0,0.1561397524706498,2.578559346763541,0.1129254389972664,0.1993540659440332,1.076846345745134,2.578559346763541
Cold start no gate,277,220800,221600,800,-3.904818151392442,-3123.854521113954,-3.904818151392442,-3123.854521113954,0.0,0.0,8,0.01,8,0.01,0,0.0,0,0.0,0,0,0,0,0,0,0,0,0,0,0,4,-67.68050504920313,0.0,0.1548794376949291,2.5462178259023176,0.1120220692542283,0.1977368061356299,1.0770337467439082,2.5462178259023176
Cold start no gate,278,221600,222400,800,-3.976097040952391,-3180.8776327619125,-3.976097040952391,-3180.8776327619125,0.0,0.0,9,0.01125,9,0.01125,0,0.0,0,0.0,0,0,0,0,0,0,0,0,0,0,0,4,-69.15039882475526,0.0,0.1571793538903188,2.596115324368384,0.1127093809329993,0.2016493268476384,1.0799804347136033,2.596115324368384
Cold start no gate,279,222400,223200,800,-3.962964535026866,-3170.3716280214926,-3.962964535026866,-3170.3716280214926,0.0,0.0,8,0.01,8,0.01,0,0.0,0,0.0,0,0,0,0,0,0,0,0,0,0,0,3,-65.59488715607176,0.0,0.1553544312929704,2.5675889657534867,0.1126673391471395,0.1980415234388013,1.0769278667473643,2.5675889657534867
Cold start no gate,280,223200,224000,800,-3.92671344985013,-3141.370759880104,-3.92671344985013,-3141.370759880104,0.0,0.0,10,0.0125,10,0.0125,0,0.0,0,0.0,0,0,0,0,0,0,0,0,0,0,0,4,-67.31025191914023,0.0,0.1571165520467891,2.590741104149572,0.1122787724546567,0.2019543316389215,1.0755856879784162,2.590741104149572
Cold start no gate,281,224000,224800,800,-3.986935553638423,-3189.5484429107382,-3.986935553638423,-3189.5484429107382,0.0,0.0,6,0.0075,6,0.0075,0,0.0,0,0.0,0,0,0,0,0,0,0,0,0,0,0,4,-68.62484598096216,0.0,0.1564373972965553,2.565501724472256,0.1130846154754646,0.1997901791176461,1.0818838511520448,2.565501724472256
Cold start no gate,282,224800,225600,800,-3.9324871484462713,-3145.9897187570164,-3.9324871484462713,-3145.9897187570164,0.0,0.0,6,0.0075,6,0.0075,0,0.0,0,0.0,0,0,0,0,0,0,0,0,0,0,0,3,-69.1777973100834,0.0,0.155337626523773,2.52993866398208,0.1125797421070162,0.1980955109405298,1.0766424048367464,2.52993866398208
Cold start no gate,283,225600,226400,800,-3.936750546163176,-3149.4004369305403,-3.936750546163176,-3149.4004369305403,0.0,0.0,11,0.01375,11,0.01375,0,0.0,0,0.0,0,0,0,0,0,0,0,0,0,0,0,3,-68.73749889375222,0.0,0.1570398200873259,2.585439773875408,0.112313865194261,0.2017657749803907,1.0772344016085469,2.585439773875408
Cold start no gate,284,226400,227200,800,-3.913925840676281,-3131.1406725410243,-3.913925840676281,-3131.1406725410243,0.0,0.0,7,0.00875,7,0.00875,0,0.0,0,0.0,0,0,0,0,0,0,0,0,0,0,0,3,-69.78359228688078,0.0,0.1568058130862697,2.5874615380034243,0.1119253232842452,0.2016863028882941,1.0739285834602683,2.5874615380034243
Cold start no gate,285,227200,228000,800,-3.892593604425841,-3114.074883540673,-3.892593604425841,-3114.074883540673,0.0,0.0,8,0.01,8,0.01,0,0.0,0,0.0,0,0,0,0,0,0,0,0,0,0,0,4,-68.08589058364203,0.0,0.1561990380005945,2.579997967829968,0.1117215175210549,0.2006765584801341,1.073928996838339,2.579997967829968
Cold start no gate,286,228000,228800,800,-3.9801309975991295,-3184.104798079304,-3.9801309975991295,-3184.104798079304,0.0,0.0,11,0.01375,11,0.01375,0,0.0,0,0.0,0,0,0,0,0,0,0,0,0,0,0,4,-70.27268171980711,0.0,0.157743391504712,2.598240965650348,0.1130854460168394,0.2024013369925845,1.080586337757754,2.598240965650348
Cold start no gate,287,228800,229600,800,-3.949937394898128,-3159.9499159185025,-3.949937394898128,-3159.9499159185025,0.0,0.0,8,0.01,8,0.01,0,0.0,0,0.0,0,0,0,0,0,0,0,0,0,0,0,4,-68.4544006083496,0.0,0.1566228464693502,2.578477732273825,0.1127443940805818,0.2005012988581187,1.0829875588718791,2.578477732273825
Cold start no gate,288,229600,230400,800,-3.889223745306258,-3111.3789962450064,-3.889223745306258,-3111.3789962450064,0.0,0.0,9,0.01125,9,0.01125,0,0.0,0,0.0,0,0,0,0,0,0,0,0,0,0,0,4,-69.18916027978969,0.0,0.1559070641098894,2.5728200990288883,0.111770237650192,0.2000438905695868,1.0697764796290774,2.5728200990288883
Cold start no gate,289,230400,231200,800,-3.962403212673385,-3169.922570138708,-3.962403212673385,-3169.922570138708,0.0,0.0,10,0.0125,10,0.0125,0,0.0,0,0.0,0,0,0,0,0,0,0,0,0,0,0,3,-69.59239778316612,0.0,0.1579612991491135,2.5914133495166425,0.1127478822264521,0.203174716071775,1.0807607438501852,2.5914133495166425
Cold start no gate,290,231200,232000,800,-3.927187131047086,-3141.749704837669,-3.927187131047086,-3141.749704837669,0.0,0.0,7,0.00875,7,0.00875,0,0.0,0,0.0,0,0,0,0,0,0,0,0,0,0,0,4,-68.84781596211155,0.0,0.1570772419093904,2.57782330648962,0.1124375271313079,0.2017169566874729,1.0848743336503692,2.57782330648962
Cold start no gate,291,232000,232800,800,-3.9706980904144897,-3176.558472331592,-3.9706980904144897,-3176.558472331592,0.0,0.0,10,0.0125,10,0.0125,0,0.0,0,0.0,0,0,0,0,0,0,0,0,0,0,0,4,-68.65981711431516,0.0,0.15672071385153,2.572587121243032,0.1129654857361066,0.2004759419669535,1.086169397767367,2.572587121243032
Cold start no gate,292,232800,233600,800,-3.947818924088576,-3158.2551392708606,-3.947818924088576,-3158.2551392708606,0.0,0.0,8,0.01,8,0.01,0,0.0,0,0.0,0,0,0,0,0,0,0,0,0,0,0,4,-68.80302074885878,0.0,0.156282561554161,2.578205467889404,0.1127559757127313,0.1998091473955907,1.083956898388784,2.578205467889404
Cold start no gate,293,233600,234400,800,-3.956802782475908,-3165.4422259807266,-3.956802782475908,-3165.4422259807266,0.0,0.0,10,0.0125,10,0.0125,0,0.0,0,0.0,0,0,0,0,0,0,0,0,0,0,0,3,-70.6853295545452,0.0,0.1559943966387789,2.5656610626724614,0.1128887256518544,0.1991000676257034,1.0819161866150098,2.5656610626724614
Cold start no gate,294,234400,235200,800,-3.964621488974809,-3171.697191179848,-3.964621488974809,-3171.697191179848,0.0,0.0,9,0.01125,9,0.01125,0,0.0,0,0.0,0,0,0,0,0,0,0,0,0,0,0,4,-69.69034690306569,0.0,0.1563678764971789,2.576313105261704,0.1128659409327975,0.1998698120615603,1.081980688072234,2.576313105261704
Cold start no gate,295,235200,236000,800,-3.922648839565761,-3138.119071652609,-3.922648839565761,-3138.119071652609,0.0,0.0,11,0.01375,11,0.01375,0,0.0,0,0.0,0,0,0,0,0,0,0,0,0,0,0,4,-69.43292948676572,0.0,0.1558649744111751,2.572042613115684,0.1124681304239074,0.1992618183984429,1.0775651972062603,2.572042613115684
Cold start no gate,296,236000,236800,800,-3.9203263991530592,-3136.2611193224475,-3.9203263991530592,-3136.2611193224475,0.0,0.0,4,0.005,4,0.005,0,0.0,0,0.0,0,0,0,0,0,0,0,0,0,0,0,3,-69.99480756955768,0.0,0.1552995871905647,2.5675004987353987,0.1125255259824558,0.1980736483986735,1.0806679660586185,2.5675004987353987
Cold start no gate,297,236800,237600,800,-3.899159703895301,-3119.327763116241,-3.899159703895301,-3119.327763116241,0.0,0.0,13,0.01625,13,0.01625,0,0.0,0,0.0,0,0,0,0,0,0,0,0,0,0,0,3,-69.01766879454203,0.0,0.1555258149120611,2.5559212481599616,0.111899201215358,0.1991524286087642,1.0809785104909362,2.5559212481599616
Cold start no gate,298,237600,238400,800,-3.955412060498477,-3164.329648398781,-3.955412060498477,-3164.329648398781,0.0,0.0,14,0.0175,14,0.0175,0,0.0,0,0.0,0,0,0,0,0,0,0,0,0,0,0,4,-70.24354933992913,0.0,0.1561765592097064,2.5623019200182284,0.1128201892366345,0.1995329291827783,1.0833639067565095,2.5623019200182284
Cold start no gate,299,238400,239200,800,-3.930297471022032,-3144.2379768176256,-3.930297471022032,-3144.2379768176256,0.0,0.0,12,0.015,12,0.015,0,0.0,0,0.0,0,0,0,0,0,0,0,0,0,0,0,4,-70.7872879621857,0.0,0.1565438950326811,2.5668220402719726,0.1123241841504948,0.2007636059148674,1.0800551252092974,2.5668220402719726
Cold start no gate,300,239200,240000,800,-3.955439474072258,-3164.3515792578064,-3.955439474072258,-3164.3515792578064,0.0,0.0,13,0.01625,13,0.01625,0,0.0,0,0.0,0,0,0,0,0,0,0,0,0,0,0,3,-70.3527348137577,0.0,0.156506121360482,2.5643384816362413,0.1126482832481331,0.200363959472831,1.0820465017019232,2.5643384816362413
OF-MPC pretrained + gate,1,0,800,800,-9.88602032463455,-7908.816259707641,-9.83601068873297,-7868.808550986376,0.050009635901581,40.00770872126485,0,0.0,0,0.0,4,0.005,0,0.0,796,0,4,4,0,0,0,0,0,0,0,0,-15.503193536640254,0.0392919271322398,0.3343012658663757,2.9862077008605183,0.1685228387576993,0.5000796929750522,1.105101065618023,2.9862077008605183
OF-MPC pretrained + gate,2,800,1600,800,-25.339943783322965,-20271.95502665837,-25.089916439442835,-20071.93315155427,0.2500273438801295,200.02187510410363,0,0.0,0,0.0,20,0.025,0,0.0,780,0,12,12,0,0,0,8,0,8,0,8,-120.09084396170942,0.0324874564131199,0.5126448892607715,3.2474558086447587,0.2744013583341243,0.7508884201874186,1.2848036072491706,3.2474558086447587
OF-MPC pretrained + gate,3,1600,2400,800,-9.810582526384229,-7848.466021107381,-9.76056942671457,-7808.455541371655,0.0500130996696578,40.01047973572626,0,0.0,0,0.0,4,0.005,0,0.0,796,0,4,4,0,0,0,0,0,0,0,0,-125.85199367221072,0.0451041697883836,0.320876976324575,2.988267868997696,0.1714979548341161,0.4702559978150339,1.1041716509782895,2.988267868997696
OF-MPC pretrained + gate,4,2400,3200,800,-35.86094715607465,-28688.75772485972,-35.64840008565732,-28518.720068525858,0.2125470704173234,170.03765633385876,0,0.0,0,0.0,17,0.02125,0,0.0,783,0,8,8,0,0,0,9,0,9,0,9,-63.61441725983116,0.0525337300240225,0.5961712445543005,3.0908493791243927,0.3322893638326459,0.860053125275955,1.1969644033982625,3.0908493791243927
OF-MPC pretrained + gate,5,3200,4000,800,-9.831008543136113,-7864.806834508889,-9.768492110578078,-7814.793688462463,0.062516432558032,50.01314604642562,0,0.0,0,0.0,5,0.00625,0,0.0,795,0,5,5,0,0,0,0,0,0,0,0,-15.150465878745194,0.0433372041567698,0.3667616975134903,3.273191613395113,0.1576990957775618,0.5758242992494187,1.0735691922607544,3.273191613395113
OF-MPC pretrained + gate,6,4000,4800,800,-12.683513871487312,-10146.81109718985,-12.64600167715484,-10116.801341723873,0.0375121943324686,30.009755465974894,0,0.0,0,0.0,3,0.00375,0,0.0,797,0,3,3,0,0,0,0,0,0,0,0,-15.294575516498613,0.0501821311098212,0.3774063632562476,2.990246948992251,0.1929808619164325,0.5618318645960626,1.108591679451952,2.990246948992251
OF-MPC pretrained + gate,7,4800,5600,800,-19.346462927170272,-15477.17034173622,-19.1964208771719,-15357.13670173752,0.1500420499983736,120.03363999869887,0,0.0,0,0.0,12,0.015,0,0.0,788,0,7,7,0,0,0,5,0,5,0,5,-54.41983522699451,0.0501368037153714,0.45439094648668,2.960065723665309,0.2399215603111437,0.6688603326622163,1.1040748919336978,2.960065723665309
OF-MPC pretrained + gate,8,5600,6400,800,-16.977649440519716,-13582.119552415774,-16.802630906293945,-13442.104725035157,0.1750185342257709,140.01482738061677,0,0.0,0,0.0,14,0.0175,0,0.0,786,0,8,8,0,0,0,6,0,6,0,6,-21.57827928478497,0.0280857509374614,0.4695345620264713,4.017492698118417,0.2086920208164226,0.7303771032365199,1.0996853026054478,4.017492698118417
OF-MPC pretrained + gate,9,6400,7200,800,-67.26068908268657,-53808.55126614925,-67.16067600664572,-53728.540805316574,0.1000130760408661,80.01046083269293,0,0.0,0,0.0,8,0.01,0,0.0,792,0,7,7,0,0,0,1,0,1,0,1,-54.188872514822606,0.035653213014904,0.9987557452192408,6.699005846610305,0.4069792432986548,1.5905322471398269,1.2717051601333278,6.699005846610305
OF-MPC pretrained + gate,10,7200,8000,800,-41.52220009982605,-33217.76007986083,-41.334667609722494,-33067.73408777799,0.1875324901035521,150.02599208284173,0,0.0,0,0.0,15,0.01875,0,0.0,785,0,6,6,0,0,0,9,0,9,0,9,-87.98800242455002,0.0482260322570802,0.6061713208588684,2.9384399933256304,0.3681211615617965,0.8442214801559403,1.369862589453938,2.9384399933256304
OF-MPC pretrained + gate,11,8000,8800,800,-61.51418444019806,-49211.34755215845,-61.21103642000764,-48968.82913600611,0.3031480201904191,242.5184161523353,0,0.0,0,0.0,24,0.03,0,0.0,776,0,24,24,0,0,0,0,0,0,0,0,-38.30387795074387,0.382059377740827,1.2120546275926676,9.985345943627578,0.2243801836628614,2.1997290715224738,0.9500329897180436,9.985345943627578
OF-MPC pretrained + gate,12,8800,9600,800,-46.5708500917709,-37256.68007341672,-46.11429724348434,-36891.43779478747,0.4565528482865651,365.24227862925216,0,0.0,0,0.0,33,0.04125,0,0.0,767,0,32,32,0,0,0,1,0,1,0,1,-175.64948113910873,2.060552387200677,1.066582708563887,13.058179589727844,0.1622536513922914,1.9709117657354829,1.2633889882175595,13.058179589727844
OF-MPC pretrained + gate,13,9600,10400,800,-8.756245989086468,-7004.996791269174,-8.144411779057679,-6515.529423246143,0.6118342100287897,489.4673680230318,0,0.0,0,0.0,38,0.0475,0,0.0,762,0,35,35,0,0,0,3,0,3,0,3,-43.95396848364624,2.3669234644114825,0.2953585519432712,2.9868999584433595,0.1490100669132663,0.4417070369732762,1.0927265584238124,2.9868999584433595
OF-MPC pretrained + gate,14,10400,11200,800,-7.388509939614184,-5910.807951691347,-6.844843125893634,-5475.874500714907,0.5436668137205496,434.9334509764397,0,0.0,0,0.0,30,0.0375,0,0.0,770,0,27,27,0,0,0,3,0,3,0,3,-59.67175888821487,3.0105307311587044,0.2679739771167678,2.9537127406758827,0.138192424341963,0.3977555298915727,1.1287010185287856,2.9537127406758827
OF-MPC pretrained + gate,15,11200,12000,800,-8.240627373938114,-6592.501899150491,-7.307943568525036,-5846.354854820029,0.9326838054130796,746.1470443304638,0,0.0,0,0.0,36,0.045,0,0.0,764,0,36,36,0,0,0,0,0,0,0,0,-57.85502954798153,4.869089201860409,0.2622711815946357,2.951687014433901,0.1438014212769708,0.3807409419123006,1.0724578592676743,2.951687014433901
OF-MPC pretrained + gate,16,12000,12800,800,-6.986268362614566,-5589.0146900916525,-6.1569106338033786,-4925.528507042703,0.8293577288111885,663.4861830489508,0,0.0,0,0.0,33,0.04125,0,0.0,767,0,32,32,0,0,0,0,1,0,1,0,-68.53225611202413,3.7141496109667673,0.2282536659860815,2.604479431581012,0.1274876669416033,0.3290196650305596,1.1307267067937534,2.604479431581012
OF-MPC pretrained + gate,17,12800,13600,800,-7.19364941336903,-5754.919530695224,-6.217076394759129,-4973.661115807303,0.9765730186099004,781.2584148879203,0,0.0,0,0.0,29,0.03625,0,0.0,771,0,29,29,0,0,0,0,0,0,0,0,-55.72897598805139,7.946502138740866,0.2218336130826405,2.814540232038496,0.1317478008657363,0.3119194252995446,1.0759922655062877,2.814540232038496
OF-MPC pretrained + gate,18,13600,14400,800,-8.198122164086183,-6558.497731268946,-6.740020236255407,-5392.0161890043255,1.458101927830777,1166.4815422646216,0,0.0,0,0.0,44,0.055,0,0.0,756,0,42,42,0,0,0,2,0,2,0,2,-81.02278237674716,7.867818111106755,0.2335577180308927,2.954669465910115,0.1337354456669475,0.3333799903948378,1.097384043471734,2.954669465910115
OF-MPC pretrained + gate,19,14400,15200,800,-9.421697662855298,-7537.3581302842385,-7.295188086854539,-5836.150469483631,2.12650957600076,1701.207660800608,0,0.0,0,0.0,47,0.05875,0,0.0,753,0,45,45,0,0,0,2,0,2,0,2,-73.9146231887911,8.60597103320299,0.2629317357932575,3.1420374423050816,0.1387651753522598,0.3870982962342553,1.102035265525799,3.1420374423050816
OF-MPC pretrained + gate,20,15200,16000,800,-10.385668172132837,-8308.53453770627,-8.069836165950711,-6455.86893276057,2.315832006182124,1852.6656049456992,0,0.0,0,0.0,57,0.07125,0,0.0,743,0,55,55,0,0,0,2,0,2,0,2,-61.080408986969246,7.826015624931616,0.2717084057458519,2.9568827928321184,0.1461089083585127,0.3973079031331911,1.0848256753815075,2.9568827928321184
OF-MPC pretrained + gate,21,16000,16800,800,-7.507343996417734,-6005.875197134187,-6.191424499538831,-4953.139599631065,1.315919496878903,1052.7355975031223,0,0.0,0,0.0,44,0.055,0,0.0,756,0,41,41,0,0,0,3,0,3,0,3,-69.6816231024701,9.098721847712582,0.226702536286446,2.6828030925817643,0.1260084929771266,0.3273965795957653,1.0888203260095457,2.6828030925817643
OF-MPC pretrained + gate,22,16800,17600,800,-8.369516271978803,-6695.613017583042,-6.669234863572722,-5335.387890858177,1.7002814084060816,1360.2251267248653,0,0.0,0,0.0,31,0.03875,0,0.0,769,0,28,28,0,0,0,3,0,3,0,3,-81.17844363302845,10.341667540347595,0.2450410273114124,3.1318959096943217,0.1363631959360718,0.353718858686753,1.1085792706312572,3.1318959096943217
OF-MPC pretrained + gate,23,17600,18400,800,-8.156396044033286,-6525.116835226629,-6.694860424417644,-5355.888339534115,1.4615356196156422,1169.2284956925137,0,0.0,0,0.0,30,0.0375,0,0.0,770,0,27,27,0,0,0,3,0,3,0,3,-71.24892077809159,8.631025603417749,0.2419781159000672,2.87818670012382,0.1352981298320349,0.3486581019680995,1.1035626916155752,2.87818670012382
OF-MPC pretrained + gate,24,18400,19200,800,-9.92851128884454,-7942.809031075633,-7.620715379896119,-6096.572303916895,2.307795908948423,1846.2367271587384,0,0.0,0,0.0,38,0.0475,0,0.0,762,0,34,34,0,0,0,4,0,4,0,4,-73.21535702542462,9.91442590560484,0.2667708624990874,3.0618806702992742,0.148310649486702,0.3852310755114727,1.109010256777193,3.0618806702992742
OF-MPC pretrained + gate,25,19200,20000,800,-8.514157429103719,-6811.325943282975,-6.611070565013432,-5288.856452010746,1.903086864090285,1522.469491272228,0,0.0,0,0.0,28,0.035,0,0.0,772,0,25,25,0,0,0,3,0,3,0,3,-73.54257325129868,9.980804439924723,0.2284852737381091,3.088796095526732,0.1368983496393972,0.3200721978368209,1.094183525360346,3.088796095526732
OF-MPC pretrained + gate,26,20000,20800,800,-6.352650181800889,-5082.120145440711,-5.357246158098459,-4285.796926478767,0.995404023702429,796.3232189619432,0,0.0,0,0.0,32,0.04,0,0.0,768,0,29,29,0,0,0,3,0,3,0,3,-77.96245844860414,8.129223706848002,0.1979489206953913,2.6167843479881867,0.1230488160983717,0.272849025292411,1.0744072571355503,2.6167843479881867
OF-MPC pretrained + gate,27,20800,21600,800,-7.955433415921153,-6364.346732736923,-6.466703225373658,-5173.362580298926,1.4887301905474954,1190.9841524379965,0,0.0,0,0.0,32,0.04,0,0.0,768,0,29,29,0,0,0,3,0,3,0,3,-73.44073974272078,8.333894537582225,0.2278223177450574,2.9210318385265737,0.1373114172664595,0.3183332182236553,1.091422764326722,2.9210318385265737
OF-MPC pretrained + gate,28,21600,22400,800,-7.073121641332066,-5658.497313065653,-5.9597215807114,-4767.77726456912,1.1134000606206662,890.720048496533,0,0.0,0,0.0,29,0.03625,0,0.0,771,0,29,29,0,0,0,0,0,0,0,0,-70.50649400220118,8.626027228618485,0.220432208989189,3.0200575654378667,0.1323469614708381,0.30851745650754,1.1159818444383562,3.0200575654378667
OF-MPC pretrained + gate,29,22400,23200,800,-6.4149043053137165,-5131.923444250973,-5.2298348745779615,-4183.867899662369,1.1850694307357543,948.0555445886037,0,0.0,0,0.0,34,0.0425,0,0.0,766,0,31,31,0,0,0,2,1,2,1,2,-70.17127032201836,8.08868409855338,0.195965275108239,2.627849109357612,0.1213455914578325,0.2705849587586455,1.0874047470584922,2.627849109357612
OF-MPC pretrained + gate,30,23200,24000,800,-10.16561510323159,-8132.492082585271,-7.137188481018294,-5709.750784814635,3.028426622213293,2422.7412977706344,0,0.0,0,0.0,29,0.03625,0,0.0,771,0,27,27,0,0,0,2,0,2,0,2,-69.7189982536753,9.805217603058908,0.2476218336408042,3.022671231020581,0.1449792224409249,0.3502644448406835,1.1007586393597557,3.022671231020581
OF-MPC pretrained + gate,31,24000,24800,800,-6.198220016550582,-4958.576013240466,-5.341298144372882,-4273.038515498305,0.8569218721777005,685.5374977421604,0,0.0,0,0.0,21,0.02625,0,0.0,779,0,18,18,0,0,0,3,0,3,0,3,-74.7452482321039,7.695043300417206,0.2058328152161357,2.8728773621458004,0.1244177831384669,0.2872478472938045,1.1116749392471936,2.8728773621458004
OF-MPC pretrained + gate,32,24800,25600,800,-7.165690946459981,-5732.552757167985,-5.942150067859248,-4753.720054287398,1.223540878600734,978.8327028805872,0,0.0,0,0.0,20,0.025,0,0.0,780,0,16,16,0,0,0,4,0,4,0,4,-75.13154519868567,8.344524661732406,0.2108660766192656,2.9850785755354536,0.1326109569554467,0.2891211962830846,1.131471801848797,2.9850785755354536
OF-MPC pretrained + gate,33,25600,26400,800,-6.905635336250906,-5524.508269000725,-5.848384895296985,-4678.7079162375885,1.0572504409539198,845.8003527631358,0,0.0,0,0.0,28,0.035,0,0.0,772,0,25,25,0,0,0,3,0,3,0,3,-72.20266145993935,8.410680942663019,0.21272313821608,2.9897197479172632,0.1323448604182124,0.2931014160139475,1.115194632940713,2.9897197479172632
OF-MPC pretrained + gate,34,26400,27200,800,-10.776409443598718,-8621.127554878974,-7.539658086732022,-6031.726469385618,3.236751356866697,2589.4010854933576,0,0.0,0,0.0,30,0.0375,0,0.0,770,0,26,26,0,0,0,4,0,4,0,4,-69.60560884820507,9.993563731391829,0.2534803355603837,3.1098146138961056,0.1493281656689141,0.3576325054518534,1.109042079101874,3.1098146138961056
OF-MPC pretrained + gate,35,27200,28000,800,-6.530849036046837,-5224.67922883747,-5.409589057577217,-4327.671246061774,1.1212599784696209,897.0079827756965,0,0.0,0,0.0,27,0.03375,0,0.0,773,0,23,23,0,0,0,4,0,4,0,4,-74.27998167388682,10.197211293500024,0.2001458689421704,3.1089723081196894,0.1248452100937947,0.275446527790546,1.0824364080379794,3.1089723081196894
OF-MPC pretrained + gate,36,28000,28800,800,-8.938092300690755,-7150.473840552604,-6.633634966670189,-5306.907973336151,2.304457334020566,1843.5658672164527,0,0.0,0,0.0,33,0.04125,0,0.0,767,0,30,30,0,0,0,3,0,3,0,3,-75.60059162067046,9.5352700322947,0.2344460682322149,3.182622969323404,0.1407857372120597,0.32810639925237,1.1040002036200671,3.182622969323404
OF-MPC pretrained + gate,37,28800,29600,800,-8.517145766479818,-6813.716613183854,-6.263675421586668,-5010.940337269334,2.253470344893149,1802.776275914519,0,0.0,0,0.0,38,0.0475,0,0.0,762,0,34,34,0,0,0,4,0,4,0,4,-71.96736275145372,10.670976661726508,0.209886353294509,2.9090987481017123,0.1336958759463862,0.2860768306426318,1.1196565594109056,2.9090987481017123
OF-MPC pretrained + gate,38,29600,30400,800,-5.463491113205782,-4370.792890564626,-4.828012574055136,-3862.410059244109,0.6354785391506454,508.3828313205164,0,0.0,0,0.0,26,0.0325,0,0.0,774,0,22,22,0,0,0,4,0,4,0,4,-75.64096841175945,6.577404643664897,0.1817226228177126,2.6634433462231755,0.1182952866745428,0.2451499589608823,1.0916522121137708,2.6634433462231755
OF-MPC pretrained + gate,39,30400,31200,800,-7.64720268171933,-6117.762145375464,-5.9729263376863,-4778.341070149039,1.6742763440330308,1339.4210752264246,0,0.0,0,0.0,37,0.04625,0,0.0,763,0,32,32,0,0,0,5,0,5,0,5,-73.30300108903373,9.64165655965376,0.2078924058986262,2.9371486467074988,0.1320977213110289,0.2836870904862236,1.1239292388446946,2.9371486467074988
OF-MPC pretrained + gate,40,31200,32000,800,-6.516628385687183,-5213.302708549747,-5.074647249391976,-4059.7177995135808,1.4419811362952089,1153.5849090361671,0,0.0,0,0.0,37,0.04625,0,0.0,763,0,33,33,0,0,0,4,0,4,0,4,-76.21070538793765,10.752156841105077,0.1775677744011412,2.6037480159880038,0.118913182637894,0.2362223661643883,1.085103262258268,2.6037480159880038
OF-MPC pretrained + gate,41,32000,32800,800,-7.236081578095346,-5788.865262476277,-5.719594358006162,-4575.67548640493,1.516487220089183,1213.1897760713464,0,0.0,0,0.0,22,0.0275,0,0.0,778,0,18,18,0,0,0,4,0,4,0,4,-74.49300219664406,9.651563278002602,0.1980797546940876,2.985109167472615,0.1301662028064655,0.2659933065817096,1.1233081315239128,2.985109167472615
OF-MPC pretrained + gate,42,32800,33600,800,-10.154908574248736,-8123.926859398987,-7.13350860536558,-5706.806884292464,3.021399968883153,2417.1199751065224,0,0.0,0,0.0,34,0.0425,0,0.0,766,0,30,30,0,0,0,4,0,4,0,4,-71.31491650188525,10.074053002298372,0.2360610142503392,3.1669016049101515,0.1457645996085703,0.326357428892108,1.1041210947211275,3.1669016049101515
OF-MPC pretrained + gate,43,33600,34400,800,-11.439446465184712,-9151.55717214777,-7.651958855783018,-6121.567084626415,3.787487609401696,3029.990087521356,0,0.0,0,0.0,48,0.06,0,0.0,752,0,43,43,0,0,0,5,0,5,0,5,-73.12554813407132,12.61579018368852,0.2393837363088622,3.0903732392670804,0.147411317922409,0.3313561546953155,1.108544447457101,3.0903732392670804
OF-MPC pretrained + gate,44,34400,35200,800,-6.453178074316379,-5162.542459453103,-5.309938547528299,-4247.950838022639,1.1432395267880806,914.5916214304646,0,0.0,0,0.0,36,0.045,0,0.0,764,0,31,31,0,0,0,5,0,5,0,5,-75.50046713995062,8.018862401314868,0.1735609601239533,2.696230658335139,0.1239351684107425,0.2231867518371642,1.0889850102154215,2.696230658335139
OF-MPC pretrained + gate,45,35200,36000,800,-6.288200979652288,-5030.56078372183,-4.978839925296769,-3983.071940237415,1.3093610543555194,1047.4888434844156,0,0.0,0,0.0,32,0.04,0,0.0,768,0,30,30,0,0,0,2,0,2,0,2,-70.45513808294254,9.64787822914544,0.1736838950165536,2.660782789749589,0.1188819918393298,0.2284857981937774,1.0673289010271865,2.660782789749589
OF-MPC pretrained + gate,46,36000,36800,800,-6.240724673574046,-4992.579738859236,-5.109649478911721,-4087.7195831293766,1.1310751946623243,904.8601557298596,0,0.0,0,0.0,32,0.04,0,0.0,768,0,27,27,0,0,0,5,0,5,0,5,-69.99072152141912,7.913626862101211,0.1759232395481285,2.6645837907692567,0.1210954003606261,0.230751078735631,1.0901073603167353,2.6645837907692567
OF-MPC pretrained + gate,47,36800,37600,800,-7.366420176444891,-5893.136141155913,-5.624136490218769,-4499.309192175015,1.7422836862261235,1393.826948980899,0,0.0,0,0.0,34,0.0425,0,0.0,766,0,29,29,0,0,0,5,0,5,0,5,-72.91519032432268,10.984732931509477,0.1937781166034436,3.189559026663403,0.1255294615397021,0.2620267716671851,1.0870126367032933,3.189559026663403
OF-MPC pretrained + gate,48,37600,38400,800,-7.381350619213638,-5905.08049537091,-5.841581671350395,-4673.265337080316,1.5397689478632424,1231.815158290594,0,0.0,0,0.0,36,0.045,0,0.0,764,0,31,31,0,0,0,5,0,5,0,5,-71.31537714046931,9.201922872607229,0.2003999671546706,2.8761177985159065,0.132628988206402,0.2681709461029392,1.1313245389822608,2.8761177985159065
OF-MPC pretrained + gate,49,38400,39200,800,-7.634823268546548,-6107.858614837238,-5.435335331801333,-4348.268265441066,2.1994879367452147,1759.590349396172,0,0.0,0,0.0,47,0.05875,0,0.0,753,0,44,44,0,0,0,3,0,3,0,3,-71.83088053993527,12.01220423583204,0.1881100325001255,2.6376250803272114,0.121791228773304,0.2544288362269469,1.0688896744787724,2.6376250803272114
OF-MPC pretrained + gate,50,39200,40000,800,-7.835612190295207,-6268.489752236166,-5.8296019792971325,-4663.681583437706,2.0060102109980766,1604.808168798461,0,0.0,0,0.0,47,0.05875,0,0.0,753,0,43,43,0,0,0,4,0,4,0,4,-70.89027591048625,9.689063482761195,0.2036142590039867,2.901836359962715,0.1313051243720625,0.2759233936359108,1.1111175103743445,2.901836359962715
OF-MPC pretrained + gate,51,40000,40800,800,-8.03506106328131,-6428.048850625048,-5.981953585854208,-4785.562868683366,2.053107477427101,1642.4859819416808,0,0.0,0,0.0,47,0.05875,0,0.0,753,0,42,42,0,0,0,5,0,5,0,5,-70.12704328155394,9.650188210758358,0.2052923540496052,2.877738185444628,0.1312553612977289,0.2793293468014814,1.1096178912977783,2.877738185444628
OF-MPC pretrained + gate,52,40800,41600,800,-7.4844474676684705,-5987.5579741347765,-5.753878028722209,-4603.102422977767,1.7305694389462616,1384.4555511570093,0,0.0,0,0.0,43,0.05375,0,0.0,757,0,39,39,0,0,0,4,0,4,0,4,-73.01105420862496,9.758520415974273,0.2008482741880423,2.9694621242754806,0.1301199496533194,0.2715765987227652,1.1113664335603537,2.9694621242754806
OF-MPC pretrained + gate,53,41600,42400,800,-8.041930471416087,-6433.54437713287,-6.060334559096609,-4848.267647277287,1.9815959123194784,1585.2767298555823,0,0.0,0,0.0,48,0.06,0,0.0,752,0,44,44,0,0,0,4,0,4,0,4,-74.81297030865665,9.762342421269832,0.2084867203928669,2.992807916108518,0.1328211025568736,0.2841523382288604,1.139959108677433,2.992807916108518
OF-MPC pretrained + gate,54,42400,43200,800,-7.215122697916815,-5772.098158333452,-5.40154707531203,-4321.237660249624,1.8135756226047848,1450.860498083828,0,0.0,0,0.0,40,0.05,0,0.0,760,0,38,38,0,0,0,2,0,2,0,2,-72.43665803171018,9.677701024435676,0.1836660063235983,2.742126326486982,0.1218340369387199,0.2454979757084766,1.0939236691985057,2.742126326486982
OF-MPC pretrained + gate,55,43200,44000,800,-8.561085787889354,-6848.868630311483,-6.068928173268559,-4855.142538614848,2.4921576146207944,1993.7260916966356,0,0.0,0,0.0,40,0.05,0,0.0,760,0,35,35,0,0,0,5,0,5,0,5,-70.61312081902463,10.57099193856087,0.19581070992247,2.9610957672600198,0.1261782742016401,0.2654431456432999,1.105328812633465,2.9610957672600198
OF-MPC pretrained + gate,56,44000,44800,800,-7.472914331918473,-5978.3314655347785,-5.744845804357551,-4595.876643486041,1.7280685275609222,1382.4548220487377,0,0.0,0,0.0,40,0.05,0,0.0,760,0,35,35,0,0,0,5,0,5,0,5,-71.44281545823208,10.47043475920985,0.2068635347722752,3.1325654300559904,0.1304164953983639,0.2833105741461866,1.1168244719018956,3.1325654300559904
OF-MPC pretrained + gate,57,44800,45600,800,-5.991166933926177,-4792.933547140941,-4.972925374218662,-3978.34029937493,1.0182415597075138,814.593247766011,0,0.0,0,0.0,33,0.04125,0,0.0,767,0,29,29,0,0,0,4,0,4,0,4,-68.65013656525491,6.193097592203726,0.1820220898894398,2.750311527714814,0.1189967464824381,0.2450474332964414,1.072766197002276,2.750311527714814
OF-MPC pretrained + gate,58,45600,46400,800,-9.12582820351094,-7300.662562808751,-6.315719977188605,-5052.575981750884,2.810108226322334,2248.086581057867,0,0.0,0,0.0,42,0.0525,0,0.0,758,0,41,41,0,0,0,1,0,1,0,1,-72.23448832859788,13.819043408250362,0.2056234366323059,2.956177233873518,0.1312835638469182,0.2799633094176936,1.111136225972334,2.956177233873518
OF-MPC pretrained + gate,59,46400,47200,800,-8.677283178038195,-6941.826542430556,-6.270251790319398,-5016.201432255519,2.4070313877187965,1925.6251101750368,0,0.0,0,0.0,34,0.0425,0,0.0,766,0,31,31,0,0,0,3,0,3,0,3,-70.59389892032345,12.992108288027744,0.2086509023513515,2.941713366505553,0.1329860152449048,0.2843157894577983,1.1112541645911822,2.941713366505553
OF-MPC pretrained + gate,60,47200,48000,800,-7.28431025262285,-5827.4482020982805,-5.709342201643986,-4567.473761315189,1.5749680509788642,1259.9744407830913,0,0.0,0,0.0,41,0.05125,0,0.0,759,0,37,37,0,0,0,4,0,4,0,4,-69.76750287144557,9.424009996139675,0.2014114983743318,2.958767197354973,0.1310029862570019,0.2718200104916617,1.1030787903189774,2.958767197354973
OF-MPC pretrained + gate,61,48000,48800,800,-10.43916950353755,-8351.335602830039,-7.038345111492058,-5630.676089193647,3.4008243920454886,2720.659513636391,0,0.0,0,0.0,29,0.03625,0,0.0,771,0,24,24,0,0,0,5,0,5,0,5,-71.38142534383371,13.086913141801585,0.2220301652912935,2.9819284543766003,0.1423666524741322,0.3016936781084549,1.1163590658630915,2.9819284543766003
OF-MPC pretrained + gate,62,48800,49600,800,-8.665945656538089,-6932.75652523047,-6.343228797054198,-5074.583037643358,2.3227168594838914,1858.173487587113,0,0.0,0,0.0,19,0.02375,0,0.0,781,0,15,15,0,0,0,4,0,4,0,4,-74.09446420237998,14.410531151160312,0.1979889170334272,3.08753562952802,0.1348216613292224,0.2611561727376321,1.1021937446448282,3.08753562952802
OF-MPC pretrained + gate,63,49600,50400,800,-7.818915584271919,-6255.132467417536,-5.754512579426153,-4603.610063540923,2.064403004845767,1651.5224038766137,0,0.0,0,0.0,23,0.02875,0,0.0,777,0,20,20,0,0,0,3,0,3,0,3,-65.24146871460732,11.235582362355018,0.1857073686674261,2.416623717429786,0.1250793758724561,0.246335361462396,1.076839299438647,2.416623717429786
OF-MPC pretrained + gate,64,50400,51200,800,-5.6004201209781845,-4480.336096782547,-4.835739112087371,-3868.591289669897,0.764681008890814,611.7448071126512,0,0.0,0,0.0,19,0.02375,0,0.0,781,0,14,14,0,0,0,5,0,5,0,5,-70.87568493280014,9.658248917565958,0.1680192074690154,2.42105952562639,0.119036028278485,0.2170023866595458,1.0766579524709194,2.42105952562639
OF-MPC pretrained + gate,65,51200,52000,800,-7.224471216882259,-5779.576973505808,-5.642990812796472,-4514.392650237178,1.5814804040857875,1265.18432326863,0,0.0,0,0.0,30,0.0375,0,0.0,770,0,27,27,0,0,0,3,0,3,0,3,-72.9535634236563,10.08660207974327,0.1967019122192134,3.07751390173712,0.1292025068933623,0.2642013175450645,1.1019163519038329,3.07751390173712
OF-MPC pretrained + gate,66,52000,52800,800,-7.88131212383881,-6305.049699071048,-5.95345531920339,-4762.764255362712,1.92785680463542,1542.285443708336,0,0.0,0,0.0,34,0.0425,0,0.0,766,0,30,30,0,0,0,4,0,4,0,4,-67.6782187314567,9.790442438580095,0.2028119422783419,2.936545001494494,0.133320193320702,0.2723036912359818,1.1033682840354375,2.936545001494494
OF-MPC pretrained + gate,67,52800,53600,800,-9.86714902440868,-7893.719219526944,-6.842197847743953,-5473.758278195162,3.024951176664725,2419.96094133178,0,0.0,0,0.0,24,0.03,0,0.0,776,0,20,20,0,0,0,4,0,4,0,4,-67.10699801280145,15.208763235747863,0.2201536536534295,2.9901722177838224,0.1399747021046273,0.3003326052022317,1.105399211263245,2.9901722177838224
OF-MPC pretrained + gate,68,53600,54400,800,-6.000194276869383,-4800.155421495507,-4.897616920597283,-3918.093536477826,1.1025773562721015,882.0618850176812,0,0.0,0,0.0,19,0.02375,0,0.0,781,0,16,16,0,0,0,3,0,3,0,3,-70.28187517505557,12.954438530789137,0.169576131148849,2.5170588891459715,0.1191760236386322,0.2199762386590659,1.084650757394495,2.5170588891459715
OF-MPC pretrained + gate,69,54400,55200,800,-4.905423051540662,-3924.3384412325295,-4.646747722993536,-3717.398178394829,0.2586753285471271,206.94026283770168,0,0.0,0,0.0,15,0.01875,0,0.0,785,0,11,11,0,0,0,4,0,4,0,4,-71.2427522691221,2.2606822081455507,0.1785928396077803,2.6186153006168524,0.1196334934586938,0.2375521857568668,1.103418961404429,2.6186153006168524
OF-MPC pretrained + gate,70,55200,56000,800,-8.135100159909344,-6508.080127927476,-6.310676776333967,-5048.541421067173,1.8244233835753785,1459.538706860303,0,0.0,0,0.0,15,0.01875,0,0.0,785,0,10,10,0,0,0,5,0,5,0,5,-68.41661912198924,9.616930289451876,0.2175819958992225,2.987497515935047,0.1405143085063228,0.2946496832921222,1.125122101732066,2.987497515935047
OF-MPC pretrained + gate,71,56000,56800,800,-5.507027714261193,-4405.622171408954,-4.843492253456979,-3874.793802765584,0.6635354608042134,530.8283686433707,0,0.0,0,0.0,10,0.0125,0,0.0,790,0,5,5,0,0,0,5,0,5,0,5,-68.95596114211583,9.358518371969453,0.1697689138338298,2.5934008155489323,0.1209766675060698,0.2185611601615899,1.1068970854476103,2.5934008155489323
OF-MPC pretrained + gate,72,56800,57600,800,-6.160568229591861,-4928.454583673489,-5.103136476246846,-4082.509180997477,1.0574317533450166,845.9454026760133,0,0.0,0,0.0,9,0.01125,0,0.0,791,0,5,5,0,0,0,4,0,4,0,4,-68.87928097749307,11.850917380968076,0.1704078226161453,2.5056350983671223,0.1212000227424471,0.2196156224898434,1.096311433424758,2.5056350983671223
OF-MPC pretrained + gate,73,57600,58400,800,-4.9636886338892925,-3970.950907111434,-4.620484644198129,-3696.387715358503,0.3432039896911638,274.56319175293106,0,0.0,0,0.0,11,0.01375,0,0.0,789,0,7,7,0,0,0,4,0,4,0,4,-75.19275832606377,6.931108122498886,0.1661636795011479,2.580487950421798,0.1181083345015881,0.2142190245007077,1.0722454431225477,2.580487950421798
OF-MPC pretrained + gate,74,58400,59200,800,-5.496176954448797,-4396.941563559038,-4.918061960668648,-3934.449568534919,0.578114993780149,462.4919950241192,0,0.0,0,0.0,15,0.01875,0,0.0,785,0,11,11,0,0,0,4,0,4,0,4,-71.51806196139648,9.543174422562531,0.1840722423243851,2.9630436120250465,0.1234547003258062,0.2446897843229639,1.1081996866429318,2.9630436120250465
OF-MPC pretrained + gate,75,59200,60000,800,-5.065847327050405,-4052.677861640325,-4.701190607083156,-3760.952485666525,0.3646567199672498,291.7253759737998,0,0.0,0,0.0,12,0.015,0,0.0,788,0,7,7,0,0,0,5,0,5,0,5,-62.95463748208852,6.0445086250774045,0.1700447109804643,2.576805310171551,0.1198487438930667,0.2202406780678619,1.0703594354186947,2.576805310171551
OF-MPC pretrained + gate,76,60000,60800,800,-6.767103703933642,-5413.682963146914,-5.633297389382056,-4506.637911505645,1.1338063145515844,907.0450516412676,0,0.0,0,0.0,10,0.0125,0,0.0,790,0,5,5,0,0,0,5,0,5,0,5,-70.11247232797393,9.94548980322,0.2025247885970743,3.0342917163571315,0.1332499748052023,0.2717996023889464,1.093329524468718,3.0342917163571315
OF-MPC pretrained + gate,77,60800,61600,800,-7.278889845484816,-5823.111876387853,-5.504187000031407,-4403.349600025125,1.7747028454534084,1419.7622763627269,0,0.0,0,0.0,14,0.0175,0,0.0,786,0,9,9,0,0,0,5,0,5,0,5,-72.37650241188771,11.709270500402727,0.1931939880183695,2.9738896604175125,0.1288258246471644,0.2575621513895745,1.0877390061397203,2.9738896604175125
OF-MPC pretrained + gate,78,61600,62400,800,-7.1773911995283175,-5741.912959622654,-5.646654724486576,-4517.32377958926,1.530736475041742,1224.5891800333936,0,0.0,0,0.0,12,0.015,0,0.0,788,0,7,7,0,0,0,5,0,5,0,5,-74.92323456979204,9.987851503270074,0.205027894179861,2.9716043119823325,0.1324860991389231,0.277569689220799,1.0942187603746,2.9716043119823325
OF-MPC pretrained + gate,79,62400,63200,800,-6.876542195633683,-5501.2337565069465,-5.640794901787234,-4512.635921429787,1.2357472938464484,988.5978350771588,0,0.0,0,0.0,10,0.0125,0,0.0,790,0,6,6,0,0,0,4,0,4,0,4,-69.63353086276584,9.741073157527804,0.2050924493805553,3.072888893016227,0.1327860081025032,0.2773988906586074,1.0980887568622335,3.072888893016227
OF-MPC pretrained + gate,80,63200,64000,800,-4.60224914728786,-3681.799317830288,-4.40824264543875,-3526.594116351,0.1940065018491102,155.20520147928818,0,0.0,0,0.0,10,0.0125,0,0.0,790,0,4,4,0,0,0,5,1,5,1,5,-70.91714056496164,2.043173041939736,0.1660888976741794,2.575015034272667,0.11717574403624,0.2150020513121187,1.0856236613198131,2.575015034272667
OF-MPC pretrained + gate,81,64000,64800,800,-4.613527897216593,-3690.8223177732734,-4.368222172767721,-3494.577738214177,0.2453057244488716,196.2445795590973,0,0.0,0,0.0,14,0.0175,0,0.0,786,0,10,10,0,0,0,4,0,4,0,4,-72.71193652767886,2.1353805722406216,0.16514429754386,2.5426909172655314,0.1163630560708184,0.2139255390169015,1.0842923206865058,2.5426909172655314
OF-MPC pretrained + gate,82,64800,65600,800,-6.265521366369727,-5012.417093095782,-4.9169805704147,-3933.58445633176,1.3485407959550266,1078.8326367640211,0,0.0,0,0.0,14,0.0175,0,0.0,786,0,10,10,0,0,0,4,0,4,0,4,-70.8375377099045,16.062567718782983,0.1743232630119066,2.510960978083574,0.1183805155231315,0.2302660105006818,1.093450826096082,2.510960978083574
OF-MPC pretrained + gate,83,65600,66400,800,-6.45076998552963,-5160.615988423704,-5.373790403485815,-4299.032322788652,1.0769795820438155,861.5836656350526,0,0.0,0,0.0,10,0.0125,0,0.0,790,0,7,7,0,0,0,3,0,3,0,3,-70.35817934005036,9.57710938805488,0.1938735373991787,2.894626937606347,0.1288193957793018,0.2589276790190558,1.1096893131483236,2.894626937606347
OF-MPC pretrained + gate,84,66400,67200,800,-7.463715408517494,-5970.972326813995,-5.740795463354134,-4592.636370683307,1.7229199451633597,1378.3359561306877,0,0.0,0,0.0,7,0.00875,0,0.0,793,0,5,5,0,0,0,2,0,2,0,2,-71.39685462659452,10.95467069602994,0.194195759974359,2.9967431161226727,0.1269087971480079,0.2614827228007101,1.0857616925984463,2.9967431161226727
OF-MPC pretrained + gate,85,67200,68000,800,-8.170568336834528,-6536.454669467622,-6.176762886332674,-4941.410309066139,1.9938054505018528,1595.0443604014822,0,0.0,0,0.0,13,0.01625,0,0.0,787,0,10,10,0,0,0,3,0,3,0,3,-69.8018459971886,9.795409707691302,0.2182573625374443,2.9724708316172155,0.1379140448329812,0.2986006802419075,1.1232331903615722,2.9724708316172155
OF-MPC pretrained + gate,86,68000,68800,800,-7.028893657510944,-5623.114926008755,-5.524695683514962,-4419.75654681197,1.5041979739959803,1203.3583791967844,0,0.0,0,0.0,10,0.0125,0,0.0,790,0,4,4,0,0,0,6,0,6,0,6,-69.41681887843811,9.740467513210756,0.204716072925738,3.0235782734224586,0.1306875404597086,0.2787446053917674,1.0885688005665046,3.0235782734224586
OF-MPC pretrained + gate,87,68800,69600,800,-4.399669949714295,-3519.735959771436,-4.336686872349864,-3469.349497879891,0.0629830773644305,50.38646189154444,0,0.0,0,0.0,4,0.005,0,0.0,796,0,1,1,0,0,0,3,0,3,0,3,-75.56908223230437,1.502302888631819,0.1687851986436755,2.659149673817069,0.1155842162080422,0.2219861810793089,1.0757351342322576,2.659149673817069
OF-MPC pretrained + gate,88,69600,70400,800,-5.377048144518468,-4301.638515614774,-4.709914214356957,-3767.931371485565,0.667133930161511,533.7071441292088,0,0.0,0,0.0,8,0.01,0,0.0,792,0,3,3,0,0,0,5,0,5,0,5,-72.48015367738981,7.973477399348151,0.1714541417785527,2.5733949403251586,0.1152450786020586,0.2276632049550469,1.0804250384517564,2.5733949403251586
OF-MPC pretrained + gate,89,70400,71200,800,-6.314287599775716,-5051.430079820573,-5.325311550273923,-4260.249240219138,0.988976049501794,791.1808396014352,0,0.0,0,0.0,14,0.0175,0,0.0,786,0,9,9,0,0,0,5,0,5,0,5,-75.07427885641937,9.8663180276624,0.2000428331170398,3.061941760241325,0.1276122343252181,0.2724734319088615,1.093591502390853,3.061941760241325
OF-MPC pretrained + gate,90,71200,72000,800,-7.748082639193098,-6198.466111354478,-6.001683520984535,-4801.346816787628,1.7463991182085623,1397.11929456685,0,0.0,0,0.0,18,0.0225,0,0.0,782,0,13,13,0,0,0,5,0,5,0,5,-71.90600753156173,10.087570480323963,0.2189930268784539,3.0204041463152294,0.136452671159542,0.3015333825973658,1.1034569013687618,3.0204041463152294
OF-MPC pretrained + gate,91,72000,72800,800,-5.2559475711829,-4204.75805694632,-4.675459498357403,-3740.3675986859225,0.5804880728254972,464.39045826039774,0,0.0,0,0.0,13,0.01625,0,0.0,787,0,8,8,0,0,0,5,0,5,0,5,-72.25763514678033,9.688115759172724,0.1803032732096104,3.0218028067823184,0.1207684007964398,0.2398381456227809,1.0915280036411912,3.0218028067823184
OF-MPC pretrained + gate,92,72800,73600,800,-5.420251929549587,-4336.20154363967,-4.80340872810039,-3842.726982480312,0.6168432014491979,493.4745611593583,0,0.0,0,0.0,8,0.01,0,0.0,792,0,4,4,0,0,0,4,0,4,0,4,-74.39271093246805,9.391887240208288,0.1841080536899339,2.964958806754169,0.1209460925620159,0.247270014817852,1.092859726676807,2.964958806754169
OF-MPC pretrained + gate,93,73600,74400,800,-6.084389015940942,-4867.511212752754,-5.18843013038,-4150.744104304,0.8959588855609419,716.7671084487536,0,0.0,0,0.0,13,0.01625,0,0.0,787,0,8,8,0,0,0,5,0,5,0,5,-68.40420729062066,9.63737175468932,0.1953969686655559,2.905377194445009,0.1273691186756614,0.2634248186554504,1.1046107073619875,2.905377194445009
OF-MPC pretrained + gate,94,74400,75200,800,-7.160497085878851,-5728.397668703081,-5.662309948776953,-4529.847959021562,1.498187137101898,1198.5497096815184,0,0.0,0,0.0,15,0.01875,0,0.0,785,0,12,12,0,0,0,3,0,3,0,3,-72.48620907915108,10.8706095085971,0.2084920888018933,3.060808037553727,0.1281212317584057,0.288862945845381,1.111438596853484,3.060808037553727
OF-MPC pretrained + gate,95,75200,76000,800,-6.459581917135301,-5167.665533708241,-5.131223536729718,-4104.978829383775,1.3283583804055834,1062.6867043244667,0,0.0,0,0.0,14,0.0175,0,0.0,786,0,9,9,0,0,0,5,0,5,0,5,-68.62379156852796,13.009473948688766,0.1875228506948807,2.967056976462459,0.1219683715995674,0.253077329790194,1.0943450923622886,2.967056976462459
OF-MPC pretrained + gate,96,76000,76800,800,-8.384560306162312,-6707.648244929849,-6.141408864878913,-4913.12709190313,2.243151441283397,1794.521153026718,0,0.0,0,0.0,15,0.01875,0,0.0,785,0,13,13,0,0,0,2,0,2,0,2,-70.66321254019977,15.551633905386517,0.2173272343074635,3.0787985924886243,0.1327387584112189,0.3019157102037081,1.1073797601240876,3.0787985924886243
OF-MPC pretrained + gate,97,76800,77600,800,-6.176299398227489,-4941.039518581992,-5.272753646038155,-4218.202916830524,0.9035457521893347,722.8366017514678,0,0.0,0,0.0,11,0.01375,0,0.0,789,0,7,7,0,0,0,4,0,4,0,4,-69.92023537046714,9.813998244318135,0.1961355914113746,2.8890898532184224,0.1284476584456181,0.2638235243771311,1.1075448940334298,2.8890898532184224
OF-MPC pretrained + gate,98,77600,78400,800,-6.612555542243094,-5290.044433794476,-5.252634472116816,-4202.107577693452,1.3599210701262796,1087.9368561010235,0,0.0,0,0.0,13,0.01625,0,0.0,787,0,10,10,0,0,0,3,0,3,0,3,-69.80554945179381,10.45440017415496,0.1948261542135697,2.941803006555915,0.1258516397874415,0.2638006686396978,1.0946816340423895,2.941803006555915
OF-MPC pretrained + gate,99,78400,79200,800,-6.070052271782532,-4856.041817426026,-5.199533369312954,-4159.626695450364,0.870518902469578,696.4151219756624,0,0.0,0,0.0,11,0.01375,0,0.0,789,0,7,7,0,0,0,4,0,4,0,4,-69.17221000968209,9.803773500433998,0.1947695868881037,2.954130911937739,0.1277984672989432,0.2617407064772641,1.1050269624937843,2.954130911937739
OF-MPC pretrained + gate,100,79200,80000,800,-6.213845777417263,-4971.07662193381,-4.930358165590835,-3944.286532472668,1.283487611826427,1026.7900894611414,0,0.0,0,0.0,11,0.01375,0,0.0,789,0,6,6,0,0,0,4,1,4,1,4,-63.49708001630927,11.89227315150447,0.1819652260294577,2.590984152504859,0.1184811763833589,0.2454492756755566,1.0775515500948178,2.590984152504859
OF-MPC pretrained + gate,101,80000,80800,800,-7.804860871405122,-6243.888697124097,-6.125189586706606,-4900.151669365285,1.6796712846985142,1343.737027758811,0,0.0,0,0.0,13,0.01625,0,0.0,787,0,8,8,0,0,0,5,0,5,0,5,-70.41239061058968,9.92005322885403,0.2216762999454738,3.027578727292905,0.1383633683885875,0.3049892315023601,1.1063364468946362,3.027578727292905
OF-MPC pretrained + gate,102,80800,81600,800,-6.29490810394205,-5035.92648315364,-5.275722529613883,-4220.578023691107,1.0191855743281677,815.348459462534,0,0.0,0,0.0,13,0.01625,0,0.0,787,0,7,7,0,0,0,6,0,6,0,6,-68.88055721261094,9.905352842347249,0.1984051382490794,2.9838386427422847,0.1281610421656172,0.2686492343325417,1.112177516571355,2.9838386427422847
OF-MPC pretrained + gate,103,81600,82400,800,-6.952207366785271,-5561.765893428217,-5.640340737018773,-4512.272589615019,1.3118666297664987,1049.493303813199,0,0.0,0,0.0,14,0.0175,0,0.0,786,0,10,10,0,0,0,4,0,4,0,4,-64.58215434361136,9.695755325577624,0.2041186117249055,2.9038831613933667,0.1319679753552679,0.2762692480945432,1.1086418514560847,2.9038831613933667
OF-MPC pretrained + gate,104,82400,83200,800,-4.388993696959875,-3511.1949575679,-4.1951654402469964,-3356.1323521975974,0.1938282567128788,155.06260537030303,0,0.0,0,0.0,8,0.01,0,0.0,792,0,4,4,0,0,0,4,0,4,0,4,-63.67726997712237,3.433334888099961,0.1663205087109636,2.641415713977437,0.1136263500099301,0.2190146674119972,1.0664086702756317,2.641415713977437
OF-MPC pretrained + gate,105,83200,84000,800,-6.850646619947404,-5480.517295957923,-5.524946159512081,-4419.9569276096645,1.3257004604353233,1060.5603683482586,0,0.0,0,0.0,16,0.02,0,0.0,784,0,12,12,0,0,0,4,0,4,0,4,-65.24224742921876,9.846100189763494,0.2077050213464172,3.05744396794222,0.1311954507679193,0.2842145919249151,1.0986631797989117,3.05744396794222
OF-MPC pretrained + gate,106,84000,84800,800,-7.363713073278125,-5890.9704586225,-5.840729411735461,-4672.583529388369,1.5229836615426633,1218.3869292341303,0,0.0,0,0.0,10,0.0125,0,0.0,790,0,6,6,0,0,0,4,0,4,0,4,-66.72698663567326,9.638854121452836,0.2139790972927083,2.936258089200976,0.1355312220203212,0.2924269725650955,1.092629129564032,2.936258089200976
OF-MPC pretrained + gate,107,84800,85600,800,-9.426015110546762,-7540.812088437409,-6.527956611833543,-5222.365289466834,2.8980584987132203,2318.4467989705763,0,0.0,0,0.0,12,0.015,0,0.0,788,0,9,9,0,0,0,3,0,3,0,3,-66.87119811282537,17.048882748136265,0.2211779818168151,3.027355660793546,0.1363662664844241,0.3059896971492061,1.0968406361187122,3.027355660793546
OF-MPC pretrained + gate,108,85600,86400,800,-6.069514859128894,-4855.611887303116,-5.121677097976519,-4097.341678381215,0.9478377611523756,758.2702089219005,0,0.0,0,0.0,9,0.01125,0,0.0,791,0,5,5,0,0,0,4,0,4,0,4,-68.13093715023001,9.734741821708475,0.1914885045010112,2.990691621588269,0.1259624491666196,0.2570145598354028,1.092279786058886,2.990691621588269
OF-MPC pretrained + gate,109,86400,87200,800,-5.373849698167281,-4299.079758533825,-4.778775953121765,-3823.020762497412,0.5950737450455165,476.0589960364132,0,0.0,0,0.0,9,0.01125,0,0.0,791,0,5,5,0,0,0,4,0,4,0,4,-65.67572872193341,9.61367235875012,0.1806451209248631,2.972895251931845,0.1220083640749513,0.239281877774775,1.109695116736697,2.972895251931845
OF-MPC pretrained + gate,110,87200,88000,800,-5.8202578466661,-4656.20627733288,-4.915524673745778,-3932.419738996623,0.9047331729203212,723.7865383362569,0,0.0,0,0.0,9,0.01125,0,0.0,791,0,5,5,0,0,0,4,0,4,0,4,-69.15312160917233,9.911349334593822,0.1825563712505162,2.992326063401663,0.1230940730392318,0.2420186694618006,1.1155847026673364,2.992326063401663
OF-MPC pretrained + gate,111,88000,88800,800,-7.536601379822566,-6029.281103858053,-5.903989588588189,-4723.191670870551,1.6326117912343778,1306.0894329875025,0,0.0,0,0.0,14,0.0175,0,0.0,786,0,9,9,0,0,0,5,0,5,0,5,-68.33204637596998,9.865472751046775,0.2046113462341147,2.948046017023273,0.1347669381834373,0.274455754284792,1.116668149593515,2.948046017023273
OF-MPC pretrained + gate,112,88800,89600,800,-6.1827336254036265,-4946.186900322901,-5.073410295638328,-4058.728236510662,1.109323329765299,887.458663812239,0,0.0,0,0.0,9,0.01125,0,0.0,791,0,6,6,0,0,0,3,0,3,0,3,-69.8620043894307,9.576046291835834,0.1873906968576764,2.9330189865563057,0.1250392296382739,0.249742164077079,1.0797278575842104,2.9330189865563057
OF-MPC pretrained + gate,113,89600,90400,800,-4.436391550719921,-3549.1132405759363,-4.220315663451943,-3376.252530761554,0.2160758872679777,172.8607098143822,0,0.0,0,0.0,11,0.01375,0,0.0,789,0,8,8,0,0,0,3,0,3,0,3,-67.17872948438787,2.513910677093893,0.1651813951493566,2.6362080885931505,0.1145622145815202,0.2158005757171929,1.080809934360277,2.6362080885931505
OF-MPC pretrained + gate,114,90400,91200,800,-6.497676312230802,-5198.141049784642,-5.309216762596282,-4247.373410077026,1.1884595496345187,950.767639707615,0,0.0,0,0.0,14,0.0175,0,0.0,786,0,11,11,0,0,0,3,0,3,0,3,-66.60750444906535,9.612882171273888,0.1926064411782164,2.9757006099728187,0.1273201060024589,0.257892776353974,1.108890209806888,2.9757006099728187
OF-MPC pretrained + gate,115,91200,92000,800,-7.378893468965205,-5903.114775172164,-5.550847084408574,-4440.677667526859,1.8280463845566297,1462.4371076453035,0,0.0,0,0.0,8,0.01,0,0.0,792,0,5,5,0,0,0,3,0,3,0,3,-66.12229176598669,12.69503301011151,0.1952508265448935,3.0247121779365216,0.1271369821150155,0.2633646709747716,1.1055845253728056,3.0247121779365216
OF-MPC pretrained + gate,116,92000,92800,800,-5.45380582630154,-4363.044661041232,-4.674828500618992,-3739.862800495194,0.7789773256825465,623.1818605460372,0,0.0,0,0.0,10,0.0125,0,0.0,790,0,7,7,0,0,0,3,0,3,0,3,-63.33748586151978,9.58635675426362,0.1777188558871528,2.9447326802555267,0.1193918854373512,0.2360458263369544,1.0846894725825984,2.9447326802555267
OF-MPC pretrained + gate,117,92800,93600,800,-5.066726150255273,-4053.3809202042185,-4.615327059334026,-3692.261647467221,0.4513990909212469,361.1192727369976,0,0.0,0,0.0,8,0.01,0,0.0,792,0,5,5,0,0,0,3,0,3,0,3,-64.37087441617632,9.246687272800363,0.1794438807957295,2.961290249326112,0.1203247573118277,0.2385630042796313,1.096440689192162,2.961290249326112
OF-MPC pretrained + gate,118,93600,94400,800,-5.579900817893429,-4463.920654314743,-4.534916189713266,-3627.932951770613,1.0449846281801614,835.9877025441291,0,0.0,0,0.0,15,0.01875,0,0.0,785,0,12,12,0,0,0,3,0,3,0,3,-66.50615323409227,10.727631121165796,0.1616857950708918,2.5380812812935005,0.1154786842379754,0.2078929059038083,1.0710060418239764,2.5380812812935005
OF-MPC pretrained + gate,119,94400,95200,800,-5.506947241314908,-4405.557793051927,-4.530665905692316,-3624.532724553853,0.9762813356225916,781.0250684980733,0,0.0,0,0.0,4,0.005,0,0.0,796,0,2,2,0,0,0,2,0,2,0,2,-62.24954917929654,14.674176172927575,0.1684350745851969,2.5455495049631622,0.113806010543001,0.2230641386273928,1.0660718475119535,2.5455495049631622
OF-MPC pretrained + gate,120,95200,96000,800,-7.133366848629923,-5706.693478903939,-5.419693199515316,-4335.754559612253,1.7136736491146078,1370.9389192916865,0,0.0,0,0.0,13,0.01625,0,0.0,787,0,10,10,0,0,0,3,0,3,0,3,-60.4311803905174,10.542318794776984,0.191758356472012,2.997188301622032,0.1265111736326169,0.257005539311407,1.097303082431892,2.997188301622032
OF-MPC pretrained + gate,121,96000,96800,800,-5.363636350431757,-4290.9090803454055,-4.490861772696801,-3592.689418157441,0.8727745777349563,698.219662187965,0,0.0,0,0.0,8,0.01,0,0.0,792,0,5,5,0,0,0,3,0,3,0,3,-67.5616738036507,10.311000207232798,0.1625524856271262,2.562918404074196,0.1148213727643626,0.2102835984898898,1.0700924730092622,2.562918404074196
OF-MPC pretrained + gate,122,96800,97600,800,-6.714510632510975,-5371.60850600878,-5.483784291599397,-4387.027433279518,1.2307263409115778,984.5810727292622,0,0.0,0,0.0,16,0.02,0,0.0,784,0,13,13,0,0,0,3,0,3,0,3,-62.93760503090061,9.83929563853876,0.2031410158414054,2.9772254060678733,0.1315342943700768,0.274747737312734,1.10079648585691,2.9772254060678733
OF-MPC pretrained + gate,123,97600,98400,800,-4.52252926289417,-3618.023410315336,-4.326883501932034,-3461.5068015456272,0.1956457609621362,156.51660876970897,0,0.0,0,0.0,10,0.0125,0,0.0,790,0,6,6,0,0,0,4,0,4,0,4,-62.95332542055678,1.8393354690074903,0.165751071917594,2.5689468680684517,0.1167747816271559,0.2147273622080321,1.088945057217995,2.5689468680684517
OF-MPC pretrained + gate,124,98400,99200,800,-8.360677613417884,-6688.542090734307,-6.246885242406043,-4997.508193924834,2.1137923710118427,1691.033896809474,0,0.0,0,0.0,15,0.01875,0,0.0,785,0,13,13,0,0,0,2,0,2,0,2,-65.18121572962286,9.805182743379842,0.2153556391196925,2.958767992953426,0.1382934423282235,0.2924178359111615,1.106318917610262,2.958767992953426
OF-MPC pretrained + gate,125,99200,100000,800,-7.513612211920108,-6010.889769536087,-5.633098416352648,-4506.478733082118,1.880513795567461,1504.4110364539686,0,0.0,0,0.0,10,0.0125,0,0.0,790,0,8,8,0,0,0,2,0,2,0,2,-63.17057299375608,10.921276441665968,0.1898017979629956,2.879918858246697,0.1281495706429167,0.2514540252830746,1.1098796397690345,2.879918858246697
OF-MPC pretrained + gate,126,100000,100800,800,-8.697395350851664,-6957.916280681331,-6.000491534529107,-4800.393227623286,2.6969038163225547,2157.523053058044,0,0.0,0,0.0,17,0.02125,0,0.0,783,0,15,15,0,0,0,2,0,2,0,2,-62.867332840782296,9.8473874273028,0.19819853524891,3.10464164879204,0.1287261684833128,0.2676709020145071,1.07917300627162,3.10464164879204
OF-MPC pretrained + gate,127,100800,101600,800,-6.27179730261184,-5017.437842089472,-4.987675197877492,-3990.140158301993,1.284122104734347,1027.2976837874776,0,0.0,0,0.0,9,0.01125,0,0.0,791,0,7,7,0,0,0,2,0,2,0,2,-64.5131235484821,10.888446615430304,0.1826457000181681,3.080291017564093,0.1206683840525241,0.2446230159838121,1.0956475506843044,3.080291017564093
OF-MPC pretrained + gate,128,101600,102400,800,-6.0716069029026265,-4857.285522322101,-5.135244440774017,-4108.195552619214,0.936362462128609,749.0899697028872,0,0.0,0,0.0,11,0.01375,0,0.0,789,0,7,7,0,0,0,4,0,4,0,4,-63.78315408835988,9.565972310553049,0.1906414229291257,2.898500751108884,0.1272990829079535,0.253983762950298,1.107651721258033,2.898500751108884
OF-MPC pretrained + gate,129,102400,103200,800,-6.857578681628584,-5486.062945302867,-5.273436051932687,-4218.748841546149,1.5841426296958971,1267.3141037567177,0,0.0,0,0.0,19,0.02375,0,0.0,781,0,17,17,0,0,0,2,0,2,0,2,-71.14383731795044,15.224311243887774,0.18896256908601,3.0040830152162243,0.1233765931531662,0.2545485450188539,1.0981178341600222,3.0040830152162243
OF-MPC pretrained + gate,130,103200,104000,800,-5.254636824625522,-4203.709459700418,-4.420809268082129,-3536.647414465704,0.8338275565433938,667.062045234715,0,0.0,0,0.0,22,0.0275,0,0.0,778,0,21,21,0,0,0,1,0,1,0,1,-69.10750924253728,11.195897694212098,0.1688771750186887,2.6407782808068987,0.1143866477055136,0.2233677023318639,1.0780312606454705,2.6407782808068987
OF-MPC pretrained + gate,131,104000,104800,800,-7.576075703335041,-6060.860562668033,-5.617944514755676,-4494.355611804541,1.9581311885793653,1566.5049508634922,0,0.0,0,0.0,9,0.01125,0,0.0,791,0,8,8,0,0,0,1,0,1,0,1,-63.76341038039982,15.655738665256411,0.1961398545651813,3.029814436383049,0.1272131620287097,0.2650665471016528,1.1031416940279732,3.029814436383049
OF-MPC pretrained + gate,132,104800,105600,800,-5.85649826372512,-4685.198610980096,-4.976479313772975,-3981.18345101838,0.8800189499521468,704.0151599617175,0,0.0,0,0.0,9,0.01125,0,0.0,791,0,6,6,0,0,0,3,0,3,0,3,-65.16552141959926,9.946236866321136,0.1909079297490121,3.0402864616016814,0.1250073234993458,0.2568085359986785,1.097184539844022,3.0402864616016814
OF-MPC pretrained + gate,133,105600,106400,800,-9.05882445995356,-7247.059567962847,-6.20147280258001,-4961.178242064008,2.857351657373548,2285.8813258988384,0,0.0,0,0.0,25,0.03125,0,0.0,775,0,19,19,0,0,0,6,0,6,0,6,-64.43010128950743,12.872581708211747,0.1999824768608651,2.9487919703727243,0.1297564388088059,0.2702085149129243,1.0932665067644227,2.9487919703727243
OF-MPC pretrained + gate,134,106400,107200,800,-5.871941906826198,-4697.553525460959,-4.778800375416544,-3823.040300333235,1.0931415314096558,874.5132251277246,0,0.0,0,0.0,29,0.03625,0,0.0,771,0,27,27,0,0,0,2,0,2,0,2,-63.50919636851313,9.655980611679304,0.174586254885432,2.8285598520219537,0.1217846267235695,0.2273878830472946,1.093852960470889,2.8285598520219537
OF-MPC pretrained + gate,135,107200,108000,800,-5.941493182521018,-4753.194546016815,-5.015385859258979,-4012.3086874071832,0.926107323262038,740.8858586096304,0,0.0,0,0.0,16,0.02,0,0.0,784,0,13,13,0,0,0,3,0,3,0,3,-60.51397295341667,9.591436611461868,0.187733646823191,2.916420362669726,0.126174807872968,0.249292485773414,1.1075089572647745,2.916420362669726
OF-MPC pretrained + gate,136,108000,108800,800,-5.728522924201561,-4582.818339361249,-4.932369471439625,-3945.8955771516994,0.7961534527619368,636.9227622095494,0,0.0,0,0.0,9,0.01125,0,0.0,791,0,6,6,0,0,0,3,0,3,0,3,-58.844725012047206,9.417461807221637,0.1907373342821606,2.918111470942506,0.1242164984464221,0.2572581701178991,1.101719335991584,2.918111470942506
OF-MPC pretrained + gate,137,108800,109600,800,-5.761123789183716,-4608.899031346973,-4.788812629079862,-3831.05010326389,0.9723111601038532,777.8489280830827,0,0.0,0,0.0,9,0.01125,0,0.0,791,0,6,6,0,0,0,3,0,3,0,3,-61.60340711100309,9.622100560975198,0.1774547140360008,2.905774846723034,0.1214885192978181,0.2334209087741835,1.1074519783431374,2.905774846723034
OF-MPC pretrained + gate,138,109600,110400,800,-4.500773412460344,-3600.6187299682747,-4.2063616617564845,-3365.0893294051875,0.294411750703859,235.5294005630872,0,0.0,0,0.0,12,0.015,0,0.0,788,0,9,9,0,0,0,2,1,2,1,2,-61.476836317366406,5.234806554631206,0.1596114101027969,2.5167088308327266,0.1151421872288045,0.2040806329767892,1.0753012692422734,2.5167088308327266
OF-MPC pretrained + gate,139,110400,111200,800,-4.710886535563072,-3768.709228450457,-4.295554753218657,-3436.443802574926,0.4153317823444143,332.2654258755315,0,0.0,0,0.0,10,0.0125,0,0.0,790,0,8,8,0,0,0,2,0,2,0,2,-65.68831381194877,7.703584956298298,0.1635718600355918,2.702934467266971,0.1152635333703978,0.2118801867007858,1.0735568889733194,2.702934467266971
OF-MPC pretrained + gate,140,111200,112000,800,-4.419293525556901,-3535.434820445521,-4.143479231550051,-3314.7833852400413,0.2758142940068502,220.65143520548023,0,0.0,0,0.0,10,0.0125,0,0.0,790,0,8,8,0,0,0,2,0,2,0,2,-64.77037721372199,4.27544368471075,0.162039066383636,2.642933753824366,0.1134960341449619,0.21058209862231,1.0728498739488446,2.642933753824366
OF-MPC pretrained + gate,141,112000,112800,800,-4.805166544391931,-3844.133235513545,-4.217050237232675,-3373.64018978614,0.5881163071592561,470.4930457274049,0,0.0,0,0.0,15,0.01875,0,0.0,785,0,12,12,0,0,0,3,0,3,0,3,-65.14213057572988,7.928685086515376,0.1635950533818741,2.6563078393491537,0.1134994027016686,0.2136907040620796,1.0727659300497852,2.6563078393491537
OF-MPC pretrained + gate,142,112800,113600,800,-6.113934240370429,-4891.147392296343,-5.0773713126774975,-4061.897050141998,1.0365629276929325,829.250342154346,0,0.0,0,0.0,18,0.0225,0,0.0,782,0,15,15,0,0,0,3,0,3,0,3,-63.35412153934056,9.794087974498522,0.1907107619028303,2.9799065029868075,0.1262775706681569,0.2551439531375037,1.093006495376175,2.9799065029868075
OF-MPC pretrained + gate,143,113600,114400,800,-7.162545089367267,-5730.036071493813,-5.323408480840709,-4258.726784672567,1.8391366085265577,1471.309286821246,0,0.0,0,0.0,23,0.02875,0,0.0,777,0,20,20,0,0,0,3,0,3,0,3,-61.24663902042778,9.773905496659784,0.1915856810812499,2.922846642181753,0.1260656892948036,0.2571056728676963,1.10785764223419,2.922846642181753
OF-MPC pretrained + gate,144,114400,115200,800,-6.577520688612868,-5262.016550890295,-5.266161515285346,-4212.929212228277,1.3113591733275234,1049.0873386620187,0,0.0,0,0.0,16,0.02,0,0.0,784,0,13,13,0,0,0,3,0,3,0,3,-63.52517847933871,9.84750380709741,0.1947962689924463,3.0797466367276343,0.1269154066180053,0.2626771313668874,1.1076073974932514,3.0797466367276343
OF-MPC pretrained + gate,145,115200,116000,800,-6.487274163632308,-5189.819330905846,-5.19404431100971,-4155.235448807768,1.293229852622596,1034.5838820980769,0,0.0,0,0.0,20,0.025,0,0.0,780,0,17,17,0,0,0,3,0,3,0,3,-62.39024523926696,9.659013705468873,0.1882400093601566,2.9277962572381853,0.127206788532303,0.2492732301880101,1.1044305324301318,2.9277962572381853
OF-MPC pretrained + gate,146,116000,116800,800,-5.795594756381032,-4636.475805104826,-4.625107195012261,-3700.085756009809,1.1704875613687704,936.3900490950164,0,0.0,0,0.0,25,0.03125,0,0.0,775,0,22,22,0,0,0,3,0,3,0,3,-63.10523612901227,9.358265233034167,0.1665480984010358,2.58597114448861,0.116283287677245,0.2168129091248266,1.093022423526378,2.58597114448861
OF-MPC pretrained + gate,147,116800,117600,800,-6.12098549539048,-4896.788396312384,-5.101587076719012,-4081.2696613752096,1.019398418671467,815.5187349371736,0,0.0,0,0.0,19,0.02375,0,0.0,781,0,15,15,0,0,0,4,0,4,0,4,-61.70001469314752,9.736561360263511,0.1919674324328198,2.947255355686877,0.1269428129981814,0.2569920518674583,1.1042160918252462,2.947255355686877
OF-MPC pretrained + gate,148,117600,118400,800,-5.537084605768376,-4429.667684614701,-4.689219664549964,-3751.375731639972,0.847864941218412,678.2919529747296,0,0.0,0,0.0,11,0.01375,0,0.0,789,0,7,7,0,0,0,4,0,4,0,4,-68.52600644107031,9.514190794461538,0.1744037146571966,2.994628349753554,0.1210076074427853,0.2277998218716078,1.0897138423135106,2.994628349753554
OF-MPC pretrained + gate,149,118400,119200,800,-7.065027929505566,-5652.0223436044525,-5.37543314502688,-4300.346516021505,1.6895947844786852,1351.6758275829482,0,0.0,0,0.0,19,0.02375,0,0.0,781,0,15,15,0,0,0,4,0,4,0,4,-62.9241901339168,9.912598678326711,0.1909853675003656,3.020908294419712,0.1267786530580555,0.2551920819426756,1.0911824842129287,3.020908294419712
OF-MPC pretrained + gate,150,119200,120000,800,-5.957361355093735,-4765.889084074988,-5.0633926347910885,-4050.7141078328714,0.8939687203026473,715.1749762421179,0,0.0,0,0.0,13,0.01625,0,0.0,787,0,10,10,0,0,0,3,0,3,0,3,-66.04247959859481,9.650960621658657,0.1926143809467729,2.9611355675593813,0.1263026283543891,0.2589261335391567,1.1117678062478,2.9611355675593813
OF-MPC pretrained + gate,151,120000,120800,800,-6.898831453097912,-5519.0651624783295,-5.543162237711403,-4434.529790169123,1.3556692153865066,1084.5353723092053,0,0.0,0,0.0,16,0.02,0,0.0,784,0,11,11,0,0,0,5,0,5,0,5,-57.98308614541986,9.844966819111663,0.1972962548486348,2.999688746633751,0.1291903502877409,0.2654021594095288,1.092088244586963,2.999688746633751
OF-MPC pretrained + gate,152,120800,121600,800,-6.065226855748416,-4852.181484598733,-5.121238118545129,-4096.990494836104,0.9439887372032864,755.1909897626292,0,0.0,0,0.0,7,0.00875,0,0.0,793,0,4,4,0,0,0,3,0,3,0,3,-63.80060560452455,9.812483504684812,0.1870477556554807,2.967137474140486,0.1278063336755511,0.2462891776354102,1.099008947211555,2.967137474140486
OF-MPC pretrained + gate,153,121600,122400,800,-9.079296288456304,-7263.437030765042,-6.212427799686638,-4969.94223974931,2.866868488769668,2293.4947910157343,0,0.0,0,0.0,16,0.02,0,0.0,784,0,13,13,0,0,0,3,0,3,0,3,-62.22534275581779,9.835325827971602,0.197852599963639,2.98586502574841,0.1286354654425444,0.2670697344847337,1.093084973748709,2.98586502574841
OF-MPC pretrained + gate,154,122400,123200,800,-4.857158701353761,-3885.726961083009,-4.521343210149791,-3617.074568119832,0.3358154912039711,268.65239296317685,0,0.0,0,0.0,9,0.01125,0,0.0,791,0,5,5,0,0,0,4,0,4,0,4,-59.82421575749072,3.942275566732471,0.1660444698725474,2.4818752970850824,0.1191801971104843,0.2129087426346104,1.0866270959329376,2.4818752970850824
OF-MPC pretrained + gate,155,123200,124000,800,-7.424665119710037,-5939.7320957680295,-5.8410835976169935,-4672.866878093595,1.583581522093042,1266.8652176744336,0,0.0,0,0.0,17,0.02125,0,0.0,783,0,14,14,0,0,0,3,0,3,0,3,-65.05470409791553,9.732479685510496,0.2149968558625295,3.031553642446568,0.135846038535995,0.2941476731890641,1.097286972654023,3.031553642446568
OF-MPC pretrained + gate,156,124000,124800,800,-7.852904290706465,-6282.323432565172,-6.022677343877707,-4818.141875102166,1.8302269468287573,1464.181557463006,0,0.0,0,0.0,15,0.01875,0,0.0,785,0,11,11,0,0,0,4,0,4,0,4,-63.75570750752172,9.89082697973613,0.2146726326864411,2.967204292270196,0.1385680985331398,0.2907771668397425,1.1153381157443367,2.967204292270196
OF-MPC pretrained + gate,157,124800,125600,800,-4.623100089798406,-3698.4800718387246,-4.218992940231299,-3375.194352185039,0.4041071495671067,323.2857196536854,0,0.0,0,0.0,17,0.02125,0,0.0,783,0,12,12,0,0,0,4,1,4,1,4,-65.9141213093551,4.605600094732782,0.1625599730605219,2.604046582308115,0.1149021374192,0.2102178087018438,1.0829633985455105,2.604046582308115
OF-MPC pretrained + gate,158,125600,126400,800,-5.743218595582822,-4594.574876466258,-4.962202579982383,-3969.762063985906,0.78101601560044,624.812812480352,0,0.0,0,0.0,8,0.01,0,0.0,792,0,4,4,0,0,0,4,0,4,0,4,-64.02717499739254,9.380379311163836,0.1874434348487096,2.970730535713699,0.1259101580040179,0.2489767116934014,1.0959374334052163,2.970730535713699
OF-MPC pretrained + gate,159,126400,127200,800,-5.6395774854145975,-4511.661988331678,-4.593745073781698,-3674.996059025359,1.0458324116329003,836.6659293063202,0,0.0,0,0.0,4,0.005,0,0.0,796,0,2,2,0,0,0,2,0,2,0,2,-65.86469562904892,11.25929930114206,0.1618687510056838,2.6245486827502877,0.1160313201292127,0.207706181882155,1.0842285762969732,2.6245486827502877
OF-MPC pretrained + gate,160,127200,128000,800,-6.034786750479935,-4827.829400383947,-5.082023180546554,-4065.618544437243,0.95276356993338,762.2108559467041,0,0.0,0,0.0,12,0.015,0,0.0,788,0,8,8,0,0,0,4,0,4,0,4,-58.51486350348853,9.786485405030412,0.1872535846199719,2.912026473125252,0.1274861385964432,0.2470210306435006,1.101496640254012,2.912026473125252
OF-MPC pretrained + gate,161,128000,128800,800,-6.234894831854229,-4987.915865483383,-5.263889085796507,-4211.111268637205,0.97100574605772,776.8045968461761,0,0.0,0,0.0,7,0.00875,0,0.0,793,0,4,4,0,0,0,3,0,3,0,3,-63.520684742714025,9.457416151448555,0.1916733220349618,2.9785449785717333,0.1286018334507858,0.2547448106191378,1.102185961514088,2.9785449785717333
OF-MPC pretrained + gate,162,128800,129600,800,-5.850345489556999,-4680.2763916456,-4.95594611844511,-3964.756894756088,0.8943993711118905,715.5194968895124,0,0.0,0,0.0,12,0.015,0,0.0,788,0,8,8,0,0,0,4,0,4,0,4,-62.13854830916591,9.617318465995655,0.1857659067988494,2.898118189230047,0.1256066458578505,0.2459251677398484,1.097991057294061,2.898118189230047
OF-MPC pretrained + gate,163,129600,130400,800,-5.883491702485888,-4706.79336198871,-4.679452999461182,-3743.5623995689457,1.2040387030247068,963.2309624197654,0,0.0,0,0.0,9,0.01125,0,0.0,791,0,7,7,0,0,0,2,0,2,0,2,-61.53176072978454,10.80708169301314,0.1649898192522882,2.5813664815182733,0.1157229815652256,0.2142566569393507,1.0747368015607162,2.5813664815182733
OF-MPC pretrained + gate,164,130400,131200,800,-7.070510090093458,-5656.408072074766,-5.315870397532068,-4252.696318025654,1.7546396925613892,1403.7117540491113,0,0.0,0,0.0,17,0.02125,0,0.0,783,0,13,13,0,0,0,4,0,4,0,4,-66.28169592427298,10.967094808593842,0.18663386292657,2.9119386340710776,0.1265005207654733,0.2467672050876667,1.0960106981923698,2.9119386340710776
OF-MPC pretrained + gate,165,131200,132000,800,-6.763105357460525,-5410.48428596842,-5.364073695770077,-4291.258956616062,1.3990316616904457,1119.2253293523563,0,0.0,0,0.0,9,0.01125,0,0.0,791,0,6,6,0,0,0,3,0,3,0,3,-64.78993112058333,9.828868993657396,0.1902318310438094,2.981731073890444,0.1287020015148474,0.2517616605727715,1.111284330813629,2.981731073890444
OF-MPC pretrained + gate,166,132000,132800,800,-7.380568944347431,-5904.455155477945,-5.753009441220829,-4602.407552976663,1.627559503126601,1302.0476025012808,0,0.0,0,0.0,15,0.01875,0,0.0,785,0,11,11,0,0,0,4,0,4,0,4,-65.5477950543825,9.800166646606153,0.2094413472185997,2.957553025424545,0.1357569733532659,0.2831257210839336,1.0968719281269803,2.957553025424545
OF-MPC pretrained + gate,167,132800,133600,800,-7.55384906990879,-6043.079255927032,-5.919468124159048,-4735.574499327238,1.6343809457497434,1307.5047565997947,0,0.0,0,0.0,14,0.0175,0,0.0,786,0,10,10,0,0,0,4,0,4,0,4,-67.33331995105664,9.81170813440807,0.2116983643078552,3.0128127011855668,0.1375354734837531,0.2858612551319572,1.115424118064317,3.0128127011855668
OF-MPC pretrained + gate,168,133600,134400,800,-7.337852869466121,-5870.282295572897,-5.702249888238391,-4561.799910590713,1.6356029812277288,1308.482384982183,0,0.0,0,0.0,8,0.01,0,0.0,792,0,6,6,0,0,0,2,0,2,0,2,-66.08563271639662,10.033981406363033,0.2041808511215671,2.984386037255092,0.1329305799828033,0.2754311222603309,1.110097926689682,2.984386037255092
OF-MPC pretrained + gate,169,134400,135200,800,-5.906552386321639,-4725.241909057311,-4.839532353927291,-3871.6258831418327,1.0670200323943484,853.6160259154788,0,0.0,0,0.0,10,0.0125,0,0.0,790,0,5,5,0,0,0,5,0,5,0,5,-63.72197281933984,9.567965368429457,0.1734599738718902,2.946899657635072,0.1215160723614849,0.2254038753822955,1.1067414861631315,2.946899657635072
OF-MPC pretrained + gate,170,135200,136000,800,-5.895150057416192,-4716.120045932954,-4.828534631981941,-3862.827705585553,1.0666154254342504,853.2923403474003,0,0.0,0,0.0,12,0.015,0,0.0,788,0,8,8,0,0,0,4,0,4,0,4,-66.30980175347031,9.323543879074071,0.1763987750955406,2.924615266875492,0.1200040353797416,0.2327935148113396,1.087540106903092,2.924615266875492
OF-MPC pretrained + gate,171,136000,136800,800,-6.827081026988294,-5461.664821590635,-5.28537382703156,-4228.299061625248,1.5417071999567344,1233.3657599653875,0,0.0,0,0.0,11,0.01375,0,0.0,789,0,9,9,0,0,0,2,0,2,0,2,-68.75552921954625,9.769665419426596,0.1872635530103815,2.9619682449362017,0.1267272201378075,0.2477998858829554,1.0903292156618982,2.9619682449362017
OF-MPC pretrained + gate,172,136800,137600,800,-7.745146384241593,-6196.117107393275,-5.9030223325419104,-4722.417866033528,1.842124051699684,1473.699241359747,0,0.0,0,0.0,14,0.0175,0,0.0,786,0,9,9,0,0,0,5,0,5,0,5,-65.0868912260687,9.9633574995711,0.2126892733046018,3.047458039896924,0.1365304870777814,0.2888480595314222,1.0964969039326369,3.047458039896924
OF-MPC pretrained + gate,173,137600,138400,800,-7.563624399701847,-6050.899519761478,-5.899181211628096,-4719.344969302477,1.6644431880737522,1331.5545504590018,0,0.0,0,0.0,9,0.01125,0,0.0,791,0,6,6,0,0,0,3,0,3,0,3,-64.04951463456268,9.893316898677138,0.2123449028908802,3.05422064942951,0.1367140843546734,0.287975721427087,1.1056497813861554,3.05422064942951
OF-MPC pretrained + gate,174,138400,139200,800,-5.960472326054538,-4768.377860843631,-5.038872397187333,-4031.0979177498666,0.9215999288672058,737.2799430937646,0,0.0,0,0.0,8,0.01,0,0.0,792,0,4,4,0,0,0,4,0,4,0,4,-69.42965059760218,9.589891273103891,0.1886049149811505,2.993513121559033,0.1261993130894186,0.2510105168728825,1.0951238099592122,2.993513121559033
OF-MPC pretrained + gate,175,139200,140000,800,-5.939372313105659,-4751.497850484528,-4.979435388848341,-3983.5483110786727,0.9599369242573184,767.9495394058547,0,0.0,0,0.0,12,0.015,0,0.0,788,0,8,8,0,0,0,4,0,4,0,4,-65.67350807631578,9.860474427448093,0.1874359034237447,2.9734799166989205,0.1259053901326094,0.2489664167148801,1.088406879884808,2.9734799166989205
OF-MPC pretrained + gate,176,140000,140800,800,-4.211254981709992,-3369.0039853679937,-4.1087279406628685,-3286.9823525302945,0.1025270410471237,82.02163283769897,0,0.0,0,0.0,5,0.00625,0,0.0,795,0,2,2,0,0,0,3,0,3,0,3,-67.25353103107932,2.097585630416869,0.1574857345997609,2.563002457482241,0.1148575646671192,0.2001139045324027,1.0864460186889642,2.563002457482241
OF-MPC pretrained + gate,177,140800,141600,800,-4.736019939156188,-3788.81595132495,-4.294305204016974,-3435.4441632135786,0.4417147351392139,353.3717881113712,0,0.0,0,0.0,8,0.01,0,0.0,792,0,4,4,0,0,0,3,1,3,1,3,-66.65754618960773,6.212402525262942,0.1592302043533499,2.55996031247804,0.1153713656466397,0.2030890430600601,1.0729512597958513,2.55996031247804
OF-MPC pretrained + gate,178,141600,142400,800,-6.628964916674547,-5303.171933339638,-5.34051784109836,-4272.414272878688,1.2884470755761868,1030.7576604609494,0,0.0,0,0.0,14,0.0175,0,0.0,786,0,10,10,0,0,0,4,0,4,0,4,-57.2364258207715,9.665284586753792,0.1932655953244352,2.9763635035700418,0.1274794313421972,0.2590517593066732,1.091698543922608,2.9763635035700418
OF-MPC pretrained + gate,179,142400,143200,800,-6.474052783749484,-5179.242226999588,-5.324350364067283,-4259.480291253826,1.1497024196822023,919.761935745762,0,0.0,0,0.0,12,0.015,0,0.0,788,0,7,7,0,0,0,5,0,5,0,5,-59.86380758561688,9.878406598095737,0.1909059862567327,2.951041915195105,0.1289435153699629,0.2528684571435025,1.0997163013968918,2.951041915195105
OF-MPC pretrained + gate,180,143200,144000,800,-5.807186070082805,-4645.748856066244,-4.948840725435041,-3959.072580348032,0.8583453446477646,686.6762757182116,0,0.0,0,0.0,8,0.01,0,0.0,792,0,3,3,0,0,0,5,0,5,0,5,-63.92045832934855,9.843202481930858,0.1864767366329453,3.015067707108585,0.126080699508337,0.2468727737575536,1.0969604153374406,3.015067707108585
OF-MPC pretrained + gate,181,144000,144800,800,-7.218576587423049,-5774.861269938439,-5.634985173571844,-4507.988138857475,1.5835914138512055,1266.8731310809644,0,0.0,0,0.0,17,0.02125,0,0.0,783,0,11,11,0,0,0,6,0,6,0,6,-63.28812204120607,9.609328042447274,0.2067066123135305,2.990938857150809,0.1344149983547941,0.2789982262722669,1.086250131629225,2.990938857150809
OF-MPC pretrained + gate,182,144800,145600,800,-6.081845296318511,-4865.476237054809,-5.041310350636251,-4033.048280509001,1.04053494568226,832.4279565458079,0,0.0,0,0.0,9,0.01125,0,0.0,791,0,5,5,0,0,0,4,0,4,0,4,-67.86418967447617,9.65631934943334,0.1842530405921766,2.9333105601044167,0.1264838667231936,0.2420222144611596,1.0932187200403942,2.9333105601044167
OF-MPC pretrained + gate,183,145600,146400,800,-6.901723069814491,-5521.378455851593,-5.544243274738454,-4435.394619790764,1.3574797950760358,1085.9838360608287,0,0.0,0,0.0,10,0.0125,0,0.0,790,0,7,7,0,0,0,3,0,3,0,3,-68.10007462429951,9.862073929235336,0.2012724968523096,3.0327215987644536,0.1321148162667919,0.2704301774378274,1.0994436647757602,3.0327215987644536
OF-MPC pretrained + gate,184,146400,147200,800,-4.344033380264774,-3475.226704211819,-4.120680493025032,-3296.544394420025,0.2233528872397412,178.682309791793,0,0.0,0,0.0,8,0.01,0,0.0,792,0,3,3,0,0,0,5,0,5,0,5,-61.99735273271165,3.8249993847401873,0.1585903120200733,2.6002004259983096,0.1141157638192439,0.2030648602209027,1.0753987919907506,2.6002004259983096
OF-MPC pretrained + gate,185,147200,148000,800,-4.343019709120678,-3474.415767296542,-4.061944244621619,-3249.555395697296,0.2810754644990582,224.86037159924655,0,0.0,0,0.0,14,0.0175,0,0.0,786,0,9,9,0,0,0,5,0,5,0,5,-64.90776882844784,2.560910812937512,0.1559396152441218,2.537922152657586,0.1140376710032675,0.1978415594849761,1.0753865357889063,2.537922152657586
OF-MPC pretrained + gate,186,148000,148800,800,-6.698986594288176,-5359.189275430541,-5.425140733832825,-4340.11258706626,1.273845860455352,1019.0766883642816,0,0.0,0,0.0,10,0.0125,0,0.0,790,0,6,6,0,0,0,4,0,4,0,4,-63.4734390155362,9.59285746313472,0.1982290661730838,2.9786271793905144,0.1315451328933818,0.2649129994527858,1.1017122909093309,2.9786271793905144
OF-MPC pretrained + gate,187,148800,149600,800,-6.531771140224666,-5225.416912179732,-5.238384587970529,-4190.707670376423,1.2933865522541357,1034.7092418033085,0,0.0,0,0.0,11,0.01375,0,0.0,789,0,8,8,0,0,0,3,0,3,0,3,-64.94421158282023,9.669352222363358,0.1899631090641465,2.9714056441555385,0.1273563114377356,0.2525699066905574,1.097621591645412,2.9714056441555385
OF-MPC pretrained + gate,188,149600,150400,800,-4.201792934730756,-3361.434347784605,-4.093196647308203,-3274.5573178465625,0.1085962874225535,86.87702993804287,0,0.0,0,0.0,4,0.005,0,0.0,796,0,1,1,0,0,0,3,0,3,0,3,-63.88579016826259,2.2564159541309867,0.157037531431415,2.55259603428658,0.1149414085843789,0.1991336542784511,1.0852147657242592,2.55259603428658
OF-MPC pretrained + gate,189,150400,151200,800,-4.2066200041629225,-3365.296003330338,-4.108027557698025,-3286.42204615842,0.0985924464648982,78.87395717191856,0,0.0,0,0.0,5,0.00625,0,0.0,795,0,2,2,0,0,0,3,0,3,0,3,-66.79379076147688,1.9164506030082704,0.1577853703688599,2.542326157727132,0.1148484397358166,0.2007223010019032,1.0812031011957166,2.542326157727132
OF-MPC pretrained + gate,190,151200,152000,800,-7.360041036864896,-5888.032829491916,-5.492738928047854,-4394.191142438283,1.8673021088170416,1493.8416870536332,0,0.0,0,0.0,6,0.0075,0,0.0,794,0,4,4,0,0,0,2,0,2,0,2,-64.27074945902666,14.07850663331726,0.1896275279379063,3.019762542447665,0.1270604396919285,0.2521946161838841,1.1004254810444007,3.019762542447665
OF-MPC pretrained + gate,191,152000,152800,800,-7.357633260087589,-5886.106608070071,-5.775078040385624,-4620.0624323084985,1.5825552197019652,1266.0441757615722,0,0.0,0,0.0,11,0.01375,0,0.0,789,0,7,7,0,0,0,4,0,4,0,4,-63.716871883566,9.712241958255994,0.209895650949729,2.963511045029236,0.1357269584359154,0.2840643434635426,1.1013171562013309,2.963511045029236
OF-MPC pretrained + gate,192,152800,153600,800,-6.364044331858462,-5091.2354654867695,-5.273704093341175,-4218.96327467294,1.0903402385172876,872.2721908138301,0,0.0,0,0.0,8,0.01,0,0.0,792,0,4,4,0,0,0,4,0,4,0,4,-63.086510320292405,9.751265416815189,0.1916298365519964,2.931942428512002,0.1281435672605547,0.2551161058434382,1.0978798008623345,2.931942428512002
OF-MPC pretrained + gate,193,153600,154400,800,-6.354828324510784,-5083.862659608627,-5.109879361267083,-4087.9034890136654,1.2449489632437,995.95917059496,0,0.0,0,0.0,12,0.015,0,0.0,788,0,8,8,0,0,0,4,0,4,0,4,-64.40334735122678,9.615319305065489,0.18541772410492,2.9924128080885453,0.1266371173287496,0.2441983308810904,1.1024137039654938,2.9924128080885453
OF-MPC pretrained + gate,194,154400,155200,800,-7.294038798136748,-5835.231038509399,-5.729316179167487,-4583.452943333989,1.5647226189692622,1251.7780951754098,0,0.0,0,0.0,12,0.015,0,0.0,788,0,9,9,0,0,0,3,0,3,0,3,-64.10053370798789,9.80242915676316,0.209632722653308,2.9745554837032278,0.1354101595720654,0.2838552857345506,1.0943804756367714,2.9745554837032278
OF-MPC pretrained + gate,195,155200,156000,800,-8.118701419871183,-6494.961135896947,-5.998086605181686,-4798.469284145349,2.1206148146894974,1696.4918517515978,0,0.0,0,0.0,15,0.01875,0,0.0,785,0,11,11,0,0,0,4,0,4,0,4,-64.02480022262239,9.740116908018956,0.2119035448429373,3.018832264508717,0.1358473427972667,0.2879597468886078,1.095268940108022,3.018832264508717
OF-MPC pretrained + gate,196,156000,156800,800,-6.199752767197387,-4959.802213757909,-5.046271639704646,-4037.017311763717,1.153481127492741,922.7849019941928,0,0.0,0,0.0,11,0.01375,0,0.0,789,0,6,6,0,0,0,4,1,4,1,4,-65.1475770709867,9.611227119907376,0.1861288670344216,2.939707204179058,0.1248669123679424,0.2473908217009009,1.089374086612437,2.939707204179058
OF-MPC pretrained + gate,197,156800,157600,800,-5.797353548455769,-4637.882838764615,-4.941056419797998,-3952.845135838398,0.8562971286577721,685.0377029262177,0,0.0,0,0.0,7,0.00875,0,0.0,793,0,5,5,0,0,0,2,0,2,0,2,-63.94280234553264,9.770584668819073,0.1857619491725321,2.977859500242801,0.1257096288074725,0.2458142695375917,1.094653061405518,2.977859500242801
OF-MPC pretrained + gate,198,157600,158400,800,-8.172374931043352,-6537.899944834682,-5.91606826561113,-4732.854612488904,2.256306665432223,1805.0453323457784,0,0.0,0,0.0,7,0.00875,0,0.0,793,0,5,5,0,0,0,2,0,2,0,2,-64.89798095077288,14.904151407438844,0.2039329602537028,3.032135729037748,0.1324568563983916,0.2754090641090139,1.110317703409669,3.032135729037748
OF-MPC pretrained + gate,199,158400,159200,800,-7.651967436611127,-6121.5739492889015,-5.932086446564972,-4745.669157251978,1.719880990046155,1375.904792036924,0,0.0,0,0.0,11,0.01375,0,0.0,789,0,7,7,0,0,0,4,0,4,0,4,-66.13021953853683,9.947502347771554,0.212792826096949,3.0188520157851717,0.1367917438317052,0.2887939083621929,1.1004451962472466,3.0188520157851717
OF-MPC pretrained + gate,200,159200,160000,800,-4.549496406138465,-3639.597124910772,-4.280449530145205,-3424.359624116164,0.2690468759932591,215.23750079460729,0,0.0,0,0.0,6,0.0075,0,0.0,794,0,2,2,0,0,0,4,0,4,0,4,-65.55258905309518,3.665857197498888,0.16223537576916,2.5942415007860973,0.1162017947102368,0.2082689568280833,1.0798555060023274,2.5942415007860973
OF-MPC pretrained + gate,201,160000,160800,800,-6.898894077359192,-5519.115261887354,-5.400497399553188,-4320.39791964255,1.4983966778060056,1198.7173422448045,0,0.0,0,0.0,13,0.01625,0,0.0,787,0,8,8,0,0,0,5,0,5,0,5,-64.097659210237,9.59431603896006,0.1987464798905491,2.9937138590621544,0.1298483345264057,0.2676446252546924,1.0905234851896508,2.9937138590621544
OF-MPC pretrained + gate,202,160800,161600,800,-7.63933171102317,-6111.465368818536,-5.902089241493696,-4721.671393194957,1.737242469529474,1389.7939756235794,0,0.0,0,0.0,14,0.0175,0,0.0,786,0,10,10,0,0,0,4,0,4,0,4,-63.90553074599325,9.78861666755776,0.211112363639415,2.956838879884117,0.1370289121414838,0.2851958151373462,1.110785598525757,2.956838879884117
OF-MPC pretrained + gate,203,161600,162400,800,-4.6766806854543015,-3741.344548363441,-4.337649891544754,-3470.119913235804,0.3390307939095475,271.224635127638,0,0.0,0,0.0,4,0.005,0,0.0,796,0,1,1,0,0,0,2,1,2,1,2,-66.29610624470297,8.353400616464338,0.1628474742238672,2.623969504178774,0.1160186257066873,0.209676322741047,1.0858792675790636,2.623969504178774
OF-MPC pretrained + gate,204,162400,163200,800,-6.487516085198791,-5190.012868159032,-5.128639155366906,-4102.911324293525,1.3588769298318826,1087.101543865506,0,0.0,0,0.0,18,0.0225,0,0.0,782,0,15,15,0,0,0,3,0,3,0,3,-64.89358858259698,10.179613768135251,0.1910313985692412,2.98499658543318,0.1247503997136123,0.2573123974248701,1.0888875276267878,2.98499658543318
OF-MPC pretrained + gate,205,163200,164000,800,-5.765349934356914,-4612.279947485531,-4.950495930753346,-3960.396744602676,0.8148540036035687,651.883202882855,0,0.0,0,0.0,8,0.01,0,0.0,792,0,5,5,0,0,0,3,0,3,0,3,-63.51761561733088,9.78231304721822,0.187681390133197,2.979836102643276,0.1259585263408753,0.2494042539255187,1.1047061838965382,2.979836102643276
OF-MPC pretrained + gate,206,164000,164800,800,-6.328798722315587,-5063.0389778524695,-4.851071812313039,-3880.8574498504313,1.4777269100025483,1182.1815280020387,0,0.0,0,0.0,14,0.0175,0,0.0,786,0,10,10,0,0,0,4,0,4,0,4,-65.71575192183843,14.722862701724631,0.1659256513705994,2.648260085311051,0.1175522182592341,0.2142990844819648,1.0694562582717384,2.648260085311051
OF-MPC pretrained + gate,207,164800,165600,800,-4.539529579599142,-3631.623663679313,-4.27649061361594,-3421.192490892752,0.2630389659832016,210.4311727865613,0,0.0,0,0.0,8,0.01,0,0.0,792,0,4,4,0,0,0,4,0,4,0,4,-62.5853518761038,5.303096703399222,0.1631525072541292,2.57821434214344,0.1161599062895718,0.2101451082186866,1.0784767075317023,2.57821434214344
OF-MPC pretrained + gate,208,165600,166400,800,-4.326595959741197,-3461.276767792958,-4.084105223799807,-3267.284179039846,0.2424907359413899,193.992588753112,0,0.0,0,0.0,6,0.0075,0,0.0,794,0,3,3,0,0,0,3,0,3,0,3,-64.15487392650107,4.042760187091353,0.1556218351747527,2.556313184719897,0.1143199314270462,0.1969237389224591,1.0813145827611907,2.556313184719897
OF-MPC pretrained + gate,209,166400,167200,800,-4.915992086786536,-3932.793669429229,-4.4435873732973175,-3554.869898637854,0.4724047134892187,377.923770791375,0,0.0,0,0.0,6,0.0075,0,0.0,794,0,3,3,0,0,0,3,0,3,0,3,-63.63057950165023,7.003140316919034,0.162899447299573,2.586264549188286,0.1172517584632774,0.2085471361358686,1.0811742533023874,2.586264549188286
OF-MPC pretrained + gate,210,167200,168000,800,-6.153498887476219,-4922.799109980975,-4.962111484195583,-3969.689187356467,1.1913874032806353,953.1099226245084,0,0.0,0,0.0,28,0.035,0,0.0,772,0,25,25,0,0,0,3,0,3,0,3,-65.42020270088881,9.826898589416164,0.1882519095434484,3.005052138246299,0.1250718842338954,0.2514319348530013,1.0834423461297664,3.005052138246299
OF-MPC pretrained + gate,211,168000,168800,800,-7.473116120235611,-5978.492896188489,-5.855451147788647,-4684.360918230917,1.617664972446963,1294.1319779575704,0,0.0,0,0.0,14,0.0175,0,0.0,786,0,9,9,0,0,0,5,0,5,0,5,-65.4088731777448,9.875783868745568,0.212062580314504,3.002290515929701,0.1371154875744615,0.2870096730545465,1.1097017156912057,3.002290515929701
OF-MPC pretrained + gate,212,168800,169600,800,-6.910600298255503,-5528.480238604402,-5.304842542925496,-4243.874034340397,1.6057577553300058,1284.6062042640046,0,0.0,0,0.0,12,0.015,0,0.0,788,0,8,8,0,0,0,4,0,4,0,4,-64.4256698541044,9.763780844702492,0.1848124306351859,2.936539948720622,0.126321213787239,0.2433036474831328,1.0910463724220132,2.936539948720622
OF-MPC pretrained + gate,213,169600,170400,800,-6.119642952122453,-4895.714361697962,-5.086476543657825,-4069.18123492626,1.0331664084646277,826.5331267717022,0,0.0,0,0.0,9,0.01125,0,0.0,791,0,4,4,0,0,0,4,1,4,1,4,-66.58993413793019,9.654448601451469,0.1870324191291625,2.940657819788271,0.1257679498021203,0.2482968884562047,1.1038273261827984,2.940657819788271
OF-MPC pretrained + gate,214,170400,171200,800,-4.641094927586551,-3712.875942069241,-4.2791731715539045,-3423.338537243124,0.3619217560326465,289.5374048261172,0,0.0,0,0.0,5,0.00625,0,0.0,795,0,3,3,0,0,0,2,0,2,0,2,-65.18096116583172,8.345789542017116,0.159982851126648,2.5557147801535507,0.1151832104850621,0.2047824917682339,1.0845253539155668,2.5557147801535507
OF-MPC pretrained + gate,215,171200,172000,800,-6.308526480326657,-5046.8211842613255,-5.064419455294293,-4051.5355642354334,1.2441070250323651,995.285620025892,0,0.0,0,0.0,7,0.00875,0,0.0,793,0,4,4,0,0,0,3,0,3,0,3,-63.92990444462839,9.634683544904584,0.1815354588131752,2.8636142514443463,0.1256300709421889,0.2374408466841615,1.0881806591693626,2.8636142514443463
OF-MPC pretrained + gate,216,172000,172800,800,-4.389922716711008,-3511.9381733688065,-4.236504741533525,-3389.2037932268204,0.1534179751774825,122.73438014198608,0,0.0,0,0.0,5,0.00625,0,0.0,795,0,2,2,0,0,0,3,0,3,0,3,-60.08602556434676,3.447367178462513,0.1614328843259404,2.570768850350703,0.1161785381481538,0.206687230503727,1.0766704922944743,2.570768850350703
OF-MPC pretrained + gate,217,172800,173600,800,-4.183138238493447,-3346.5105907947573,-4.0874176865067575,-3269.934149205406,0.0957205519866893,76.5764415893515,0,0.0,0,0.0,5,0.00625,0,0.0,795,0,2,2,0,0,0,3,0,3,0,3,-66.44476692304033,1.6113407328724847,0.156321053647823,2.5315032121051217,0.1150778758878401,0.197564231407806,1.0825916182954392,2.5315032121051217
OF-MPC pretrained + gate,218,173600,174400,800,-6.380249724116233,-5104.199779292986,-5.171765050416571,-4137.412040333257,1.2084846736996624,966.7877389597298,0,0.0,0,0.0,12,0.015,0,0.0,788,0,8,8,0,0,0,4,0,4,0,4,-63.75060095102037,9.761840667771748,0.1868167716507926,2.979040299273322,0.1263315737263245,0.2473019695752606,1.0967021957086875,2.979040299273322
OF-MPC pretrained + gate,219,174400,175200,800,-5.98309224293036,-4786.473794344288,-4.773461751692361,-3818.769401353889,1.2096304912379992,967.7043929903994,0,0.0,0,0.0,8,0.01,0,0.0,792,0,6,6,0,0,0,2,0,2,0,2,-67.62172815907604,12.307303216351862,0.170774921214094,2.67050245041429,0.1154273899339318,0.2261224524942562,1.083108057488865,2.67050245041429
OF-MPC pretrained + gate,220,175200,176000,800,-6.019841188512792,-4815.872950810233,-5.032976113227376,-4026.380890581901,0.986865075285417,789.4920602283336,0,0.0,0,0.0,10,0.0125,0,0.0,790,0,6,6,0,0,0,4,0,4,0,4,-65.29940070075997,9.584834123324796,0.1849058933880362,2.914525426881653,0.1260009884945317,0.2438107982815407,1.0927241752650816,2.914525426881653
OF-MPC pretrained + gate,221,176000,176800,800,-6.233540379396597,-4986.832303517278,-5.1493248423620175,-4119.459873889614,1.08421553703458,867.3724296276641,0,0.0,0,0.0,7,0.00875,0,0.0,793,0,5,5,0,0,0,2,0,2,0,2,-65.98796018048131,9.717273713718091,0.1877956463173765,2.992550643361369,0.1261983725800421,0.2493929200547108,1.1016080155428545,2.992550643361369
OF-MPC pretrained + gate,222,176800,177600,800,-6.725700183496072,-5380.560146796858,-5.427148739215402,-4341.718991372321,1.298551444280672,1038.8411554245376,0,0.0,0,0.0,15,0.01875,0,0.0,785,0,10,10,0,0,0,5,0,5,0,5,-65.51512938831263,9.898209741380793,0.1986160135165842,2.9816045504851445,0.1325840544483496,0.2646479725848188,1.1121903038565897,2.9816045504851445
OF-MPC pretrained + gate,223,177600,178400,800,-7.169997343849532,-5735.997875079625,-5.71956087999819,-4575.648703998552,1.4504364638513425,1160.349171081074,0,0.0,0,0.0,8,0.01,0,0.0,792,0,5,5,0,0,0,3,0,3,0,3,-63.693630781307775,9.752557875196471,0.2112309470843421,3.0566842450097624,0.1352509539069781,0.2872109402617061,1.1034346258704888,3.0566842450097624
OF-MPC pretrained + gate,224,178400,179200,800,-5.604849113466706,-4483.879290773365,-4.624151477439669,-3699.321181951735,0.9806976360270389,784.558108821631,0,0.0,0,0.0,5,0.00625,0,0.0,795,0,3,3,0,0,0,2,0,2,0,2,-59.96764181245112,10.274773100296038,0.1628013507411752,2.5654073145615826,0.1161977708025117,0.2094049306798386,1.0791975171038906,2.5654073145615826
OF-MPC pretrained + gate,225,179200,180000,800,-5.851266514558423,-4681.0132116467385,-4.926098407812253,-3940.878726249802,0.9251681067461702,740.1344853969362,0,0.0,0,0.0,14,0.0175,0,0.0,786,0,11,11,0,0,0,3,0,3,0,3,-64.25996373025066,9.807263451217446,0.186950774062921,3.009834823288429,0.1258104735702023,0.2480910745556397,1.0919450058492923,3.009834823288429
OF-MPC pretrained + gate,226,180000,180800,800,-7.345885817553522,-5876.708654042817,-5.747571887906947,-4598.057510325558,1.5983139296465745,1278.6511437172594,0,0.0,0,0.0,10,0.0125,0,0.0,790,0,5,5,0,0,0,5,0,5,0,5,-63.58819469403636,9.790134692505092,0.2090377625468742,2.9734434716598344,0.1360835434247118,0.2819919816690367,1.1004155040945167,2.9734434716598344
OF-MPC pretrained + gate,227,180800,181600,800,-6.502393130920277,-5201.914504736222,-5.349572958315036,-4279.658366652029,1.1528201726052405,922.2561380841923,0,0.0,0,0.0,8,0.01,0,0.0,792,0,5,5,0,0,0,3,0,3,0,3,-64.11773215602602,9.713209353143576,0.1983769489749149,2.983123343016757,0.1315975103446705,0.2651563876051593,1.107162182097857,2.983123343016757
OF-MPC pretrained + gate,228,181600,182400,800,-6.344650113009218,-5075.720090407374,-5.11992386320409,-4095.9390905632727,1.2247262498051266,979.7809998441012,0,0.0,0,0.0,12,0.015,0,0.0,788,0,7,7,0,0,0,5,0,5,0,5,-66.77893981709462,9.66599098862401,0.1876249545507321,2.976237520670111,0.1258706705123713,0.2493792385890929,1.0980324654321678,2.976237520670111
OF-MPC pretrained + gate,229,182400,183200,800,-7.61826168163666,-6094.609345309328,-5.824958355921781,-4659.966684737425,1.7933033257148794,1434.6426605719034,0,0.0,0,0.0,22,0.0275,0,0.0,778,0,17,17,0,0,0,5,0,5,0,5,-64.80860816207928,9.775580310654645,0.2108332357520507,2.9945614353418364,0.1357877082223329,0.2858787632817686,1.094892920307348,2.9945614353418364
OF-MPC pretrained + gate,230,183200,184000,800,-6.182240416569116,-4945.792333255293,-5.037455271409795,-4029.964217127836,1.14478514515932,915.828116127456,0,0.0,0,0.0,18,0.0225,0,0.0,782,0,13,13,0,0,0,5,0,5,0,5,-64.874221687361,9.74961178816988,0.1856227251528137,2.937874091476772,0.1262180020746341,0.2450274482309934,1.0966087378282574,2.937874091476772
OF-MPC pretrained + gate,231,184000,184800,800,-5.037693212821897,-4030.1545702575177,-4.423129718307116,-3538.503774645693,0.6145634945147815,491.6507956118252,0,0.0,0,0.0,13,0.01625,0,0.0,787,0,7,7,0,0,0,6,0,6,0,6,-65.28749998919363,7.753802320172819,0.1586886680035969,2.550415374559293,0.1159032643782484,0.2014740716289454,1.0901931171225687,2.550415374559293
OF-MPC pretrained + gate,232,184800,185600,800,-7.597007962931554,-6077.606370345243,-5.854524699089902,-4683.619759271922,1.7424832638416508,1393.9866110733203,0,0.0,0,0.0,21,0.02625,0,0.0,779,0,16,16,0,0,0,5,0,5,0,5,-66.31732806379318,9.843887922055805,0.2131786584128478,3.007433931105311,0.1366499524683576,0.2897073643573381,1.1028676585584405,3.007433931105311
OF-MPC pretrained + gate,233,185600,186400,800,-6.049310028305995,-4839.448022644796,-5.118685678392144,-4094.948542713715,0.9306243499138503,744.4994799310803,0,0.0,0,0.0,9,0.01125,0,0.0,791,0,5,5,0,0,0,4,0,4,0,4,-62.007882974424206,9.817656258424009,0.1873997650016762,2.870944663353555,0.1275987348256743,0.2472007951776781,1.1070516821140717,2.870944663353555
OF-MPC pretrained + gate,234,186400,187200,800,-7.481547134276273,-5985.237707421018,-5.899788322596294,-4719.830658077035,1.5817588116799777,1265.4070493439822,0,0.0,0,0.0,11,0.01375,0,0.0,789,0,6,6,0,0,0,5,0,5,0,5,-65.60785747826662,9.866747492508452,0.2100676025891274,2.96348835808584,0.1380816358705234,0.2820535693077314,1.1245850629441727,2.96348835808584
OF-MPC pretrained + gate,235,187200,188000,800,-6.368820111444904,-5095.056089155923,-5.256709623084227,-4205.367698467381,1.1121104883606758,889.6883906885407,0,0.0,0,0.0,6,0.0075,0,0.0,794,0,3,3,0,0,0,3,0,3,0,3,-66.64748263045828,9.686049081906024,0.1965011495737464,2.968037660125788,0.130273861819107,0.2627284373283859,1.0920191824788046,2.968037660125788
OF-MPC pretrained + gate,236,188000,188800,800,-5.728601420971804,-4582.881136777443,-4.944430949210993,-3955.544759368794,0.7841704717608107,627.3363774086486,0,0.0,0,0.0,6,0.0075,0,0.0,794,0,3,3,0,0,0,3,0,3,0,3,-66.43412004471054,9.808118849827135,0.1851039173471719,2.989396819135152,0.126456812459826,0.2437510222345178,1.106533967711027,2.989396819135152
OF-MPC pretrained + gate,237,188800,189600,800,-6.103180731228395,-4882.5445849827165,-5.141960762421685,-4113.568609937348,0.96121996880671,768.9759750453679,0,0.0,0,0.0,10,0.0125,0,0.0,790,0,5,5,0,0,0,5,0,5,0,5,-57.02274801104659,9.666282613015357,0.1881806193989902,2.9451846356167835,0.1278122435259664,0.2485489952720141,1.0982324991466368,2.9451846356167835
OF-MPC pretrained + gate,238,189600,190400,800,-6.000145489845005,-4800.116391876004,-5.086315353131746,-4069.0522825053968,0.9138301367132587,731.064109370607,0,0.0,0,0.0,11,0.01375,0,0.0,789,0,8,8,0,0,0,3,0,3,0,3,-66.13368310780822,9.685166431293908,0.1896181638953788,2.948159654075994,0.1271721621084477,0.25206416568231,1.1056735835054847,2.948159654075994
OF-MPC pretrained + gate,239,190400,191200,800,-5.051039272721573,-4040.8314181772585,-4.523364346209563,-3618.6914769676505,0.5276749265120091,422.1399412096073,0,0.0,0,0.0,8,0.01,0,0.0,792,0,5,5,0,0,0,3,0,3,0,3,-66.91592053861689,9.706369829916236,0.1736960127965644,3.05164220548528,0.1202910268271211,0.2271009987660076,1.0992490908476724,3.05164220548528
OF-MPC pretrained + gate,240,191200,192000,800,-5.750034441957073,-4600.027553565658,-4.883149061628715,-3906.519249302972,0.8668853803283576,693.5083042626861,0,0.0,0,0.0,9,0.01125,0,0.0,791,0,6,6,0,0,0,3,0,3,0,3,-64.43727662100366,9.70935449115971,0.1857967925358876,2.964058115139835,0.1246884637295144,0.2469051213422607,1.0871154776307232,2.964058115139835
OF-MPC pretrained + gate,241,192000,192800,800,-5.608285749958328,-4486.628599966663,-4.839121923053109,-3871.297538442487,0.7691638269052197,615.3310615241758,0,0.0,0,0.0,6,0.0075,0,0.0,794,0,2,2,0,0,0,4,0,4,0,4,-64.89059203145655,9.645711890271825,0.1830063524075583,2.941358067467661,0.1253475217384855,0.2406651830766312,1.097195478188043,2.941358067467661
OF-MPC pretrained + gate,242,192800,193600,800,-5.9638644319160745,-4771.09154553286,-4.937526391243101,-3950.021112994481,1.0263380406729734,821.0704325383787,0,0.0,0,0.0,12,0.015,0,0.0,788,0,7,7,0,0,0,5,0,5,0,5,-66.88832502623416,9.764189195770134,0.1847552722830257,2.924325689676948,0.1256816452133275,0.2438288993527239,1.0965914055667478,2.924325689676948
OF-MPC pretrained + gate,243,193600,194400,800,-4.236923925209796,-3389.5391401678366,-4.119467869946115,-3295.5742959568925,0.117456055263681,93.96484421094485,0,0.0,0,0.0,7,0.00875,0,0.0,793,0,4,4,0,0,0,3,0,3,0,3,-67.76716350170773,1.253997414780183,0.1583347022005963,2.591906730599192,0.1154114862247018,0.2012579181764907,1.0850643674474427,2.591906730599192
OF-MPC pretrained + gate,244,194400,195200,800,-6.300876018289007,-5040.7008146312055,-5.233309166181143,-4186.6473329449145,1.0675668521078636,854.053481686291,0,0.0,0,0.0,11,0.01375,0,0.0,789,0,8,8,0,0,0,3,0,3,0,3,-68.63515832282769,9.793295080088209,0.1926875720081832,2.9820558946031497,0.1277096806018447,0.2576654634145218,1.0949445836052325,2.9820558946031497
OF-MPC pretrained + gate,245,195200,196000,800,-6.362623270955367,-5090.098616764293,-5.166972183662931,-4133.577746930345,1.1956510872924355,956.5208698339484,0,0.0,0,0.0,6,0.0075,0,0.0,794,0,4,4,0,0,0,2,0,2,0,2,-70.04035292082733,9.877443510266236,0.1873621742204216,2.981266405654253,0.1259891149935014,0.2487352334473418,1.0982387292145463,2.981266405654253
OF-MPC pretrained + gate,246,196000,196800,800,-4.117464894545117,-3293.9719156360934,-4.015681209984638,-3212.5449679877106,0.1017836845604789,81.42694764838315,0,0.0,0,0.0,5,0.00625,0,0.0,795,0,0,0,0,0,0,5,0,5,0,5,-69.35191607620811,1.3647120353579527,0.1557355190903628,2.573084018473708,0.1142216019952963,0.1972494361854293,1.0763931619760974,2.573084018473708
OF-MPC pretrained + gate,247,196800,197600,800,-5.655733014796386,-4524.586411837109,-4.871557918477021,-3897.246334781617,0.784175096319367,627.3400770554936,0,0.0,0,0.0,7,0.00875,0,0.0,793,0,3,3,0,0,0,4,0,4,0,4,-66.51518948065723,9.54770215813597,0.1846608141907281,2.966081879256194,0.1256535430219553,0.2436680853595008,1.0995122263955843,2.966081879256194
OF-MPC pretrained + gate,248,197600,198400,800,-5.520782225412538,-4416.625780330031,-4.7210238892888645,-3776.819111431092,0.7997583361236735,639.8066688989388,0,0.0,0,0.0,6,0.0075,0,0.0,794,0,2,2,0,0,0,4,0,4,0,4,-69.1869497607139,9.61094220172744,0.1730386734801571,2.954026232539263,0.1207294621822774,0.2253478847780368,1.099347947831406,2.954026232539263
OF-MPC pretrained + gate,249,198400,199200,800,-5.139797153534548,-4111.837722827639,-4.579303865461529,-3663.443092369223,0.5604932880730209,448.3946304584167,0,0.0,0,0.0,13,0.01625,0,0.0,787,0,9,9,0,0,0,4,0,4,0,4,-60.36189436901884,7.951756641929624,0.1655232912682407,2.5342185688135146,0.1185218308011704,0.2125247517353109,1.0842911276194722,2.5342185688135146
OF-MPC pretrained + gate,250,199200,200000,800,-4.275362220956848,-3420.2897767654786,-4.037873720165216,-3230.2989761321724,0.2374885007916332,189.9908006333066,0,0.0,0,0.0,8,0.01,0,0.0,792,0,3,3,0,0,0,5,0,5,0,5,-67.92680759465816,3.2997352051955917,0.1550261371096926,2.5503487879544195,0.113814380887598,0.1962378933317873,1.0750142809589396,2.5503487879544195
OF-MPC pretrained + gate,251,200000,200800,800,-5.999350438798185,-4799.480351038548,-4.973819776284671,-3979.055821027737,1.025530662513515,820.424530010812,0,0.0,0,0.0,10,0.0125,0,0.0,790,0,5,5,0,0,0,5,0,5,0,5,-65.54454727865698,9.72430641550095,0.1845477827415481,2.9458754364682136,0.1253680738180495,0.2437274916650467,1.091052076979984,2.9458754364682136
OF-MPC pretrained + gate,252,200800,201600,800,-6.206186162982101,-4964.948930385681,-5.012624901618413,-4010.09992129473,1.19356126136369,954.849009090952,0,0.0,0,0.0,17,0.02125,0,0.0,783,0,12,12,0,0,0,5,0,5,0,5,-65.2231914800135,9.718981201861324,0.1848266407669001,2.9469263484728003,0.1249556333723781,0.2446976481614221,1.089876279624451,2.9469263484728003
OF-MPC pretrained + gate,253,201600,202400,800,-6.930305070556872,-5544.244056445497,-5.351054179584684,-4280.843343667748,1.5792508909721863,1263.400712777749,0,0.0,0,0.0,15,0.01875,0,0.0,785,0,10,10,0,0,0,5,0,5,0,5,-67.1534359762494,9.888498788087382,0.1897241995053904,2.997661521720943,0.1264943670575726,0.2529540319532082,1.1071710179096723,2.997661521720943
OF-MPC pretrained + gate,254,202400,203200,800,-7.239960012456599,-5791.96800996528,-5.708818591918982,-4567.054873535186,1.531141420537619,1224.9131364300952,0,0.0,0,0.0,10,0.0125,0,0.0,790,0,5,5,0,0,0,5,0,5,0,5,-65.32637801427711,9.737276301502687,0.2068158944121972,2.956867024020312,0.1358869909395269,0.2777447978848675,1.1026738286105622,2.956867024020312
OF-MPC pretrained + gate,255,203200,204000,800,-6.610562204004088,-5288.449763203271,-5.246918621339404,-4197.534897071523,1.3636435826646849,1090.9148661317477,0,0.0,0,0.0,10,0.0125,0,0.0,790,0,5,5,0,0,0,5,0,5,0,5,-66.98612363334803,9.740047797331766,0.1858349345399562,2.961115141591165,0.1262258314432289,0.2454440376366834,1.1036384362106184,2.961115141591165
OF-MPC pretrained + gate,256,204000,204800,800,-5.882194210631181,-4705.755368504945,-4.924314635233294,-3939.451708186635,0.957879575397887,766.3036603183097,0,0.0,0,0.0,8,0.01,0,0.0,792,0,3,3,0,0,0,5,0,5,0,5,-68.11576097439081,9.77528564713612,0.184272999470778,2.988943776790052,0.1252380114890557,0.2433079874525003,1.099650829530333,2.988943776790052
OF-MPC pretrained + gate,257,204800,205600,800,-5.340329659921671,-4272.263727937337,-4.536135573661307,-3628.908458929045,0.8041940862603643,643.3552690082914,0,0.0,0,0.0,8,0.01,0,0.0,792,0,3,3,0,0,0,5,0,5,0,5,-67.79832493744277,9.669046781499093,0.1702072500352043,2.970195282639565,0.1198964845604782,0.2205180155099303,1.1002317206336314,2.970195282639565
OF-MPC pretrained + gate,258,205600,206400,800,-6.766924634453671,-5413.539707562937,-5.076903179484621,-4061.522543587696,1.6900214549690518,1352.0171639752414,0,0.0,0,0.0,8,0.01,0,0.0,792,0,4,4,0,0,0,4,0,4,0,4,-68.36658983391101,12.07854709981383,0.1873968439239317,2.9667295320202243,0.1245654865957294,0.2502282012521341,1.0922195887424755,2.9667295320202243
OF-MPC pretrained + gate,259,206400,207200,800,-5.549390552933735,-4439.512442346988,-4.750687617424408,-3800.5500939395274,0.7987029355093265,638.9623484074611,0,0.0,0,0.0,8,0.01,0,0.0,792,0,3,3,0,0,0,5,0,5,0,5,-65.08838013262118,9.527460977034409,0.1817161453729609,2.9531886214486462,0.123724001853637,0.2397082888922847,1.0890227326847346,2.9531886214486462
OF-MPC pretrained + gate,260,207200,208000,800,-7.703427494991986,-6162.741995993589,-5.905010233913905,-4724.008187131124,1.7984172610780809,1438.733808862465,0,0.0,0,0.0,10,0.0125,0,0.0,790,0,5,5,0,0,0,5,0,5,0,5,-64.87308554066317,9.74276549998723,0.2092536616690388,2.99527195928448,0.1362033161575078,0.2823040071805697,1.1048140133091278,2.99527195928448
OF-MPC pretrained + gate,261,208000,208800,800,-8.533855026480078,-6827.084021184062,-6.114308733617016,-4891.446986893613,2.4195462928630627,1935.6370342904504,0,0.0,0,0.0,11,0.01375,0,0.0,789,0,7,7,0,0,0,4,0,4,0,4,-65.95209678188917,13.838013875537028,0.2149989406772036,2.996190035858774,0.1358355153507572,0.2941623660036501,1.0968401313021414,2.996190035858774
OF-MPC pretrained + gate,262,208800,209600,800,-5.8797831310514646,-4703.826504841171,-4.853459905557204,-3882.767924445764,1.0263232254942596,821.0585803954077,0,0.0,0,0.0,12,0.015,0,0.0,788,0,5,5,0,0,0,7,0,7,0,7,-65.67727204441576,9.609421600780747,0.1829247213469369,2.945407206944082,0.1247114026575627,0.2411380400363112,1.095687026254566,2.945407206944082
OF-MPC pretrained + gate,263,209600,210400,800,-5.37127607538993,-4297.020860311944,-4.538865581364497,-3631.092465091598,0.8324104940254312,665.928395220345,0,0.0,0,0.0,22,0.0275,0,0.0,778,0,17,17,0,0,0,5,0,5,0,5,-67.16942266052604,9.671650204552863,0.1727191043477062,2.966513561376132,0.1196588377569281,0.2257793709384843,1.0981451377753877,2.966513561376132
OF-MPC pretrained + gate,264,210400,211200,800,-6.191121824001407,-4952.8974592011255,-5.197420773078498,-4157.936618462799,0.9937010509229092,794.9608407383274,0,0.0,0,0.0,9,0.01125,0,0.0,791,0,4,4,0,0,0,5,0,5,0,5,-57.8623801025874,9.685001709652402,0.1870655287648266,2.9610265736450856,0.1282292267412592,0.2459018307883941,1.1015479620996813,2.9610265736450856
OF-MPC pretrained + gate,265,211200,212000,800,-4.20549854888967,-3364.398839111736,-4.069991216084,-3255.9929728672005,0.1355073328056691,108.40586624453532,0,0.0,0,0.0,6,0.0075,0,0.0,794,0,1,1,0,0,0,5,0,5,0,5,-69.39490147765082,2.056392040848731,0.1585623340511566,2.569416406548669,0.1144888455729394,0.2026358225293737,1.0833668177376494,2.569416406548669
OF-MPC pretrained + gate,266,212000,212800,800,-6.405103551899794,-5124.082841519835,-4.980334760640556,-3984.267808512445,1.4247687912592375,1139.81503300739,0,0.0,0,0.0,8,0.01,0,0.0,792,0,4,4,0,0,0,4,0,4,0,4,-60.51137629515995,12.052037526887332,0.1704747699715824,2.623166101954837,0.1182899270547409,0.2226596128884238,1.0790635112934646,2.623166101954837
OF-MPC pretrained + gate,267,212800,213600,800,-6.351827604552434,-5081.462083641947,-5.070745092763312,-4056.59607421065,1.2810825117891216,1024.8660094312972,0,0.0,0,0.0,11,0.01375,0,0.0,789,0,8,8,0,0,0,3,0,3,0,3,-65.85898020951186,9.677896773377926,0.1869665586270908,2.965550360058103,0.1259084378371737,0.248024679417008,1.0873276516761226,2.965550360058103
OF-MPC pretrained + gate,268,213600,214400,800,-4.379220436511067,-3503.3763492088538,-4.1835108921332855,-3346.808713706628,0.1957095443777822,156.56763550222576,0,0.0,0,0.0,6,0.0075,0,0.0,794,0,3,3,0,0,0,3,0,3,0,3,-67.92571128191742,3.9626918693848583,0.1602351822193061,2.550027177769323,0.1155154462991152,0.2049549181394971,1.0782709958327623,2.550027177769323
OF-MPC pretrained + gate,269,214400,215200,800,-5.735400402873183,-4588.320322298547,-4.854963968391097,-3883.9711747128777,0.8804364344820851,704.3491475856681,0,0.0,0,0.0,8,0.01,0,0.0,792,0,4,4,0,0,0,4,0,4,0,4,-69.64858361113272,9.625741077430485,0.1829556976535801,2.964553074390551,0.1251692202447916,0.2407421750623687,1.098675644601999,2.964553074390551
OF-MPC pretrained + gate,270,215200,216000,800,-5.869223316984607,-4695.378653587686,-4.910457282557992,-3928.3658260463935,0.9587660344266148,767.0128275412917,0,0.0,0,0.0,8,0.01,0,0.0,792,0,4,4,0,0,0,4,0,4,0,4,-69.44407690190076,9.572114105545683,0.1836314187910791,2.9625957275964083,0.125568865089966,0.2416939724921921,1.0997524714904396,2.9625957275964083
OF-MPC pretrained + gate,271,216000,216800,800,-7.216407022440978,-5773.125617952783,-5.71269485303052,-4570.155882424416,1.5037121694104587,1202.969735528367,0,0.0,0,0.0,9,0.01125,0,0.0,791,0,5,5,0,0,0,4,0,4,0,4,-67.50964548767774,9.808168870145764,0.2081790142242763,2.982517939363504,0.1360135744671911,0.2803444539813614,1.1014889306259317,2.982517939363504
OF-MPC pretrained + gate,272,216800,217600,800,-6.017749237787891,-4814.199390230313,-5.0418221358186255,-4033.4577086549007,0.9759271019692644,780.7416815754115,0,0.0,0,0.0,10,0.0125,0,0.0,790,0,4,4,0,0,0,6,0,6,0,6,-60.187100028664986,9.719236733330206,0.1876113229054892,2.9940724252724635,0.1271028301456013,0.2481198156653772,1.1013472159891156,2.9940724252724635
OF-MPC pretrained + gate,273,217600,218400,800,-5.254495543702189,-4203.596434961752,-4.515152543732746,-3612.122034986197,0.7393429999694436,591.4743999755549,0,0.0,0,0.0,9,0.01125,0,0.0,791,0,4,4,0,0,0,5,0,5,0,5,-67.73004758101399,9.54355038222932,0.1707938769522711,2.973331952579258,0.1194165842504284,0.2221711696541138,1.094872154540242,2.973331952579258
OF-MPC pretrained + gate,274,218400,219200,800,-6.177831857358286,-4942.265485886629,-4.986186026663083,-3988.948821330466,1.191645830695204,953.3166645561632,0,0.0,0,0.0,27,0.03375,0,0.0,773,0,22,22,0,0,0,5,0,5,0,5,-67.00038540697574,9.721467456453976,0.1871897485730918,3.0069438685728187,0.1259165638125252,0.2484629333336583,1.1022885506109596,3.0069438685728187
OF-MPC pretrained + gate,275,219200,220000,800,-4.430420707962007,-3544.336566369606,-4.138109842792867,-3310.487874234293,0.2923108651691408,233.84869213531263,0,0.0,0,0.0,13,0.01625,0,0.0,787,0,8,8,0,0,0,5,0,5,0,5,-66.73412717471263,3.2101819512605907,0.1570423124348948,2.6596863311984293,0.1156959473596787,0.1983886775101108,1.0970828143836973,2.6596863311984293
OF-MPC pretrained + gate,276,220000,220800,800,-5.074951652361054,-4059.9613218888426,-4.460332444569727,-3568.265955655781,0.6146192077913264,491.6953662330611,0,0.0,0,0.0,19,0.02375,0,0.0,781,0,13,13,0,0,0,6,0,6,0,6,-58.92214124072518,6.462402422043748,0.1625951620061334,2.570528853844678,0.1175202068805813,0.2076701171316854,1.09008539821076,2.570528853844678
OF-MPC pretrained + gate,277,220800,221600,800,-7.341621256170984,-5873.297004936787,-5.352082814031653,-4281.666251225322,1.98953844213933,1591.630753711464,0,0.0,0,0.0,12,0.015,0,0.0,788,0,7,7,0,0,0,5,0,5,0,5,-64.38485596781766,11.911339978845945,0.1898616337228687,2.946554417434811,0.1248869804240118,0.2548362870217255,1.0956678042495185,2.946554417434811
OF-MPC pretrained + gate,278,221600,222400,800,-7.330032147876696,-5864.025718301356,-5.754350416809805,-4603.480333447844,1.5756817310668918,1260.5453848535135,0,0.0,0,0.0,13,0.01625,0,0.0,787,0,7,7,0,0,0,6,0,6,0,6,-65.00765605524987,9.720867563189833,0.2102989635071531,2.9898168827948552,0.1357301886040723,0.284867738410234,1.103413287404679,2.9898168827948552
OF-MPC pretrained + gate,279,222400,223200,800,-7.633924420017697,-6107.139536014158,-5.882923668319065,-4706.338934655252,1.7510007516986326,1400.800601358906,0,0.0,0,0.0,10,0.0125,0,0.0,790,0,5,5,0,0,0,5,0,5,0,5,-64.80636297895626,9.748501781544066,0.2102047831072686,2.974550595391463,0.1359920113825804,0.2844175548319567,1.1037038191770685,2.974550595391463
OF-MPC pretrained + gate,280,223200,224000,800,-5.960397289666912,-4768.31783173353,-4.7018731190977725,-3761.4984952782174,1.2585241705691388,1006.819336455311,0,0.0,0,0.0,6,0.0075,0,0.0,794,0,3,3,0,0,0,3,0,3,0,3,-66.55666160515523,12.488163829150649,0.1668697107014836,2.56454128102763,0.1153846711463846,0.2183547502565826,1.0748687202666924,2.56454128102763
OF-MPC pretrained + gate,281,224000,224800,800,-6.406275765669792,-5125.020612535834,-5.1060746157613925,-4084.859692609114,1.3002011499084003,1040.1609199267202,0,0.0,0,0.0,9,0.01125,0,0.0,791,0,6,6,0,0,0,3,0,3,0,3,-63.74134638109604,9.78306414642966,0.1876950509996713,2.9223686991963405,0.126669459897545,0.2487206421017976,1.1023682270027186,2.9223686991963405
OF-MPC pretrained + gate,282,224800,225600,800,-6.601102198344769,-5280.881758675815,-5.180569287172725,-4144.45542973818,1.420532911172044,1136.4263289376352,0,0.0,0,0.0,12,0.015,0,0.0,788,0,6,6,0,0,0,6,0,6,0,6,-65.88484440927414,9.769244801091403,0.1896419083274364,2.979019595613977,0.1267695627488631,0.2525142539060097,1.10408243910685,2.979019595613977
OF-MPC pretrained + gate,283,225600,226400,800,-7.906811900065602,-6325.449520052482,-5.85731949609804,-4685.855596878432,2.049492403967563,1639.59392317405,0,0.0,0,0.0,10,0.0125,0,0.0,790,0,5,5,0,0,0,5,0,5,0,5,-65.6435890808234,10.38663272964609,0.209198182650012,2.9817805222626816,0.1353090464880674,0.2830873188119567,1.1030612052138111,2.9817805222626816
OF-MPC pretrained + gate,284,226400,227200,800,-6.820339039353396,-5456.271231482717,-5.4007971472265766,-4320.637717781261,1.419541892126819,1135.6335137014553,0,0.0,0,0.0,13,0.01625,0,0.0,787,0,8,8,0,0,0,5,0,5,0,5,-66.97114535372657,9.777254386751798,0.1985370042435857,2.986062303686652,0.1314012425331784,0.265672765953993,1.105723687684267,2.986062303686652
OF-MPC pretrained + gate,285,227200,228000,800,-7.285243020746244,-5828.194416596995,-5.700337788115778,-4560.270230492622,1.5849052326304665,1267.9241861043731,0,0.0,0,0.0,13,0.01625,0,0.0,787,0,7,7,0,0,0,6,0,6,0,6,-65.7139848410842,9.802645112132693,0.2087317719053978,2.9930443321733837,0.1354133927403273,0.2820501510704682,1.1018601699506028,2.9930443321733837
OF-MPC pretrained + gate,286,228000,228800,800,-6.484155411480615,-5187.324329184492,-5.282886173668222,-4226.308938934578,1.201269237812393,961.0153902499144,0,0.0,0,0.0,9,0.01125,0,0.0,791,0,3,3,0,0,0,6,0,6,0,6,-67.11261784635826,9.71533534668164,0.1953299694008153,2.944208726331908,0.1307476118391384,0.2599123269624923,1.1025634246387574,2.944208726331908
OF-MPC pretrained + gate,287,228800,229600,800,-6.09077745014966,-4872.621960119728,-4.960105972630722,-3968.0847781045777,1.130671477518939,904.5371820151512,0,0.0,0,0.0,27,0.03375,0,0.0,773,0,21,21,0,0,0,6,0,6,0,6,-65.23911156874692,9.715621554057464,0.1858800752230391,2.97678808106582,0.1261491911280697,0.2456109593180086,1.1038782533867293,2.97678808106582
OF-MPC pretrained + gate,288,229600,230400,800,-5.945248732695361,-4756.198986156289,-4.862231162386999,-3889.784929909599,1.083017570308361,866.4140562466889,0,0.0,0,0.0,23,0.02875,0,0.0,777,0,18,18,0,0,0,5,0,5,0,5,-67.30573896689339,9.596583995710976,0.1874446833018635,2.9392442315555627,0.1239555880755291,0.250933778528198,1.085108901042529,2.9392442315555627
OF-MPC pretrained + gate,289,230400,231200,800,-8.110194986826542,-6488.155989461234,-6.04430100303618,-4835.440802428944,2.0658939837903607,1652.715187032289,0,0.0,0,0.0,13,0.01625,0,0.0,787,0,8,8,0,0,0,5,0,5,0,5,-62.616662637253285,9.792956392610588,0.2094031975990032,2.9417553195827395,0.1365092203298154,0.2822971748681911,1.1008486353868672,2.9417553195827395
OF-MPC pretrained + gate,290,231200,232000,800,-4.588019862991059,-3670.415890392848,-4.2687664149809725,-3415.013131984778,0.3192534480100872,255.4027584080698,0,0.0,0,0.0,6,0.0075,0,0.0,794,0,2,2,0,0,0,4,0,4,0,4,-66.7713267144668,5.5163345868684885,0.1622628110943447,2.565190945870654,0.1161200661590029,0.2084055560296865,1.0792337623972386,2.565190945870654
OF-MPC pretrained + gate,291,232000,232800,800,-5.749650719951839,-4599.720575961472,-4.861491349880771,-3889.1930799046168,0.8881593700710689,710.5274960568552,0,0.0,0,0.0,8,0.01,0,0.0,792,0,3,3,0,0,0,5,0,5,0,5,-64.57899899845472,9.812818278739323,0.184772526059174,2.990242264883761,0.1253461538541299,0.2441988982642181,1.1061799552421778,2.990242264883761
OF-MPC pretrained + gate,292,232800,233600,800,-4.551379378014715,-3641.103502411772,-4.068815205026068,-3255.0521640208544,0.4825641729886471,386.0513383909177,0,0.0,0,0.0,15,0.01875,0,0.0,785,0,10,10,0,0,0,5,0,5,0,5,-66.21041260241589,4.790861181487443,0.156429206113245,2.5720692830855114,0.1136368798259178,0.1992215324005723,1.0754391886711034,2.5720692830855114
OF-MPC pretrained + gate,293,233600,234400,800,-6.734639023785834,-5387.711219028667,-5.161993030615918,-4129.594424492734,1.5726459931699153,1258.1167945359325,0,0.0,0,0.0,11,0.01375,0,0.0,789,0,6,6,0,0,0,5,0,5,0,5,-64.81303320848156,9.784392771640388,0.1874599863144411,2.934060690689023,0.1241670914842916,0.2507528811445906,1.0866751846586546,2.934060690689023
OF-MPC pretrained + gate,294,234400,235200,800,-4.390253327785175,-3512.20266222814,-4.0913144206543794,-3273.0515365235037,0.2989389071307949,239.15112570463597,0,0.0,0,0.0,7,0.00875,0,0.0,793,0,2,2,0,0,0,5,0,5,0,5,-67.4927445222313,3.7999421014036057,0.1584001699477977,2.589245263386374,0.1142953474001399,0.2025049924954556,1.083179607045278,2.589245263386374
OF-MPC pretrained + gate,295,235200,236000,800,-4.637188452645578,-3709.7507621164623,-4.093064944059932,-3274.451955247945,0.5441235085856474,435.2988068685179,0,0.0,0,0.0,15,0.01875,0,0.0,785,0,9,9,0,0,0,6,0,6,0,6,-66.90480857588705,6.130371320197773,0.1580396537844786,2.57372666977534,0.1135127471073548,0.2025665604616023,1.0794602538293572,2.57372666977534
OF-MPC pretrained + gate,296,236000,236800,800,-6.065110812724879,-4852.088650179903,-4.968863256684768,-3975.090605347814,1.096247556040112,876.9980448320895,0,0.0,0,0.0,9,0.01125,0,0.0,791,0,3,3,0,0,0,6,0,6,0,6,-64.3670234927622,9.76940909671662,0.187316829243877,2.953130338721735,0.1247255185423745,0.2499081399453794,1.0980028648584454,2.953130338721735
OF-MPC pretrained + gate,297,236800,237600,800,-7.510327234884439,-6008.261787907552,-5.43992397886228,-4351.939183089824,2.070403256022159,1656.322604817727,0,0.0,0,0.0,8,0.01,0,0.0,792,0,4,4,0,0,0,4,0,4,0,4,-65.6903121905392,14.324224625188204,0.1926768453634628,2.987070934958524,0.1256641717508222,0.2596895189761033,1.100780022001334,2.987070934958524
OF-MPC pretrained + gate,298,237600,238400,800,-5.736813719226964,-4589.450975381571,-4.867276145795711,-3893.820916636569,0.8695375734312529,695.6300587450023,0,0.0,0,0.0,13,0.01625,0,0.0,787,0,9,9,0,0,0,4,0,4,0,4,-64.30326969049304,9.76533044395038,0.1846817042034276,2.9509296038224875,0.1253354213748164,0.2440279870320389,1.099453744560015,2.9509296038224875
OF-MPC pretrained + gate,299,238400,239200,800,-6.911206537500057,-5528.965230000045,-5.370532831684415,-4296.4262653475325,1.5406737058156414,1232.5389646525132,0,0.0,0,0.0,16,0.02,0,0.0,784,0,11,11,0,0,0,5,0,5,0,5,-64.46886604816518,9.826171441866618,0.19877731974993,2.9811407014253746,0.1306288066755208,0.2669258328243392,1.097795101298793,2.9811407014253746
OF-MPC pretrained + gate,300,239200,240000,800,-5.873785758816109,-4699.028607052887,-4.865387655815695,-3892.310124652556,1.008398103000413,806.7184824003305,0,0.0,0,0.0,11,0.01375,0,0.0,789,0,6,6,0,0,0,5,0,5,0,5,-64.29817164574195,9.813897453580758,0.1884659874508819,2.9801312380578224,0.1243050843888364,0.2526268905129274,1.096515092718657,2.9801312380578224
OF-MPC pretrained no gate,1,0,800,800,-9.854755563657902,-7883.804450926322,-9.854755563657902,-7883.804450926322,0.0,0.0,9,0.01125,9,0.01125,0,0.0,0,0.0,0,0,0,0,0,0,0,0,0,0,0,0,-15.466911396148165,0.0,0.3342872533367333,2.976743938697439,0.1687712078530094,0.4998032988204572,1.1070233169649906,2.976743938697439
OF-MPC pretrained no gate,2,800,1600,800,-17.775676149550335,-14220.540919640269,-17.775676149550335,-14220.540919640269,0.0,0.0,16,0.02,16,0.02,0,0.0,0,0.0,0,0,0,0,0,0,0,0,0,0,0,8,-32.75899537434873,0.0,0.4061750420789511,3.0629494353408404,0.2378077109651156,0.5745423731927868,1.1508297669803813,3.0629494353408404
OF-MPC pretrained no gate,3,1600,2400,800,-11.873208591289044,-9498.566873031235,-11.873208591289044,-9498.566873031235,0.0,0.0,3,0.00375,3,0.00375,0,0.0,0,0.0,0,0,0,0,0,0,0,0,0,0,0,0,-20.36658261894021,0.0,0.4325472138507809,3.7345485712360182,0.1637374968516943,0.7013569308498675,1.106004537797599,3.7345485712360182
OF-MPC pretrained no gate,4,2400,3200,800,-36.97346889425964,-29578.775115407712,-36.97346889425964,-29578.775115407712,0.0,0.0,20,0.025,20,0.025,0,0.0,0,0.0,0,0,0,0,0,0,0,0,0,0,0,12,-126.87520689319147,0.0,0.6110763292324721,3.6324913350057386,0.3375317479038908,0.8846209105610533,1.1832960105146344,3.6324913350057386
OF-MPC pretrained no gate,5,3200,4000,800,-9.669998880844924,-7735.99910467594,-9.669998880844924,-7735.99910467594,0.0,0.0,6,0.0075,6,0.0075,0,0.0,0,0.0,0,0,0,0,0,0,0,0,0,0,0,0,-18.9344623121477,0.0,0.354136622522921,2.926310237826783,0.1595939118385627,0.5486793332072794,1.0631169635219382,2.926310237826783
OF-MPC pretrained no gate,6,4000,4800,800,-12.642582168859963,-10114.06573508797,-12.642582168859963,-10114.06573508797,0.0,0.0,3,0.00375,3,0.00375,0,0.0,0,0.0,0,0,0,0,0,0,0,0,0,0,0,0,-15.303630370635062,0.0,0.3773617808608275,2.990248373692282,0.1929424855295408,0.5617810761921143,1.1085918395844816,2.990248373692282
OF-MPC pretrained no gate,7,4800,5600,800,-19.40508429462514,-15524.067435700112,-19.40508429462514,-15524.067435700112,0.0,0.0,13,0.01625,13,0.01625,0,0.0,0,0.0,0,0,0,0,0,0,0,0,0,0,0,6,-30.91375751828872,0.0,0.4351843656064356,2.9607325289786672,0.2467378460319087,0.6236308851809625,1.1039677818898173,2.9607325289786672
OF-MPC pretrained no gate,8,5600,6400,800,-13.432181292428991,-10745.745033943193,-13.432181292428991,-10745.745033943193,0.0,0.0,8,0.01,8,0.01,0,0.0,0,0.0,0,0,0,0,0,0,0,0,0,0,0,0,-18.398881528866923,0.0,0.4494154630338057,4.638062024334147,0.1796774811526371,0.7191534449149742,1.1022792041318763,4.638062024334147
OF-MPC pretrained no gate,9,6400,7200,800,-13.614248989628818,-10891.399191703054,-13.614248989628818,-10891.399191703054,0.0,0.0,9,0.01125,9,0.01125,0,0.0,0,0.0,0,0,0,0,0,0,0,0,0,0,0,0,-14.997061031591445,0.0,0.3954745873326433,2.969412847307183,0.1980250377738401,0.5929241368914465,1.0942360816268035,2.969412847307183
OF-MPC pretrained no gate,10,7200,8000,800,-38.80774575880348,-31046.196607042784,-38.80774575880348,-31046.196607042784,0.0,0.0,11,0.01375,11,0.01375,0,0.0,0,0.0,0,0,0,0,0,0,0,0,0,0,0,7,-85.71244968708015,0.0,0.6000893202737918,3.051022946555122,0.3539440832327106,0.846234557314873,1.4002385626413445,3.051022946555122
OF-MPC pretrained no gate,11,8000,8800,800,-9.496940751580327,-7597.552601264263,-9.496940751580327,-7597.552601264263,0.0,0.0,8,0.01,8,0.01,0,0.0,0,0.0,0,0,0,0,0,0,0,0,0,0,0,0,-16.195591070279647,0.0,0.3551139871793818,3.3292980494690028,0.156321705431834,0.5539062689269297,1.09845120905239,3.3292980494690028
OF-MPC pretrained no gate,12,8800,9600,800,-7.55922857546152,-6047.382860369216,-7.55922857546152,-6047.382860369216,0.0,0.0,34,0.0425,34,0.0425,0,0.0,0,0.0,0,0,0,0,0,0,0,0,0,0,0,3,-29.612534907722814,0.0,0.2663392430551906,3.052801695918447,0.1530892886425219,0.3795891974678593,1.1162253730672735,3.052801695918447
OF-MPC pretrained no gate,13,9600,10400,800,-21.54851433706727,-17238.811469653818,-21.54851433706727,-17238.811469653818,0.0,0.0,30,0.0375,30,0.0375,0,0.0,0,0.0,0,0,0,0,0,0,0,0,0,0,0,2,-45.38055698968122,0.0,0.647038235534575,4.822669266393518,0.181457578200126,1.112618892869024,1.1256518142517815,4.822669266393518
OF-MPC pretrained no gate,14,10400,11200,800,-12.643333452039393,-10114.666761631514,-12.643333452039393,-10114.666761631514,0.0,0.0,20,0.025,20,0.025,0,0.0,0,0.0,0,0,0,0,0,0,0,0,0,0,0,4,-35.66869756229386,0.0,0.4797280589365191,4.592083219691119,0.1490443564869738,0.8104117613860645,1.0910692866498652,4.592083219691119
OF-MPC pretrained no gate,15,11200,12000,800,-7.402137484520306,-5921.709987616245,-7.402137484520306,-5921.709987616245,0.0,0.0,22,0.0275,22,0.0275,0,0.0,0,0.0,0,0,0,0,0,0,0,0,0,0,0,2,-42.17241156505367,0.0,0.310381912578811,2.8014785924219154,0.1327703735171978,0.4879934516404241,1.0972235885305213,2.8014785924219154
OF-MPC pretrained no gate,16,12000,12800,800,-9.021624839031295,-7217.299871225038,-9.021624839031295,-7217.299871225038,0.0,0.0,46,0.0575,46,0.0575,0,0.0,0,0.0,0,0,0,0,0,0,0,0,0,0,0,2,-43.574373612647776,0.0,0.2806537193860198,3.0944132101583364,0.1481764816018281,0.4131309571702115,1.095809622995438,3.0944132101583364
OF-MPC pretrained no gate,17,12800,13600,800,-5.703939690133019,-4563.151752106415,-5.703939690133019,-4563.151752106415,0.0,0.0,56,0.07,56,0.07,0,0.0,0,0.0,0,0,0,0,0,0,0,0,0,0,0,4,-68.45261698310185,0.0,0.2422039255130545,2.7441509037834635,0.1233004259687754,0.3611074250573337,1.093759818967421,2.7441509037834635
OF-MPC pretrained no gate,18,13600,14400,800,-5.244651050548977,-4195.720840439181,-5.244651050548977,-4195.720840439181,0.0,0.0,18,0.0225,18,0.0225,0,0.0,0,0.0,0,0,0,0,0,0,0,0,0,0,0,5,-72.6740708138226,0.0,0.2243350431612406,2.6921369575441645,0.1214307781573335,0.3272393081651477,1.084547145261229,2.6921369575441645
OF-MPC pretrained no gate,19,14400,15200,800,-5.564775795682956,-4451.820636546365,-5.564775795682956,-4451.820636546365,0.0,0.0,9,0.01125,9,0.01125,0,0.0,0,0.0,0,0,0,0,0,0,0,0,0,0,0,5,-80.55890240412123,0.0,0.2275398401329811,2.630309588057912,0.1205167557448147,0.3345629245211476,1.0994008296134186,2.630309588057912
OF-MPC pretrained no gate,20,15200,16000,800,-5.048673232326463,-4038.9385858611695,-5.048673232326463,-4038.9385858611695,0.0,0.0,17,0.02125,17,0.02125,0,0.0,0,0.0,0,0,0,0,0,0,0,0,0,0,0,5,-82.66275848850535,0.0,0.2083736209603801,2.6476719350336566,0.1176341383970755,0.2991131035236847,1.0841934142718426,2.6476719350336566
OF-MPC pretrained no gate,21,16000,16800,800,-5.694885973773162,-4555.9087790185295,-5.694885973773162,-4555.9087790185295,0.0,0.0,22,0.0275,22,0.0275,0,0.0,0,0.0,0,0,0,0,0,0,0,0,0,0,0,3,-77.24737506156555,0.0,0.2123523284861456,2.6309593743575306,0.1178931658958037,0.3068114910764874,1.0816976301025698,2.6309593743575306
OF-MPC pretrained no gate,22,16800,17600,800,-5.489312882313876,-4391.450305851101,-5.489312882313876,-4391.450305851101,0.0,0.0,12,0.015,12,0.015,0,0.0,0,0.0,0,0,0,0,0,0,0,0,0,0,0,2,-63.56139531350266,0.0,0.1971724709068627,2.679888961211532,0.1151400562468193,0.2792048855669061,1.0750241472530226,2.679888961211532
OF-MPC pretrained no gate,23,17600,18400,800,-5.197134890114606,-4157.707912091685,-5.197134890114606,-4157.707912091685,0.0,0.0,44,0.055,44,0.055,0,0.0,0,0.0,0,0,0,0,0,0,0,0,0,0,0,3,-78.47404064432385,0.0,0.2042578067098821,2.6296480085296707,0.116987294836046,0.2915283185837182,1.0680744343811508,2.6296480085296707
OF-MPC pretrained no gate,24,18400,19200,800,-5.032744845674213,-4026.195876539371,-5.032744845674213,-4026.195876539371,0.0,0.0,29,0.03625,29,0.03625,0,0.0,0,0.0,0,0,0,0,0,0,0,0,0,0,0,2,-74.88003198011097,0.0,0.1952638105773105,2.650987565459048,0.1185685630385601,0.271959058116061,1.0767158126281573,2.650987565459048
OF-MPC pretrained no gate,25,19200,20000,800,-4.982062503863423,-3985.650003090738,-4.982062503863423,-3985.650003090738,0.0,0.0,28,0.035,28,0.035,0,0.0,0,0.0,0,0,0,0,0,0,0,0,0,0,0,4,-68.91568598763126,0.0,0.1929437132594525,2.561853353063441,0.118167740876581,0.2677196856423241,1.084848824369017,2.561853353063441
OF-MPC pretrained no gate,26,20000,20800,800,-4.961811030814437,-3969.44882465155,-4.961811030814437,-3969.44882465155,0.0,0.0,53,0.06625,53,0.06625,0,0.0,0,0.0,0,0,0,0,0,0,0,0,0,0,0,2,-67.12075213460832,0.0,0.1917135447106077,2.6592509145703502,0.1185548031034841,0.2648722863177312,1.078858313093714,2.6592509145703502
OF-MPC pretrained no gate,27,20800,21600,800,-4.909450576431102,-3927.5604611448816,-4.909450576431102,-3927.5604611448816,0.0,0.0,53,0.06625,53,0.06625,0,0.0,0,0.0,0,0,0,0,0,0,0,0,0,0,0,2,-74.49741964852421,0.0,0.1936124928269104,2.5780992893672874,0.1171668152122905,0.2700581704415302,1.0935931331084183,2.5780992893672874
OF-MPC pretrained no gate,28,21600,22400,800,-4.964329509744693,-3971.4636077957534,-4.964329509744693,-3971.4636077957534,0.0,0.0,36,0.045,36,0.045,0,0.0,0,0.0,0,0,0,0,0,0,0,0,0,0,0,2,-70.08905408694682,0.0,0.192666314608759,2.60261498168137,0.1182029406198794,0.2671296885976387,1.0756871956185416,2.60261498168137
OF-MPC pretrained no gate,29,22400,23200,800,-4.762239332171395,-3809.7914657371166,-4.762239332171395,-3809.7914657371166,0.0,0.0,52,0.065,52,0.065,0,0.0,0,0.0,0,0,0,0,0,0,0,0,0,0,0,3,-69.89196631773837,0.0,0.188867371700572,2.5470155493108564,0.115297931575762,0.2624368118253819,1.0586528520258032,2.5470155493108564
OF-MPC pretrained no gate,30,23200,24000,800,-4.939692549690145,-3951.754039752116,-4.939692549690145,-3951.754039752116,0.0,0.0,31,0.03875,31,0.03875,0,0.0,0,0.0,0,0,0,0,0,0,0,0,0,0,0,5,-81.27701533361403,0.0,0.1916063000862465,2.623009782516476,0.1176713971249641,0.2655412030475288,1.072667876691181,2.623009782516476
OF-MPC pretrained no gate,31,24000,24800,800,-4.796806946963785,-3837.445557571028,-4.796806946963785,-3837.445557571028,0.0,0.0,46,0.0575,46,0.0575,0,0.0,0,0.0,0,0,0,0,0,0,0,0,0,0,0,5,-71.88680847316209,0.0,0.185930940166941,2.668714054103873,0.1173576500784643,0.2545042302554176,1.0767802227723804,2.668714054103873
OF-MPC pretrained no gate,32,24800,25600,800,-4.852961137189152,-3882.3689097513216,-4.852961137189152,-3882.3689097513216,0.0,0.0,56,0.07,56,0.07,0,0.0,0,0.0,0,0,0,0,0,0,0,0,0,0,0,6,-81.1698671432963,0.0,0.1868184566125332,2.6010671707083475,0.1175816349931545,0.256055278231912,1.072258551306711,2.6010671707083475
OF-MPC pretrained no gate,33,25600,26400,800,-4.8881069702582485,-3910.485576206599,-4.8881069702582485,-3910.485576206599,0.0,0.0,78,0.0975,78,0.0975,0,0.0,0,0.0,0,0,0,0,0,0,0,0,0,0,0,5,-75.16740451151804,0.0,0.1882966449513244,2.675829923544711,0.1182425518026612,0.2583507380999876,1.0748365243591902,2.675829923544711
OF-MPC pretrained no gate,34,26400,27200,800,-4.688776788364437,-3751.0214306915495,-4.688776788364437,-3751.0214306915495,0.0,0.0,60,0.075,60,0.075,0,0.0,0,0.0,0,0,0,0,0,0,0,0,0,0,0,7,-75.74783120962343,0.0,0.1846248424349012,2.6016198257008227,0.1153450057533832,0.2539046791164193,1.066026629855196,2.6016198257008227
OF-MPC pretrained no gate,35,27200,28000,800,-4.881364918980888,-3905.091935184711,-4.881364918980888,-3905.091935184711,0.0,0.0,40,0.05,40,0.05,0,0.0,0,0.0,0,0,0,0,0,0,0,0,0,0,0,7,-77.47042973149996,0.0,0.1865908547317558,2.599732362703321,0.1181301254902915,0.2550515839732202,1.0886133999415732,2.599732362703321
OF-MPC pretrained no gate,36,28000,28800,800,-4.864879534941005,-3891.903627952805,-4.864879534941005,-3891.903627952805,0.0,0.0,57,0.07125,57,0.07125,0,0.0,0,0.0,0,0,0,0,0,0,0,0,0,0,0,6,-81.20624697160451,0.0,0.1872235840600453,2.721326566339428,0.1177033968968399,0.2567437712232507,1.068301929241466,2.721326566339428
OF-MPC pretrained no gate,37,28800,29600,800,-4.820484709222463,-3856.38776737797,-4.820484709222463,-3856.38776737797,0.0,0.0,90,0.1125,90,0.1125,0,0.0,0,0.0,0,0,0,0,0,0,0,0,0,0,0,7,-77.42162987112806,0.0,0.187350653309849,2.6327184704554725,0.1169266170144432,0.2577746896052548,1.0897952900662626,2.6327184704554725
OF-MPC pretrained no gate,38,29600,30400,800,-5.013775026416682,-4011.0200211333454,-5.013775026416682,-4011.0200211333454,0.0,0.0,114,0.1425,114,0.1425,0,0.0,0,0.0,0,0,0,0,0,0,0,0,0,0,0,6,-71.13800061552092,0.0,0.1940663801372205,2.716687796947326,0.1188675639682638,0.2692651963061771,1.0883358954765487,2.716687796947326
OF-MPC pretrained no gate,39,30400,31200,800,-5.032277511337229,-4025.8220090697832,-5.032277511337229,-4025.8220090697832,0.0,0.0,92,0.115,92,0.115,0,0.0,0,0.0,0,0,0,0,0,0,0,0,0,0,0,7,-79.91437804335203,0.0,0.1981517170148566,2.685818999573144,0.1187883654844744,0.2775150685452389,1.0810594315943476,2.685818999573144
OF-MPC pretrained no gate,40,31200,32000,800,-4.994775058735987,-3995.82004698879,-4.994775058735987,-3995.82004698879,0.0,0.0,107,0.13375,107,0.13375,0,0.0,0,0.0,0,0,0,0,0,0,0,0,0,0,0,5,-79.05010662892789,0.0,0.1992051865026714,2.6667736434706626,0.1182964971425435,0.2801138758627993,1.1039300497127655,2.6667736434706626
OF-MPC pretrained no gate,41,32000,32800,800,-4.876357739811261,-3901.0861918490086,-4.876357739811261,-3901.0861918490086,0.0,0.0,108,0.135,108,0.135,0,0.0,0,0.0,0,0,0,0,0,0,0,0,0,0,0,7,-76.4526066135586,0.0,0.196238162745218,2.75342174241365,0.1164674039222008,0.2760089215682351,1.090082756464847,2.75342174241365
OF-MPC pretrained no gate,42,32800,33600,800,-4.927615100748361,-3942.092080598689,-4.927615100748361,-3942.092080598689,0.0,0.0,127,0.15875,127,0.15875,0,0.0,0,0.0,0,0,0,0,0,0,0,0,0,0,0,6,-80.38070472850495,0.0,0.1954850778771369,2.7622881446628185,0.1174481558574392,0.2735219998968345,1.088713090672801,2.7622881446628185
OF-MPC pretrained no gate,43,33600,34400,800,-5.0999821553978,-4079.985724318241,-5.0999821553978,-4079.985724318241,0.0,0.0,145,0.18125,145,0.18125,0,0.0,0,0.0,0,0,0,0,0,0,0,0,0,0,0,6,-75.91682128693424,0.0,0.2018719405399311,2.751612621335198,0.119770709868446,0.2839731712114163,1.093248145529902,2.751612621335198
OF-MPC pretrained no gate,44,34400,35200,800,-4.970654130259772,-3976.523304207818,-4.970654130259772,-3976.523304207818,0.0,0.0,149,0.18625,149,0.18625,0,0.0,0,0.0,0,0,0,0,0,0,0,0,0,0,0,7,-76.78855110292716,0.0,0.199655391429138,2.7694035800090546,0.1184724425667765,0.2808383402914995,1.0845766738596008,2.7694035800090546
OF-MPC pretrained no gate,45,35200,36000,800,-5.021153698720516,-4016.9229589764127,-5.021153698720516,-4016.9229589764127,0.0,0.0,170,0.2125,170,0.2125,0,0.0,0,0.0,0,0,0,0,0,0,0,0,0,0,0,6,-79.66698811237131,0.0,0.2029982211946835,2.765805181490577,0.1173536278069064,0.2886428145824606,1.069114427275243,2.765805181490577
OF-MPC pretrained no gate,46,36000,36800,800,-4.809516167366833,-3847.612933893466,-4.809516167366833,-3847.612933893466,0.0,0.0,144,0.18,144,0.18,0,0.0,0,0.0,0,0,0,0,0,0,0,0,0,0,0,7,-76.96990277158397,0.0,0.1993908528816962,2.6690867987664437,0.1162032756648412,0.2825784300985512,1.084069997892676,2.6690867987664437
OF-MPC pretrained no gate,47,36800,37600,800,-5.430819546125065,-4344.655636900052,-5.430819546125065,-4344.655636900052,0.0,0.0,171,0.21375,171,0.21375,0,0.0,0,0.0,0,0,0,0,0,0,0,0,0,0,0,3,-79.32940111701839,0.0,0.2268732595569478,2.7750773862800884,0.1191051866390641,0.3346413324748314,1.090670116796208,2.7750773862800884
OF-MPC pretrained no gate,48,37600,38400,800,-5.013119161318829,-4010.495329055064,-5.013119161318829,-4010.495329055064,0.0,0.0,191,0.23875,191,0.23875,0,0.0,0,0.0,0,0,0,0,0,0,0,0,0,0,0,7,-80.95559742283717,0.0,0.2040860910660285,2.7651872005435507,0.1185801415617065,0.2895920405703506,1.0821331552879427,2.7651872005435507
OF-MPC pretrained no gate,49,38400,39200,800,-4.852810884867652,-3882.2487078941217,-4.852810884867652,-3882.2487078941217,0.0,0.0,209,0.26125,209,0.26125,0,0.0,0,0.0,0,0,0,0,0,0,0,0,0,0,0,6,-82.5585730795475,0.0,0.2004632720259606,2.778873731634519,0.1171037336422347,0.2838228104096866,1.0719428449607316,2.778873731634519
OF-MPC pretrained no gate,50,39200,40000,800,-4.866465770256432,-3893.1726162051455,-4.866465770256432,-3893.1726162051455,0.0,0.0,174,0.2175,174,0.2175,0,0.0,0,0.0,0,0,0,0,0,0,0,0,0,0,0,6,-75.94846224981029,0.0,0.197167742041028,2.7510402829286704,0.11846033484729,0.2758751492347661,1.077408633948748,2.7510402829286704
OF-MPC pretrained no gate,51,40000,40800,800,-4.835697299205953,-3868.5578393647625,-4.835697299205953,-3868.5578393647625,0.0,0.0,197,0.24625,197,0.24625,0,0.0,0,0.0,0,0,0,0,0,0,0,0,0,0,0,6,-80.5295648983689,0.0,0.200289227553115,2.78305563843594,0.1170586801193805,0.2835197749868494,1.0897328566603504,2.78305563843594
OF-MPC pretrained no gate,52,40800,41600,800,-4.721025381968579,-3776.820305574863,-4.721025381968579,-3776.820305574863,0.0,0.0,170,0.2125,170,0.2125,0,0.0,0,0.0,0,0,0,0,0,0,0,0,0,0,0,6,-72.26281768767024,0.0,0.1960206740861782,2.7249423407527047,0.1161204807460889,0.2759208674262675,1.0815808266234237,2.7249423407527047
OF-MPC pretrained no gate,53,41600,42400,800,-4.582291221561005,-3665.832977248804,-4.582291221561005,-3665.832977248804,0.0,0.0,175,0.21875,175,0.21875,0,0.0,0,0.0,0,0,0,0,0,0,0,0,0,0,0,6,-74.96679924183229,0.0,0.1885137388306683,2.664859215906972,0.1151049859862434,0.2619224916750932,1.0756282054438957,2.664859215906972
OF-MPC pretrained no gate,54,42400,43200,800,-4.6995272077211165,-3759.621766176893,-4.6995272077211165,-3759.621766176893,0.0,0.0,103,0.12875,103,0.12875,0,0.0,0,0.0,0,0,0,0,0,0,0,0,0,0,0,5,-75.81968131174835,0.0,0.1855666241309893,2.7701697887325736,0.1180736679672672,0.2530595802947114,1.080818276260017,2.7701697887325736
OF-MPC pretrained no gate,55,43200,44000,800,-4.58774123026858,-3670.192984214864,-4.58774123026858,-3670.192984214864,0.0,0.0,89,0.11125,89,0.11125,0,0.0,0,0.0,0,0,0,0,0,0,0,0,0,0,0,5,-77.74735881860545,0.0,0.1766166047105042,2.6086359838664634,0.11720834041803,0.2360248690029784,1.0855827235885505,2.6086359838664634
OF-MPC pretrained no gate,56,44000,44800,800,-4.477653309319154,-3582.122647455324,-4.477653309319154,-3582.122647455324,0.0,0.0,33,0.04125,33,0.04125,0,0.0,0,0.0,0,0,0,0,0,0,0,0,0,0,0,7,-72.81246278865979,0.0,0.1707895222626841,2.67211929290778,0.1172574955550233,0.2243215489703449,1.091736062940329,2.67211929290778
OF-MPC pretrained no gate,57,44800,45600,800,-4.321179104361953,-3456.9432834895624,-4.321179104361953,-3456.9432834895624,0.0,0.0,31,0.03875,31,0.03875,0,0.0,0,0.0,0,0,0,0,0,0,0,0,0,0,0,6,-74.87354058101869,0.0,0.1646884890014556,2.5996415417485537,0.1152786006515217,0.2140983773513896,1.0645099015359083,2.5996415417485537
OF-MPC pretrained no gate,58,45600,46400,800,-4.380708430313099,-3504.566744250479,-4.380708430313099,-3504.566744250479,0.0,0.0,16,0.02,16,0.02,0,0.0,0,0.0,0,0,0,0,0,0,0,0,0,0,0,5,-75.69314891374495,0.0,0.1663193020393484,2.606626106037368,0.1165918344073217,0.2160467696713751,1.092732530056424,2.606626106037368
OF-MPC pretrained no gate,59,46400,47200,800,-4.374256151864055,-3499.404921491244,-4.374256151864055,-3499.404921491244,0.0,0.0,28,0.035,28,0.035,0,0.0,0,0.0,0,0,0,0,0,0,0,0,0,0,0,6,-77.51345095649208,0.0,0.1655358820690999,2.581544052935328,0.1164367150555182,0.2146350490826815,1.0644451983307777,2.581544052935328
OF-MPC pretrained no gate,60,47200,48000,800,-4.3554430867516665,-3484.354469401333,-4.3554430867516665,-3484.354469401333,0.0,0.0,20,0.025,20,0.025,0,0.0,0,0.0,0,0,0,0,0,0,0,0,0,0,0,6,-77.52861038053936,0.0,0.1675094498545181,2.6473034578322654,0.1154305174732111,0.2195883822358251,1.0525006861639183,2.6473034578322654
OF-MPC pretrained no gate,61,48000,48800,800,-4.364355622589756,-3491.4844980718053,-4.364355622589756,-3491.4844980718053,0.0,0.0,26,0.0325,26,0.0325,0,0.0,0,0.0,0,0,0,0,0,0,0,0,0,0,0,6,-77.84330451264805,0.0,0.1665347938190326,2.6550085419902416,0.1159883569870548,0.2170812306510104,1.0595157275704126,2.6550085419902416
OF-MPC pretrained no gate,62,48800,49600,800,-4.431208500201751,-3544.966800161401,-4.431208500201751,-3544.966800161401,0.0,0.0,23,0.02875,23,0.02875,0,0.0,0,0.0,0,0,0,0,0,0,0,0,0,0,0,6,-78.14812482444506,0.0,0.1669450126671739,2.6124220941446765,0.1175480913452979,0.2163419339890498,1.0682723624849555,2.6124220941446765
OF-MPC pretrained no gate,63,49600,50400,800,-4.352683117965899,-3482.14649437272,-4.352683117965899,-3482.14649437272,0.0,0.0,12,0.015,12,0.015,0,0.0,0,0.0,0,0,0,0,0,0,0,0,0,0,0,5,-78.66218209672468,0.0,0.1629539205017241,2.5532035684008747,0.1164210158323943,0.2094868251710539,1.0568995980898097,2.5532035684008747
OF-MPC pretrained no gate,64,50400,51200,800,-4.419305901184967,-3535.444720947974,-4.419305901184967,-3535.444720947974,0.0,0.0,17,0.02125,17,0.02125,0,0.0,0,0.0,0,0,0,0,0,0,0,0,0,0,0,5,-76.47696977973567,0.0,0.1659953542921771,2.6018355516634983,0.1178918710414108,0.2140988375429433,1.0748711942997535,2.6018355516634983
OF-MPC pretrained no gate,65,51200,52000,800,-4.397505265875748,-3518.004212700598,-4.397505265875748,-3518.004212700598,0.0,0.0,26,0.0325,26,0.0325,0,0.0,0,0.0,0,0,0,0,0,0,0,0,0,0,0,5,-74.28404109597477,0.0,0.165745309142361,2.5415621087296927,0.1168568985789539,0.2146337197057681,1.0708186664612591,2.5415621087296927
OF-MPC pretrained no gate,66,52000,52800,800,-4.406381421905521,-3525.1051375244165,-4.406381421905521,-3525.1051375244165,0.0,0.0,19,0.02375,19,0.02375,0,0.0,0,0.0,0,0,0,0,0,0,0,0,0,0,0,4,-73.9173103348038,0.0,0.1648419580377245,2.5261210279795137,0.1174283085135266,0.2122556075619223,1.0817894355880608,2.5261210279795137
OF-MPC pretrained no gate,67,52800,53600,800,-4.347889312149312,-3478.3114497194497,-4.347889312149312,-3478.3114497194497,0.0,0.0,18,0.0225,18,0.0225,0,0.0,0,0.0,0,0,0,0,0,0,0,0,0,0,0,5,-72.71065432436217,0.0,0.1606084181540257,2.5216419379384547,0.1173701389158447,0.2038466973922066,1.0833195774398274,2.5216419379384547
OF-MPC pretrained no gate,68,53600,54400,800,-4.391067003157536,-3512.8536025260287,-4.391067003157536,-3512.8536025260287,0.0,0.0,16,0.02,16,0.02,0,0.0,0,0.0,0,0,0,0,0,0,0,0,0,0,0,7,-72.30500319464852,0.0,0.1617275250018948,2.5431899500138115,0.1183068175623771,0.2051482324414126,1.0873743723720826,2.5431899500138115
OF-MPC pretrained no gate,69,54400,55200,800,-4.474657530986762,-3579.726024789409,-4.474657530986762,-3579.726024789409,0.0,0.0,16,0.02,16,0.02,0,0.0,0,0.0,0,0,0,0,0,0,0,0,0,0,0,4,-78.07007405811942,0.0,0.1677502143319749,2.5706140507880946,0.1186631745982254,0.2168372540657245,1.09102681127472,2.5706140507880946
OF-MPC pretrained no gate,70,55200,56000,800,-4.403962038922344,-3523.1696311378755,-4.403962038922344,-3523.1696311378755,0.0,0.0,16,0.02,16,0.02,0,0.0,0,0.0,0,0,0,0,0,0,0,0,0,0,0,4,-73.81139173442637,0.0,0.1634628960553074,2.5649940298058027,0.1182201976527907,0.2087055944578241,1.090025482343474,2.5649940298058027
OF-MPC pretrained no gate,71,56000,56800,800,-4.457838376027042,-3566.270700821634,-4.457838376027042,-3566.270700821634,0.0,0.0,16,0.02,16,0.02,0,0.0,0,0.0,0,0,0,0,0,0,0,0,0,0,0,4,-77.11264334507166,0.0,0.1646161822673557,2.5132593502374903,0.1187344920535311,0.2104978724811802,1.098469970405588,2.5132593502374903
OF-MPC pretrained no gate,72,56800,57600,800,-4.29009732614086,-3432.077860912688,-4.29009732614086,-3432.077860912688,0.0,0.0,16,0.02,16,0.02,0,0.0,0,0.0,0,0,0,0,0,0,0,0,0,0,0,6,-71.61864018152266,0.0,0.1590977220847294,2.508433019298195,0.1167354637332124,0.2014599804362464,1.075809790842389,2.508433019298195
OF-MPC pretrained no gate,73,57600,58400,800,-4.282781599197619,-3426.2252793580947,-4.282781599197619,-3426.2252793580947,0.0,0.0,14,0.0175,14,0.0175,0,0.0,0,0.0,0,0,0,0,0,0,0,0,0,0,0,5,-71.49644469995303,0.0,0.1579160475177574,2.5178204967118063,0.116877655024619,0.1989544400108958,1.087708655810412,2.5178204967118063
OF-MPC pretrained no gate,74,58400,59200,800,-4.323966444341607,-3459.173155473285,-4.323966444341607,-3459.173155473285,0.0,0.0,12,0.015,12,0.015,0,0.0,0,0.0,0,0,0,0,0,0,0,0,0,0,0,4,-74.96531308058888,0.0,0.1616747202329806,2.558205311282336,0.1169248025433029,0.2064246379226584,1.0741887588358936,2.558205311282336
OF-MPC pretrained no gate,75,59200,60000,800,-4.401437648714862,-3521.150118971889,-4.401437648714862,-3521.150118971889,0.0,0.0,20,0.025,20,0.025,0,0.0,0,0.0,0,0,0,0,0,0,0,0,0,0,0,5,-75.85145719036223,0.0,0.1629083946756342,2.5529552817877743,0.1178076321583504,0.2080091571929181,1.0759137887147143,2.5529552817877743
OF-MPC pretrained no gate,76,60000,60800,800,-4.316360343739659,-3453.0882749917278,-4.316360343739659,-3453.0882749917278,0.0,0.0,14,0.0175,14,0.0175,0,0.0,0,0.0,0,0,0,0,0,0,0,0,0,0,0,5,-76.91901695346473,0.0,0.1636933442388615,2.5987873406594417,0.1164812196360177,0.2109054688417052,1.073939951545818,2.5987873406594417
OF-MPC pretrained no gate,77,60800,61600,800,-4.284441625853927,-3427.553300683142,-4.284441625853927,-3427.553300683142,0.0,0.0,33,0.04125,33,0.04125,0,0.0,0,0.0,0,0,0,0,0,0,0,0,0,0,0,6,-73.431556515784,0.0,0.1599618360916463,2.4994753146954167,0.1167029412083865,0.2032207309749061,1.061876538036707,2.4994753146954167
OF-MPC pretrained no gate,78,61600,62400,800,-4.318942047673442,-3455.1536381387536,-4.318942047673442,-3455.1536381387536,0.0,0.0,19,0.02375,19,0.02375,0,0.0,0,0.0,0,0,0,0,0,0,0,0,0,0,0,7,-70.92529864005962,0.0,0.1619405555507269,2.5217756301134955,0.1168401230503059,0.2070409880511478,1.0734833828702055,2.5217756301134955
OF-MPC pretrained no gate,79,62400,63200,800,-4.373800436902842,-3499.0403495222736,-4.373800436902842,-3499.0403495222736,0.0,0.0,14,0.0175,14,0.0175,0,0.0,0,0.0,0,0,0,0,0,0,0,0,0,0,0,7,-73.67763684078534,0.0,0.1622503863593802,2.596158560442973,0.1180899722108988,0.2064108005078616,1.0870565855666707,2.596158560442973
OF-MPC pretrained no gate,80,63200,64000,800,-4.307161000020231,-3445.7288000161843,-4.307161000020231,-3445.7288000161843,0.0,0.0,13,0.01625,13,0.01625,0,0.0,0,0.0,0,0,0,0,0,0,0,0,0,0,0,6,-75.91903336745838,0.0,0.1612674417440928,2.6188580985515277,0.1167731956914241,0.2057616877967614,1.0804949535923174,2.6188580985515277
OF-MPC pretrained no gate,81,64000,64800,800,-4.306333570780283,-3445.0668566242266,-4.306333570780283,-3445.0668566242266,0.0,0.0,14,0.0175,14,0.0175,0,0.0,0,0.0,0,0,0,0,0,0,0,0,0,0,0,5,-74.71978374119794,0.0,0.1606981567095393,2.545724509972388,0.1173776716886628,0.2040186417304157,1.0819968695099855,2.545724509972388
OF-MPC pretrained no gate,82,64800,65600,800,-4.309463282966303,-3447.5706263730426,-4.309463282966303,-3447.5706263730426,0.0,0.0,13,0.01625,13,0.01625,0,0.0,0,0.0,0,0,0,0,0,0,0,0,0,0,0,6,-76.56659409420718,0.0,0.1596950184532027,2.547821740223071,0.1174244761546418,0.2019655607517635,1.0822054724520975,2.547821740223071
OF-MPC pretrained no gate,83,65600,66400,800,-4.311040207689095,-3448.8321661512755,-4.311040207689095,-3448.8321661512755,0.0,0.0,16,0.02,16,0.02,0,0.0,0,0.0,0,0,0,0,0,0,0,0,0,0,0,5,-73.58405840083799,0.0,0.1623511178941806,2.578870238504692,0.1168840096609493,0.2078182261274119,1.0804027444419677,2.578870238504692
OF-MPC pretrained no gate,84,66400,67200,800,-4.270415951605097,-3416.332761284077,-4.270415951605097,-3416.332761284077,0.0,0.0,10,0.0125,10,0.0125,0,0.0,0,0.0,0,0,0,0,0,0,0,0,0,0,0,4,-72.39994167061195,0.0,0.1639898016744927,2.56178392009474,0.1160838636395067,0.2118957397094787,1.0794364592092704,2.56178392009474
OF-MPC pretrained no gate,85,67200,68000,800,-4.238288906481136,-3390.6311251849093,-4.238288906481136,-3390.6311251849093,0.0,0.0,9,0.01125,9,0.01125,0,0.0,0,0.0,0,0,0,0,0,0,0,0,0,0,0,6,-70.48589728591185,0.0,0.1589303318742118,2.626919413398298,0.1163609118911322,0.2014997518572914,1.0669460733495666,2.626919413398298
OF-MPC pretrained no gate,86,68000,68800,800,-4.234215418865626,-3387.3723350925,-4.234215418865626,-3387.3723350925,0.0,0.0,32,0.04,32,0.04,0,0.0,0,0.0,0,0,0,0,0,0,0,0,0,0,0,6,-73.9394896846137,0.0,0.1605811326251388,2.629780135230476,0.1159609797027716,0.2052012855475059,1.0665699595237412,2.629780135230476
OF-MPC pretrained no gate,87,68800,69600,800,-4.357009245471864,-3485.607396377491,-4.357009245471864,-3485.607396377491,0.0,0.0,9,0.01125,9,0.01125,0,0.0,0,0.0,0,0,0,0,0,0,0,0,0,0,0,6,-75.44640389571748,0.0,0.1621604028943868,2.643346022119772,0.1179898845507484,0.2063309212380251,1.084497496884263,2.643346022119772
OF-MPC pretrained no gate,88,69600,70400,800,-4.328725882881401,-3462.980706305121,-4.328725882881401,-3462.980706305121,0.0,0.0,13,0.01625,13,0.01625,0,0.0,0,0.0,0,0,0,0,0,0,0,0,0,0,0,6,-73.99387884532246,0.0,0.1597755513867685,2.54730336343556,0.1181797440309187,0.2013713587426182,1.0687316296071825,2.54730336343556
OF-MPC pretrained no gate,89,70400,71200,800,-4.405970733617056,-3524.776586893645,-4.405970733617056,-3524.776586893645,0.0,0.0,12,0.015,12,0.015,0,0.0,0,0.0,0,0,0,0,0,0,0,0,0,0,0,6,-75.13941902888075,0.0,0.1625296750654163,2.617267442279569,0.1183302191580135,0.2067291309728191,1.0856823289698334,2.617267442279569
OF-MPC pretrained no gate,90,71200,72000,800,-4.260951612801009,-3408.761290240808,-4.260951612801009,-3408.761290240808,0.0,0.0,18,0.0225,18,0.0225,0,0.0,0,0.0,0,0,0,0,0,0,0,0,0,0,0,6,-74.45203860158881,0.0,0.157805741512784,2.595259292899925,0.1168796940366587,0.1987317889889093,1.076912114922934,2.595259292899925
OF-MPC pretrained no gate,91,72000,72800,800,-4.239159002433451,-3391.3272019467604,-4.239159002433451,-3391.3272019467604,0.0,0.0,11,0.01375,11,0.01375,0,0.0,0,0.0,0,0,0,0,0,0,0,0,0,0,0,5,-73.63976212971261,0.0,0.1584210170627275,2.551701474257527,0.1160854255616984,0.2007566085637566,1.0648273188351216,2.551701474257527
OF-MPC pretrained no gate,92,72800,73600,800,-4.287590579041645,-3430.0724632333154,-4.287590579041645,-3430.0724632333154,0.0,0.0,9,0.01125,9,0.01125,0,0.0,0,0.0,0,0,0,0,0,0,0,0,0,0,0,6,-74.7543682246012,0.0,0.1590946526953597,2.5600885048589817,0.1171963762015391,0.2009929291891802,1.0722725597461262,2.5600885048589817
OF-MPC pretrained no gate,93,73600,74400,800,-4.293990279821843,-3435.1922238574743,-4.293990279821843,-3435.1922238574743,0.0,0.0,10,0.0125,10,0.0125,0,0.0,0,0.0,0,0,0,0,0,0,0,0,0,0,0,5,-71.49414596579174,0.0,0.1600828271248048,2.510511926837296,0.1166714718731294,0.2034941823764802,1.0719107192222048,2.510511926837296
OF-MPC pretrained no gate,94,74400,75200,800,-4.34434625008917,-3475.477000071336,-4.34434625008917,-3475.477000071336,0.0,0.0,13,0.01625,13,0.01625,0,0.0,0,0.0,0,0,0,0,0,0,0,0,0,0,0,6,-73.81598788594692,0.0,0.1616948737634113,2.5965509227269763,0.1172799891029069,0.2061097584239158,1.0806930136866677,2.5965509227269763
OF-MPC pretrained no gate,95,75200,76000,800,-4.268267076878739,-3414.613661502991,-4.268267076878739,-3414.613661502991,0.0,0.0,11,0.01375,11,0.01375,0,0.0,0,0.0,0,0,0,0,0,0,0,0,0,0,0,6,-71.5405328372276,0.0,0.1583687875998826,2.60774597666358,0.1166915382299558,0.2000460369698095,1.071663562944036,2.60774597666358
OF-MPC pretrained no gate,96,76000,76800,800,-4.2289054719400045,-3383.124377552004,-4.2289054719400045,-3383.124377552004,0.0,0.0,15,0.01875,15,0.01875,0,0.0,0,0.0,0,0,0,0,0,0,0,0,0,0,0,6,-72.73093030386838,0.0,0.1611472258603261,2.6840360885207133,0.1158454550449274,0.2064489966757249,1.0698917418751313,2.6840360885207133
OF-MPC pretrained no gate,97,76800,77600,800,-4.767234584923748,-3813.7876679389983,-4.767234584923748,-3813.7876679389983,0.0,0.0,11,0.01375,11,0.01375,0,0.0,0,0.0,0,0,0,0,0,0,0,0,0,0,0,3,-62.752314442172974,0.0,0.1792976555848003,2.8424230485231305,0.1225651264085837,0.2360301847610169,1.0772056651367703,2.8424230485231305
OF-MPC pretrained no gate,98,77600,78400,800,-4.323629160516689,-3458.903328413351,-4.323629160516689,-3458.903328413351,0.0,0.0,9,0.01125,9,0.01125,0,0.0,0,0.0,0,0,0,0,0,0,0,0,0,0,0,5,-73.2980034889033,0.0,0.1633442087152033,2.6292685404521308,0.1171183670594165,0.20957005037099,1.0763558255734489,2.6292685404521308
OF-MPC pretrained no gate,99,78400,79200,800,-4.267589364025936,-3414.0714912207486,-4.267589364025936,-3414.0714912207486,0.0,0.0,10,0.0125,10,0.0125,0,0.0,0,0.0,0,0,0,0,0,0,0,0,0,0,0,5,-72.28487771983498,0.0,0.1619871181364993,2.649419135333517,0.1162235174697566,0.2077507188032419,1.0761383339403818,2.649419135333517
OF-MPC pretrained no gate,100,79200,80000,800,-4.202153412786872,-3361.7227302294978,-4.202153412786872,-3361.7227302294978,0.0,0.0,7,0.00875,7,0.00875,0,0.0,0,0.0,0,0,0,0,0,0,0,0,0,0,0,5,-71.75999385301054,0.0,0.159914536114702,2.5808860792794235,0.1155438916461433,0.2042851805832607,1.0674373144590614,2.5808860792794235
OF-MPC pretrained no gate,101,80000,80800,800,-4.285475946788827,-3428.3807574310617,-4.285475946788827,-3428.3807574310617,0.0,0.0,17,0.02125,17,0.02125,0,0.0,0,0.0,0,0,0,0,0,0,0,0,0,0,0,5,-72.95427177684451,0.0,0.1621599631666489,2.6041098020238564,0.1164570222730951,0.2078629040602027,1.0740072639321254,2.6041098020238564
OF-MPC pretrained no gate,102,80800,81600,800,-4.215042325141948,-3372.0338601135586,-4.215042325141948,-3372.0338601135586,0.0,0.0,10,0.0125,10,0.0125,0,0.0,0,0.0,0,0,0,0,0,0,0,0,0,0,0,5,-69.49760189385802,0.0,0.1591187336789149,2.60743084205626,0.1158707940718516,0.2023666732859781,1.0703575856386105,2.60743084205626
OF-MPC pretrained no gate,103,81600,82400,800,-4.203236225264426,-3362.588980211541,-4.203236225264426,-3362.588980211541,0.0,0.0,10,0.0125,10,0.0125,0,0.0,0,0.0,0,0,0,0,0,0,0,0,0,0,0,5,-71.54900043747432,0.0,0.1587701225645454,2.600744223056324,0.1159267003591179,0.2016135447699728,1.068285033580651,2.600744223056324
OF-MPC pretrained no gate,104,82400,83200,800,-4.252886992470371,-3402.309593976297,-4.252886992470371,-3402.309593976297,0.0,0.0,11,0.01375,11,0.01375,0,0.0,0,0.0,0,0,0,0,0,0,0,0,0,0,0,6,-68.1637909784456,0.0,0.1601489450685498,2.6030394171873468,0.1168796569366158,0.2034182332004837,1.0774286152411388,2.6030394171873468
OF-MPC pretrained no gate,105,83200,84000,800,-4.268167473448171,-3414.533978758537,-4.268167473448171,-3414.533978758537,0.0,0.0,14,0.0175,14,0.0175,0,0.0,0,0.0,0,0,0,0,0,0,0,0,0,0,0,5,-66.27339424984893,0.0,0.1609640460670108,2.5782589990507176,0.1169316046624828,0.2049964874715388,1.081029480551209,2.5782589990507176
OF-MPC pretrained no gate,106,84000,84800,800,-4.08375713351468,-3267.005706811744,-4.08375713351468,-3267.005706811744,0.0,0.0,9,0.01125,9,0.01125,0,0.0,0,0.0,0,0,0,0,0,0,0,0,0,0,0,4,-64.52915842967309,0.0,0.1584953381429512,2.62351460265694,0.114064091931986,0.2029265843539164,1.0597235758068742,2.62351460265694
OF-MPC pretrained no gate,107,84800,85600,800,-4.183798848897265,-3347.0390791178115,-4.183798848897265,-3347.0390791178115,0.0,0.0,10,0.0125,10,0.0125,0,0.0,0,0.0,0,0,0,0,0,0,0,0,0,0,0,5,-68.10239001549724,0.0,0.1601320232264942,2.6066556250663666,0.1155383395207856,0.2047257069322028,1.068248344666597,2.6066556250663666
OF-MPC pretrained no gate,108,85600,86400,800,-4.148346715807784,-3318.677372646227,-4.148346715807784,-3318.677372646227,0.0,0.0,13,0.01625,13,0.01625,0,0.0,0,0.0,0,0,0,0,0,0,0,0,0,0,0,5,-65.93281226827241,0.0,0.1576906470260675,2.592448233553569,0.115244937724279,0.2001363563278561,1.0651705090746746,2.592448233553569
OF-MPC pretrained no gate,109,86400,87200,800,-4.265122836936444,-3412.098269549155,-4.265122836936444,-3412.098269549155,0.0,0.0,14,0.0175,14,0.0175,0,0.0,0,0.0,0,0,0,0,0,0,0,0,0,0,0,5,-68.35745265110666,0.0,0.1592256917433203,2.550956041065888,0.1169565960855603,0.2014947874010802,1.0771661821573413,2.550956041065888
OF-MPC pretrained no gate,110,87200,88000,800,-4.233372209830745,-3386.697767864596,-4.233372209830745,-3386.697767864596,0.0,0.0,13,0.01625,13,0.01625,0,0.0,0,0.0,0,0,0,0,0,0,0,0,0,0,0,6,-65.65447759607741,0.0,0.1596711652839663,2.6135705274539305,0.1168527253996554,0.2024896051682773,1.075095789138144,2.6135705274539305
OF-MPC pretrained no gate,111,88000,88800,800,-4.306393682741349,-3445.114946193079,-4.306393682741349,-3445.114946193079,0.0,0.0,10,0.0125,10,0.0125,0,0.0,0,0.0,0,0,0,0,0,0,0,0,0,0,0,5,-66.91478453404488,0.0,0.161024255997135,2.6169075175034777,0.1175662825820712,0.2044822294121988,1.0775848872817844,2.6169075175034777
OF-MPC pretrained no gate,112,88800,89600,800,-4.22067476053804,-3376.5398084304325,-4.22067476053804,-3376.5398084304325,0.0,0.0,23,0.02875,23,0.02875,0,0.0,0,0.0,0,0,0,0,0,0,0,0,0,0,0,6,-65.83034814023415,0.0,0.1599518818852496,2.573551388032911,0.1161771448191782,0.2037266189513209,1.071952616820916,2.573551388032911
OF-MPC pretrained no gate,113,89600,90400,800,-4.189620784325174,-3351.696627460139,-4.189620784325174,-3351.696627460139,0.0,0.0,22,0.0275,22,0.0275,0,0.0,0,0.0,0,0,0,0,0,0,0,0,0,0,0,5,-68.83492841130487,0.0,0.162807540473279,2.651522805985053,0.1151741993319502,0.2104408816146079,1.0638398973953929,2.651522805985053
OF-MPC pretrained no gate,114,90400,91200,800,-4.254594811726397,-3403.6758493811176,-4.254594811726397,-3403.6758493811176,0.0,0.0,29,0.03625,29,0.03625,0,0.0,0,0.0,0,0,0,0,0,0,0,0,0,0,0,4,-67.48300578004591,0.0,0.1636961431599457,2.595382529957419,0.1160877985818388,0.2113044877380527,1.0654962442529077,2.595382529957419
OF-MPC pretrained no gate,115,91200,92000,800,-4.1386951081616346,-3310.956086529308,-4.1386951081616346,-3310.956086529308,0.0,0.0,16,0.02,16,0.02,0,0.0,0,0.0,0,0,0,0,0,0,0,0,0,0,0,5,-65.90997082597903,0.0,0.1611195041366153,2.652451272380631,0.1144531256120757,0.2077858826611549,1.060911828378916,2.652451272380631
OF-MPC pretrained no gate,116,92000,92800,800,-4.203144014651048,-3362.515211720839,-4.203144014651048,-3362.515211720839,0.0,0.0,19,0.02375,19,0.02375,0,0.0,0,0.0,0,0,0,0,0,0,0,0,0,0,0,5,-64.6336376244725,0.0,0.1607141772618098,2.6151857716226914,0.1159068308794805,0.205521523644139,1.069915110332888,2.6151857716226914
OF-MPC pretrained no gate,117,92800,93600,800,-4.232747997787435,-3386.198398229948,-4.232747997787435,-3386.198398229948,0.0,0.0,27,0.03375,27,0.03375,0,0.0,0,0.0,0,0,0,0,0,0,0,0,0,0,0,4,-64.57698654531373,0.0,0.1725761017121111,2.893362073400681,0.1142711075871631,0.2308810958370591,1.064153386595318,2.893362073400681
OF-MPC pretrained no gate,118,93600,94400,800,-4.216197189530997,-3372.9577516247978,-4.216197189530997,-3372.9577516247978,0.0,0.0,42,0.0525,42,0.0525,0,0.0,0,0.0,0,0,0,0,0,0,0,0,0,0,0,5,-67.38115660843539,0.0,0.1659696846972392,2.6577685628145105,0.1151341627212585,0.2168052066732199,1.0656153379364004,2.6577685628145105
OF-MPC pretrained no gate,119,94400,95200,800,-4.211076129628761,-3368.860903703009,-4.211076129628761,-3368.860903703009,0.0,0.0,31,0.03875,31,0.03875,0,0.0,0,0.0,0,0,0,0,0,0,0,0,0,0,0,3,-66.60298530314196,0.0,0.1646862001991794,2.7438626212693293,0.1154112608299385,0.2139611395684202,1.0700789201150551,2.7438626212693293
OF-MPC pretrained no gate,120,95200,96000,800,-4.208243537839463,-3366.5948302715706,-4.208243537839463,-3366.5948302715706,0.0,0.0,20,0.025,20,0.025,0,0.0,0,0.0,0,0,0,0,0,0,0,0,0,0,0,4,-66.14649017006195,0.0,0.1653287254463066,2.5822465616215027,0.1153246654701186,0.2153327854224946,1.0659384817720148,2.5822465616215027
OF-MPC pretrained no gate,121,96000,96800,800,-4.231164007061746,-3384.9312056493964,-4.231164007061746,-3384.9312056493964,0.0,0.0,15,0.01875,15,0.01875,0,0.0,0,0.0,0,0,0,0,0,0,0,0,0,0,0,5,-65.60531736015457,0.0,0.1640554789662214,2.6591931857484497,0.1159494521195373,0.2121615058129056,1.0713391814168722,2.6591931857484497
OF-MPC pretrained no gate,122,96800,97600,800,-4.228370282716969,-3382.6962261735757,-4.228370282716969,-3382.6962261735757,0.0,0.0,11,0.01375,11,0.01375,0,0.0,0,0.0,0,0,0,0,0,0,0,0,0,0,0,4,-67.28028574021437,0.0,0.1654136245064006,2.6624079759629358,0.1156523098809258,0.2151749391318754,1.077530978559134,2.6624079759629358
OF-MPC pretrained no gate,123,97600,98400,800,-4.244017722863136,-3395.2141782905087,-4.244017722863136,-3395.2141782905087,0.0,0.0,13,0.01625,13,0.01625,0,0.0,0,0.0,0,0,0,0,0,0,0,0,0,0,0,3,-69.5951853158823,0.0,0.1649610829766084,2.5419551732628065,0.1157977565456777,0.2141244094075391,1.071714023731695,2.5419551732628065
OF-MPC pretrained no gate,124,98400,99200,800,-4.242912455570152,-3394.3299644561216,-4.242912455570152,-3394.3299644561216,0.0,0.0,7,0.00875,7,0.00875,0,0.0,0,0.0,0,0,0,0,0,0,0,0,0,0,0,4,-68.49817321925798,0.0,0.1607335087212401,2.5832651185134523,0.1165488551599502,0.20491816228253,1.0852589057550728,2.5832651185134523
OF-MPC pretrained no gate,125,99200,100000,800,-4.252105421321448,-3401.6843370571587,-4.252105421321448,-3401.6843370571587,0.0,0.0,15,0.01875,15,0.01875,0,0.0,0,0.0,0,0,0,0,0,0,0,0,0,0,0,4,-69.26550852965363,0.0,0.1635386605875961,2.570742573537757,0.1164525703819237,0.2106247507932685,1.0805987292430843,2.570742573537757
OF-MPC pretrained no gate,126,100000,100800,800,-4.302896566028837,-3442.3172528230693,-4.302896566028837,-3442.3172528230693,0.0,0.0,18,0.0225,18,0.0225,0,0.0,0,0.0,0,0,0,0,0,0,0,0,0,0,0,4,-69.80026524706693,0.0,0.1658348549377069,2.558714713804761,0.1168273061030718,0.2148424037723419,1.0752694796720257,2.558714713804761
OF-MPC pretrained no gate,127,100800,101600,800,-4.217088225506358,-3373.670580405086,-4.217088225506358,-3373.670580405086,0.0,0.0,11,0.01375,11,0.01375,0,0.0,0,0.0,0,0,0,0,0,0,0,0,0,0,0,2,-65.25467298386286,0.0,0.1646788301268772,2.559882885622756,0.115649117041459,0.2137085432122954,1.0745793511738824,2.559882885622756
OF-MPC pretrained no gate,128,101600,102400,800,-4.21641976317368,-3373.135810538944,-4.21641976317368,-3373.135810538944,0.0,0.0,19,0.02375,19,0.02375,0,0.0,0,0.0,0,0,0,0,0,0,0,0,0,0,0,5,-65.72365623992721,0.0,0.1590230005457681,2.5711573874471583,0.1165682209185378,0.2014777801729985,1.0764036557432817,2.5711573874471583
OF-MPC pretrained no gate,129,102400,103200,800,-4.1459408705725,-3316.752696458,-4.1459408705725,-3316.752696458,0.0,0.0,16,0.02,16,0.02,0,0.0,0,0.0,0,0,0,0,0,0,0,0,0,0,0,4,-62.21563385004242,0.0,0.1592780647087187,2.5274955826411087,0.1149579071045254,0.203598222312912,1.0694499489341398,2.5274955826411087
OF-MPC pretrained no gate,130,103200,104000,800,-4.185504765664097,-3348.403812531278,-4.185504765664097,-3348.403812531278,0.0,0.0,9,0.01125,9,0.01125,0,0.0,0,0.0,0,0,0,0,0,0,0,0,0,0,0,5,-63.84939619006093,0.0,0.1625138325317421,2.604518948065732,0.1154415827517522,0.2095860823117321,1.0719241401316937,2.604518948065732
OF-MPC pretrained no gate,131,104000,104800,800,-4.245169843950779,-3396.135875160623,-4.245169843950779,-3396.135875160623,0.0,0.0,16,0.02,16,0.02,0,0.0,0,0.0,0,0,0,0,0,0,0,0,0,0,0,5,-65.268833961268,0.0,0.1611769982987813,2.5857262650656025,0.1163837172175995,0.205970279379963,1.077622869232482,2.5857262650656025
OF-MPC pretrained no gate,132,104800,105600,800,-4.178907799949334,-3343.126239959467,-4.178907799949334,-3343.126239959467,0.0,0.0,18,0.0225,18,0.0225,0,0.0,0,0.0,0,0,0,0,0,0,0,0,0,0,0,5,-62.73751823264036,0.0,0.1580945015218667,2.563280642433085,0.1160186195767012,0.2001703834670321,1.0813701820720207,2.563280642433085
OF-MPC pretrained no gate,133,105600,106400,800,-4.111113128661592,-3288.8905029292737,-4.111113128661592,-3288.8905029292737,0.0,0.0,8,0.01,8,0.01,0,0.0,0,0.0,0,0,0,0,0,0,0,0,0,0,0,5,-64.23917369416279,0.0,0.1580142864842406,2.588563378927688,0.1145704507654413,0.2014581222030399,1.0680011268785363,2.588563378927688
OF-MPC pretrained no gate,134,106400,107200,800,-4.181605385520237,-3345.2843084161896,-4.181605385520237,-3345.2843084161896,0.0,0.0,10,0.0125,10,0.0125,0,0.0,0,0.0,0,0,0,0,0,0,0,0,0,0,0,5,-69.2647666289896,0.0,0.1615013138215226,2.6114595776573992,0.1156320481704626,0.2073705794725826,1.0792322335697748,2.6114595776573992
OF-MPC pretrained no gate,135,107200,108000,800,-4.141451133692176,-3313.160906953741,-4.141451133692176,-3313.160906953741,0.0,0.0,22,0.0275,22,0.0275,0,0.0,0,0.0,0,0,0,0,0,0,0,0,0,0,0,5,-63.22875983292886,0.0,0.1608846606114653,2.60180285969318,0.1146255876200157,0.2071437336029148,1.06857723988793,2.60180285969318
OF-MPC pretrained no gate,136,108000,108800,800,-4.157723819663183,-3326.1790557305458,-4.157723819663183,-3326.1790557305458,0.0,0.0,8,0.01,8,0.01,0,0.0,0,0.0,0,0,0,0,0,0,0,0,0,0,0,5,-65.01028688910287,0.0,0.1585319985043781,2.549959363403559,0.1159483626057761,0.20111563440298,1.0798272731092955,2.549959363403559
OF-MPC pretrained no gate,137,108800,109600,800,-4.152492129701755,-3321.993703761404,-4.152492129701755,-3321.993703761404,0.0,0.0,8,0.01,8,0.01,0,0.0,0,0.0,0,0,0,0,0,0,0,0,0,0,0,4,-64.26843664558453,0.0,0.1571248197375823,2.5697172109511257,0.1160049814506634,0.1982446580245012,1.0792471831988393,2.5697172109511257
OF-MPC pretrained no gate,138,109600,110400,800,-4.033341861505025,-3226.6734892040195,-4.033341861505025,-3226.6734892040195,0.0,0.0,12,0.015,12,0.015,0,0.0,0,0.0,0,0,0,0,0,0,0,0,0,0,0,4,-63.32445026352502,0.0,0.1560668201545755,2.581120459881049,0.113781664756578,0.198351975552573,1.0710169385319612,2.581120459881049
OF-MPC pretrained no gate,139,110400,111200,800,-4.100452490071251,-3280.361992057001,-4.100452490071251,-3280.361992057001,0.0,0.0,7,0.00875,7,0.00875,0,0.0,0,0.0,0,0,0,0,0,0,0,0,0,0,0,5,-64.62080558656339,0.0,0.1583760362750818,2.6296327190265743,0.1149401836357547,0.2018118889144089,1.0747077395965237,2.6296327190265743
OF-MPC pretrained no gate,140,111200,112000,800,-4.129272117851137,-3303.41769428091,-4.129272117851137,-3303.41769428091,0.0,0.0,7,0.00875,7,0.00875,0,0.0,0,0.0,0,0,0,0,0,0,0,0,0,0,0,2,-65.41569500955836,0.0,0.1575191943640549,2.581578518247568,0.1153651641728401,0.1996732245552697,1.0786096172929645,2.581578518247568
OF-MPC pretrained no gate,141,112000,112800,800,-4.102686597297362,-3282.1492778378897,-4.102686597297362,-3282.1492778378897,0.0,0.0,7,0.00875,7,0.00875,0,0.0,0,0.0,0,0,0,0,0,0,0,0,0,0,0,4,-65.16949749070545,0.0,0.1568529623519395,2.5286312950362912,0.1149742366883176,0.1987316880155614,1.0750036276473134,2.5286312950362912
OF-MPC pretrained no gate,142,112800,113600,800,-4.14874832090128,-3318.9986567210244,-4.14874832090128,-3318.9986567210244,0.0,0.0,7,0.00875,7,0.00875,0,0.0,0,0.0,0,0,0,0,0,0,0,0,0,0,0,5,-62.34634964096597,0.0,0.1608429577972722,2.718752688943141,0.1151324432079932,0.206553472386551,1.0792889385182325,2.718752688943141
OF-MPC pretrained no gate,143,113600,114400,800,-4.102502966927784,-3282.0023735422265,-4.102502966927784,-3282.0023735422265,0.0,0.0,10,0.0125,10,0.0125,0,0.0,0,0.0,0,0,0,0,0,0,0,0,0,0,0,4,-64.98068973585714,0.0,0.1579315680490122,2.606669469048825,0.1143838834955508,0.2014792526024736,1.07098649128401,2.606669469048825
OF-MPC pretrained no gate,144,114400,115200,800,-4.093469094232725,-3274.77527538618,-4.093469094232725,-3274.77527538618,0.0,0.0,8,0.01,8,0.01,0,0.0,0,0.0,0,0,0,0,0,0,0,0,0,0,0,4,-64.78229116535306,0.0,0.1583045136970499,2.6182648184929462,0.1144745048348255,0.2021345225592743,1.0709935376814967,2.6182648184929462
OF-MPC pretrained no gate,145,115200,116000,800,-4.107698909950029,-3286.1591279600234,-4.107698909950029,-3286.1591279600234,0.0,0.0,8,0.01,8,0.01,0,0.0,0,0.0,0,0,0,0,0,0,0,0,0,0,0,4,-63.2209840036121,0.0,0.1591467306116671,2.6223660702024176,0.114604871847219,0.2036885893761152,1.0723085815522515,2.6223660702024176
OF-MPC pretrained no gate,146,116000,116800,800,-4.136659266982356,-3309.327413585885,-4.136659266982356,-3309.327413585885,0.0,0.0,4,0.005,4,0.005,0,0.0,0,0.0,0,0,0,0,0,0,0,0,0,0,0,4,-61.52085303066849,0.0,0.156606549395575,2.590898466527449,0.1155639514711451,0.1976491473200049,1.0810509122703755,2.590898466527449
OF-MPC pretrained no gate,147,116800,117600,800,-4.097784686683612,-3278.2277493468896,-4.097784686683612,-3278.2277493468896,0.0,0.0,7,0.00875,7,0.00875,0,0.0,0,0.0,0,0,0,0,0,0,0,0,0,0,0,4,-64.2949671276657,0.0,0.1588260373506805,2.588886882193151,0.1144403925117249,0.2032116821896362,1.070981317388633,2.588886882193151
OF-MPC pretrained no gate,148,117600,118400,800,-4.069094228492475,-3255.2753827939805,-4.069094228492475,-3255.2753827939805,0.0,0.0,12,0.015,12,0.015,0,0.0,0,0.0,0,0,0,0,0,0,0,0,0,0,0,4,-68.97213810391588,0.0,0.157481846282021,2.601850913305782,0.1140894195906404,0.2008742729734015,1.0722138842922249,2.601850913305782
OF-MPC pretrained no gate,149,118400,119200,800,-4.159743340758357,-3327.7946726066857,-4.159743340758357,-3327.7946726066857,0.0,0.0,8,0.01,8,0.01,0,0.0,0,0.0,0,0,0,0,0,0,0,0,0,0,0,3,-65.19267869640112,0.0,0.1594291379226874,2.5718167856638274,0.1155097438004061,0.2033485320449687,1.0794900167909076,2.5718167856638274
OF-MPC pretrained no gate,150,119200,120000,800,-4.406747652305243,-3525.398121844194,-4.406747652305243,-3525.398121844194,0.0,0.0,9,0.01125,9,0.01125,0,0.0,0,0.0,0,0,0,0,0,0,0,0,0,0,0,4,-55.93094983191918,0.0,0.1721579642281057,2.7927522153015047,0.1184880615255691,0.2258278669306422,1.0917190465772697,2.7927522153015047
OF-MPC pretrained no gate,151,120000,120800,800,-4.095471991065585,-3276.3775928524683,-4.095471991065585,-3276.3775928524683,0.0,0.0,9,0.01125,9,0.01125,0,0.0,0,0.0,0,0,0,0,0,0,0,0,0,0,0,4,-66.12280886330291,0.0,0.1576190204228982,2.561030856350044,0.1144512321746868,0.2007868086711095,1.0735844937850492,2.561030856350044
OF-MPC pretrained no gate,152,120800,121600,800,-4.117795738373453,-3294.2365906987625,-4.117795738373453,-3294.2365906987625,0.0,0.0,6,0.0075,6,0.0075,0,0.0,0,0.0,0,0,0,0,0,0,0,0,0,0,0,4,-68.76882671962744,0.0,0.1601120873649582,2.599172242162922,0.114665786003365,0.2055583887265513,1.0775950953910596,2.599172242162922
OF-MPC pretrained no gate,153,121600,122400,800,-4.062522519351342,-3250.018015481073,-4.062522519351342,-3250.018015481073,0.0,0.0,8,0.01,8,0.01,0,0.0,0,0.0,0,0,0,0,0,0,0,0,0,0,0,3,-65.72233918119991,0.0,0.1559089292133307,2.6097210957608468,0.1144532330927993,0.1973646253338622,1.073247923866704,2.6097210957608468
OF-MPC pretrained no gate,154,122400,123200,800,-4.121868032385244,-3297.494425908196,-4.121868032385244,-3297.494425908196,0.0,0.0,8,0.01,8,0.01,0,0.0,0,0.0,0,0,0,0,0,0,0,0,0,0,0,4,-66.73525436129444,0.0,0.1546189240719657,2.5133966394078584,0.1153067742363295,0.193931073907602,1.0773089669696785,2.5133966394078584
OF-MPC pretrained no gate,155,123200,124000,800,-4.043653447357167,-3234.922757885733,-4.043653447357167,-3234.922757885733,0.0,0.0,8,0.01,8,0.01,0,0.0,0,0.0,0,0,0,0,0,0,0,0,0,0,0,3,-70.01688610384758,0.0,0.1577437434655604,2.5643980167726,0.1136831109033698,0.2018043760277511,1.0694718727396486,2.5643980167726
OF-MPC pretrained no gate,156,124000,124800,800,-4.066309610322669,-3253.047688258135,-4.066309610322669,-3253.047688258135,0.0,0.0,7,0.00875,7,0.00875,0,0.0,0,0.0,0,0,0,0,0,0,0,0,0,0,0,3,-64.74632681807338,0.0,0.1569590430987784,2.5623237627132767,0.1143468952370256,0.1995711909605311,1.0725360753478426,2.5623237627132767
OF-MPC pretrained no gate,157,124800,125600,800,-4.156392106031992,-3325.113684825594,-4.156392106031992,-3325.113684825594,0.0,0.0,9,0.01125,9,0.01125,0,0.0,0,0.0,0,0,0,0,0,0,0,0,0,0,0,3,-69.16135635267597,0.0,0.1586186723349693,2.572366807607864,0.1153314020515964,0.2019059426183422,1.0821271922381048,2.572366807607864
OF-MPC pretrained no gate,158,125600,126400,800,-4.0689144988056105,-3255.131599044488,-4.0689144988056105,-3255.131599044488,0.0,0.0,9,0.01125,9,0.01125,0,0.0,0,0.0,0,0,0,0,0,0,0,0,0,0,0,4,-63.664903939434,0.0,0.1574317255585676,2.557334714989395,0.1142730141269107,0.2005904369902245,1.0703188634242171,2.557334714989395
OF-MPC pretrained no gate,159,126400,127200,800,-4.094137316095818,-3275.309852876654,-4.094137316095818,-3275.309852876654,0.0,0.0,9,0.01125,9,0.01125,0,0.0,0,0.0,0,0,0,0,0,0,0,0,0,0,0,4,-65.12098730983405,0.0,0.1570760311066993,2.5748608874655474,0.1147697013493888,0.1993823608640099,1.0754941684548345,2.5748608874655474
OF-MPC pretrained no gate,160,127200,128000,800,-4.03703917279998,-3229.631338239984,-4.03703917279998,-3229.631338239984,0.0,0.0,7,0.00875,7,0.00875,0,0.0,0,0.0,0,0,0,0,0,0,0,0,0,0,0,3,-64.81163985923956,0.0,0.1551849763417245,2.54475542760008,0.1142546191589598,0.1961153335244891,1.0838208528865194,2.54475542760008
OF-MPC pretrained no gate,161,128000,128800,800,-4.096696898946602,-3277.357519157282,-4.096696898946602,-3277.357519157282,0.0,0.0,17,0.02125,17,0.02125,0,0.0,0,0.0,0,0,0,0,0,0,0,0,0,0,0,2,-66.49947406151273,0.0,0.1585564885412765,2.600831723538533,0.1144864111610796,0.2026265659214733,1.0727812298194412,2.600831723538533
OF-MPC pretrained no gate,162,128800,129600,800,-4.091842685825567,-3273.474148660453,-4.091842685825567,-3273.474148660453,0.0,0.0,11,0.01375,11,0.01375,0,0.0,0,0.0,0,0,0,0,0,0,0,0,0,0,0,3,-66.9224353775121,0.0,0.1552444375825418,2.5268113201692586,0.1147689324752013,0.1957199426898823,1.0733636300426164,2.5268113201692586
OF-MPC pretrained no gate,163,129600,130400,800,-4.078637883100095,-3262.910306480076,-4.078637883100095,-3262.910306480076,0.0,0.0,6,0.0075,6,0.0075,0,0.0,0,0.0,0,0,0,0,0,0,0,0,0,0,0,4,-68.70129987077962,0.0,0.1569535297578581,2.514910113509586,0.1148081388359002,0.199098920679816,1.0809885401598949,2.514910113509586
OF-MPC pretrained no gate,164,130400,131200,800,-4.057119816750803,-3245.6958534006426,-4.057119816750803,-3245.6958534006426,0.0,0.0,9,0.01125,9,0.01125,0,0.0,0,0.0,0,0,0,0,0,0,0,0,0,0,0,3,-67.5470024406984,0.0,0.1559480147137567,2.533638889560166,0.1144237314389612,0.1974722979885521,1.076670666365397,2.533638889560166
OF-MPC pretrained no gate,165,131200,132000,800,-4.100672048560898,-3280.5376388487184,-4.100672048560898,-3280.5376388487184,0.0,0.0,9,0.01125,9,0.01125,0,0.0,0,0.0,0,0,0,0,0,0,0,0,0,0,0,3,-67.4030192696024,0.0,0.1585457350444057,2.613592903863946,0.1149758178219266,0.2021156522668848,1.0855681783977844,2.613592903863946
OF-MPC pretrained no gate,166,132000,132800,800,-4.067116708026594,-3253.693366421276,-4.067116708026594,-3253.693366421276,0.0,0.0,7,0.00875,7,0.00875,0,0.0,0,0.0,0,0,0,0,0,0,0,0,0,0,0,3,-68.18143490037403,0.0,0.1583793466925107,2.5299669736755845,0.1141947851149583,0.2025639082700631,1.072899294780106,2.5299669736755845
OF-MPC pretrained no gate,167,132800,133600,800,-4.111810389902214,-3289.4483119217707,-4.111810389902214,-3289.4483119217707,0.0,0.0,6,0.0075,6,0.0075,0,0.0,0,0.0,0,0,0,0,0,0,0,0,0,0,0,4,-65.31090849996713,0.0,0.1569079011306379,2.5517444976966885,0.1153771322719271,0.1984386699893487,1.0829008755620753,2.5517444976966885
OF-MPC pretrained no gate,168,133600,134400,800,-4.089290815067994,-3271.4326520543946,-4.089290815067994,-3271.4326520543946,0.0,0.0,15,0.01875,15,0.01875,0,0.0,0,0.0,0,0,0,0,0,0,0,0,0,0,0,4,-66.92954396264076,0.0,0.1579256855374894,2.588855162056177,0.1148723604949382,0.2009790105800406,1.0850795054211932,2.588855162056177
OF-MPC pretrained no gate,169,134400,135200,800,-4.101568894138279,-3281.2551153106238,-4.101568894138279,-3281.2551153106238,0.0,0.0,15,0.01875,15,0.01875,0,0.0,0,0.0,0,0,0,0,0,0,0,0,0,0,0,5,-66.98198105796087,0.0,0.1576323406627295,2.593998179955463,0.114893281193075,0.200371400132384,1.0853402877386276,2.593998179955463
OF-MPC pretrained no gate,170,135200,136000,800,-4.159558522198531,-3327.646817758825,-4.159558522198531,-3327.646817758825,0.0,0.0,8,0.01,8,0.01,0,0.0,0,0.0,0,0,0,0,0,0,0,0,0,0,0,4,-66.94046545076867,0.0,0.1571429340424794,2.581668139746341,0.1163620806881472,0.1979237873968116,1.089761008235708,2.581668139746341
OF-MPC pretrained no gate,171,136000,136800,800,-4.106542366746194,-3285.233893396956,-4.106542366746194,-3285.233893396956,0.0,0.0,7,0.00875,7,0.00875,0,0.0,0,0.0,0,0,0,0,0,0,0,0,0,0,0,3,-68.3204954688573,0.0,0.1567876905645254,2.5617082407796943,0.1152128403091328,0.1983625408199181,1.0800493429372602,2.5617082407796943
OF-MPC pretrained no gate,172,136800,137600,800,-4.0922381231454805,-3273.790498516384,-4.0922381231454805,-3273.790498516384,0.0,0.0,7,0.00875,7,0.00875,0,0.0,0,0.0,0,0,0,0,0,0,0,0,0,0,0,2,-66.96894139060726,0.0,0.1571126775920784,2.555525176301217,0.1148817988462778,0.199343556337879,1.077002998886209,2.555525176301217
OF-MPC pretrained no gate,173,137600,138400,800,-4.102065309348699,-3281.652247478959,-4.102065309348699,-3281.652247478959,0.0,0.0,10,0.0125,10,0.0125,0,0.0,0,0.0,0,0,0,0,0,0,0,0,0,0,0,4,-65.24302148647826,0.0,0.1568081096647363,2.5765983135609645,0.1150136068635679,0.1986026124659047,1.0811921280913928,2.5765983135609645
OF-MPC pretrained no gate,174,138400,139200,800,-4.073265731176779,-3258.6125849414234,-4.073265731176779,-3258.6125849414234,0.0,0.0,7,0.00875,7,0.00875,0,0.0,0,0.0,0,0,0,0,0,0,0,0,0,0,0,3,-68.6792571504617,0.0,0.1568440420795193,2.58885039867954,0.1147119945478911,0.1989760896111475,1.0778951870102849,2.58885039867954
OF-MPC pretrained no gate,175,139200,140000,800,-4.039523259261941,-3231.6186074095526,-4.039523259261941,-3231.6186074095526,0.0,0.0,9,0.01125,9,0.01125,0,0.0,0,0.0,0,0,0,0,0,0,0,0,0,0,0,4,-66.21084605091016,0.0,0.1561309515665011,2.5668005907658085,0.1141143394982047,0.1981475636347976,1.0739240442967994,2.5668005907658085
OF-MPC pretrained no gate,176,140000,140800,800,-4.155325319310473,-3324.2602554483783,-4.155325319310473,-3324.2602554483783,0.0,0.0,6,0.0075,6,0.0075,0,0.0,0,0.0,0,0,0,0,0,0,0,0,0,0,0,4,-65.50089016453603,0.0,0.1604636391079839,2.723491387861145,0.1170399595716339,0.2038873186443339,1.0881570426775595,2.723491387861145
OF-MPC pretrained no gate,177,140800,141600,800,-4.050696660594197,-3240.5573284753577,-4.050696660594197,-3240.5573284753577,0.0,0.0,8,0.01,8,0.01,0,0.0,0,0.0,0,0,0,0,0,0,0,0,0,0,0,3,-67.23860454342537,0.0,0.1542349728160368,2.5489849433235463,0.1146772152521504,0.1937927303799232,1.074496528874786,2.5489849433235463
OF-MPC pretrained no gate,178,141600,142400,800,-4.061222715340144,-3248.978172272115,-4.061222715340144,-3248.978172272115,0.0,0.0,7,0.00875,7,0.00875,0,0.0,0,0.0,0,0,0,0,0,0,0,0,0,0,0,3,-66.20903847833188,0.0,0.1577347648767883,2.590932596254788,0.1143738495751566,0.2010956801784199,1.0740252091850246,2.590932596254788
OF-MPC pretrained no gate,179,142400,143200,800,-4.083234327865588,-3266.5874622924703,-4.083234327865588,-3266.5874622924703,0.0,0.0,13,0.01625,13,0.01625,0,0.0,0,0.0,0,0,0,0,0,0,0,0,0,0,0,3,-69.13114503489885,0.0,0.1569944204554919,2.564709814710852,0.1146879833359478,0.199300857575036,1.0804547848257608,2.564709814710852
OF-MPC pretrained no gate,180,143200,144000,800,-3.9749309900989696,-3179.9447920791763,-3.9749309900989696,-3179.9447920791763,0.0,0.0,9,0.01125,9,0.01125,0,0.0,0,0.0,0,0,0,0,0,0,0,0,0,0,0,4,-65.00242738111308,0.0,0.155597998721171,2.567897288594565,0.1130677822395231,0.1981282152028188,1.064170504351686,2.567897288594565
OF-MPC pretrained no gate,181,144000,144800,800,-4.054939035418628,-3243.951228334902,-4.054939035418628,-3243.951228334902,0.0,0.0,6,0.0075,6,0.0075,0,0.0,0,0.0,0,0,0,0,0,0,0,0,0,0,0,4,-65.53158847722216,0.0,0.1562389920966944,2.581962507760295,0.1145435568907588,0.1979344273026299,1.0754459538294865,2.581962507760295
OF-MPC pretrained no gate,182,144800,145600,800,-4.092835670083107,-3274.268536066485,-4.092835670083107,-3274.268536066485,0.0,0.0,8,0.01,8,0.01,0,0.0,0,0.0,0,0,0,0,0,0,0,0,0,0,0,3,-67.3459819761132,0.0,0.1574581985174756,2.584495640604814,0.1148770385214018,0.2000393585135493,1.0733516418292308,2.584495640604814
OF-MPC pretrained no gate,183,145600,146400,800,-4.106292337947667,-3285.0338703581338,-4.106292337947667,-3285.0338703581338,0.0,0.0,10,0.0125,10,0.0125,0,0.0,0,0.0,0,0,0,0,0,0,0,0,0,0,0,4,-67.57042894030178,0.0,0.1570852685482271,2.596229733763721,0.1153614364009712,0.198809100695483,1.083145487740103,2.596229733763721
OF-MPC pretrained no gate,184,146400,147200,800,-4.034060192901723,-3227.2481543213785,-4.034060192901723,-3227.2481543213785,0.0,0.0,9,0.01125,9,0.01125,0,0.0,0,0.0,0,0,0,0,0,0,0,0,0,0,0,3,-68.29568993327075,0.0,0.1554493871612358,2.560202068157821,0.1142953515733944,0.1966034227490771,1.0719507221478364,2.560202068157821
OF-MPC pretrained no gate,185,147200,148000,800,-3.8943152110825294,-3115.4521688660243,-3.8943152110825294,-3115.4521688660243,0.0,0.0,7,0.00875,7,0.00875,0,0.0,0,0.0,0,0,0,0,0,0,0,0,0,0,0,4,-67.88097430909704,0.0,0.1537239481536413,2.539290247585825,0.1120627598348821,0.1953851364724006,1.060980907736412,2.539290247585825
OF-MPC pretrained no gate,186,148000,148800,800,-4.092730158461652,-3274.1841267693217,-4.092730158461652,-3274.1841267693217,0.0,0.0,7,0.00875,7,0.00875,0,0.0,0,0.0,0,0,0,0,0,0,0,0,0,0,0,3,-66.65962642912689,0.0,0.1566099149381041,2.5748303017099943,0.1152982229891413,0.1979216068870669,1.0829098077503505,2.5748303017099943
OF-MPC pretrained no gate,187,148800,149600,800,-4.065432363011777,-3252.3458904094214,-4.065432363011777,-3252.3458904094214,0.0,0.0,6,0.0075,6,0.0075,0,0.0,0,0.0,0,0,0,0,0,0,0,0,0,0,0,3,-67.17429456392904,0.0,0.155534575119845,2.554618028811319,0.1150196276195525,0.1960495226201375,1.0777248849745376,2.554618028811319
OF-MPC pretrained no gate,188,149600,150400,800,-4.569633589049116,-3655.706871239293,-4.569633589049116,-3655.706871239293,0.0,0.0,13,0.01625,13,0.01625,0,0.0,0,0.0,0,0,0,0,0,0,0,0,0,0,0,3,-53.26075920479923,0.0,0.1676827152253645,2.5705877573716407,0.1207317840722133,0.2146336463785157,1.069509826099075,2.5705877573716407
OF-MPC pretrained no gate,189,150400,151200,800,-4.017548529133991,-3214.0388233071926,-4.017548529133991,-3214.0388233071926,0.0,0.0,5,0.00625,5,0.00625,0,0.0,0,0.0,0,0,0,0,0,0,0,0,0,0,0,3,-67.56569327383818,0.0,0.154239714637059,2.5472419757433613,0.1142810229538194,0.1941984063202986,1.077029864263214,2.5472419757433613
OF-MPC pretrained no gate,190,151200,152000,800,-4.042811358967835,-3234.2490871742684,-4.042811358967835,-3234.2490871742684,0.0,0.0,10,0.0125,10,0.0125,0,0.0,0,0.0,0,0,0,0,0,0,0,0,0,0,0,4,-68.45726990981223,0.0,0.1560083963524457,2.560031625351769,0.1143479721816031,0.1976688205232883,1.078266184955006,2.560031625351769
OF-MPC pretrained no gate,191,152000,152800,800,-4.031856496663266,-3225.485197330613,-4.031856496663266,-3225.485197330613,0.0,0.0,8,0.01,8,0.01,0,0.0,0,0.0,0,0,0,0,0,0,0,0,0,0,0,3,-69.6576860399515,0.0,0.1573930507528961,2.552715490943001,0.1139807978515427,0.2008053036542495,1.0778077560798498,2.552715490943001
OF-MPC pretrained no gate,192,152800,153600,800,-4.109152994649236,-3287.3223957193886,-4.109152994649236,-3287.3223957193886,0.0,0.0,9,0.01125,9,0.01125,0,0.0,0,0.0,0,0,0,0,0,0,0,0,0,0,0,5,-70.25905698926715,0.0,0.157979057758726,2.595678764674176,0.1150316862057032,0.2009264293117487,1.0809911772587024,2.595678764674176
OF-MPC pretrained no gate,193,153600,154400,800,-3.948435856396478,-3158.7486851171825,-3.948435856396478,-3158.7486851171825,0.0,0.0,14,0.0175,14,0.0175,0,0.0,0,0.0,0,0,0,0,0,0,0,0,0,0,0,4,-66.69380049316169,0.0,0.1566523967300186,2.5972074258914404,0.1127886725457887,0.2005161209142484,1.0711196626848447,2.5972074258914404
OF-MPC pretrained no gate,194,154400,155200,800,-4.0270665301658415,-3221.653224132673,-4.0270665301658415,-3221.653224132673,0.0,0.0,8,0.01,8,0.01,0,0.0,0,0.0,0,0,0,0,0,0,0,0,0,0,0,4,-67.87851146413755,0.0,0.1551927894720119,2.566968557599239,0.11421511840061,0.1961704605434138,1.072418088075684,2.566968557599239
OF-MPC pretrained no gate,195,155200,156000,800,-4.063748668723486,-3250.9989349787884,-4.063748668723486,-3250.9989349787884,0.0,0.0,15,0.01875,15,0.01875,0,0.0,0,0.0,0,0,0,0,0,0,0,0,0,0,0,4,-67.8657198590837,0.0,0.1561352436162032,2.579931067809639,0.1146937899431213,0.1975766972892851,1.0825836929493249,2.579931067809639
OF-MPC pretrained no gate,196,156000,156800,800,-4.042182655366614,-3233.746124293292,-4.042182655366614,-3233.746124293292,0.0,0.0,11,0.01375,11,0.01375,0,0.0,0,0.0,0,0,0,0,0,0,0,0,0,0,0,5,-66.2625327362822,0.0,0.1559836600167395,2.5590877301393675,0.1143597110592934,0.1976076089741857,1.0766450815807267,2.5590877301393675
OF-MPC pretrained no gate,197,156800,157600,800,-4.045062898806978,-3236.050319045582,-4.045062898806978,-3236.050319045582,0.0,0.0,10,0.0125,10,0.0125,0,0.0,0,0.0,0,0,0,0,0,0,0,0,0,0,0,4,-65.9004116407483,0.0,0.1559578659981252,2.590219888967852,0.1145911584897814,0.197324573506469,1.0776715254120046,2.590219888967852
OF-MPC pretrained no gate,198,157600,158400,800,-3.984882582036554,-3187.906065629243,-3.984882582036554,-3187.906065629243,0.0,0.0,9,0.01125,9,0.01125,0,0.0,0,0.0,0,0,0,0,0,0,0,0,0,0,0,5,-68.82734979799864,0.0,0.1565815386319316,2.5895975590717057,0.1135009135266906,0.1996621637371726,1.0699631506935234,2.5895975590717057
OF-MPC pretrained no gate,199,158400,159200,800,-4.056408716408378,-3245.1269731267025,-4.056408716408378,-3245.1269731267025,0.0,0.0,8,0.01,8,0.01,0,0.0,0,0.0,0,0,0,0,0,0,0,0,0,0,0,6,-67.96408619193949,0.0,0.1569487583551338,2.59068591713185,0.1146590584764673,0.1992384582338004,1.0743607268885866,2.59068591713185
OF-MPC pretrained no gate,200,159200,160000,800,-4.031405358306281,-3225.1242866450248,-4.031405358306281,-3225.1242866450248,0.0,0.0,7,0.00875,7,0.00875,0,0.0,0,0.0,0,0,0,0,0,0,0,0,0,0,0,6,-66.99489572583366,0.0,0.1562053830674438,2.590322952829581,0.1142902320440075,0.1981205340908801,1.0755588023756455,2.590322952829581
OF-MPC pretrained no gate,201,160000,160800,800,-3.990736685858602,-3192.5893486868817,-3.990736685858602,-3192.5893486868817,0.0,0.0,8,0.01,8,0.01,0,0.0,0,0.0,0,0,0,0,0,0,0,0,0,0,0,6,-68.12330452086735,0.0,0.1548192303775097,2.568118244418826,0.1140279743536132,0.1956104864014063,1.0747469335188042,2.568118244418826
OF-MPC pretrained no gate,202,160800,161600,800,-4.070559114899663,-3256.44729191973,-4.070559114899663,-3256.44729191973,0.0,0.0,15,0.01875,15,0.01875,0,0.0,0,0.0,0,0,0,0,0,0,0,0,0,0,0,5,-67.9761768242131,0.0,0.1576493651951476,2.606636978859626,0.1147493704506928,0.2005493599396023,1.0772729835242632,2.606636978859626
OF-MPC pretrained no gate,203,161600,162400,800,-4.071644111344397,-3257.3152890755177,-4.071644111344397,-3257.3152890755177,0.0,0.0,10,0.0125,10,0.0125,0,0.0,0,0.0,0,0,0,0,0,0,0,0,0,0,0,6,-68.45081834164193,0.0,0.1577147528046002,2.605443001714548,0.1148738073274205,0.2005556982817798,1.082601810918962,2.605443001714548
OF-MPC pretrained no gate,204,162400,163200,800,-4.028320407553096,-3222.656326042477,-4.028320407553096,-3222.656326042477,0.0,0.0,13,0.01625,13,0.01625,0,0.0,0,0.0,0,0,0,0,0,0,0,0,0,0,0,4,-69.03568182758875,0.0,0.1560928727313912,2.5997478534524703,0.1143659603646853,0.1978197850980971,1.0798661952519777,2.5997478534524703
OF-MPC pretrained no gate,205,163200,164000,800,-4.046538526937543,-3237.2308215500343,-4.046538526937543,-3237.2308215500343,0.0,0.0,10,0.0125,10,0.0125,0,0.0,0,0.0,0,0,0,0,0,0,0,0,0,0,0,6,-68.69693056463848,0.0,0.1561933365206381,2.565422433074559,0.1145627802127454,0.1978238928285308,1.075246582083452,2.565422433074559
OF-MPC pretrained no gate,206,164000,164800,800,-4.034435889332358,-3227.5487114658863,-4.034435889332358,-3227.5487114658863,0.0,0.0,10,0.0125,10,0.0125,0,0.0,0,0.0,0,0,0,0,0,0,0,0,0,0,0,4,-69.92144150967454,0.0,0.155682097398303,2.5700849794309875,0.1143685832491718,0.1969956115474341,1.075001160699126,2.5700849794309875
OF-MPC pretrained no gate,207,164800,165600,800,-4.054750465884337,-3243.8003727074697,-4.054750465884337,-3243.8003727074697,0.0,0.0,10,0.0125,10,0.0125,0,0.0,0,0.0,0,0,0,0,0,0,0,0,0,0,0,4,-67.85570916960137,0.0,0.1557660582446439,2.5371301834379096,0.1146010727939924,0.1969310436952953,1.0832797303392234,2.5371301834379096
OF-MPC pretrained no gate,208,165600,166400,800,-4.072002092868997,-3257.601674295198,-4.072002092868997,-3257.601674295198,0.0,0.0,8,0.01,8,0.01,0,0.0,0,0.0,0,0,0,0,0,0,0,0,0,0,0,4,-68.68887334358396,0.0,0.1562802608966086,2.552648113390603,0.1148989101115089,0.1976616116817083,1.0851831776472882,2.552648113390603
OF-MPC pretrained no gate,209,166400,167200,800,-4.059506157129083,-3247.6049257032664,-4.059506157129083,-3247.6049257032664,0.0,0.0,12,0.015,12,0.015,0,0.0,0,0.0,0,0,0,0,0,0,0,0,0,0,0,4,-69.02051764327439,0.0,0.1561427223066609,2.589861140531127,0.1147844464498697,0.1975009981634521,1.0766087353513547,2.589861140531127
OF-MPC pretrained no gate,210,167200,168000,800,-4.007614742562612,-3206.091794050089,-4.007614742562612,-3206.091794050089,0.0,0.0,10,0.0125,10,0.0125,0,0.0,0,0.0,0,0,0,0,0,0,0,0,0,0,0,4,-67.05584595027881,0.0,0.1562466273313194,2.5753604647149477,0.1139192328144746,0.1985740218481643,1.076206432379657,2.5753604647149477
OF-MPC pretrained no gate,211,168000,168800,800,-3.9995652096825394,-3199.6521677460314,-3.9995652096825394,-3199.6521677460314,0.0,0.0,8,0.01,8,0.01,0,0.0,0,0.0,0,0,0,0,0,0,0,0,0,0,0,4,-68.61714295272054,0.0,0.1570477410864332,2.61831811388339,0.1136746989739358,0.2004207831989306,1.075627532512592,2.61831811388339
OF-MPC pretrained no gate,212,168800,169600,800,-3.999132070549644,-3199.305656439715,-3.999132070549644,-3199.305656439715,0.0,0.0,10,0.0125,10,0.0125,0,0.0,0,0.0,0,0,0,0,0,0,0,0,0,0,0,4,-69.44580118323461,0.0,0.1562255540212283,2.5908733705767872,0.1138293810894306,0.198621726953026,1.0739148854676182,2.5908733705767872
OF-MPC pretrained no gate,213,169600,170400,800,-4.038706560382596,-3230.965248306077,-4.038706560382596,-3230.965248306077,0.0,0.0,13,0.01625,13,0.01625,0,0.0,0,0.0,0,0,0,0,0,0,0,0,0,0,0,6,-68.29643468140591,0.0,0.1570998494172344,2.590899558997762,0.1144783896728837,0.199721309161585,1.0768812003195376,2.590899558997762
OF-MPC pretrained no gate,214,170400,171200,800,-4.053785898906116,-3243.0287191248926,-4.053785898906116,-3243.0287191248926,0.0,0.0,12,0.015,12,0.015,0,0.0,0,0.0,0,0,0,0,0,0,0,0,0,0,0,6,-67.5037088025922,0.0,0.1568032410105007,2.564103427697262,0.1148658162517894,0.198740665769212,1.0791911873639235,2.564103427697262
OF-MPC pretrained no gate,215,171200,172000,800,-4.080732418021295,-3264.585934417036,-4.080732418021295,-3264.585934417036,0.0,0.0,12,0.015,12,0.015,0,0.0,0,0.0,0,0,0,0,0,0,0,0,0,0,0,5,-69.17536087751171,0.0,0.1548003808863104,2.5126149477368926,0.1155637368744704,0.1940370248981505,1.0890404692427986,2.5126149477368926
OF-MPC pretrained no gate,216,172000,172800,800,-4.024466748281265,-3219.573398625012,-4.024466748281265,-3219.573398625012,0.0,0.0,14,0.0175,14,0.0175,0,0.0,0,0.0,0,0,0,0,0,0,0,0,0,0,0,4,-67.61668829110351,0.0,0.1561678925555006,2.588915662448983,0.1143063998543461,0.1980293852566551,1.0724954337488195,2.588915662448983
OF-MPC pretrained no gate,217,172800,173600,800,-4.035714858073379,-3228.571886458703,-4.035714858073379,-3228.571886458703,0.0,0.0,11,0.01375,11,0.01375,0,0.0,0,0.0,0,0,0,0,0,0,0,0,0,0,0,5,-69.5056734084958,0.0,0.1554017781819667,2.542506215579863,0.1146739734753622,0.1961295828885711,1.08341759656343,2.542506215579863
OF-MPC pretrained no gate,218,173600,174400,800,-3.996948591265806,-3197.5588730126447,-3.996948591265806,-3197.5588730126447,0.0,0.0,9,0.01125,9,0.01125,0,0.0,0,0.0,0,0,0,0,0,0,0,0,0,0,0,5,-69.69537728830926,0.0,0.1561373756501674,2.573281712041364,0.1136108788458222,0.1986638724545127,1.071227996430927,2.573281712041364
OF-MPC pretrained no gate,219,174400,175200,800,-4.048198754491865,-3238.559003593492,-4.048198754491865,-3238.559003593492,0.0,0.0,7,0.00875,7,0.00875,0,0.0,0,0.0,0,0,0,0,0,0,0,0,0,0,0,4,-70.93213790135735,0.0,0.1568021595677185,2.575730463835612,0.1145212081260239,0.1990831110094131,1.075953487602169,2.575730463835612
OF-MPC pretrained no gate,220,175200,176000,800,-4.013944219605055,-3211.1553756840444,-4.013944219605055,-3211.1553756840444,0.0,0.0,7,0.00875,7,0.00875,0,0.0,0,0.0,0,0,0,0,0,0,0,0,0,0,0,5,-70.1690956674446,0.0,0.1547970537563963,2.5241310871930978,0.1142408702266836,0.195353237286109,1.0763415386184634,2.5241310871930978
OF-MPC pretrained no gate,221,176000,176800,800,-4.014648964046575,-3211.7191712372605,-4.014648964046575,-3211.7191712372605,0.0,0.0,7,0.00875,7,0.00875,0,0.0,0,0.0,0,0,0,0,0,0,0,0,0,0,0,5,-67.79048648900323,0.0,0.1561418016223458,2.5678346398646,0.1141419718419192,0.1981416314027724,1.078076700215712,2.5678346398646
OF-MPC pretrained no gate,222,176800,177600,800,-4.064853166858319,-3251.882533486656,-4.064853166858319,-3251.882533486656,0.0,0.0,8,0.01,8,0.01,0,0.0,0,0.0,0,0,0,0,0,0,0,0,0,0,0,4,-68.94671075111694,0.0,0.1569449805194752,2.586964131070488,0.1149559017783617,0.1989340592605887,1.0797277934612963,2.586964131070488
OF-MPC pretrained no gate,223,177600,178400,800,-3.9741877828563945,-3179.350226285116,-3.9741877828563945,-3179.350226285116,0.0,0.0,9,0.01125,9,0.01125,0,0.0,0,0.0,0,0,0,0,0,0,0,0,0,0,0,4,-65.45161649229192,0.0,0.1557396286632922,2.577089730232672,0.1137184827522362,0.1977607745743481,1.072943616105596,2.577089730232672
OF-MPC pretrained no gate,224,178400,179200,800,-4.079705903191905,-3263.7647225535243,-4.079705903191905,-3263.7647225535243,0.0,0.0,9,0.01125,9,0.01125,0,0.0,0,0.0,0,0,0,0,0,0,0,0,0,0,0,4,-68.17978759804669,0.0,0.1559302595397665,2.577197457841976,0.1152778201329484,0.1965826989465845,1.0881846520064626,2.577197457841976
OF-MPC pretrained no gate,225,179200,180000,800,-4.068352443621234,-3254.681954896987,-4.068352443621234,-3254.681954896987,0.0,0.0,10,0.0125,10,0.0125,0,0.0,0,0.0,0,0,0,0,0,0,0,0,0,0,0,7,-61.13594769652866,0.0,0.1599640343413425,2.58500934084384,0.1136713617587048,0.2062567069239801,1.074705805976754,2.58500934084384
OF-MPC pretrained no gate,226,180000,180800,800,-3.972283366135257,-3177.8266929082056,-3.972283366135257,-3177.8266929082056,0.0,0.0,8,0.01,8,0.01,0,0.0,0,0.0,0,0,0,0,0,0,0,0,0,0,0,5,-67.16963168292375,0.0,0.1555221071715132,2.5959133703264,0.1134861051313625,0.1975581092116639,1.0686415959938356,2.5959133703264
OF-MPC pretrained no gate,227,180800,181600,800,-4.055915663859041,-3244.732531087233,-4.055915663859041,-3244.732531087233,0.0,0.0,13,0.01625,13,0.01625,0,0.0,0,0.0,0,0,0,0,0,0,0,0,0,0,0,5,-70.10776786824101,0.0,0.1552751653518908,2.554469194279534,0.1150736828950441,0.1954766478087373,1.0847201272737697,2.554469194279534
OF-MPC pretrained no gate,228,181600,182400,800,-4.05224687078952,-3241.797496631616,-4.05224687078952,-3241.797496631616,0.0,0.0,11,0.01375,11,0.01375,0,0.0,0,0.0,0,0,0,0,0,0,0,0,0,0,0,4,-69.75544567244401,0.0,0.1572492955095923,2.623300852510738,0.1146455786130272,0.1998530124061573,1.0759492451863757,2.623300852510738
OF-MPC pretrained no gate,229,182400,183200,800,-3.9806687574737647,-3184.535005979012,-3.9806687574737647,-3184.535005979012,0.0,0.0,10,0.0125,10,0.0125,0,0.0,0,0.0,0,0,0,0,0,0,0,0,0,0,0,5,-68.95272222621202,0.0,0.1553985825089515,2.590669423512168,0.1133237528746937,0.1974734121432093,1.0708204528659917,2.590669423512168
OF-MPC pretrained no gate,230,183200,184000,800,-3.961720005990743,-3169.3760047925944,-3.961720005990743,-3169.3760047925944,0.0,0.0,9,0.01125,9,0.01125,0,0.0,0,0.0,0,0,0,0,0,0,0,0,0,0,0,5,-67.42209766564986,0.0,0.1563674740964238,2.6176472331489435,0.1131065233961814,0.1996284247966663,1.0679820944107914,2.6176472331489435
OF-MPC pretrained no gate,231,184000,184800,800,-4.015916363243508,-3212.7330905948065,-4.015916363243508,-3212.7330905948065,0.0,0.0,11,0.01375,11,0.01375,0,0.0,0,0.0,0,0,0,0,0,0,0,0,0,0,0,5,-67.53096622861415,0.0,0.155778014665617,2.563011395167848,0.1143329701943857,0.1972230591368484,1.0772310605128,2.563011395167848
OF-MPC pretrained no gate,232,184800,185600,800,-3.966229956172457,-3172.983964937965,-3.966229956172457,-3172.983964937965,0.0,0.0,13,0.01625,13,0.01625,0,0.0,0,0.0,0,0,0,0,0,0,0,0,0,0,0,6,-66.4106348550996,0.0,0.1552568480376475,2.579618855254523,0.1135102927010608,0.1970034033742342,1.0708452393059278,2.579618855254523
OF-MPC pretrained no gate,233,185600,186400,800,-3.979886259250567,-3183.909007400453,-3.979886259250567,-3183.909007400453,0.0,0.0,15,0.01875,15,0.01875,0,0.0,0,0.0,0,0,0,0,0,0,0,0,0,0,0,3,-66.24408647340522,0.0,0.1552827074880513,2.556302682520254,0.1138157861256357,0.1967496288504669,1.070649354635031,2.556302682520254
OF-MPC pretrained no gate,234,186400,187200,800,-4.045618071973368,-3236.494457578694,-4.045618071973368,-3236.494457578694,0.0,0.0,11,0.01375,11,0.01375,0,0.0,0,0.0,0,0,0,0,0,0,0,0,0,0,0,5,-66.8478708785824,0.0,0.1549656149201813,2.5625499221198997,0.1149725912792327,0.1949586385611299,1.0848505442412768,2.5625499221198997
OF-MPC pretrained no gate,235,187200,188000,800,-4.047027257949188,-3237.6218063593506,-4.047027257949188,-3237.6218063593506,0.0,0.0,9,0.01125,9,0.01125,0,0.0,0,0.0,0,0,0,0,0,0,0,0,0,0,0,4,-71.06992111658269,0.0,0.1555046844033067,2.5751603369706686,0.1147942856546259,0.1962150831519876,1.0773273219387067,2.5751603369706686
OF-MPC pretrained no gate,236,188000,188800,800,-4.014831758248062,-3211.865406598449,-4.014831758248062,-3211.865406598449,0.0,0.0,9,0.01125,9,0.01125,0,0.0,0,0.0,0,0,0,0,0,0,0,0,0,0,0,5,-64.63130019136372,0.0,0.1555468581641583,2.56024487943381,0.1140654906763858,0.1970282256519309,1.0757983020193826,2.56024487943381
OF-MPC pretrained no gate,237,188800,189600,800,-4.001049030833073,-3200.8392246664584,-4.001049030833073,-3200.8392246664584,0.0,0.0,7,0.00875,7,0.00875,0,0.0,0,0.0,0,0,0,0,0,0,0,0,0,0,0,5,-69.57216472288667,0.0,0.1555764374953012,2.5907771931726984,0.1140629793052675,0.1970898956853349,1.075514816860862,2.5907771931726984
OF-MPC pretrained no gate,238,189600,190400,800,-4.013189319808756,-3210.5514558470045,-4.013189319808756,-3210.5514558470045,0.0,0.0,10,0.0125,10,0.0125,0,0.0,0,0.0,0,0,0,0,0,0,0,0,0,0,0,4,-67.12960241264261,0.0,0.1563800612200221,2.5831506837240568,0.1138095301248519,0.1989505923151924,1.07441672646785,2.5831506837240568
OF-MPC pretrained no gate,239,190400,191200,800,-3.977364913951196,-3181.891931160957,-3.977364913951196,-3181.891931160957,0.0,0.0,9,0.01125,9,0.01125,0,0.0,0,0.0,0,0,0,0,0,0,0,0,0,0,0,5,-65.57168703943478,0.0,0.1545140776043758,2.554342020352749,0.1138855758151157,0.1951425793936358,1.0710291777720218,2.554342020352749
OF-MPC pretrained no gate,240,191200,192000,800,-3.980631675321455,-3184.505340257164,-3.980631675321455,-3184.505340257164,0.0,0.0,13,0.01625,13,0.01625,0,0.0,0,0.0,0,0,0,0,0,0,0,0,0,0,0,6,-66.03236134098836,0.0,0.1558210626718943,2.615772991306983,0.1138734646838399,0.1977686606599487,1.0723065452299188,2.615772991306983
OF-MPC pretrained no gate,241,192000,192800,800,-3.939323817509933,-3151.459054007946,-3.939323817509933,-3151.459054007946,0.0,0.0,10,0.0125,10,0.0125,0,0.0,0,0.0,0,0,0,0,0,0,0,0,0,0,0,6,-67.0672015964418,0.0,0.1543834968530512,2.563909053287261,0.1130783327508508,0.1956886609552515,1.0752075185013077,2.563909053287261
OF-MPC pretrained no gate,242,192800,193600,800,-4.000496996561708,-3200.3975972493663,-4.000496996561708,-3200.3975972493663,0.0,0.0,14,0.0175,14,0.0175,0,0.0,0,0.0,0,0,0,0,0,0,0,0,0,0,0,6,-67.58182083588258,0.0,0.1541520990181116,2.5333427173239897,0.11442659474838,0.1938776032878431,1.0788169102020064,2.5333427173239897
OF-MPC pretrained no gate,243,193600,194400,800,-3.9752826596023705,-3180.2261276818963,-3.9752826596023705,-3180.2261276818963,0.0,0.0,13,0.01625,13,0.01625,0,0.0,0,0.0,0,0,0,0,0,0,0,0,0,0,0,6,-66.50319436292034,0.0,0.1546912335610375,2.5672642117717146,0.113966615196147,0.195415851925928,1.0769730922376834,2.5672642117717146
OF-MPC pretrained no gate,244,194400,195200,800,-3.992739907239266,-3194.1919257914133,-3.992739907239266,-3194.1919257914133,0.0,0.0,8,0.01,8,0.01,0,0.0,0,0.0,0,0,0,0,0,0,0,0,0,0,0,5,-66.50045767265192,0.0,0.1576782157342457,2.5691709895093595,0.1143983526865398,0.2009580787819516,1.0719997026176942,2.5691709895093595
OF-MPC pretrained no gate,245,195200,196000,800,-3.9936219185149286,-3194.897534811943,-3.9936219185149286,-3194.897534811943,0.0,0.0,10,0.0125,10,0.0125,0,0.0,0,0.0,0,0,0,0,0,0,0,0,0,0,0,4,-68.35119880910099,0.0,0.1561042891073464,2.59904352865982,0.113884344619261,0.1983242335954318,1.0733549540660383,2.59904352865982
OF-MPC pretrained no gate,246,196000,196800,800,-4.041279980562843,-3233.023984450274,-4.041279980562843,-3233.023984450274,0.0,0.0,15,0.01875,15,0.01875,0,0.0,0,0.0,0,0,0,0,0,0,0,0,0,0,0,5,-64.32968523995191,0.0,0.1569237771576914,2.571722291323624,0.1142317178551596,0.1996158364602231,1.078450048335455,2.571722291323624
OF-MPC pretrained no gate,247,196800,197600,800,-3.982511613502279,-3186.009290801823,-3.982511613502279,-3186.009290801823,0.0,0.0,9,0.01125,9,0.01125,0,0.0,0,0.0,0,0,0,0,0,0,0,0,0,0,0,6,-66.75222037073922,0.0,0.1558917837271147,2.591157555215944,0.1139032641994713,0.1978803032547582,1.0760211632918284,2.591157555215944
OF-MPC pretrained no gate,248,197600,198400,800,-3.996296229982752,-3197.036983986201,-3.996296229982752,-3197.036983986201,0.0,0.0,11,0.01375,11,0.01375,0,0.0,0,0.0,0,0,0,0,0,0,0,0,0,0,0,5,-66.65117569660777,0.0,0.1565888323056974,2.6043864680784736,0.1140918161811477,0.199085848430247,1.077939196910871,2.6043864680784736
OF-MPC pretrained no gate,249,198400,199200,800,-3.999376277258488,-3199.50102180679,-3.999376277258488,-3199.50102180679,0.0,0.0,7,0.00875,7,0.00875,0,0.0,0,0.0,0,0,0,0,0,0,0,0,0,0,0,5,-67.0928666992072,0.0,0.1555217218573567,2.5804166438536527,0.1144050712529811,0.1966383724617323,1.0812715249458864,2.5804166438536527
OF-MPC pretrained no gate,250,199200,200000,800,-3.980175856333032,-3184.1406850664257,-3.980175856333032,-3184.1406850664257,0.0,0.0,10,0.0125,10,0.0125,0,0.0,0,0.0,0,0,0,0,0,0,0,0,0,0,0,5,-67.8118152099604,0.0,0.1566762657265331,2.5882167309716806,0.1137703299688386,0.1995822014842276,1.075538850729394,2.5882167309716806
OF-MPC pretrained no gate,251,200000,200800,800,-4.0442819134545145,-3235.4255307636117,-4.0442819134545145,-3235.4255307636117,0.0,0.0,9,0.01125,9,0.01125,0,0.0,0,0.0,0,0,0,0,0,0,0,0,0,0,0,5,-66.93143380777792,0.0,0.1575161562810723,2.6179199656430114,0.1149134229432963,0.2001188896188484,1.082069108567278,2.6179199656430114
OF-MPC pretrained no gate,252,200800,201600,800,-3.975737745320904,-3180.590196256723,-3.975737745320904,-3180.590196256723,0.0,0.0,13,0.01625,13,0.01625,0,0.0,0,0.0,0,0,0,0,0,0,0,0,0,0,0,5,-66.4873651186208,0.0,0.1544056400357476,2.570660854176652,0.1138728644481482,0.1949384156233471,1.073587570599234,2.570660854176652
OF-MPC pretrained no gate,253,201600,202400,800,-3.94865512549216,-3158.924100393728,-3.94865512549216,-3158.924100393728,0.0,0.0,9,0.01125,9,0.01125,0,0.0,0,0.0,0,0,0,0,0,0,0,0,0,0,0,5,-65.91007907813628,0.0,0.1538543988204752,2.549137018782744,0.1136753621773819,0.1940334354635684,1.0769125425157555,2.549137018782744
OF-MPC pretrained no gate,254,202400,203200,800,-4.000768575378236,-3200.614860302589,-4.000768575378236,-3200.614860302589,0.0,0.0,14,0.0175,14,0.0175,0,0.0,0,0.0,0,0,0,0,0,0,0,0,0,0,0,6,-65.80922462024148,0.0,0.1559005744431467,2.566131632853228,0.1141750777819855,0.1976260711043078,1.078692974678424,2.566131632853228
OF-MPC pretrained no gate,255,203200,204000,800,-4.027100289932015,-3221.680231945612,-4.027100289932015,-3221.680231945612,0.0,0.0,11,0.01375,11,0.01375,0,0.0,0,0.0,0,0,0,0,0,0,0,0,0,0,0,6,-66.73221013419402,0.0,0.1552124828115093,2.568099055421783,0.1145634997972988,0.1958614658257199,1.0837402188469183,2.568099055421783
OF-MPC pretrained no gate,256,204000,204800,800,-4.032730578899036,-3226.184463119229,-4.032730578899036,-3226.184463119229,0.0,0.0,10,0.0125,10,0.0125,0,0.0,0,0.0,0,0,0,0,0,0,0,0,0,0,0,6,-65.38769091322285,0.0,0.15601282886897,2.564839762435497,0.1146234579755907,0.1974021997623493,1.0819850153196149,2.564839762435497
OF-MPC pretrained no gate,257,204800,205600,800,-3.9788029993214336,-3183.0423994571474,-3.9788029993214336,-3183.0423994571474,0.0,0.0,9,0.01125,9,0.01125,0,0.0,0,0.0,0,0,0,0,0,0,0,0,0,0,0,6,-65.2313672718019,0.0,0.1557117038158454,2.575305734250776,0.113691361698582,0.1977320459331088,1.0782830154385743,2.575305734250776
OF-MPC pretrained no gate,258,205600,206400,800,-3.951056407026903,-3160.8451256215226,-3.951056407026903,-3160.8451256215226,0.0,0.0,16,0.02,16,0.02,0,0.0,0,0.0,0,0,0,0,0,0,0,0,0,0,0,6,-66.5935444000246,0.0,0.1546432942268776,2.565076586772591,0.1136562922920369,0.1956302961617183,1.0760783873119082,2.565076586772591
OF-MPC pretrained no gate,259,206400,207200,800,-3.944735040719103,-3155.788032575282,-3.944735040719103,-3155.788032575282,0.0,0.0,9,0.01125,9,0.01125,0,0.0,0,0.0,0,0,0,0,0,0,0,0,0,0,0,6,-66.31258378136158,0.0,0.1546184210911625,2.560437377693233,0.1134353635479517,0.1958014786343732,1.079250698584871,2.560437377693233
OF-MPC pretrained no gate,260,207200,208000,800,-3.970363002178483,-3176.2904017427863,-3.970363002178483,-3176.2904017427863,0.0,0.0,10,0.0125,10,0.0125,0,0.0,0,0.0,0,0,0,0,0,0,0,0,0,0,0,6,-66.89791768744385,0.0,0.1549070683290503,2.569917594087485,0.1138529792982492,0.1959611573598514,1.076996876240052,2.569917594087485
OF-MPC pretrained no gate,261,208000,208800,800,-4.106235244644147,-3284.988195715317,-4.106235244644147,-3284.988195715317,0.0,0.0,10,0.0125,10,0.0125,0,0.0,0,0.0,0,0,0,0,0,0,0,0,0,0,0,6,-65.39569127253583,0.0,0.1568779837167875,2.55042787040162,0.1139974981128349,0.19975846932074,1.0748084899673276,2.55042787040162
OF-MPC pretrained no gate,262,208800,209600,800,-3.960065987361952,-3168.0527898895616,-3.960065987361952,-3168.0527898895616,0.0,0.0,9,0.01125,9,0.01125,0,0.0,0,0.0,0,0,0,0,0,0,0,0,0,0,0,5,-67.30315215924668,0.0,0.1546402750391622,2.545985693870648,0.1136705552152378,0.1956099948630866,1.0778444999043724,2.545985693870648
OF-MPC pretrained no gate,263,209600,210400,800,-3.976124779414535,-3180.899823531628,-3.976124779414535,-3180.899823531628,0.0,0.0,10,0.0125,10,0.0125,0,0.0,0,0.0,0,0,0,0,0,0,0,0,0,0,0,8,-67.01509654580661,0.0,0.1530950445608657,2.555951407158773,0.1137969627386905,0.192393126383041,1.0750959813568284,2.555951407158773
OF-MPC pretrained no gate,264,210400,211200,800,-4.0054399579006,-3204.35196632048,-4.0054399579006,-3204.35196632048,0.0,0.0,10,0.0125,10,0.0125,0,0.0,0,0.0,0,0,0,0,0,0,0,0,0,0,0,6,-64.4451325996497,0.0,0.1541933406164566,2.543742340198264,0.1144179227490576,0.1939687584838555,1.0836066601932095,2.543742340198264
OF-MPC pretrained no gate,265,211200,212000,800,-3.979887290695749,-3183.9098325565988,-3.979887290695749,-3183.9098325565988,0.0,0.0,10,0.0125,10,0.0125,0,0.0,0,0.0,0,0,0,0,0,0,0,0,0,0,0,6,-66.23435944911284,0.0,0.1560482831870485,2.56494436493972,0.1138341946755633,0.1982623716985337,1.0793714104753458,2.56494436493972
OF-MPC pretrained no gate,266,212000,212800,800,-3.959644089813338,-3167.7152718506704,-3.959644089813338,-3167.7152718506704,0.0,0.0,11,0.01375,11,0.01375,0,0.0,0,0.0,0,0,0,0,0,0,0,0,0,0,0,5,-66.86569730361327,0.0,0.1544792683998251,2.561961246068222,0.1136263298250382,0.1953322069746119,1.0770359386304542,2.561961246068222
OF-MPC pretrained no gate,267,212800,213600,800,-3.950367152404448,-3160.293721923558,-3.950367152404448,-3160.293721923558,0.0,0.0,10,0.0125,10,0.0125,0,0.0,0,0.0,0,0,0,0,0,0,0,0,0,0,0,5,-65.92418545207431,0.0,0.1550385352840706,2.59202867290702,0.1136159679043267,0.1964611026638145,1.0793235806115449,2.59202867290702
OF-MPC pretrained no gate,268,213600,214400,800,-3.9207990806193305,-3136.6392644954644,-3.9207990806193305,-3136.6392644954644,0.0,0.0,14,0.0175,14,0.0175,0,0.0,0,0.0,0,0,0,0,0,0,0,0,0,0,0,6,-66.03029885290482,0.0,0.1529931649446317,2.551442679190643,0.1132924137995439,0.1926939160897194,1.0749325029475507,2.551442679190643
OF-MPC pretrained no gate,269,214400,215200,800,-3.928567992848217,-3142.8543942785736,-3.928567992848217,-3142.8543942785736,0.0,0.0,9,0.01125,9,0.01125,0,0.0,0,0.0,0,0,0,0,0,0,0,0,0,0,0,6,-66.38428328423345,0.0,0.1534761861770787,2.5527046872769006,0.1134424418345927,0.1935099305195646,1.077343242268101,2.5527046872769006
OF-MPC pretrained no gate,270,215200,216000,800,-3.973412534760125,-3178.7300278081,-3.973412534760125,-3178.7300278081,0.0,0.0,10,0.0125,10,0.0125,0,0.0,0,0.0,0,0,0,0,0,0,0,0,0,0,0,6,-65.44375657751766,0.0,0.156113839092717,2.6189961405424924,0.1138601375588051,0.1983675406266288,1.0818273505032263,2.6189961405424924
OF-MPC pretrained no gate,271,216000,216800,800,-3.966050216615612,-3172.84017329249,-3.966050216615612,-3172.84017329249,0.0,0.0,13,0.01625,13,0.01625,0,0.0,0,0.0,0,0,0,0,0,0,0,0,0,0,0,6,-67.02403519476684,0.0,0.1544506530236812,2.5791131978125463,0.1135989238673753,0.1953023821799871,1.0797911614269533,2.5791131978125463
OF-MPC pretrained no gate,272,216800,217600,800,-3.952964817416892,-3162.3718539335136,-3.952964817416892,-3162.3718539335136,0.0,0.0,11,0.01375,11,0.01375,0,0.0,0,0.0,0,0,0,0,0,0,0,0,0,0,0,7,-66.05811252102524,0.0,0.1540729278097313,2.57462124539353,0.1134822310192252,0.1946636246002374,1.0764199923101931,2.57462124539353
OF-MPC pretrained no gate,273,217600,218400,800,-3.929698339898684,-3143.758671918947,-3.929698339898684,-3143.758671918947,0.0,0.0,9,0.01125,9,0.01125,0,0.0,0,0.0,0,0,0,0,0,0,0,0,0,0,0,7,-65.47526801437789,0.0,0.1546974126599124,2.587639240161934,0.1133227222831119,0.1960721030367129,1.0757679836597709,2.587639240161934
OF-MPC pretrained no gate,274,218400,219200,800,-3.9703364668619554,-3176.2691734895643,-3.9703364668619554,-3176.2691734895643,0.0,0.0,12,0.015,12,0.015,0,0.0,0,0.0,0,0,0,0,0,0,0,0,0,0,0,6,-64.8835915045538,0.0,0.1564068254935956,2.612517617464732,0.1133951014751244,0.1994185495120667,1.0776197364830904,2.612517617464732
OF-MPC pretrained no gate,275,219200,220000,800,-3.9346391145123945,-3147.7112916099154,-3.9346391145123945,-3147.7112916099154,0.0,0.0,10,0.0125,10,0.0125,0,0.0,0,0.0,0,0,0,0,0,0,0,0,0,0,0,6,-64.23138168390608,0.0,0.1533563998675575,2.588568300511213,0.1135448101670876,0.1931679895680274,1.0783300498633186,2.588568300511213
OF-MPC pretrained no gate,276,220000,220800,800,-3.935572105992125,-3148.4576847937,-3.935572105992125,-3148.4576847937,0.0,0.0,12,0.015,12,0.015,0,0.0,0,0.0,0,0,0,0,0,0,0,0,0,0,0,6,-64.44617799214598,0.0,0.1557356953948273,2.604232987580417,0.1129825250063427,0.1984888657833118,1.0750297372923794,2.604232987580417
OF-MPC pretrained no gate,277,220800,221600,800,-3.843772058582138,-3075.017646865711,-3.843772058582138,-3075.017646865711,0.0,0.0,11,0.01375,11,0.01375,0,0.0,0,0.0,0,0,0,0,0,0,0,0,0,0,0,5,-64.70791490785734,0.0,0.1512508984163383,2.539632620728696,0.1121591473703363,0.1903426494623402,1.0754494459371844,2.539632620728696
OF-MPC pretrained no gate,278,221600,222400,800,-3.9711762690724712,-3176.941015257977,-3.9711762690724712,-3176.941015257977,0.0,0.0,11,0.01375,11,0.01375,0,0.0,0,0.0,0,0,0,0,0,0,0,0,0,0,0,6,-65.27445188420347,0.0,0.1545572675083766,2.6022422738225828,0.113937862016557,0.1951766730001962,1.0795399368000005,2.6022422738225828
OF-MPC pretrained no gate,279,222400,223200,800,-3.966337333182486,-3173.0698665459886,-3.966337333182486,-3173.0698665459886,0.0,0.0,9,0.01125,9,0.01125,0,0.0,0,0.0,0,0,0,0,0,0,0,0,0,0,0,6,-65.64386738875896,0.0,0.1532325600750956,2.5608760332907536,0.1137233781964338,0.1927417419537573,1.0753976410703123,2.5608760332907536
OF-MPC pretrained no gate,280,223200,224000,800,-3.9996168486110606,-3199.6934788888484,-3.9996168486110606,-3199.6934788888484,0.0,0.0,13,0.01625,13,0.01625,0,0.0,0,0.0,0,0,0,0,0,0,0,0,0,0,0,5,-66.12552471013612,0.0,0.1553222683615573,2.5817262441344724,0.114231942300894,0.1964125944222205,1.084964638897889,2.5817262441344724
OF-MPC pretrained no gate,281,224000,224800,800,-3.9342838563008207,-3147.4270850406565,-3.9342838563008207,-3147.4270850406565,0.0,0.0,11,0.01375,11,0.01375,0,0.0,0,0.0,0,0,0,0,0,0,0,0,0,0,0,6,-66.83869614351795,0.0,0.1537162321270471,2.5578222866789133,0.1135579501984926,0.1938745140556015,1.0806415413036743,2.5578222866789133
OF-MPC pretrained no gate,282,224800,225600,800,-3.929735780168615,-3143.7886241348915,-3.929735780168615,-3143.7886241348915,0.0,0.0,13,0.01625,13,0.01625,0,0.0,0,0.0,0,0,0,0,0,0,0,0,0,0,0,7,-66.12847123814652,0.0,0.1526577905341894,2.5204355363347872,0.1134465866847507,0.1918689943836281,1.0765462940461643,2.5204355363347872
OF-MPC pretrained no gate,283,225600,226400,800,-4.11279746794487,-3290.2379743558963,-4.11279746794487,-3290.2379743558963,0.0,0.0,14,0.0175,14,0.0175,0,0.0,0,0.0,0,0,0,0,0,0,0,0,0,0,0,8,-57.25749891494638,0.0,0.1585035613801475,2.5892642391693244,0.1157154457605101,0.2012916769997849,1.0808505765629062,2.5892642391693244
OF-MPC pretrained no gate,284,226400,227200,800,-4.010132649403186,-3208.1061195225484,-4.010132649403186,-3208.1061195225484,0.0,0.0,12,0.015,12,0.015,0,0.0,0,0.0,0,0,0,0,0,0,0,0,0,0,0,7,-68.32851950011036,0.0,0.1543105521191387,2.5520444082728773,0.114518216650881,0.1941028875873964,1.087239190151346,2.5520444082728773
OF-MPC pretrained no gate,285,227200,228000,800,-3.899107578327746,-3119.286062662197,-3.899107578327746,-3119.286062662197,0.0,0.0,10,0.0125,10,0.0125,0,0.0,0,0.0,0,0,0,0,0,0,0,0,0,0,0,6,-66.06724654355457,0.0,0.1542805095387827,2.5815019418107,0.1128848678952355,0.1956761511823299,1.075117836355274,2.5815019418107
OF-MPC pretrained no gate,286,228000,228800,800,-3.957653378132302,-3166.122702505841,-3.957653378132302,-3166.122702505841,0.0,0.0,10,0.0125,10,0.0125,0,0.0,0,0.0,0,0,0,0,0,0,0,0,0,0,0,6,-67.33393009351357,0.0,0.1550774206062455,2.5837448005605097,0.1137627568385159,0.1963920843739751,1.0815152495618017,2.5837448005605097
OF-MPC pretrained no gate,287,228800,229600,800,-3.933182091476065,-3146.545673180852,-3.933182091476065,-3146.545673180852,0.0,0.0,10,0.0125,10,0.0125,0,0.0,0,0.0,0,0,0,0,0,0,0,0,0,0,0,5,-67.5551088623206,0.0,0.1542295912423584,2.573913810920999,0.113403525794157,0.1950556566905598,1.0759725850121522,2.573913810920999
OF-MPC pretrained no gate,288,229600,230400,800,-3.9388984470117534,-3151.1187576094035,-3.9388984470117534,-3151.1187576094035,0.0,0.0,12,0.015,12,0.015,0,0.0,0,0.0,0,0,0,0,0,0,0,0,0,0,0,8,-67.16221648101396,0.0,0.1535979862603448,2.5687916294695583,0.113519306244594,0.1936766662760956,1.0764099688817677,2.5687916294695583
OF-MPC pretrained no gate,289,230400,231200,800,-3.9192136565868703,-3135.370925269496,-3.9192136565868703,-3135.370925269496,0.0,0.0,16,0.02,16,0.02,0,0.0,0,0.0,0,0,0,0,0,0,0,0,0,0,0,6,-67.630672846896,0.0,0.1544590520184463,2.5970837034484475,0.1130348014302043,0.1958833026066883,1.0723612020913316,2.5970837034484475
OF-MPC pretrained no gate,290,231200,232000,800,-3.900126220340247,-3120.100976272198,-3.900126220340247,-3120.100976272198,0.0,0.0,13,0.01625,13,0.01625,0,0.0,0,0.0,0,0,0,0,0,0,0,0,0,0,0,7,-66.19071317911937,0.0,0.1543764989392409,2.567619750192989,0.1127419457775074,0.1960110521009744,1.072794817479012,2.567619750192989
OF-MPC pretrained no gate,291,232000,232800,800,-3.94042525964428,-3152.340207715424,-3.94042525964428,-3152.340207715424,0.0,0.0,11,0.01375,11,0.01375,0,0.0,0,0.0,0,0,0,0,0,0,0,0,0,0,0,8,-66.28198611954645,0.0,0.1543997985980867,2.58624138444128,0.1134678633445485,0.1953317338516249,1.079679106236712,2.58624138444128
OF-MPC pretrained no gate,292,232800,233600,800,-3.9611626062941103,-3168.9300850352884,-3.9611626062941103,-3168.9300850352884,0.0,0.0,10,0.0125,10,0.0125,0,0.0,0,0.0,0,0,0,0,0,0,0,0,0,0,0,7,-65.87508422074768,0.0,0.1551805032112748,2.60907696241884,0.1134979375559792,0.1968630688665704,1.0804170872671048,2.60907696241884
OF-MPC pretrained no gate,293,233600,234400,800,-3.991835898356271,-3193.468718685017,-3.991835898356271,-3193.468718685017,0.0,0.0,13,0.01625,13,0.01625,0,0.0,0,0.0,0,0,0,0,0,0,0,0,0,0,0,7,-66.05970302308947,0.0,0.1530953358357638,2.551852330581766,0.1141480309773172,0.1920426406942103,1.0801842671581663,2.551852330581766
OF-MPC pretrained no gate,294,234400,235200,800,-3.938768280805172,-3151.0146246441377,-3.938768280805172,-3151.0146246441377,0.0,0.0,11,0.01375,11,0.01375,0,0.0,0,0.0,0,0,0,0,0,0,0,0,0,0,0,7,-65.15455591573891,0.0,0.1552605711932886,2.572047940799223,0.1133241634186802,0.197196978967897,1.0768482208345804,2.572047940799223
OF-MPC pretrained no gate,295,235200,236000,800,-3.9188829466496817,-3135.1063573197453,-3.9188829466496817,-3135.1063573197453,0.0,0.0,19,0.02375,19,0.02375,0,0.0,0,0.0,0,0,0,0,0,0,0,0,0,0,0,7,-67.92469015781785,0.0,0.1539167505866151,2.5712271374255806,0.1131706427394045,0.1946628584338257,1.07520037379622,2.5712271374255806
OF-MPC pretrained no gate,296,236000,236800,800,-3.8775898773577535,-3102.071901886203,-3.8775898773577535,-3102.071901886203,0.0,0.0,13,0.01625,13,0.01625,0,0.0,0,0.0,0,0,0,0,0,0,0,0,0,0,0,7,-67.2350862536224,0.0,0.1538033029528721,2.589157146957177,0.1126744251286974,0.1949321807770468,1.0736294135247326,2.589157146957177
OF-MPC pretrained no gate,297,236800,237600,800,-3.894749687963989,-3115.7997503711917,-3.894749687963989,-3115.7997503711917,0.0,0.0,14,0.0175,14,0.0175,0,0.0,0,0.0,0,0,0,0,0,0,0,0,0,0,0,7,-66.96642797552897,0.0,0.1531866637470235,2.549884600280677,0.1127706722583541,0.193602655235693,1.0790784536274214,2.549884600280677
OF-MPC pretrained no gate,298,237600,238400,800,-3.924600212461306,-3139.680169969045,-3.924600212461306,-3139.680169969045,0.0,0.0,13,0.01625,13,0.01625,0,0.0,0,0.0,0,0,0,0,0,0,0,0,0,0,0,7,-67.46158864401423,0.0,0.1543998129669045,2.571330584889324,0.1131379213221337,0.1956617046116753,1.0749616661442327,2.571330584889324
OF-MPC pretrained no gate,299,238400,239200,800,-3.9622724309206063,-3169.817944736485,-3.9622724309206063,-3169.817944736485,0.0,0.0,13,0.01625,13,0.01625,0,0.0,0,0.0,0,0,0,0,0,0,0,0,0,0,0,7,-68.7114059512013,0.0,0.1541737787465862,2.5205217554029105,0.1139972611857276,0.1943502963074447,1.0858482331672945,2.5205217554029105
OF-MPC pretrained no gate,300,239200,240000,800,-3.925092791403288,-3140.07423312263,-3.925092791403288,-3140.07423312263,0.0,0.0,14,0.0175,14,0.0175,0,0.0,0,0.0,0,0,0,0,0,0,0,0,0,0,0,7,-68.71431873996005,0.0,0.1543707151060367,2.5855420556445665,0.1130404005957646,0.1957010296163089,1.0751535363859257,2.5855420556445665
