label,short_label,episode,reward_no_penalty_mean,output_rmse_mean
direct_lmpc_disturbance,Direct LMPC,1,-9.592979150559968,
direct_lmpc_disturbance,Direct LMPC,2,-12.565411285307496,
direct_lmpc_disturbance,Direct LMPC,3,-12.56582728292918,
direct_lmpc_disturbance,Direct LMPC,4,-12.566248303270578,
direct_lmpc_disturbance,Direct LMPC,5,-12.566674341681637,
direct_lmpc_disturbance,Direct LMPC,6,-12.567104792575906,
direct_lmpc_disturbance,Direct LMPC,7,-12.56754040976738,
direct_lmpc_disturbance,Direct LMPC,8,-12.567980540847785,
direct_lmpc_disturbance,Direct LMPC,9,-12.568425637089394,
direct_lmpc_disturbance,Direct LMPC,10,-12.568875427359544,
direct_lmpc_disturbance,Direct LMPC,11,-12.569329986258978,
direct_lmpc_disturbance,Direct LMPC,12,-12.569789344011497,
direct_lmpc_disturbance,Direct LMPC,13,-12.570253299419663,
direct_lmpc_disturbance,Direct LMPC,14,-12.570722099246584,
direct_lmpc_disturbance,Direct LMPC,15,-12.571195135960716,
direct_lmpc_disturbance,Direct LMPC,16,-12.571673067259937,
direct_lmpc_disturbance,Direct LMPC,17,-12.572155354671557,
direct_lmpc_disturbance,Direct LMPC,18,-12.572642385464729,
direct_lmpc_disturbance,Direct LMPC,19,-12.573134094463786,
direct_lmpc_disturbance,Direct LMPC,20,-12.5736302417455,
direct_lmpc_disturbance,Direct LMPC,21,-12.574131106004472,
direct_lmpc_disturbance,Direct LMPC,22,-12.57463657048495,
direct_lmpc_disturbance,Direct LMPC,23,-12.57514667199981,
direct_lmpc_disturbance,Direct LMPC,24,-12.575661201181909,
direct_lmpc_disturbance,Direct LMPC,25,-12.57618057885275,
direct_lmpc_disturbance,Direct LMPC,26,-12.576704250377444,
direct_lmpc_disturbance,Direct LMPC,27,-12.577232748633286,
direct_lmpc_disturbance,Direct LMPC,28,-12.577765687590077,
direct_lmpc_disturbance,Direct LMPC,29,-12.578303393513002,
direct_lmpc_disturbance,Direct LMPC,30,-12.578845381421706,
direct_lmpc_disturbance,Direct LMPC,31,-12.579392212822386,
direct_lmpc_disturbance,Direct LMPC,32,-12.57994353459469,
direct_lmpc_disturbance,Direct LMPC,33,-12.580499337379,
direct_lmpc_disturbance,Direct LMPC,34,-12.581059662685886,
direct_lmpc_disturbance,Direct LMPC,35,-12.58162474659523,
direct_lmpc_disturbance,Direct LMPC,36,-12.582194109000794,
direct_lmpc_disturbance,Direct LMPC,37,-12.582768160561429,
direct_lmpc_disturbance,Direct LMPC,38,-12.58334663535868,
direct_lmpc_disturbance,Direct LMPC,39,-12.583929804184653,
direct_lmpc_disturbance,Direct LMPC,40,-12.584517139513586,
direct_lmpc_disturbance,Direct LMPC,41,-12.585109317037809,
direct_lmpc_disturbance,Direct LMPC,42,-12.58570564520964,
direct_lmpc_disturbance,Direct LMPC,43,-12.58630672984854,
direct_lmpc_disturbance,Direct LMPC,44,-12.586911961791852,
direct_lmpc_disturbance,Direct LMPC,45,-12.587521866004026,
direct_lmpc_disturbance,Direct LMPC,46,-12.588135981663156,
direct_lmpc_disturbance,Direct LMPC,47,-12.5887547254152,
direct_lmpc_disturbance,Direct LMPC,48,-12.589377547118309,
direct_lmpc_disturbance,Direct LMPC,49,-12.5900049812335,
direct_lmpc_disturbance,Direct LMPC,50,-12.590636693608223,
direct_lmpc_disturbance,Direct LMPC,51,-12.591272687175644,
direct_lmpc_disturbance,Direct LMPC,52,-12.591913004371657,
direct_lmpc_disturbance,Direct LMPC,53,-12.592557616763088,
direct_lmpc_disturbance,Direct LMPC,54,-12.593206675008789,
direct_lmpc_disturbance,Direct LMPC,55,-12.593859758234766,
direct_lmpc_disturbance,Direct LMPC,56,-12.594517166730416,
direct_lmpc_disturbance,Direct LMPC,57,-12.595178592531513,
direct_lmpc_disturbance,Direct LMPC,58,-12.595844416645653,
direct_lmpc_disturbance,Direct LMPC,59,-12.596514250235993,
direct_lmpc_disturbance,Direct LMPC,60,-12.597188188093448,
direct_lmpc_disturbance,Direct LMPC,61,-12.597866306285704,
direct_lmpc_disturbance,Direct LMPC,62,-12.598548435382805,
direct_lmpc_disturbance,Direct LMPC,63,-12.599234737037612,
direct_lmpc_disturbance,Direct LMPC,64,-12.599924881726466,
direct_lmpc_disturbance,Direct LMPC,65,-12.600619167392775,
direct_lmpc_disturbance,Direct LMPC,66,-12.601317298067745,
direct_lmpc_disturbance,Direct LMPC,67,-12.60201945030844,
direct_lmpc_disturbance,Direct LMPC,68,-12.602725467494608,
direct_lmpc_disturbance,Direct LMPC,69,-12.603435214881328,
direct_lmpc_disturbance,Direct LMPC,70,-12.60414891349984,
direct_lmpc_disturbance,Direct LMPC,71,-12.604866303232743,
direct_lmpc_disturbance,Direct LMPC,72,-12.605587585365686,
direct_lmpc_disturbance,Direct LMPC,73,-12.606312683428436,
direct_lmpc_disturbance,Direct LMPC,74,-12.607041689349373,
direct_lmpc_disturbance,Direct LMPC,75,-12.60777446459523,
direct_lmpc_disturbance,Direct LMPC,76,-12.608510752391943,
direct_lmpc_disturbance,Direct LMPC,77,-12.60925064239436,
direct_lmpc_disturbance,Direct LMPC,78,-12.60999411118812,
direct_lmpc_disturbance,Direct LMPC,79,-12.610740982551084,
direct_lmpc_disturbance,Direct LMPC,80,-12.611491421092069,
direct_lmpc_disturbance,Direct LMPC,81,-12.61224516446902,
direct_lmpc_disturbance,Direct LMPC,82,-12.613002292511862,
direct_lmpc_disturbance,Direct LMPC,83,-12.613762845891902,
direct_lmpc_disturbance,Direct LMPC,84,-12.614526592823292,
direct_lmpc_disturbance,Direct LMPC,85,-12.615293605896875,
direct_lmpc_disturbance,Direct LMPC,86,-12.616063920362002,
direct_lmpc_disturbance,Direct LMPC,87,-12.61683719505404,
direct_lmpc_disturbance,Direct LMPC,88,-12.617613685551843,
direct_lmpc_disturbance,Direct LMPC,89,-12.618393181522247,
direct_lmpc_disturbance,Direct LMPC,90,-12.619175676259278,
direct_lmpc_disturbance,Direct LMPC,91,-12.619961178277816,
direct_lmpc_disturbance,Direct LMPC,92,-12.620749455317217,
direct_lmpc_disturbance,Direct LMPC,93,-12.62154078184798,
direct_lmpc_disturbance,Direct LMPC,94,-12.622334844882952,
direct_lmpc_disturbance,Direct LMPC,95,-12.623131537001203,
direct_lmpc_disturbance,Direct LMPC,96,-12.623930988288548,
direct_lmpc_disturbance,Direct LMPC,97,-12.624733161698725,
direct_lmpc_disturbance,Direct LMPC,98,-12.625537748658315,
direct_lmpc_disturbance,Direct LMPC,99,-12.626344880222405,
direct_lmpc_disturbance,Direct LMPC,100,-12.62715457873973,
direct_lmpc_disturbance,Direct LMPC,101,-12.627966560628888,
direct_lmpc_disturbance,Direct LMPC,102,-12.628780953782062,
direct_lmpc_disturbance,Direct LMPC,103,-12.629597728453232,
direct_lmpc_disturbance,Direct LMPC,104,-12.630416637195758,
direct_lmpc_disturbance,Direct LMPC,105,-12.631237719702543,
direct_lmpc_disturbance,Direct LMPC,106,-12.63206091286937,
direct_lmpc_disturbance,Direct LMPC,107,-12.632886100346736,
direct_lmpc_disturbance,Direct LMPC,108,-12.633713238002816,
direct_lmpc_disturbance,Direct LMPC,109,-12.634659190013686,
direct_lmpc_disturbance,Direct LMPC,110,-12.635085539900958,
direct_lmpc_disturbance,Direct LMPC,111,-12.636206002834944,
direct_lmpc_disturbance,Direct LMPC,112,-12.637040443770406,
direct_lmpc_disturbance,Direct LMPC,113,-12.63787653303084,
direct_lmpc_disturbance,Direct LMPC,114,-12.638714089908134,
direct_lmpc_disturbance,Direct LMPC,115,-12.639553243624553,
direct_lmpc_disturbance,Direct LMPC,116,-12.640393784788577,
direct_lmpc_disturbance,Direct LMPC,117,-12.64123558171528,
direct_lmpc_disturbance,Direct LMPC,118,-12.642078638793503,
direct_lmpc_disturbance,Direct LMPC,119,-12.642922938838185,
direct_lmpc_disturbance,Direct LMPC,120,-12.643768359113016,
direct_lmpc_disturbance,Direct LMPC,121,-12.644614766901796,
direct_lmpc_disturbance,Direct LMPC,122,-12.645462746479382,
direct_lmpc_disturbance,Direct LMPC,123,-12.64631111863112,
direct_lmpc_disturbance,Direct LMPC,124,-12.647160522312497,
direct_lmpc_disturbance,Direct LMPC,125,-12.648010554511998,
direct_lmpc_disturbance,Direct LMPC,126,-12.648861033139536,
direct_lmpc_disturbance,Direct LMPC,127,-12.64971203788012,
direct_lmpc_disturbance,Direct LMPC,128,-12.65056352638224,
direct_lmpc_disturbance,Direct LMPC,129,-12.651415933295253,
direct_lmpc_disturbance,Direct LMPC,130,-12.652267991075009,
direct_lmpc_disturbance,Direct LMPC,131,-12.653120224302256,
direct_lmpc_disturbance,Direct LMPC,132,-12.653972561902808,
direct_lmpc_disturbance,Direct LMPC,133,-12.654824923244387,
direct_lmpc_disturbance,Direct LMPC,134,-12.655677116699293,
direct_lmpc_disturbance,Direct LMPC,135,-12.656529099898258,
direct_lmpc_disturbance,Direct LMPC,136,-12.657380823681924,
direct_lmpc_disturbance,Direct LMPC,137,-12.658232174265915,
direct_lmpc_disturbance,Direct LMPC,138,-12.659083049794846,
direct_lmpc_disturbance,Direct LMPC,139,-12.659933297992668,
direct_lmpc_disturbance,Direct LMPC,140,-12.66078285654239,
direct_lmpc_disturbance,Direct LMPC,141,-12.66163164072838,
direct_lmpc_disturbance,Direct LMPC,142,-12.662479542054308,
direct_lmpc_disturbance,Direct LMPC,143,-12.663326485343546,
direct_lmpc_disturbance,Direct LMPC,144,-12.664172361745896,
direct_lmpc_disturbance,Direct LMPC,145,-12.665017534857116,
direct_lmpc_disturbance,Direct LMPC,146,-12.665860809994374,
direct_lmpc_disturbance,Direct LMPC,147,-12.666702702486978,
direct_lmpc_disturbance,Direct LMPC,148,-12.667543090315768,
direct_lmpc_disturbance,Direct LMPC,149,-12.668381864563251,
direct_lmpc_disturbance,Direct LMPC,150,-12.66921881450572,
direct_lmpc_disturbance,Direct LMPC,151,-12.670373936798896,
direct_lmpc_disturbance,Direct LMPC,152,-12.66410035117954,
direct_lmpc_disturbance,Direct LMPC,153,-12.659801145677347,
direct_lmpc_disturbance,Direct LMPC,154,-12.655507855494577,
direct_lmpc_disturbance,Direct LMPC,155,-12.651220258669786,
direct_lmpc_disturbance,Direct LMPC,156,-12.646938506385696,
direct_lmpc_disturbance,Direct LMPC,157,-12.642662477358009,
direct_lmpc_disturbance,Direct LMPC,158,-12.638392179442787,
direct_lmpc_disturbance,Direct LMPC,159,-12.634127553537985,
direct_lmpc_disturbance,Direct LMPC,160,-12.629868631817551,
direct_lmpc_disturbance,Direct LMPC,161,-12.625615453732417,
direct_lmpc_disturbance,Direct LMPC,162,-12.621368034604789,
direct_lmpc_disturbance,Direct LMPC,163,-12.617126387204303,
direct_lmpc_disturbance,Direct LMPC,164,-12.61289103768124,
direct_lmpc_disturbance,Direct LMPC,165,-12.608661408300565,
direct_lmpc_disturbance,Direct LMPC,166,-12.60443748213937,
direct_lmpc_disturbance,Direct LMPC,167,-12.600219771365555,
direct_lmpc_disturbance,Direct LMPC,168,-12.596008028554,
direct_lmpc_disturbance,Direct LMPC,169,-12.591801892768624,
direct_lmpc_disturbance,Direct LMPC,170,-12.587601432080508,
direct_lmpc_disturbance,Direct LMPC,171,-12.583406635664938,
direct_lmpc_disturbance,Direct LMPC,172,-12.579217705927922,
direct_lmpc_disturbance,Direct LMPC,173,-12.575034980920163,
direct_lmpc_disturbance,Direct LMPC,174,-12.57085789986761,
direct_lmpc_disturbance,Direct LMPC,175,-12.566686462922084,
direct_lmpc_disturbance,Direct LMPC,176,-12.56252066422907,
direct_lmpc_disturbance,Direct LMPC,177,-12.558360538118912,
direct_lmpc_disturbance,Direct LMPC,178,-12.55420601490618,
direct_lmpc_disturbance,Direct LMPC,179,-12.550057162358671,
direct_lmpc_disturbance,Direct LMPC,180,-12.54591428481745,
direct_lmpc_disturbance,Direct LMPC,181,-12.541777400092654,
direct_lmpc_disturbance,Direct LMPC,182,-12.537646115711688,
direct_lmpc_disturbance,Direct LMPC,183,-12.533520423325944,
direct_lmpc_disturbance,Direct LMPC,184,-12.529400379552406,
direct_lmpc_disturbance,Direct LMPC,185,-12.525285934904696,
direct_lmpc_disturbance,Direct LMPC,186,-12.521177084854507,
direct_lmpc_disturbance,Direct LMPC,187,-12.517073762961754,
direct_lmpc_disturbance,Direct LMPC,188,-12.512976026645164,
direct_lmpc_disturbance,Direct LMPC,189,-12.508883914093312,
direct_lmpc_disturbance,Direct LMPC,190,-12.50479740850056,
direct_lmpc_disturbance,Direct LMPC,191,-12.500716447749271,
direct_lmpc_disturbance,Direct LMPC,192,-12.49664098133124,
direct_lmpc_disturbance,Direct LMPC,193,-12.492571181622324,
direct_lmpc_disturbance,Direct LMPC,194,-12.488507606636512,
direct_lmpc_disturbance,Direct LMPC,195,-12.484449624847649,
direct_lmpc_disturbance,Direct LMPC,196,-12.480397171529953,
direct_lmpc_disturbance,Direct LMPC,197,-12.476350169444526,
direct_lmpc_disturbance,Direct LMPC,198,-12.47230871846271,
direct_lmpc_disturbance,Direct LMPC,199,-12.468272822632946,
direct_lmpc_disturbance,Direct LMPC,200,-12.464242497792863,
direct_lmpc_disturbance,Direct LMPC,201,-12.460217849364694,
direct_lmpc_disturbance,Direct LMPC,202,-12.456199221646257,
direct_lmpc_disturbance,Direct LMPC,203,-12.452186114637836,
direct_lmpc_disturbance,Direct LMPC,204,-12.448178541676176,
direct_lmpc_disturbance,Direct LMPC,205,-12.444176504102034,
direct_lmpc_disturbance,Direct LMPC,206,-12.440179958365905,
direct_lmpc_disturbance,Direct LMPC,207,-12.436188851627874,
direct_lmpc_disturbance,Direct LMPC,208,-12.432203204633376,
direct_lmpc_disturbance,Direct LMPC,209,-12.428223082540594,
direct_lmpc_disturbance,Direct LMPC,210,-12.424248574127642,
direct_lmpc_disturbance,Direct LMPC,211,-12.42027999632902,
direct_lmpc_disturbance,Direct LMPC,212,-12.416316895445156,
direct_lmpc_disturbance,Direct LMPC,213,-12.412359199244417,
direct_lmpc_disturbance,Direct LMPC,214,-12.408406992132846,
direct_lmpc_disturbance,Direct LMPC,215,-12.404460275897714,
direct_lmpc_disturbance,Direct LMPC,216,-12.400518950255536,
direct_lmpc_disturbance,Direct LMPC,217,-12.39658311087394,
direct_lmpc_disturbance,Direct LMPC,218,-12.392652669822176,
direct_lmpc_disturbance,Direct LMPC,219,-12.388727655906573,
direct_lmpc_disturbance,Direct LMPC,220,-12.384808094459409,
direct_lmpc_disturbance,Direct LMPC,221,-12.380893930594189,
direct_lmpc_disturbance,Direct LMPC,222,-12.376985212351492,
direct_lmpc_disturbance,Direct LMPC,223,-12.373081926970707,
direct_lmpc_disturbance,Direct LMPC,224,-12.36918398641358,
direct_lmpc_disturbance,Direct LMPC,225,-12.365290966262922,
direct_lmpc_disturbance,Direct LMPC,226,-12.361493870741134,
direct_lmpc_disturbance,Direct LMPC,227,-12.357115100833814,
direct_lmpc_disturbance,Direct LMPC,228,-12.353645846431276,
direct_lmpc_disturbance,Direct LMPC,229,-12.349774985597028,
direct_lmpc_disturbance,Direct LMPC,230,-12.345910127269644,
direct_lmpc_disturbance,Direct LMPC,231,-12.342051053245791,
direct_lmpc_disturbance,Direct LMPC,232,-12.338197727294656,
direct_lmpc_disturbance,Direct LMPC,233,-12.334349653137854,
direct_lmpc_disturbance,Direct LMPC,234,-12.330507082589156,
direct_lmpc_disturbance,Direct LMPC,235,-12.326669748441022,
direct_lmpc_disturbance,Direct LMPC,236,-12.322837796093928,
direct_lmpc_disturbance,Direct LMPC,237,-12.319011235088327,
direct_lmpc_disturbance,Direct LMPC,238,-12.315190266168877,
direct_lmpc_disturbance,Direct LMPC,239,-12.31137517995672,
direct_lmpc_disturbance,Direct LMPC,240,-12.3075653103502,
direct_lmpc_disturbance,Direct LMPC,241,-12.30376097150861,
direct_lmpc_disturbance,Direct LMPC,242,-12.29996255039748,
direct_lmpc_disturbance,Direct LMPC,243,-12.296169492792396,
direct_lmpc_disturbance,Direct LMPC,244,-12.292381772266316,
direct_lmpc_disturbance,Direct LMPC,245,-12.288599270408872,
direct_lmpc_disturbance,Direct LMPC,246,-12.284821531329742,
direct_lmpc_disturbance,Direct LMPC,247,-12.281050444975207,
direct_lmpc_disturbance,Direct LMPC,248,-12.277284959748558,
direct_lmpc_disturbance,Direct LMPC,249,-12.273524784102426,
direct_lmpc_disturbance,Direct LMPC,250,-12.269769834798211,
direct_lmpc_disturbance,Direct LMPC,251,-12.266020157478223,
direct_lmpc_disturbance,Direct LMPC,252,-12.262275744511012,
direct_lmpc_disturbance,Direct LMPC,253,-12.258536647492814,
direct_lmpc_disturbance,Direct LMPC,254,-12.254803102295854,
direct_lmpc_disturbance,Direct LMPC,255,-12.251075276226745,
direct_lmpc_disturbance,Direct LMPC,256,-12.24735269733909,
direct_lmpc_disturbance,Direct LMPC,257,-12.243635356617238,
direct_lmpc_disturbance,Direct LMPC,258,-12.239923282592803,
direct_lmpc_disturbance,Direct LMPC,259,-12.23621644809151,
direct_lmpc_disturbance,Direct LMPC,260,-12.232514864478972,
direct_lmpc_disturbance,Direct LMPC,261,-12.228818508023489,
direct_lmpc_disturbance,Direct LMPC,262,-12.225127401306777,
direct_lmpc_disturbance,Direct LMPC,263,-12.221441995360042,
direct_lmpc_disturbance,Direct LMPC,264,-12.217762639556897,
direct_lmpc_disturbance,Direct LMPC,265,-12.2140885234936,
direct_lmpc_disturbance,Direct LMPC,266,-12.210419627420972,
direct_lmpc_disturbance,Direct LMPC,267,-12.206755959902244,
direct_lmpc_disturbance,Direct LMPC,268,-12.203097492956577,
direct_lmpc_disturbance,Direct LMPC,269,-12.199444387990136,
direct_lmpc_disturbance,Direct LMPC,270,-12.195797004557836,
direct_lmpc_disturbance,Direct LMPC,271,-12.192154835333737,
direct_lmpc_disturbance,Direct LMPC,272,-12.18851786485352,
direct_lmpc_disturbance,Direct LMPC,273,-13.774440367732568,
direct_lmpc_disturbance,Direct LMPC,274,-13.303771476721154,
direct_lmpc_disturbance,Direct LMPC,275,-12.177669103711594,
direct_lmpc_disturbance,Direct LMPC,276,-12.17402247663982,
direct_lmpc_disturbance,Direct LMPC,277,-12.1704120932215,
direct_lmpc_disturbance,Direct LMPC,278,-12.166806911694298,
direct_lmpc_disturbance,Direct LMPC,279,-12.163206823617625,
direct_lmpc_disturbance,Direct LMPC,280,-12.159611843756306,
direct_lmpc_disturbance,Direct LMPC,281,-12.156022054417129,
direct_lmpc_disturbance,Direct LMPC,282,-12.152437411304197,
direct_lmpc_disturbance,Direct LMPC,283,-12.14885792548148,
direct_lmpc_disturbance,Direct LMPC,284,-12.145283536466827,
direct_lmpc_disturbance,Direct LMPC,285,-12.141714275758083,
direct_lmpc_disturbance,Direct LMPC,286,-12.138150122344005,
direct_lmpc_disturbance,Direct LMPC,287,-12.134591540540455,
direct_lmpc_disturbance,Direct LMPC,288,-12.131038359662169,
direct_lmpc_disturbance,Direct LMPC,289,-12.127490267652313,
direct_lmpc_disturbance,Direct LMPC,290,-12.123947308827953,
direct_lmpc_disturbance,Direct LMPC,291,-12.120409437353851,
direct_lmpc_disturbance,Direct LMPC,292,-12.116876664611246,
direct_lmpc_disturbance,Direct LMPC,293,-12.11334895790737,
direct_lmpc_disturbance,Direct LMPC,294,-12.109826323107995,
direct_lmpc_disturbance,Direct LMPC,295,-12.106308816417116,
direct_lmpc_disturbance,Direct LMPC,296,-12.102796406314324,
direct_lmpc_disturbance,Direct LMPC,297,-12.09928904500209,
direct_lmpc_disturbance,Direct LMPC,298,-12.095786715296164,
direct_lmpc_disturbance,Direct LMPC,299,-12.09228942729881,
direct_lmpc_disturbance,Direct LMPC,300,-12.08879724519445,
offset_free_mpc_disturbance,OF-MPC,1,-9.59301767804423,
offset_free_mpc_disturbance,OF-MPC,2,-12.564371397805823,
offset_free_mpc_disturbance,OF-MPC,3,-12.564672679270243,
offset_free_mpc_disturbance,OF-MPC,4,-12.56547683818346,
offset_free_mpc_disturbance,OF-MPC,5,-12.565615445345944,
offset_free_mpc_disturbance,OF-MPC,6,-12.56603297484779,
offset_free_mpc_disturbance,OF-MPC,7,-12.566582948927516,
offset_free_mpc_disturbance,OF-MPC,8,-12.566356023515231,
offset_free_mpc_disturbance,OF-MPC,9,-12.567228226938784,
offset_free_mpc_disturbance,OF-MPC,10,-12.568276043674873,
offset_free_mpc_disturbance,OF-MPC,11,-12.568577821616326,
offset_free_mpc_disturbance,OF-MPC,12,-12.568986563302955,
offset_free_mpc_disturbance,OF-MPC,13,-12.569173261930082,
offset_free_mpc_disturbance,OF-MPC,14,-12.569742113507774,
offset_free_mpc_disturbance,OF-MPC,15,-12.569412898796184,
offset_free_mpc_disturbance,OF-MPC,16,-12.56982391245873,
offset_free_mpc_disturbance,OF-MPC,17,-12.57144623613266,
offset_free_mpc_disturbance,OF-MPC,18,-12.57154231086337,
offset_free_mpc_disturbance,OF-MPC,19,-12.57233340935752,
offset_free_mpc_disturbance,OF-MPC,20,-12.572137800381196,
offset_free_mpc_disturbance,OF-MPC,21,-12.573044880580344,
offset_free_mpc_disturbance,OF-MPC,22,-12.573654789932595,
offset_free_mpc_disturbance,OF-MPC,23,-12.573969554066757,
offset_free_mpc_disturbance,OF-MPC,24,-12.574960996860645,
offset_free_mpc_disturbance,OF-MPC,25,-12.575137706718325,
offset_free_mpc_disturbance,OF-MPC,26,-12.57575266117126,
offset_free_mpc_disturbance,OF-MPC,27,-12.576177176316746,
offset_free_mpc_disturbance,OF-MPC,28,-12.576669614142968,
offset_free_mpc_disturbance,OF-MPC,29,-12.577915073667524,
offset_free_mpc_disturbance,OF-MPC,30,-12.57886667457085,
offset_free_mpc_disturbance,OF-MPC,31,-12.578819688667815,
offset_free_mpc_disturbance,OF-MPC,32,-12.57875441404624,
offset_free_mpc_disturbance,OF-MPC,33,-12.57986667044242,
offset_free_mpc_disturbance,OF-MPC,34,-12.580804398656625,
offset_free_mpc_disturbance,OF-MPC,35,-12.580710824628108,
offset_free_mpc_disturbance,OF-MPC,36,-12.58168274684228,
offset_free_mpc_disturbance,OF-MPC,37,-12.581720515055473,
offset_free_mpc_disturbance,OF-MPC,38,-12.58342365419736,
offset_free_mpc_disturbance,OF-MPC,39,-12.582628302583814,
offset_free_mpc_disturbance,OF-MPC,40,-12.583923228490775,
offset_free_mpc_disturbance,OF-MPC,41,-12.584456268884962,
offset_free_mpc_disturbance,OF-MPC,42,-12.584957884568276,
offset_free_mpc_disturbance,OF-MPC,43,-12.586205452195529,
offset_free_mpc_disturbance,OF-MPC,44,-12.586451619590967,
offset_free_mpc_disturbance,OF-MPC,45,-12.587138760081992,
offset_free_mpc_disturbance,OF-MPC,46,-12.587662464885206,
offset_free_mpc_disturbance,OF-MPC,47,-12.58791829731084,
offset_free_mpc_disturbance,OF-MPC,48,-12.58877167026492,
offset_free_mpc_disturbance,OF-MPC,49,-12.58982080456767,
offset_free_mpc_disturbance,OF-MPC,50,-12.590335463986785,
offset_free_mpc_disturbance,OF-MPC,51,-12.590673335067727,
offset_free_mpc_disturbance,OF-MPC,52,-12.591608916758693,
offset_free_mpc_disturbance,OF-MPC,53,-12.592553560501692,
offset_free_mpc_disturbance,OF-MPC,54,-12.592645946927808,
offset_free_mpc_disturbance,OF-MPC,55,-12.594375507161187,
offset_free_mpc_disturbance,OF-MPC,56,-12.594469207319094,
offset_free_mpc_disturbance,OF-MPC,57,-12.595329152616063,
offset_free_mpc_disturbance,OF-MPC,58,-12.595736553418982,
offset_free_mpc_disturbance,OF-MPC,59,-12.596932003124962,
offset_free_mpc_disturbance,OF-MPC,60,-12.597374453540445,
offset_free_mpc_disturbance,OF-MPC,61,-12.597833796616204,
offset_free_mpc_disturbance,OF-MPC,62,-12.59915555359646,
offset_free_mpc_disturbance,OF-MPC,63,-12.59992212436433,
offset_free_mpc_disturbance,OF-MPC,64,-12.600618734142415,
offset_free_mpc_disturbance,OF-MPC,65,-12.601059143146417,
offset_free_mpc_disturbance,OF-MPC,66,-12.601249798707912,
offset_free_mpc_disturbance,OF-MPC,67,-12.601933292806372,
offset_free_mpc_disturbance,OF-MPC,68,-12.6036143696281,
offset_free_mpc_disturbance,OF-MPC,69,-12.60417198184571,
offset_free_mpc_disturbance,OF-MPC,70,-12.60486550296734,
offset_free_mpc_disturbance,OF-MPC,71,-12.605225943884944,
offset_free_mpc_disturbance,OF-MPC,72,-12.605851759244391,
offset_free_mpc_disturbance,OF-MPC,73,-12.606627507642674,
offset_free_mpc_disturbance,OF-MPC,74,-12.607856078378497,
offset_free_mpc_disturbance,OF-MPC,75,-12.608156909960316,
offset_free_mpc_disturbance,OF-MPC,76,-12.60944422430632,
offset_free_mpc_disturbance,OF-MPC,77,-12.609655772752548,
offset_free_mpc_disturbance,OF-MPC,78,-12.610108578304198,
offset_free_mpc_disturbance,OF-MPC,79,-12.611589114841818,
offset_free_mpc_disturbance,OF-MPC,80,-12.611752730599584,
offset_free_mpc_disturbance,OF-MPC,81,-12.61266374959742,
offset_free_mpc_disturbance,OF-MPC,82,-12.612923196236814,
offset_free_mpc_disturbance,OF-MPC,83,-12.614244281709464,
offset_free_mpc_disturbance,OF-MPC,84,-12.61537282905108,
offset_free_mpc_disturbance,OF-MPC,85,-12.615700223274326,
offset_free_mpc_disturbance,OF-MPC,86,-12.616699740415925,
offset_free_mpc_disturbance,OF-MPC,87,-12.617144966384394,
offset_free_mpc_disturbance,OF-MPC,88,-12.618983550700602,
offset_free_mpc_disturbance,OF-MPC,89,-12.619156490629347,
offset_free_mpc_disturbance,OF-MPC,90,-12.620109215438992,
offset_free_mpc_disturbance,OF-MPC,91,-12.61981758592844,
offset_free_mpc_disturbance,OF-MPC,92,-12.62173959289784,
offset_free_mpc_disturbance,OF-MPC,93,-12.62283276488338,
offset_free_mpc_disturbance,OF-MPC,94,-12.622900586797265,
offset_free_mpc_disturbance,OF-MPC,95,-12.624132710410676,
offset_free_mpc_disturbance,OF-MPC,96,-12.624675907467669,
offset_free_mpc_disturbance,OF-MPC,97,-12.624975076609438,
offset_free_mpc_disturbance,OF-MPC,98,-12.626641856507618,
offset_free_mpc_disturbance,OF-MPC,99,-12.627845816702392,
offset_free_mpc_disturbance,OF-MPC,100,-12.628025637121109,
offset_free_mpc_disturbance,OF-MPC,101,-12.629050869311754,
offset_free_mpc_disturbance,OF-MPC,102,-12.630142156473688,
offset_free_mpc_disturbance,OF-MPC,103,-12.630539940117378,
offset_free_mpc_disturbance,OF-MPC,104,-12.631624181589228,
offset_free_mpc_disturbance,OF-MPC,105,-12.632644114926547,
offset_free_mpc_disturbance,OF-MPC,106,-12.632595923442873,
offset_free_mpc_disturbance,OF-MPC,107,-12.633683484041873,
offset_free_mpc_disturbance,OF-MPC,108,-12.634729557410148,
offset_free_mpc_disturbance,OF-MPC,109,-12.635142091675773,
offset_free_mpc_disturbance,OF-MPC,110,-12.63542846458613,
offset_free_mpc_disturbance,OF-MPC,111,-12.637279455595444,
offset_free_mpc_disturbance,OF-MPC,112,-12.6380968382063,
offset_free_mpc_disturbance,OF-MPC,113,-12.638909873578918,
offset_free_mpc_disturbance,OF-MPC,114,-12.6399236152936,
offset_free_mpc_disturbance,OF-MPC,115,-12.640221291301357,
offset_free_mpc_disturbance,OF-MPC,116,-12.641125103853028,
offset_free_mpc_disturbance,OF-MPC,117,-12.641766944761915,
offset_free_mpc_disturbance,OF-MPC,118,-12.643682605252309,
offset_free_mpc_disturbance,OF-MPC,119,-12.64376403469325,
offset_free_mpc_disturbance,OF-MPC,120,-12.644572372294988,
offset_free_mpc_disturbance,OF-MPC,121,-12.645515937856135,
offset_free_mpc_disturbance,OF-MPC,122,-12.646218485395131,
offset_free_mpc_disturbance,OF-MPC,123,-12.647027820409958,
offset_free_mpc_disturbance,OF-MPC,124,-12.648105291064612,
offset_free_mpc_disturbance,OF-MPC,125,-12.648455358388542,
offset_free_mpc_disturbance,OF-MPC,126,-12.65003172831139,
offset_free_mpc_disturbance,OF-MPC,127,-12.64981672057734,
offset_free_mpc_disturbance,OF-MPC,128,-12.65144928050936,
offset_free_mpc_disturbance,OF-MPC,129,-12.65240768911414,
offset_free_mpc_disturbance,OF-MPC,130,-12.65240909576604,
offset_free_mpc_disturbance,OF-MPC,131,-12.654034776811438,
offset_free_mpc_disturbance,OF-MPC,132,-12.654507818219804,
offset_free_mpc_disturbance,OF-MPC,133,-12.655493500312554,
offset_free_mpc_disturbance,OF-MPC,134,-12.65659989496599,
offset_free_mpc_disturbance,OF-MPC,135,-12.657100182401312,
offset_free_mpc_disturbance,OF-MPC,136,-12.658134619028438,
offset_free_mpc_disturbance,OF-MPC,137,-12.658689418711866,
offset_free_mpc_disturbance,OF-MPC,138,-12.659731386106415,
offset_free_mpc_disturbance,OF-MPC,139,-12.660748575019817,
offset_free_mpc_disturbance,OF-MPC,140,-12.661872610886924,
offset_free_mpc_disturbance,OF-MPC,141,-12.662971438076834,
offset_free_mpc_disturbance,OF-MPC,142,-12.662965230615995,
offset_free_mpc_disturbance,OF-MPC,143,-12.664310733096158,
offset_free_mpc_disturbance,OF-MPC,144,-12.665198136877256,
offset_free_mpc_disturbance,OF-MPC,145,-12.666319677988264,
offset_free_mpc_disturbance,OF-MPC,146,-12.665974517478162,
offset_free_mpc_disturbance,OF-MPC,147,-12.667232861428356,
offset_free_mpc_disturbance,OF-MPC,148,-12.668642340459476,
offset_free_mpc_disturbance,OF-MPC,149,-12.668950358574891,
offset_free_mpc_disturbance,OF-MPC,150,-12.669619516971212,
offset_free_mpc_disturbance,OF-MPC,151,-12.670718014737709,
offset_free_mpc_disturbance,OF-MPC,152,-12.664454043608972,
offset_free_mpc_disturbance,OF-MPC,153,-12.66065200395618,
offset_free_mpc_disturbance,OF-MPC,154,-12.655812991820886,
offset_free_mpc_disturbance,OF-MPC,155,-12.652121641513425,
offset_free_mpc_disturbance,OF-MPC,156,-12.6482202134481,
offset_free_mpc_disturbance,OF-MPC,157,-12.642764395335908,
offset_free_mpc_disturbance,OF-MPC,158,-12.63898973646291,
offset_free_mpc_disturbance,OF-MPC,159,-12.63513030573511,
offset_free_mpc_disturbance,OF-MPC,160,-12.630410666930151,
offset_free_mpc_disturbance,OF-MPC,161,-12.626220272560031,
offset_free_mpc_disturbance,OF-MPC,162,-12.622754420913807,
offset_free_mpc_disturbance,OF-MPC,163,-12.618192979425398,
offset_free_mpc_disturbance,OF-MPC,164,-12.613370591715872,
offset_free_mpc_disturbance,OF-MPC,165,-12.609357476880596,
offset_free_mpc_disturbance,OF-MPC,166,-12.60548631000866,
offset_free_mpc_disturbance,OF-MPC,167,-12.600270910494984,
offset_free_mpc_disturbance,OF-MPC,168,-12.597028628362928,
offset_free_mpc_disturbance,OF-MPC,169,-12.592209835483123,
offset_free_mpc_disturbance,OF-MPC,170,-12.588126866421913,
offset_free_mpc_disturbance,OF-MPC,171,-12.583937919200864,
offset_free_mpc_disturbance,OF-MPC,172,-12.580288314453842,
offset_free_mpc_disturbance,OF-MPC,173,-12.575482492401475,
offset_free_mpc_disturbance,OF-MPC,174,-12.572092823733248,
offset_free_mpc_disturbance,OF-MPC,175,-12.56752660412957,
offset_free_mpc_disturbance,OF-MPC,176,-12.56327078980957,
offset_free_mpc_disturbance,OF-MPC,177,-12.558974310817304,
offset_free_mpc_disturbance,OF-MPC,178,-12.55526257725101,
offset_free_mpc_disturbance,OF-MPC,179,-12.55099502776463,
offset_free_mpc_disturbance,OF-MPC,180,-12.546567257126435,
offset_free_mpc_disturbance,OF-MPC,181,-12.543223286794452,
offset_free_mpc_disturbance,OF-MPC,182,-12.538315984010149,
offset_free_mpc_disturbance,OF-MPC,183,-12.534566090869284,
offset_free_mpc_disturbance,OF-MPC,184,-12.530089199772728,
offset_free_mpc_disturbance,OF-MPC,185,-12.526561214183708,
offset_free_mpc_disturbance,OF-MPC,186,-12.521973852630657,
offset_free_mpc_disturbance,OF-MPC,187,-12.517716093801743,
offset_free_mpc_disturbance,OF-MPC,188,-12.514150003862069,
offset_free_mpc_disturbance,OF-MPC,189,-12.50972875451083,
offset_free_mpc_disturbance,OF-MPC,190,-12.50519788799576,
offset_free_mpc_disturbance,OF-MPC,191,-12.501217130771543,
offset_free_mpc_disturbance,OF-MPC,192,-12.49715182211041,
offset_free_mpc_disturbance,OF-MPC,193,-12.49306642498475,
offset_free_mpc_disturbance,OF-MPC,194,-12.48894285062035,
offset_free_mpc_disturbance,OF-MPC,195,-12.485162292910228,
offset_free_mpc_disturbance,OF-MPC,196,-12.481024677378068,
offset_free_mpc_disturbance,OF-MPC,197,-12.47757442163686,
offset_free_mpc_disturbance,OF-MPC,198,-12.472737039837396,
offset_free_mpc_disturbance,OF-MPC,199,-12.468685109286012,
offset_free_mpc_disturbance,OF-MPC,200,-12.465070270750267,
offset_free_mpc_disturbance,OF-MPC,201,-12.460642028330362,
offset_free_mpc_disturbance,OF-MPC,202,-12.45662844158443,
offset_free_mpc_disturbance,OF-MPC,203,-12.452721776337112,
offset_free_mpc_disturbance,OF-MPC,204,-12.448414158779066,
offset_free_mpc_disturbance,OF-MPC,205,-12.445635818328142,
offset_free_mpc_disturbance,OF-MPC,206,-12.441123265136316,
offset_free_mpc_disturbance,OF-MPC,207,-12.437106034850848,
offset_free_mpc_disturbance,OF-MPC,208,-12.43316226302988,
offset_free_mpc_disturbance,OF-MPC,209,-12.428961697380505,
offset_free_mpc_disturbance,OF-MPC,210,-12.425243934075809,
offset_free_mpc_disturbance,OF-MPC,211,-12.421037800321674,
offset_free_mpc_disturbance,OF-MPC,212,-12.41660099976292,
offset_free_mpc_disturbance,OF-MPC,213,-12.413230307469345,
offset_free_mpc_disturbance,OF-MPC,214,-12.409459373840956,
offset_free_mpc_disturbance,OF-MPC,215,-12.404769613494572,
offset_free_mpc_disturbance,OF-MPC,216,-12.401253843737548,
offset_free_mpc_disturbance,OF-MPC,217,-12.396977383284188,
offset_free_mpc_disturbance,OF-MPC,218,-12.393088182812626,
offset_free_mpc_disturbance,OF-MPC,219,-12.389584036624214,
offset_free_mpc_disturbance,OF-MPC,220,-12.385105683942324,
offset_free_mpc_disturbance,OF-MPC,221,-12.381533250483017,
offset_free_mpc_disturbance,OF-MPC,222,-12.37847545230139,
offset_free_mpc_disturbance,OF-MPC,223,-12.373569119016055,
offset_free_mpc_disturbance,OF-MPC,224,-12.370315061702,
offset_free_mpc_disturbance,OF-MPC,225,-12.365982923550996,
offset_free_mpc_disturbance,OF-MPC,226,-12.362527907558333,
offset_free_mpc_disturbance,OF-MPC,227,-12.358344648557626,
offset_free_mpc_disturbance,OF-MPC,228,-12.354698928114416,
offset_free_mpc_disturbance,OF-MPC,229,-12.350372150616714,
offset_free_mpc_disturbance,OF-MPC,230,-12.346568023438302,
offset_free_mpc_disturbance,OF-MPC,231,-12.342673372467129,
offset_free_mpc_disturbance,OF-MPC,232,-12.338633093466296,
offset_free_mpc_disturbance,OF-MPC,233,-12.33500190649464,
offset_free_mpc_disturbance,OF-MPC,234,-12.331349120514355,
offset_free_mpc_disturbance,OF-MPC,235,-12.327544386127489,
offset_free_mpc_disturbance,OF-MPC,236,-12.323520476421816,
offset_free_mpc_disturbance,OF-MPC,237,-12.32021486140994,
offset_free_mpc_disturbance,OF-MPC,238,-12.316251896277738,
offset_free_mpc_disturbance,OF-MPC,239,-12.312103130851026,
offset_free_mpc_disturbance,OF-MPC,240,-12.308298729058167,
offset_free_mpc_disturbance,OF-MPC,241,-12.304383758409596,
offset_free_mpc_disturbance,OF-MPC,242,-12.300284866921242,
offset_free_mpc_disturbance,OF-MPC,243,-12.296844962283476,
offset_free_mpc_disturbance,OF-MPC,244,-12.293221207915767,
offset_free_mpc_disturbance,OF-MPC,245,-12.289243081014398,
offset_free_mpc_disturbance,OF-MPC,246,-12.285254108227614,
offset_free_mpc_disturbance,OF-MPC,247,-12.281448624932793,
offset_free_mpc_disturbance,OF-MPC,248,-12.277799371836734,
offset_free_mpc_disturbance,OF-MPC,249,-12.274188019391824,
offset_free_mpc_disturbance,OF-MPC,250,-12.270535683800883,
offset_free_mpc_disturbance,OF-MPC,251,-12.266199341165402,
offset_free_mpc_disturbance,OF-MPC,252,-12.26287795923886,
offset_free_mpc_disturbance,OF-MPC,253,-12.25904884313955,
offset_free_mpc_disturbance,OF-MPC,254,-12.255412539882066,
offset_free_mpc_disturbance,OF-MPC,255,-12.25175469541068,
offset_free_mpc_disturbance,OF-MPC,256,-12.247811033544092,
offset_free_mpc_disturbance,OF-MPC,257,-12.244056046955548,
offset_free_mpc_disturbance,OF-MPC,258,-12.24068780971642,
offset_free_mpc_disturbance,OF-MPC,259,-12.236912136237788,
offset_free_mpc_disturbance,OF-MPC,260,-12.23363305264582,
offset_free_mpc_disturbance,OF-MPC,261,-12.229553291728914,
offset_free_mpc_disturbance,OF-MPC,262,-12.22595934736651,
offset_free_mpc_disturbance,OF-MPC,263,-12.221683794152987,
offset_free_mpc_disturbance,OF-MPC,264,-12.218569635339415,
offset_free_mpc_disturbance,OF-MPC,265,-12.214897718588215,
offset_free_mpc_disturbance,OF-MPC,266,-12.211051991225776,
offset_free_mpc_disturbance,OF-MPC,267,-12.207041298154122,
offset_free_mpc_disturbance,OF-MPC,268,-12.204101903995609,
offset_free_mpc_disturbance,OF-MPC,269,-12.20014891675887,
offset_free_mpc_disturbance,OF-MPC,270,-12.19620294486434,
offset_free_mpc_disturbance,OF-MPC,271,-12.193448215084526,
offset_free_mpc_disturbance,OF-MPC,272,-12.189308870544188,
offset_free_mpc_disturbance,OF-MPC,273,-12.18550872588937,
offset_free_mpc_disturbance,OF-MPC,274,-12.181490764102575,
offset_free_mpc_disturbance,OF-MPC,275,-12.17819949268127,
offset_free_mpc_disturbance,OF-MPC,276,-12.174762092402544,
offset_free_mpc_disturbance,OF-MPC,277,-12.170759854736676,
offset_free_mpc_disturbance,OF-MPC,278,-12.167286158467284,
offset_free_mpc_disturbance,OF-MPC,279,-12.16432868094555,
offset_free_mpc_disturbance,OF-MPC,280,-12.16106087489086,
offset_free_mpc_disturbance,OF-MPC,281,-12.157353248681366,
offset_free_mpc_disturbance,OF-MPC,282,-12.153191933437093,
offset_free_mpc_disturbance,OF-MPC,283,-12.149554756867838,
offset_free_mpc_disturbance,OF-MPC,284,-12.14607356045456,
offset_free_mpc_disturbance,OF-MPC,285,-12.142097961105147,
offset_free_mpc_disturbance,OF-MPC,286,-12.13934580274029,
offset_free_mpc_disturbance,OF-MPC,287,-12.135578907783207,
offset_free_mpc_disturbance,OF-MPC,288,-12.131810286997906,
offset_free_mpc_disturbance,OF-MPC,289,-12.12825952459994,
offset_free_mpc_disturbance,OF-MPC,290,-12.124812340821451,
offset_free_mpc_disturbance,OF-MPC,291,-12.120977135438414,
offset_free_mpc_disturbance,OF-MPC,292,-12.117445810516934,
offset_free_mpc_disturbance,OF-MPC,293,-12.113875036783938,
offset_free_mpc_disturbance,OF-MPC,294,-12.110467481274426,
offset_free_mpc_disturbance,OF-MPC,295,-12.107253360445416,
offset_free_mpc_disturbance,OF-MPC,296,-12.103858755411352,
offset_free_mpc_disturbance,OF-MPC,297,-12.10008462954064,
offset_free_mpc_disturbance,OF-MPC,298,-12.09686035314626,
offset_free_mpc_disturbance,OF-MPC,299,-12.093021609397228,
offset_free_mpc_disturbance,OF-MPC,300,-12.089039557722485,
online_lmpc_pretrained_gate,LMPC PT + gate,1,-9.60030230329454,0.3292903762638641
online_lmpc_pretrained_gate,LMPC PT + gate,2,-12.560966333961652,0.37965358039638
online_lmpc_pretrained_gate,LMPC PT + gate,3,-12.5760236042729,0.3797986832517869
online_lmpc_pretrained_gate,LMPC PT + gate,4,-12.575334120872853,0.3799301738987763
online_lmpc_pretrained_gate,LMPC PT + gate,5,-12.578880633713323,0.3797439799190004
online_lmpc_pretrained_gate,LMPC PT + gate,6,-12.551794765997448,0.3795293523053518
online_lmpc_pretrained_gate,LMPC PT + gate,7,-12.571329404075804,0.379849472258596
online_lmpc_pretrained_gate,LMPC PT + gate,8,-12.561959100189735,0.379553780269083
online_lmpc_pretrained_gate,LMPC PT + gate,9,-12.56045493531783,0.3794685732462342
online_lmpc_pretrained_gate,LMPC PT + gate,10,-12.549469083004947,0.3794448281718644
online_lmpc_pretrained_gate,LMPC PT + gate,11,-12.565105106788929,0.3796666625956115
online_lmpc_pretrained_gate,LMPC PT + gate,12,-12.574852876775362,0.3797771045703571
online_lmpc_pretrained_gate,LMPC PT + gate,13,-12.55673719338692,0.3795224113381382
online_lmpc_pretrained_gate,LMPC PT + gate,14,-12.59014371359955,0.3800336621410032
online_lmpc_pretrained_gate,LMPC PT + gate,15,-12.58608237432192,0.3799745814695145
online_lmpc_pretrained_gate,LMPC PT + gate,16,-12.588750125929971,0.3799468499147829
online_lmpc_pretrained_gate,LMPC PT + gate,17,-12.5830485606664,0.3799684764617265
online_lmpc_pretrained_gate,LMPC PT + gate,18,-12.566458093366146,0.379766755088448
online_lmpc_pretrained_gate,LMPC PT + gate,19,-12.572363275674984,0.3798586172439274
online_lmpc_pretrained_gate,LMPC PT + gate,20,-12.571626311690824,0.3798642251665519
online_lmpc_pretrained_gate,LMPC PT + gate,21,-12.57389532206505,0.3799136179393211
online_lmpc_pretrained_gate,LMPC PT + gate,22,-12.57429956028051,0.3799559366449399
online_lmpc_pretrained_gate,LMPC PT + gate,23,-12.608209547278012,0.3805670560923415
online_lmpc_pretrained_gate,LMPC PT + gate,24,-12.4642534237006,0.3777270649983899
online_lmpc_pretrained_gate,LMPC PT + gate,25,-13.277668388263764,0.3922641699752522
online_lmpc_pretrained_gate,LMPC PT + gate,26,-14.768270247811897,0.4147279137999928
online_lmpc_pretrained_gate,LMPC PT + gate,27,-12.78836413109214,0.386123783686747
online_lmpc_pretrained_gate,LMPC PT + gate,28,-11.842570273461554,0.3672692132608243
online_lmpc_pretrained_gate,LMPC PT + gate,29,-29.193572767370515,0.5981072342170022
online_lmpc_pretrained_gate,LMPC PT + gate,30,-13.507067386875155,0.4127812602525574
online_lmpc_pretrained_gate,LMPC PT + gate,31,-58.17446307492203,1.0728467252985658
online_lmpc_pretrained_gate,LMPC PT + gate,32,-7.109582185412723,0.2616164838051077
online_lmpc_pretrained_gate,LMPC PT + gate,33,-5.687075246076574,0.1822640944081427
online_lmpc_pretrained_gate,LMPC PT + gate,34,-6.820650055643166,0.237021744080546
online_lmpc_pretrained_gate,LMPC PT + gate,35,-6.7808059437792005,0.2232052650916918
online_lmpc_pretrained_gate,LMPC PT + gate,36,-6.196090575630827,0.2140504517300707
online_lmpc_pretrained_gate,LMPC PT + gate,37,-5.803309281187488,0.2075820328427447
online_lmpc_pretrained_gate,LMPC PT + gate,38,-6.175141723795146,0.2401868688305269
online_lmpc_pretrained_gate,LMPC PT + gate,39,-6.233936873752358,0.2462575306134858
online_lmpc_pretrained_gate,LMPC PT + gate,40,-6.059385533431096,0.2397358760783702
online_lmpc_pretrained_gate,LMPC PT + gate,41,-6.587173485153426,0.240462350042183
online_lmpc_pretrained_gate,LMPC PT + gate,42,-6.296233504662852,0.2437148316949274
online_lmpc_pretrained_gate,LMPC PT + gate,43,-6.556686709788962,0.2560879485055481
online_lmpc_pretrained_gate,LMPC PT + gate,44,-5.970525728173506,0.245223049453249
online_lmpc_pretrained_gate,LMPC PT + gate,45,-5.042942226927837,0.2232734830669215
online_lmpc_pretrained_gate,LMPC PT + gate,46,-5.975686883599071,0.252921163316173
online_lmpc_pretrained_gate,LMPC PT + gate,47,-5.138313371094181,0.2291017463580136
online_lmpc_pretrained_gate,LMPC PT + gate,48,-5.082449249711609,0.2248970821920304
online_lmpc_pretrained_gate,LMPC PT + gate,49,-5.208205940320898,0.2247956738840885
online_lmpc_pretrained_gate,LMPC PT + gate,50,-5.011894212806469,0.2252962599162898
online_lmpc_pretrained_gate,LMPC PT + gate,51,-5.835202395083645,0.2391707279021309
online_lmpc_pretrained_gate,LMPC PT + gate,52,-5.943922873037236,0.2484623043982873
online_lmpc_pretrained_gate,LMPC PT + gate,53,-6.048761916468171,0.2466603412141136
online_lmpc_pretrained_gate,LMPC PT + gate,54,-6.164847229393863,0.2433336655232422
online_lmpc_pretrained_gate,LMPC PT + gate,55,-5.85922440421554,0.2427462357375282
online_lmpc_pretrained_gate,LMPC PT + gate,56,-6.024255408462266,0.2437396238102568
online_lmpc_pretrained_gate,LMPC PT + gate,57,-5.8765851365167565,0.2399474694632164
online_lmpc_pretrained_gate,LMPC PT + gate,58,-6.09687703728043,0.2354532776076984
online_lmpc_pretrained_gate,LMPC PT + gate,59,-5.8499293115231605,0.2325425623101521
online_lmpc_pretrained_gate,LMPC PT + gate,60,-5.925551072889939,0.2296835350947516
online_lmpc_pretrained_gate,LMPC PT + gate,61,-6.130841168453138,0.2310566201511419
online_lmpc_pretrained_gate,LMPC PT + gate,62,-7.007604677220245,0.2604529186476029
online_lmpc_pretrained_gate,LMPC PT + gate,63,-5.7547367495628405,0.2301572633113883
online_lmpc_pretrained_gate,LMPC PT + gate,64,-5.455592567730528,0.2124950464240836
online_lmpc_pretrained_gate,LMPC PT + gate,65,-5.612213857750641,0.224714811333668
online_lmpc_pretrained_gate,LMPC PT + gate,66,-4.882824148570888,0.2045862709781382
online_lmpc_pretrained_gate,LMPC PT + gate,67,-5.719762506836588,0.2274346395158694
online_lmpc_pretrained_gate,LMPC PT + gate,68,-5.131803087459489,0.2136882377749627
online_lmpc_pretrained_gate,LMPC PT + gate,69,-5.157555084091201,0.2157659791346167
online_lmpc_pretrained_gate,LMPC PT + gate,70,-6.278889177352554,0.2404196337750032
online_lmpc_pretrained_gate,LMPC PT + gate,71,-4.855994603221024,0.2026417665510889
online_lmpc_pretrained_gate,LMPC PT + gate,72,-5.124524499137192,0.2032615932500521
online_lmpc_pretrained_gate,LMPC PT + gate,73,-6.323283074854106,0.2230276456185397
online_lmpc_pretrained_gate,LMPC PT + gate,74,-5.450519141191678,0.2073920761929416
online_lmpc_pretrained_gate,LMPC PT + gate,75,-6.212780355978692,0.2188366844533756
online_lmpc_pretrained_gate,LMPC PT + gate,76,-5.877225000410731,0.2006813437921814
online_lmpc_pretrained_gate,LMPC PT + gate,77,-5.476894236243713,0.1988484604551666
online_lmpc_pretrained_gate,LMPC PT + gate,78,-5.131112974706011,0.1789546418005483
online_lmpc_pretrained_gate,LMPC PT + gate,79,-5.842836769735759,0.1933312958630704
online_lmpc_pretrained_gate,LMPC PT + gate,80,-5.684648126329639,0.1914511422462562
online_lmpc_pretrained_gate,LMPC PT + gate,81,-5.8486254602204815,0.1960983044461413
online_lmpc_pretrained_gate,LMPC PT + gate,82,-5.19938713819399,0.1879329580346163
online_lmpc_pretrained_gate,LMPC PT + gate,83,-4.821969252676388,0.169190033394869
online_lmpc_pretrained_gate,LMPC PT + gate,84,-4.748525820731568,0.1781226817415149
online_lmpc_pretrained_gate,LMPC PT + gate,85,-5.509052997763804,0.1969006022258051
online_lmpc_pretrained_gate,LMPC PT + gate,86,-4.727349838211742,0.172897888981395
online_lmpc_pretrained_gate,LMPC PT + gate,87,-5.138099231315639,0.178087887902505
online_lmpc_pretrained_gate,LMPC PT + gate,88,-5.55597530748978,0.1855980536608259
online_lmpc_pretrained_gate,LMPC PT + gate,89,-5.613553233746245,0.1914799417413838
online_lmpc_pretrained_gate,LMPC PT + gate,90,-5.6545118084088015,0.1822575573347363
online_lmpc_pretrained_gate,LMPC PT + gate,91,-5.6858513720022525,0.1905324756138696
online_lmpc_pretrained_gate,LMPC PT + gate,92,-5.038136802722916,0.1706024456381658
online_lmpc_pretrained_gate,LMPC PT + gate,93,-5.019150672557905,0.1784924932915488
online_lmpc_pretrained_gate,LMPC PT + gate,94,-4.864412715947252,0.170360695376995
online_lmpc_pretrained_gate,LMPC PT + gate,95,-5.4159747419070845,0.1866307959954031
online_lmpc_pretrained_gate,LMPC PT + gate,96,-5.273104977529767,0.1743799689520699
online_lmpc_pretrained_gate,LMPC PT + gate,97,-6.167527619064388,0.1971286882242271
online_lmpc_pretrained_gate,LMPC PT + gate,98,-4.551217752001163,0.1679543799262856
online_lmpc_pretrained_gate,LMPC PT + gate,99,-5.045276507392988,0.1815461370836402
online_lmpc_pretrained_gate,LMPC PT + gate,100,-5.061872216531724,0.1679229376673748
online_lmpc_pretrained_gate,LMPC PT + gate,101,-4.99703295343692,0.1674183674750341
online_lmpc_pretrained_gate,LMPC PT + gate,102,-5.572598721058628,0.1926426297064142
online_lmpc_pretrained_gate,LMPC PT + gate,103,-5.857090685113981,0.1939714803487474
online_lmpc_pretrained_gate,LMPC PT + gate,104,-5.765457284331831,0.2006881495982984
online_lmpc_pretrained_gate,LMPC PT + gate,105,-5.900076571464021,0.2006193200444964
online_lmpc_pretrained_gate,LMPC PT + gate,106,-5.288330230168617,0.186081177075284
online_lmpc_pretrained_gate,LMPC PT + gate,107,-5.11279510466245,0.1941226249190288
online_lmpc_pretrained_gate,LMPC PT + gate,108,-6.5056388850354425,0.2117659459169445
online_lmpc_pretrained_gate,LMPC PT + gate,109,-5.7541167510056095,0.1991960947907916
online_lmpc_pretrained_gate,LMPC PT + gate,110,-5.464749555085481,0.1988290344002831
online_lmpc_pretrained_gate,LMPC PT + gate,111,-4.548157677073638,0.1710610283090027
online_lmpc_pretrained_gate,LMPC PT + gate,112,-6.064030328801604,0.2075926978049255
online_lmpc_pretrained_gate,LMPC PT + gate,113,-5.364249911323598,0.1910999748968957
online_lmpc_pretrained_gate,LMPC PT + gate,114,-4.609951293170057,0.1698325030887814
online_lmpc_pretrained_gate,LMPC PT + gate,115,-6.407974543740334,0.220328347201081
online_lmpc_pretrained_gate,LMPC PT + gate,116,-5.27037872298416,0.179639059948167
online_lmpc_pretrained_gate,LMPC PT + gate,117,-4.743958985272315,0.1726970747490479
online_lmpc_pretrained_gate,LMPC PT + gate,118,-5.596343533013258,0.1994008332825554
online_lmpc_pretrained_gate,LMPC PT + gate,119,-4.963673049532457,0.1769137054650303
online_lmpc_pretrained_gate,LMPC PT + gate,120,-4.863219108125033,0.1712744849643179
online_lmpc_pretrained_gate,LMPC PT + gate,121,-7.039733545160301,0.2261241673661892
online_lmpc_pretrained_gate,LMPC PT + gate,122,-4.4976106132270175,0.1630514340523162
online_lmpc_pretrained_gate,LMPC PT + gate,123,-4.913145745033386,0.1699330531771058
online_lmpc_pretrained_gate,LMPC PT + gate,124,-4.423780790103127,0.1742178767501169
online_lmpc_pretrained_gate,LMPC PT + gate,125,-5.461013532161968,0.2020541011541823
online_lmpc_pretrained_gate,LMPC PT + gate,126,-4.998637941486357,0.1843869507374748
online_lmpc_pretrained_gate,LMPC PT + gate,127,-5.085907257212402,0.1926897407343176
online_lmpc_pretrained_gate,LMPC PT + gate,128,-4.555179280834441,0.1723409171204772
online_lmpc_pretrained_gate,LMPC PT + gate,129,-4.277572898201408,0.1656478839739782
online_lmpc_pretrained_gate,LMPC PT + gate,130,-4.2126412138671405,0.1652029483708752
online_lmpc_pretrained_gate,LMPC PT + gate,131,-5.224614369787466,0.1937557386485985
online_lmpc_pretrained_gate,LMPC PT + gate,132,-4.282993950360948,0.1717920523698307
online_lmpc_pretrained_gate,LMPC PT + gate,133,-4.295355812318306,0.1665881955408611
online_lmpc_pretrained_gate,LMPC PT + gate,134,-5.469215058359655,0.1969240976235159
online_lmpc_pretrained_gate,LMPC PT + gate,135,-5.105488978212727,0.19234756786953
online_lmpc_pretrained_gate,LMPC PT + gate,136,-6.08872184700253,0.2223070428290277
online_lmpc_pretrained_gate,LMPC PT + gate,137,-5.241156562894244,0.1974623233611863
online_lmpc_pretrained_gate,LMPC PT + gate,138,-5.743231049213693,0.2026443551364208
online_lmpc_pretrained_gate,LMPC PT + gate,139,-5.871320792701203,0.210452904682733
online_lmpc_pretrained_gate,LMPC PT + gate,140,-4.362240780495784,0.1690309451530546
online_lmpc_pretrained_gate,LMPC PT + gate,141,-4.295569575815318,0.1702414004574398
online_lmpc_pretrained_gate,LMPC PT + gate,142,-4.8042457356557975,0.1847198619611551
online_lmpc_pretrained_gate,LMPC PT + gate,143,-6.35351776134592,0.2204819254082376
online_lmpc_pretrained_gate,LMPC PT + gate,144,-4.853951923765575,0.1732062312204815
online_lmpc_pretrained_gate,LMPC PT + gate,145,-5.024675713928556,0.1786421406633188
online_lmpc_pretrained_gate,LMPC PT + gate,146,-4.541255254770776,0.1793051227688408
online_lmpc_pretrained_gate,LMPC PT + gate,147,-6.4330866688998105,0.2133210529250693
online_lmpc_pretrained_gate,LMPC PT + gate,148,-4.669049319395624,0.1894340675106895
online_lmpc_pretrained_gate,LMPC PT + gate,149,-5.22718268082735,0.1942724397038071
online_lmpc_pretrained_gate,LMPC PT + gate,150,-6.009330285672836,0.2199469077230894
online_lmpc_pretrained_gate,LMPC PT + gate,151,-5.498064715688095,0.1999484462882417
online_lmpc_pretrained_gate,LMPC PT + gate,152,-4.89408618555808,0.1826878718575827
online_lmpc_pretrained_gate,LMPC PT + gate,153,-4.42235294336655,0.1704414308020679
online_lmpc_pretrained_gate,LMPC PT + gate,154,-5.550047315460432,0.2030301140056038
online_lmpc_pretrained_gate,LMPC PT + gate,155,-5.926822889742925,0.2109451690933623
online_lmpc_pretrained_gate,LMPC PT + gate,156,-4.7352265564669285,0.178186374524677
online_lmpc_pretrained_gate,LMPC PT + gate,157,-5.695732584301084,0.1885020212324814
online_lmpc_pretrained_gate,LMPC PT + gate,158,-5.091871817529036,0.1798039760890729
online_lmpc_pretrained_gate,LMPC PT + gate,159,-6.205573361445936,0.2140203546398919
online_lmpc_pretrained_gate,LMPC PT + gate,160,-5.058409029037534,0.1734067741951461
online_lmpc_pretrained_gate,LMPC PT + gate,161,-4.299228014625194,0.1604572152121765
online_lmpc_pretrained_gate,LMPC PT + gate,162,-5.889234327392055,0.1953058259883663
online_lmpc_pretrained_gate,LMPC PT + gate,163,-4.56525521339062,0.1668500073621911
online_lmpc_pretrained_gate,LMPC PT + gate,164,-5.546815450669711,0.1958058591834395
online_lmpc_pretrained_gate,LMPC PT + gate,165,-5.135021214585286,0.1719444385222339
online_lmpc_pretrained_gate,LMPC PT + gate,166,-5.065316149748686,0.1829395440589949
online_lmpc_pretrained_gate,LMPC PT + gate,167,-5.830421332418781,0.1964978182341472
online_lmpc_pretrained_gate,LMPC PT + gate,168,-5.940286413590382,0.2000808331515792
online_lmpc_pretrained_gate,LMPC PT + gate,169,-5.2578003461273655,0.16889782907892
online_lmpc_pretrained_gate,LMPC PT + gate,170,-6.980461355422754,0.2234224398456245
online_lmpc_pretrained_gate,LMPC PT + gate,171,-4.419107725156943,0.1619148871695255
online_lmpc_pretrained_gate,LMPC PT + gate,172,-4.642894680067405,0.1660820037812806
online_lmpc_pretrained_gate,LMPC PT + gate,173,-4.140253230717166,0.1570669189477567
online_lmpc_pretrained_gate,LMPC PT + gate,174,-4.102819746516798,0.1590950719990286
online_lmpc_pretrained_gate,LMPC PT + gate,175,-5.294619750707516,0.1879536893667046
online_lmpc_pretrained_gate,LMPC PT + gate,176,-4.9593280089164224,0.176772758522613
online_lmpc_pretrained_gate,LMPC PT + gate,177,-4.924552953934554,0.1754109884128294
online_lmpc_pretrained_gate,LMPC PT + gate,178,-4.879049818064861,0.1641837744078329
online_lmpc_pretrained_gate,LMPC PT + gate,179,-5.345502673977631,0.1916218574175263
online_lmpc_pretrained_gate,LMPC PT + gate,180,-5.3222742588230885,0.1877067324573427
online_lmpc_pretrained_gate,LMPC PT + gate,181,-4.71306746652071,0.1641468377960989
online_lmpc_pretrained_gate,LMPC PT + gate,182,-5.374631360570252,0.1872802408219925
online_lmpc_pretrained_gate,LMPC PT + gate,183,-5.921531314931541,0.1921624762540888
online_lmpc_pretrained_gate,LMPC PT + gate,184,-5.288076998544162,0.179601977327501
online_lmpc_pretrained_gate,LMPC PT + gate,185,-4.295196829020569,0.1593148291810805
online_lmpc_pretrained_gate,LMPC PT + gate,186,-4.588242431967204,0.1541810197524
online_lmpc_pretrained_gate,LMPC PT + gate,187,-6.087559951945755,0.1951880922290477
online_lmpc_pretrained_gate,LMPC PT + gate,188,-4.428971719982628,0.1597567778249161
online_lmpc_pretrained_gate,LMPC PT + gate,189,-6.375494055402071,0.208493749205578
online_lmpc_pretrained_gate,LMPC PT + gate,190,-5.82641641537975,0.1909678620527207
online_lmpc_pretrained_gate,LMPC PT + gate,191,-4.79334756354172,0.1622197365970822
online_lmpc_pretrained_gate,LMPC PT + gate,192,-5.777133968165162,0.1951854279627693
online_lmpc_pretrained_gate,LMPC PT + gate,193,-4.903283162446019,0.1754447588020732
online_lmpc_pretrained_gate,LMPC PT + gate,194,-5.201426650478476,0.1634451071453338
online_lmpc_pretrained_gate,LMPC PT + gate,195,-4.168726812057109,0.1582766408899294
online_lmpc_pretrained_gate,LMPC PT + gate,196,-4.691104874959492,0.1578627457781296
online_lmpc_pretrained_gate,LMPC PT + gate,197,-5.24241771562765,0.1888730621750652
online_lmpc_pretrained_gate,LMPC PT + gate,198,-5.435734014250436,0.1727024565313746
online_lmpc_pretrained_gate,LMPC PT + gate,199,-5.528722730903428,0.1812495860349124
online_lmpc_pretrained_gate,LMPC PT + gate,200,-4.503468308580835,0.1589739412978688
online_lmpc_pretrained_gate,LMPC PT + gate,201,-4.7313517460061325,0.1617226620676614
online_lmpc_pretrained_gate,LMPC PT + gate,202,-4.722992465906495,0.1595296869586265
online_lmpc_pretrained_gate,LMPC PT + gate,203,-4.862450520584568,0.1556269724373022
online_lmpc_pretrained_gate,LMPC PT + gate,204,-6.021069882367812,0.1862683924462831
online_lmpc_pretrained_gate,LMPC PT + gate,205,-4.783184485887697,0.161495354590974
online_lmpc_pretrained_gate,LMPC PT + gate,206,-5.089199480663835,0.1707078281969192
online_lmpc_pretrained_gate,LMPC PT + gate,207,-5.665557152861969,0.1946011295991581
online_lmpc_pretrained_gate,LMPC PT + gate,208,-6.560681270026836,0.2129672572761496
online_lmpc_pretrained_gate,LMPC PT + gate,209,-5.80868439144223,0.1924688350579566
online_lmpc_pretrained_gate,LMPC PT + gate,210,-5.370556013630313,0.1805773510449379
online_lmpc_pretrained_gate,LMPC PT + gate,211,-4.803006516492143,0.1616771836768429
online_lmpc_pretrained_gate,LMPC PT + gate,212,-4.3044363664722844,0.1603124871859564
online_lmpc_pretrained_gate,LMPC PT + gate,213,-5.125268805628752,0.1786105502121704
online_lmpc_pretrained_gate,LMPC PT + gate,214,-5.301248425360168,0.1913360427834703
online_lmpc_pretrained_gate,LMPC PT + gate,215,-4.363609778092293,0.1629665459608699
online_lmpc_pretrained_gate,LMPC PT + gate,216,-4.479745005792848,0.1604819188541244
online_lmpc_pretrained_gate,LMPC PT + gate,217,-5.227142481607096,0.1644611852083028
online_lmpc_pretrained_gate,LMPC PT + gate,218,-4.715661078805596,0.1653287003630189
online_lmpc_pretrained_gate,LMPC PT + gate,219,-4.658010035507881,0.1751325338081392
online_lmpc_pretrained_gate,LMPC PT + gate,220,-4.7923170206904375,0.1670157340847163
online_lmpc_pretrained_gate,LMPC PT + gate,221,-5.276488276146389,0.1907177573986256
online_lmpc_pretrained_gate,LMPC PT + gate,222,-4.19348270730032,0.1572629158407743
online_lmpc_pretrained_gate,LMPC PT + gate,223,-5.458277192171804,0.1947392177331294
online_lmpc_pretrained_gate,LMPC PT + gate,224,-5.2556947081069385,0.1919616565951247
online_lmpc_pretrained_gate,LMPC PT + gate,225,-5.231061209439206,0.1911555103559365
online_lmpc_pretrained_gate,LMPC PT + gate,226,-5.417092026982209,0.1917786674969288
online_lmpc_pretrained_gate,LMPC PT + gate,227,-4.744920435662089,0.176276899491233
online_lmpc_pretrained_gate,LMPC PT + gate,228,-4.354034343179158,0.1628248382606907
online_lmpc_pretrained_gate,LMPC PT + gate,229,-5.277815509031349,0.188934776547624
online_lmpc_pretrained_gate,LMPC PT + gate,230,-5.988821169529883,0.2074844825856668
online_lmpc_pretrained_gate,LMPC PT + gate,231,-4.473471195455436,0.1637059421266322
online_lmpc_pretrained_gate,LMPC PT + gate,232,-4.530228555298682,0.1644348807332281
online_lmpc_pretrained_gate,LMPC PT + gate,233,-4.823633630434191,0.1709302724297307
online_lmpc_pretrained_gate,LMPC PT + gate,234,-5.306118772359778,0.1679575521335365
online_lmpc_pretrained_gate,LMPC PT + gate,235,-4.8559927139177015,0.1624019133996981
online_lmpc_pretrained_gate,LMPC PT + gate,236,-4.818382792629532,0.1632645760310783
online_lmpc_pretrained_gate,LMPC PT + gate,237,-4.832431897104369,0.1774776835697014
online_lmpc_pretrained_gate,LMPC PT + gate,238,-4.617023799294287,0.1627164716683993
online_lmpc_pretrained_gate,LMPC PT + gate,239,-4.588673821485468,0.1693785779286235
online_lmpc_pretrained_gate,LMPC PT + gate,240,-4.459421596551311,0.16342020997497
online_lmpc_pretrained_gate,LMPC PT + gate,241,-5.022021742989881,0.1707977693734581
online_lmpc_pretrained_gate,LMPC PT + gate,242,-5.361980974394202,0.190220427186528
online_lmpc_pretrained_gate,LMPC PT + gate,243,-4.871911190986125,0.164761879115445
online_lmpc_pretrained_gate,LMPC PT + gate,244,-4.8321338722243175,0.1666602269291363
online_lmpc_pretrained_gate,LMPC PT + gate,245,-5.758975114717503,0.2002001929163461
online_lmpc_pretrained_gate,LMPC PT + gate,246,-5.814090859081646,0.1931122607013284
online_lmpc_pretrained_gate,LMPC PT + gate,247,-5.84675133997709,0.1961373106155086
online_lmpc_pretrained_gate,LMPC PT + gate,248,-6.209851325944943,0.2035339348635486
online_lmpc_pretrained_gate,LMPC PT + gate,249,-4.534867294924495,0.1630523437144338
online_lmpc_pretrained_gate,LMPC PT + gate,250,-4.251871779114953,0.1595691899515761
online_lmpc_pretrained_gate,LMPC PT + gate,251,-4.601446638239102,0.1707701715041758
online_lmpc_pretrained_gate,LMPC PT + gate,252,-4.248950140838522,0.1626971238606205
online_lmpc_pretrained_gate,LMPC PT + gate,253,-4.545239090165147,0.1629729656714005
online_lmpc_pretrained_gate,LMPC PT + gate,254,-4.939846288587055,0.1627220532569414
online_lmpc_pretrained_gate,LMPC PT + gate,255,-5.212088947296411,0.1819930208043926
online_lmpc_pretrained_gate,LMPC PT + gate,256,-5.636332278722303,0.1953673014446806
online_lmpc_pretrained_gate,LMPC PT + gate,257,-5.486961504425844,0.193508344143909
online_lmpc_pretrained_gate,LMPC PT + gate,258,-5.283412399935475,0.1915524612506935
online_lmpc_pretrained_gate,LMPC PT + gate,259,-4.7737340914205015,0.1690719078726881
online_lmpc_pretrained_gate,LMPC PT + gate,260,-4.638307213559004,0.1647215520930152
online_lmpc_pretrained_gate,LMPC PT + gate,261,-6.144746386582223,0.1994082526040545
online_lmpc_pretrained_gate,LMPC PT + gate,262,-5.084835510101755,0.1797372014548401
online_lmpc_pretrained_gate,LMPC PT + gate,263,-5.147035261711983,0.1709812920988548
online_lmpc_pretrained_gate,LMPC PT + gate,264,-6.678520749546794,0.2029295449702861
online_lmpc_pretrained_gate,LMPC PT + gate,265,-5.057583479952669,0.1756939588766727
online_lmpc_pretrained_gate,LMPC PT + gate,266,-5.088804178342016,0.1831068807093061
online_lmpc_pretrained_gate,LMPC PT + gate,267,-6.0835465952885945,0.1931632397693171
online_lmpc_pretrained_gate,LMPC PT + gate,268,-6.368009973779635,0.2170250263370173
online_lmpc_pretrained_gate,LMPC PT + gate,269,-5.639259143981222,0.201715018061023
online_lmpc_pretrained_gate,LMPC PT + gate,270,-6.081947034494054,0.2009595532384231
online_lmpc_pretrained_gate,LMPC PT + gate,271,-5.918731813556682,0.1946618147391255
online_lmpc_pretrained_gate,LMPC PT + gate,272,-6.189351123060458,0.201106401416531
online_lmpc_pretrained_gate,LMPC PT + gate,273,-4.520635803537146,0.1784138919138083
online_lmpc_pretrained_gate,LMPC PT + gate,274,-4.410279977023045,0.1608263438144306
online_lmpc_pretrained_gate,LMPC PT + gate,275,-4.641722567390849,0.1650408109517044
online_lmpc_pretrained_gate,LMPC PT + gate,276,-4.387839406069714,0.1605429421761117
online_lmpc_pretrained_gate,LMPC PT + gate,277,-5.326061423779175,0.1771638278474874
online_lmpc_pretrained_gate,LMPC PT + gate,278,-5.01484750864975,0.1686948865925308
online_lmpc_pretrained_gate,LMPC PT + gate,279,-4.66786959920583,0.1700872848701997
online_lmpc_pretrained_gate,LMPC PT + gate,280,-5.03519190200933,0.1815495709056284
online_lmpc_pretrained_gate,LMPC PT + gate,281,-6.371166608798631,0.2016371307371564
online_lmpc_pretrained_gate,LMPC PT + gate,282,-4.950096931002104,0.1690456212866951
online_lmpc_pretrained_gate,LMPC PT + gate,283,-5.168215086280359,0.1815437491819303
online_lmpc_pretrained_gate,LMPC PT + gate,284,-4.871181395935939,0.1722688080924192
online_lmpc_pretrained_gate,LMPC PT + gate,285,-5.887107410503594,0.1962643463822118
online_lmpc_pretrained_gate,LMPC PT + gate,286,-4.484406955549791,0.1646158779499875
online_lmpc_pretrained_gate,LMPC PT + gate,287,-5.854611371974013,0.1999725688353165
online_lmpc_pretrained_gate,LMPC PT + gate,288,-4.584284234003178,0.1619249396387424
online_lmpc_pretrained_gate,LMPC PT + gate,289,-4.833580386469709,0.1685869081300373
online_lmpc_pretrained_gate,LMPC PT + gate,290,-4.236821375713759,0.1551690356648258
online_lmpc_pretrained_gate,LMPC PT + gate,291,-4.660712169266698,0.1675125775776525
online_lmpc_pretrained_gate,LMPC PT + gate,292,-5.94624215690486,0.1934254104633496
online_lmpc_pretrained_gate,LMPC PT + gate,293,-5.251236554738138,0.1897075216468737
online_lmpc_pretrained_gate,LMPC PT + gate,294,-4.814201035739863,0.1764198624199131
online_lmpc_pretrained_gate,LMPC PT + gate,295,-4.622208568308621,0.1683331837296629
online_lmpc_pretrained_gate,LMPC PT + gate,296,-4.531817314058952,0.1701995157158475
online_lmpc_pretrained_gate,LMPC PT + gate,297,-4.546188552274711,0.1651133759951263
online_lmpc_pretrained_gate,LMPC PT + gate,298,-4.932985350626159,0.178846456843961
online_lmpc_pretrained_gate,LMPC PT + gate,299,-4.892253014361642,0.1805427475270435
online_lmpc_pretrained_gate,LMPC PT + gate,300,-5.146289678378648,0.1872364741067494
online_lmpc_pretrained_no_gate,LMPC PT no gate,1,-9.601190803945872,0.3293163419601692
online_lmpc_pretrained_no_gate,LMPC PT no gate,2,-12.562342412513608,0.3796881104261247
online_lmpc_pretrained_no_gate,LMPC PT no gate,3,-12.576669689113432,0.3798132708075821
online_lmpc_pretrained_no_gate,LMPC PT no gate,4,-12.57552718253318,0.3799336294395614
online_lmpc_pretrained_no_gate,LMPC PT no gate,5,-12.578989826480456,0.3797441390491964
online_lmpc_pretrained_no_gate,LMPC PT no gate,6,-12.552937196810513,0.3795583755902644
online_lmpc_pretrained_no_gate,LMPC PT no gate,7,-12.573131125230647,0.3798945234010531
online_lmpc_pretrained_no_gate,LMPC PT no gate,8,-12.562885527967191,0.3795774936381852
online_lmpc_pretrained_no_gate,LMPC PT no gate,9,-12.56111148909492,0.3794829434266451
online_lmpc_pretrained_no_gate,LMPC PT no gate,10,-12.550231557460409,0.3794634967746448
online_lmpc_pretrained_no_gate,LMPC PT no gate,11,-12.565784419631392,0.379681438024724
online_lmpc_pretrained_no_gate,LMPC PT no gate,12,-12.575710455599683,0.3798001710454588
online_lmpc_pretrained_no_gate,LMPC PT no gate,13,-12.558035540566712,0.3795539822686259
online_lmpc_pretrained_no_gate,LMPC PT no gate,14,-12.59190684837074,0.3800761004056534
online_lmpc_pretrained_no_gate,LMPC PT no gate,15,-12.587053181337996,0.3799991834846182
online_lmpc_pretrained_no_gate,LMPC PT no gate,16,-12.589229777701275,0.3799581721318018
online_lmpc_pretrained_no_gate,LMPC PT no gate,17,-12.584157782761068,0.3799954898603411
online_lmpc_pretrained_no_gate,LMPC PT no gate,18,-12.567344405335,0.3797871610369603
online_lmpc_pretrained_no_gate,LMPC PT no gate,19,-12.573604311729138,0.37988922261356
online_lmpc_pretrained_no_gate,LMPC PT no gate,20,-12.573123988744776,0.3799021951450676
online_lmpc_pretrained_no_gate,LMPC PT no gate,21,-12.576468384287413,0.3799579982036971
online_lmpc_pretrained_no_gate,LMPC PT no gate,22,-12.578543800183663,0.3799834897058677
online_lmpc_pretrained_no_gate,LMPC PT no gate,23,-12.613601220667125,0.3805265095165767
online_lmpc_pretrained_no_gate,LMPC PT no gate,24,-12.4769037046181,0.3778922040985708
online_lmpc_pretrained_no_gate,LMPC PT no gate,25,-12.43508384558233,0.3771978114677773
online_lmpc_pretrained_no_gate,LMPC PT no gate,26,-12.797506265128789,0.3842078847737071
online_lmpc_pretrained_no_gate,LMPC PT no gate,27,-12.617712894633137,0.3811675819394732
online_lmpc_pretrained_no_gate,LMPC PT no gate,28,-13.179612769450523,0.3887225582795066
online_lmpc_pretrained_no_gate,LMPC PT no gate,29,-12.682216002725603,0.3800701509683942
online_lmpc_pretrained_no_gate,LMPC PT no gate,30,-12.61962299220368,0.3833749929597552
online_lmpc_pretrained_no_gate,LMPC PT no gate,31,-54.74990791360597,0.9678097002924476
online_lmpc_pretrained_no_gate,LMPC PT no gate,32,-6.14840865721896,0.2250187612831835
online_lmpc_pretrained_no_gate,LMPC PT no gate,33,-5.888389288717824,0.2098382568565918
online_lmpc_pretrained_no_gate,LMPC PT no gate,34,-5.997361099449092,0.2262359573685132
online_lmpc_pretrained_no_gate,LMPC PT no gate,35,-10.184751536892286,0.3243845939716926
online_lmpc_pretrained_no_gate,LMPC PT no gate,36,-5.759653816032419,0.2101932041021008
online_lmpc_pretrained_no_gate,LMPC PT no gate,37,-5.885591201211883,0.2208384528626832
online_lmpc_pretrained_no_gate,LMPC PT no gate,38,-5.652837495931511,0.2170240167454881
online_lmpc_pretrained_no_gate,LMPC PT no gate,39,-5.755776063772748,0.2226966990414678
online_lmpc_pretrained_no_gate,LMPC PT no gate,40,-5.698481715508944,0.2214003841857504
online_lmpc_pretrained_no_gate,LMPC PT no gate,41,-5.603113857842267,0.216739974048391
online_lmpc_pretrained_no_gate,LMPC PT no gate,42,-5.813724266188204,0.2135097403156408
online_lmpc_pretrained_no_gate,LMPC PT no gate,43,-5.80569061649911,0.2121701941237882
online_lmpc_pretrained_no_gate,LMPC PT no gate,44,-5.707068968567665,0.2059229312869608
online_lmpc_pretrained_no_gate,LMPC PT no gate,45,-5.840034564119183,0.2061087972864349
online_lmpc_pretrained_no_gate,LMPC PT no gate,46,-5.5703815627010105,0.2141613022530822
online_lmpc_pretrained_no_gate,LMPC PT no gate,47,-5.686767519377037,0.2161589715986969
online_lmpc_pretrained_no_gate,LMPC PT no gate,48,-5.3890899525205365,0.2093670856760547
online_lmpc_pretrained_no_gate,LMPC PT no gate,49,-5.312293081667749,0.2073460121251336
online_lmpc_pretrained_no_gate,LMPC PT no gate,50,-5.352670298253483,0.2128658402100627
online_lmpc_pretrained_no_gate,LMPC PT no gate,51,-5.279003045175818,0.2097527235077088
online_lmpc_pretrained_no_gate,LMPC PT no gate,52,-5.267708191194872,0.21512617208269
online_lmpc_pretrained_no_gate,LMPC PT no gate,53,-5.219368871773229,0.2142484125798673
online_lmpc_pretrained_no_gate,LMPC PT no gate,54,-5.1892468517878285,0.2152910201743306
online_lmpc_pretrained_no_gate,LMPC PT no gate,55,-5.089047941470423,0.2139445403759864
online_lmpc_pretrained_no_gate,LMPC PT no gate,56,-4.975710209721938,0.2129278341414648
online_lmpc_pretrained_no_gate,LMPC PT no gate,57,-5.035460697857777,0.2156419205325702
online_lmpc_pretrained_no_gate,LMPC PT no gate,58,-5.059926106240412,0.2183183381676131
online_lmpc_pretrained_no_gate,LMPC PT no gate,59,-5.089639454287606,0.2210642751103202
online_lmpc_pretrained_no_gate,LMPC PT no gate,60,-5.142131379242199,0.2247461778090914
online_lmpc_pretrained_no_gate,LMPC PT no gate,61,-5.219401332666314,0.228856745728373
online_lmpc_pretrained_no_gate,LMPC PT no gate,62,-5.226724253511375,0.2269281399813542
online_lmpc_pretrained_no_gate,LMPC PT no gate,63,-5.159923605559883,0.2264538780270394
online_lmpc_pretrained_no_gate,LMPC PT no gate,64,-5.2321216433881,0.2219663955430149
online_lmpc_pretrained_no_gate,LMPC PT no gate,65,-6.940789098239207,0.2838486196384721
online_lmpc_pretrained_no_gate,LMPC PT no gate,66,-5.440224545736173,0.2412823529801592
online_lmpc_pretrained_no_gate,LMPC PT no gate,67,-5.474994284641851,0.2374926020843868
online_lmpc_pretrained_no_gate,LMPC PT no gate,68,-5.621283625253979,0.2435050669519148
online_lmpc_pretrained_no_gate,LMPC PT no gate,69,-5.323090223015769,0.2280651617580767
online_lmpc_pretrained_no_gate,LMPC PT no gate,70,-5.312823318820229,0.2252531694560962
online_lmpc_pretrained_no_gate,LMPC PT no gate,71,-5.03265090435389,0.2075052993697249
online_lmpc_pretrained_no_gate,LMPC PT no gate,72,-5.085905903282916,0.2062125463192421
online_lmpc_pretrained_no_gate,LMPC PT no gate,73,-5.075335969788385,0.2035419485308539
online_lmpc_pretrained_no_gate,LMPC PT no gate,74,-5.227803546207948,0.2161273441113142
online_lmpc_pretrained_no_gate,LMPC PT no gate,75,-5.169442669610794,0.2162867048335608
online_lmpc_pretrained_no_gate,LMPC PT no gate,76,-4.9674959540298165,0.202338504645757
online_lmpc_pretrained_no_gate,LMPC PT no gate,77,-5.093877382983304,0.209645854211521
online_lmpc_pretrained_no_gate,LMPC PT no gate,78,-5.070715516209151,0.2224860107459417
online_lmpc_pretrained_no_gate,LMPC PT no gate,79,-5.093366116990283,0.2066831178179221
online_lmpc_pretrained_no_gate,LMPC PT no gate,80,-5.318521025327169,0.2269156635253968
online_lmpc_pretrained_no_gate,LMPC PT no gate,81,-5.003578043130482,0.2094372995967362
online_lmpc_pretrained_no_gate,LMPC PT no gate,82,-5.203884429236775,0.2304990305916776
online_lmpc_pretrained_no_gate,LMPC PT no gate,83,-5.234463773771569,0.2273678916025365
online_lmpc_pretrained_no_gate,LMPC PT no gate,84,-4.547047983440439,0.1833501548124254
online_lmpc_pretrained_no_gate,LMPC PT no gate,85,-4.551201262682992,0.1847927442705381
online_lmpc_pretrained_no_gate,LMPC PT no gate,86,-4.525049935663714,0.1861417665824991
online_lmpc_pretrained_no_gate,LMPC PT no gate,87,-4.887055785306664,0.1988936372852819
online_lmpc_pretrained_no_gate,LMPC PT no gate,88,-4.867764048250167,0.1982067551809381
online_lmpc_pretrained_no_gate,LMPC PT no gate,89,-4.826557620567358,0.1981849854947422
online_lmpc_pretrained_no_gate,LMPC PT no gate,90,-4.534682605519063,0.1761373847441306
online_lmpc_pretrained_no_gate,LMPC PT no gate,91,-4.655613196361298,0.1894646400520629
online_lmpc_pretrained_no_gate,LMPC PT no gate,92,-4.387722617151999,0.1722949508828599
online_lmpc_pretrained_no_gate,LMPC PT no gate,93,-4.306244631581296,0.1695780934451468
online_lmpc_pretrained_no_gate,LMPC PT no gate,94,-4.353301016968968,0.1742736136444402
online_lmpc_pretrained_no_gate,LMPC PT no gate,95,-4.300720063228412,0.1745786442275524
online_lmpc_pretrained_no_gate,LMPC PT no gate,96,-4.32252728186186,0.1765654830761057
online_lmpc_pretrained_no_gate,LMPC PT no gate,97,-4.361478617142815,0.1749194841869655
online_lmpc_pretrained_no_gate,LMPC PT no gate,98,-4.335259166276944,0.173137145955692
online_lmpc_pretrained_no_gate,LMPC PT no gate,99,-4.158128353323072,0.1666112257068273
online_lmpc_pretrained_no_gate,LMPC PT no gate,100,-4.238465055315752,0.1678405619322339
online_lmpc_pretrained_no_gate,LMPC PT no gate,101,-4.2737136654319405,0.1679276823178605
online_lmpc_pretrained_no_gate,LMPC PT no gate,102,-4.237049839851479,0.1663998021442559
online_lmpc_pretrained_no_gate,LMPC PT no gate,103,-4.225320123429287,0.1667150582212503
online_lmpc_pretrained_no_gate,LMPC PT no gate,104,-4.263541891145628,0.1684655053850103
online_lmpc_pretrained_no_gate,LMPC PT no gate,105,-4.340247945957302,0.1711265239565705
online_lmpc_pretrained_no_gate,LMPC PT no gate,106,-4.260393965641322,0.1694874127297302
online_lmpc_pretrained_no_gate,LMPC PT no gate,107,-4.24643626823253,0.1702916939171558
online_lmpc_pretrained_no_gate,LMPC PT no gate,108,-4.244425127593793,0.1709209386209517
online_lmpc_pretrained_no_gate,LMPC PT no gate,109,-4.285272136833097,0.1726869922309997
online_lmpc_pretrained_no_gate,LMPC PT no gate,110,-4.146074688692095,0.1643789933143745
online_lmpc_pretrained_no_gate,LMPC PT no gate,111,-4.17064528743265,0.1654845160724142
online_lmpc_pretrained_no_gate,LMPC PT no gate,112,-4.196598470560867,0.16549247093796
online_lmpc_pretrained_no_gate,LMPC PT no gate,113,-4.219355318827331,0.1673252369932251
online_lmpc_pretrained_no_gate,LMPC PT no gate,114,-4.200976078676385,0.1654622813119076
online_lmpc_pretrained_no_gate,LMPC PT no gate,115,-4.161506199788959,0.1642703753788378
online_lmpc_pretrained_no_gate,LMPC PT no gate,116,-4.152524570288327,0.1608340457885151
online_lmpc_pretrained_no_gate,LMPC PT no gate,117,-4.18999583660793,0.1634569438062434
online_lmpc_pretrained_no_gate,LMPC PT no gate,118,-4.175627734374333,0.1603329618026007
online_lmpc_pretrained_no_gate,LMPC PT no gate,119,-4.155227340066148,0.1621754810265613
online_lmpc_pretrained_no_gate,LMPC PT no gate,120,-4.162670789405483,0.161946688843609
online_lmpc_pretrained_no_gate,LMPC PT no gate,121,-4.294609988857681,0.1685237466411083
online_lmpc_pretrained_no_gate,LMPC PT no gate,122,-4.190380359602557,0.1631974020644932
online_lmpc_pretrained_no_gate,LMPC PT no gate,123,-4.232468316674741,0.1628757952550545
online_lmpc_pretrained_no_gate,LMPC PT no gate,124,-4.19983248595262,0.1643299259667897
online_lmpc_pretrained_no_gate,LMPC PT no gate,125,-4.248147025617734,0.1647131940507658
online_lmpc_pretrained_no_gate,LMPC PT no gate,126,-4.265381678379345,0.1646444998218213
online_lmpc_pretrained_no_gate,LMPC PT no gate,127,-4.252598476950826,0.1659396806132481
online_lmpc_pretrained_no_gate,LMPC PT no gate,128,-4.243147175086032,0.1643880792350805
online_lmpc_pretrained_no_gate,LMPC PT no gate,129,-4.282405205762914,0.1653982142112461
online_lmpc_pretrained_no_gate,LMPC PT no gate,130,-4.215442320759076,0.1612555276510475
online_lmpc_pretrained_no_gate,LMPC PT no gate,131,-4.236186034455038,0.1628197503009123
online_lmpc_pretrained_no_gate,LMPC PT no gate,132,-4.251154489287486,0.1628999416880843
online_lmpc_pretrained_no_gate,LMPC PT no gate,133,-4.291741684672722,0.1628064820103548
online_lmpc_pretrained_no_gate,LMPC PT no gate,134,-4.256322846612571,0.1633545127094655
online_lmpc_pretrained_no_gate,LMPC PT no gate,135,-4.210546561995218,0.160021927926587
online_lmpc_pretrained_no_gate,LMPC PT no gate,136,-4.2921621977866655,0.1623087658810914
online_lmpc_pretrained_no_gate,LMPC PT no gate,137,-4.2586038356029245,0.1633719300046518
online_lmpc_pretrained_no_gate,LMPC PT no gate,138,-4.265072905011888,0.1639677406417555
online_lmpc_pretrained_no_gate,LMPC PT no gate,139,-4.269981188711252,0.1627261599821489
online_lmpc_pretrained_no_gate,LMPC PT no gate,140,-4.27499059865934,0.1632424121921058
online_lmpc_pretrained_no_gate,LMPC PT no gate,141,-4.215533164047591,0.1630243807000305
online_lmpc_pretrained_no_gate,LMPC PT no gate,142,-4.265740540941083,0.165557897518525
online_lmpc_pretrained_no_gate,LMPC PT no gate,143,-4.27837223309436,0.1642930577921372
online_lmpc_pretrained_no_gate,LMPC PT no gate,144,-4.28158953182902,0.1653975873816275
online_lmpc_pretrained_no_gate,LMPC PT no gate,145,-4.217589100087027,0.1632967370587973
online_lmpc_pretrained_no_gate,LMPC PT no gate,146,-4.192078948444972,0.1636427249167873
online_lmpc_pretrained_no_gate,LMPC PT no gate,147,-4.264152063517076,0.1663265292436969
online_lmpc_pretrained_no_gate,LMPC PT no gate,148,-4.285382507485292,0.1668761618147567
online_lmpc_pretrained_no_gate,LMPC PT no gate,149,-4.253049041896286,0.1666684415726577
online_lmpc_pretrained_no_gate,LMPC PT no gate,150,-4.27799585529987,0.1663210918412575
online_lmpc_pretrained_no_gate,LMPC PT no gate,151,-4.193397598473236,0.167151273943907
online_lmpc_pretrained_no_gate,LMPC PT no gate,152,-4.298386713291105,0.1724142531855331
online_lmpc_pretrained_no_gate,LMPC PT no gate,153,-4.2531147374461735,0.171567904728918
online_lmpc_pretrained_no_gate,LMPC PT no gate,154,-4.326018111439621,0.1717025032914998
online_lmpc_pretrained_no_gate,LMPC PT no gate,155,-4.2015231364859,0.1658520417156881
online_lmpc_pretrained_no_gate,LMPC PT no gate,156,-4.202332272300794,0.1670083819408207
online_lmpc_pretrained_no_gate,LMPC PT no gate,157,-4.15733338861879,0.1641865721658619
online_lmpc_pretrained_no_gate,LMPC PT no gate,158,-4.186554218810595,0.1651599256661907
online_lmpc_pretrained_no_gate,LMPC PT no gate,159,-4.212175442353302,0.1653730274537781
online_lmpc_pretrained_no_gate,LMPC PT no gate,160,-4.231353630347105,0.1633057016342341
online_lmpc_pretrained_no_gate,LMPC PT no gate,161,-4.246460388104714,0.1639604542940485
online_lmpc_pretrained_no_gate,LMPC PT no gate,162,-4.178856929946038,0.1615128817856126
online_lmpc_pretrained_no_gate,LMPC PT no gate,163,-4.221562762847608,0.1653089285270979
online_lmpc_pretrained_no_gate,LMPC PT no gate,164,-4.223878892072844,0.1636932845165497
online_lmpc_pretrained_no_gate,LMPC PT no gate,165,-4.124855734249482,0.1624645025927462
online_lmpc_pretrained_no_gate,LMPC PT no gate,166,-4.127799164997607,0.1612006070580614
online_lmpc_pretrained_no_gate,LMPC PT no gate,167,-4.105981016728687,0.1563688064773199
online_lmpc_pretrained_no_gate,LMPC PT no gate,168,-4.077714306228976,0.1553094111499153
online_lmpc_pretrained_no_gate,LMPC PT no gate,169,-4.137345195181755,0.1565060254276658
online_lmpc_pretrained_no_gate,LMPC PT no gate,170,-4.084907378356017,0.1570062920292629
online_lmpc_pretrained_no_gate,LMPC PT no gate,171,-4.039191750788556,0.1562673446161519
online_lmpc_pretrained_no_gate,LMPC PT no gate,172,-4.06622256133441,0.1567636479136498
online_lmpc_pretrained_no_gate,LMPC PT no gate,173,-4.06144384968689,0.1571381298566472
online_lmpc_pretrained_no_gate,LMPC PT no gate,174,-4.081521187815428,0.1589016809377028
online_lmpc_pretrained_no_gate,LMPC PT no gate,175,-4.137057154839477,0.1564805660380807
online_lmpc_pretrained_no_gate,LMPC PT no gate,176,-4.097348028837835,0.1573822081764846
online_lmpc_pretrained_no_gate,LMPC PT no gate,177,-4.163685968469189,0.1585481363031092
online_lmpc_pretrained_no_gate,LMPC PT no gate,178,-4.095721245559506,0.1574211132425611
online_lmpc_pretrained_no_gate,LMPC PT no gate,179,-4.032071975306892,0.1560336501442519
online_lmpc_pretrained_no_gate,LMPC PT no gate,180,-4.091887160271118,0.1553196193220961
online_lmpc_pretrained_no_gate,LMPC PT no gate,181,-4.075945365725447,0.1570326162459988
online_lmpc_pretrained_no_gate,LMPC PT no gate,182,-4.10723431569778,0.1571142985159183
online_lmpc_pretrained_no_gate,LMPC PT no gate,183,-4.040737715905653,0.1577281502552736
online_lmpc_pretrained_no_gate,LMPC PT no gate,184,-4.121293248029244,0.1581250844395984
online_lmpc_pretrained_no_gate,LMPC PT no gate,185,-4.051223825934669,0.1565865046409212
online_lmpc_pretrained_no_gate,LMPC PT no gate,186,-4.080869376266754,0.1576755231617067
online_lmpc_pretrained_no_gate,LMPC PT no gate,187,-4.083098436718254,0.1559872087979848
online_lmpc_pretrained_no_gate,LMPC PT no gate,188,-4.050680363126895,0.1556182100153738
online_lmpc_pretrained_no_gate,LMPC PT no gate,189,-4.13983489343396,0.1579185952973198
online_lmpc_pretrained_no_gate,LMPC PT no gate,190,-4.033696687171167,0.1564030108243659
online_lmpc_pretrained_no_gate,LMPC PT no gate,191,-4.055114358694175,0.1562699627070049
online_lmpc_pretrained_no_gate,LMPC PT no gate,192,-4.058404089576384,0.1570519567066144
online_lmpc_pretrained_no_gate,LMPC PT no gate,193,-4.055882397053361,0.1548419423122875
online_lmpc_pretrained_no_gate,LMPC PT no gate,194,-4.119789016463136,0.1569779320640977
online_lmpc_pretrained_no_gate,LMPC PT no gate,195,-4.075169839499462,0.1561334402005124
online_lmpc_pretrained_no_gate,LMPC PT no gate,196,-4.041487524517801,0.1546299198642263
online_lmpc_pretrained_no_gate,LMPC PT no gate,197,-4.065822162188508,0.1550419982065118
online_lmpc_pretrained_no_gate,LMPC PT no gate,198,-4.014860647790787,0.1549866457524
online_lmpc_pretrained_no_gate,LMPC PT no gate,199,-4.071660375055095,0.1546795663333293
online_lmpc_pretrained_no_gate,LMPC PT no gate,200,-4.031507195893292,0.1546131133708467
online_lmpc_pretrained_no_gate,LMPC PT no gate,201,-3.980593795141664,0.1533975186479473
online_lmpc_pretrained_no_gate,LMPC PT no gate,202,-4.025292614130345,0.154429647447148
online_lmpc_pretrained_no_gate,LMPC PT no gate,203,-4.044757847147075,0.1539651982963684
online_lmpc_pretrained_no_gate,LMPC PT no gate,204,-4.069172425196029,0.1549200785356167
online_lmpc_pretrained_no_gate,LMPC PT no gate,205,-4.081291431310058,0.1573166673229343
online_lmpc_pretrained_no_gate,LMPC PT no gate,206,-4.148491110872929,0.1607541437689248
online_lmpc_pretrained_no_gate,LMPC PT no gate,207,-4.09502086152656,0.1559694693678369
online_lmpc_pretrained_no_gate,LMPC PT no gate,208,-4.041332868278894,0.1550273920997895
online_lmpc_pretrained_no_gate,LMPC PT no gate,209,-4.024737539481808,0.1548599777917657
online_lmpc_pretrained_no_gate,LMPC PT no gate,210,-4.044842263307142,0.1551964523773129
online_lmpc_pretrained_no_gate,LMPC PT no gate,211,-4.003580128483581,0.1533975374524382
online_lmpc_pretrained_no_gate,LMPC PT no gate,212,-4.054477876930813,0.154713428235585
online_lmpc_pretrained_no_gate,LMPC PT no gate,213,-4.060673318282047,0.1548117081009913
online_lmpc_pretrained_no_gate,LMPC PT no gate,214,-4.076167372900693,0.1561529839498377
online_lmpc_pretrained_no_gate,LMPC PT no gate,215,-4.055978737595156,0.1552294502368145
online_lmpc_pretrained_no_gate,LMPC PT no gate,216,-4.08849423677827,0.1568987034269555
online_lmpc_pretrained_no_gate,LMPC PT no gate,217,-4.064084024728211,0.1548382595844688
online_lmpc_pretrained_no_gate,LMPC PT no gate,218,-4.064576227215249,0.1560862782499919
online_lmpc_pretrained_no_gate,LMPC PT no gate,219,-4.054507107039238,0.1551549317121825
online_lmpc_pretrained_no_gate,LMPC PT no gate,220,-3.9649869965636815,0.1547820930633027
online_lmpc_pretrained_no_gate,LMPC PT no gate,221,-4.013759865560741,0.1555249339156393
online_lmpc_pretrained_no_gate,LMPC PT no gate,222,-3.997567652284116,0.1557244032569289
online_lmpc_pretrained_no_gate,LMPC PT no gate,223,-4.01248488626734,0.1550828324510318
online_lmpc_pretrained_no_gate,LMPC PT no gate,224,-3.995922350598994,0.1565215724673744
online_lmpc_pretrained_no_gate,LMPC PT no gate,225,-3.9762648380893792,0.1563326200101705
online_lmpc_pretrained_no_gate,LMPC PT no gate,226,-3.971966017312493,0.1555435755347908
online_lmpc_pretrained_no_gate,LMPC PT no gate,227,-3.9362208865493375,0.1562014606766366
online_lmpc_pretrained_no_gate,LMPC PT no gate,228,-3.949531277948954,0.1566879525601254
online_lmpc_pretrained_no_gate,LMPC PT no gate,229,-3.9743268038590647,0.156786718075845
online_lmpc_pretrained_no_gate,LMPC PT no gate,230,-3.969634320413415,0.1565859621177622
online_lmpc_pretrained_no_gate,LMPC PT no gate,231,-3.9270508954590047,0.1556490188362625
online_lmpc_pretrained_no_gate,LMPC PT no gate,232,-3.9672236645453016,0.155569501856041
online_lmpc_pretrained_no_gate,LMPC PT no gate,233,-5.386164493274833,0.195898008893262
online_lmpc_pretrained_no_gate,LMPC PT no gate,234,-4.454162960880434,0.1736391023664228
online_lmpc_pretrained_no_gate,LMPC PT no gate,235,-4.024906438038545,0.1540044996545845
online_lmpc_pretrained_no_gate,LMPC PT no gate,236,-3.966010289083248,0.1564667373654551
online_lmpc_pretrained_no_gate,LMPC PT no gate,237,-4.01404164571104,0.1563367902240017
online_lmpc_pretrained_no_gate,LMPC PT no gate,238,-3.948902458692225,0.1555511286262663
online_lmpc_pretrained_no_gate,LMPC PT no gate,239,-3.957904377156118,0.1559259513191764
online_lmpc_pretrained_no_gate,LMPC PT no gate,240,-4.00194125133813,0.1561799255461829
online_lmpc_pretrained_no_gate,LMPC PT no gate,241,-3.9964586739363206,0.1563633085870683
online_lmpc_pretrained_no_gate,LMPC PT no gate,242,-3.9798284248918607,0.1563624166008481
online_lmpc_pretrained_no_gate,LMPC PT no gate,243,-3.944846663180074,0.1547427207795476
online_lmpc_pretrained_no_gate,LMPC PT no gate,244,-4.002147516371187,0.1563630491434207
online_lmpc_pretrained_no_gate,LMPC PT no gate,245,-4.012449870844875,0.1566641101770134
online_lmpc_pretrained_no_gate,LMPC PT no gate,246,-3.9217356196138655,0.1561594807628515
online_lmpc_pretrained_no_gate,LMPC PT no gate,247,-4.005998128033853,0.1565845859196811
online_lmpc_pretrained_no_gate,LMPC PT no gate,248,-3.916436466397757,0.1556370337293403
online_lmpc_pretrained_no_gate,LMPC PT no gate,249,-4.00483350003529,0.1570691525916459
online_lmpc_pretrained_no_gate,LMPC PT no gate,250,-3.926826118495412,0.1558147655878575
online_lmpc_pretrained_no_gate,LMPC PT no gate,251,-4.006225797673324,0.1567084738541677
online_lmpc_pretrained_no_gate,LMPC PT no gate,252,-3.979000838915536,0.1574681410177547
online_lmpc_pretrained_no_gate,LMPC PT no gate,253,-3.917873656231917,0.1553859534898813
online_lmpc_pretrained_no_gate,LMPC PT no gate,254,-3.9703958943641817,0.1561417642738283
online_lmpc_pretrained_no_gate,LMPC PT no gate,255,-3.934870180444151,0.1551960645225466
online_lmpc_pretrained_no_gate,LMPC PT no gate,256,-3.961406865161582,0.1566120585732198
online_lmpc_pretrained_no_gate,LMPC PT no gate,257,-3.928960873047704,0.1562938984947404
online_lmpc_pretrained_no_gate,LMPC PT no gate,258,-3.936631856245908,0.1562036856278012
online_lmpc_pretrained_no_gate,LMPC PT no gate,259,-3.916350359907099,0.1560010105244254
online_lmpc_pretrained_no_gate,LMPC PT no gate,260,-3.943576300344341,0.156786885411171
online_lmpc_pretrained_no_gate,LMPC PT no gate,261,-3.9466702326583687,0.1573138341927665
online_lmpc_pretrained_no_gate,LMPC PT no gate,262,-3.898840522815899,0.1550981386697958
online_lmpc_pretrained_no_gate,LMPC PT no gate,263,-3.914656329594672,0.1543825214858756
online_lmpc_pretrained_no_gate,LMPC PT no gate,264,-3.93320389706558,0.1555919758003239
online_lmpc_pretrained_no_gate,LMPC PT no gate,265,-3.945908306056974,0.1561234499935596
online_lmpc_pretrained_no_gate,LMPC PT no gate,266,-3.8999847993844408,0.1554802804114118
online_lmpc_pretrained_no_gate,LMPC PT no gate,267,-3.9420986384203696,0.1550670630580292
online_lmpc_pretrained_no_gate,LMPC PT no gate,268,-3.916735254311066,0.1564947688854879
online_lmpc_pretrained_no_gate,LMPC PT no gate,269,-3.923850099375629,0.156133197000563
online_lmpc_pretrained_no_gate,LMPC PT no gate,270,-3.941953211884904,0.1564288212780185
online_lmpc_pretrained_no_gate,LMPC PT no gate,271,-3.902874302986692,0.156163776163843
online_lmpc_pretrained_no_gate,LMPC PT no gate,272,-3.929224070780001,0.1568582976276914
online_lmpc_pretrained_no_gate,LMPC PT no gate,273,-3.967280774236557,0.1569566966498982
online_lmpc_pretrained_no_gate,LMPC PT no gate,274,-3.9116989093872254,0.1560013211041949
online_lmpc_pretrained_no_gate,LMPC PT no gate,275,-3.9351947013189736,0.15635617894098
online_lmpc_pretrained_no_gate,LMPC PT no gate,276,-3.8899878203042992,0.155947859833316
online_lmpc_pretrained_no_gate,LMPC PT no gate,277,-3.908834146991114,0.155464629116369
online_lmpc_pretrained_no_gate,LMPC PT no gate,278,-3.966333157759759,0.1570778413285822
online_lmpc_pretrained_no_gate,LMPC PT no gate,279,-3.918810892209332,0.1560759660338076
online_lmpc_pretrained_no_gate,LMPC PT no gate,280,-3.913851128451233,0.1556940466322942
online_lmpc_pretrained_no_gate,LMPC PT no gate,281,-3.916810665537607,0.1559327177502398
online_lmpc_pretrained_no_gate,LMPC PT no gate,282,-3.9039904714793168,0.1558233493563945
online_lmpc_pretrained_no_gate,LMPC PT no gate,283,-3.899310703605987,0.1553495361386616
online_lmpc_pretrained_no_gate,LMPC PT no gate,284,-3.902808878287585,0.1560501696438215
online_lmpc_pretrained_no_gate,LMPC PT no gate,285,-3.928483901430482,0.1559172536706283
online_lmpc_pretrained_no_gate,LMPC PT no gate,286,-3.9082199070000208,0.1547383068068789
online_lmpc_pretrained_no_gate,LMPC PT no gate,287,-3.917471689715524,0.1559281428294147
online_lmpc_pretrained_no_gate,LMPC PT no gate,288,-3.946228602729359,0.1559743342623421
online_lmpc_pretrained_no_gate,LMPC PT no gate,289,-3.963467026511714,0.1570128368556224
online_lmpc_pretrained_no_gate,LMPC PT no gate,290,-3.940422270460832,0.155940366592877
online_lmpc_pretrained_no_gate,LMPC PT no gate,291,-3.880775557110312,0.1559898735783796
online_lmpc_pretrained_no_gate,LMPC PT no gate,292,-3.922949033913635,0.1566211828832295
online_lmpc_pretrained_no_gate,LMPC PT no gate,293,-3.855154606909538,0.1552569683407609
online_lmpc_pretrained_no_gate,LMPC PT no gate,294,-3.9015551452630457,0.1545030667905536
online_lmpc_pretrained_no_gate,LMPC PT no gate,295,-3.920408741800807,0.1561316202469403
online_lmpc_pretrained_no_gate,LMPC PT no gate,296,-3.9367316101178607,0.1578293407256837
online_lmpc_pretrained_no_gate,LMPC PT no gate,297,-3.952005270604209,0.1554165481731312
online_lmpc_pretrained_no_gate,LMPC PT no gate,298,-3.898786537489992,0.1551472185456821
online_lmpc_pretrained_no_gate,LMPC PT no gate,299,-3.976543461267935,0.1547959072028356
online_lmpc_pretrained_no_gate,LMPC PT no gate,300,-3.8811180876459015,0.1551090844600965
online_ofmpc_pretrained_gate,OF-MPC PT + gate,1,-9.601190803945872,0.3293163419601692
online_ofmpc_pretrained_gate,OF-MPC PT + gate,2,-12.562342412513608,0.3796881104261247
online_ofmpc_pretrained_gate,OF-MPC PT + gate,3,-12.576669689113432,0.3798132708075821
online_ofmpc_pretrained_gate,OF-MPC PT + gate,4,-12.57552718253318,0.3799336294395614
online_ofmpc_pretrained_gate,OF-MPC PT + gate,5,-12.578989826480456,0.3797441390491964
online_ofmpc_pretrained_gate,OF-MPC PT + gate,6,-12.552937196810513,0.3795583755902644
online_ofmpc_pretrained_gate,OF-MPC PT + gate,7,-12.573131125230647,0.3798945234010531
online_ofmpc_pretrained_gate,OF-MPC PT + gate,8,-12.562885527967191,0.3795774936381852
online_ofmpc_pretrained_gate,OF-MPC PT + gate,9,-12.56111148909492,0.3794829434266451
online_ofmpc_pretrained_gate,OF-MPC PT + gate,10,-12.550231557460409,0.3794634967746448
online_ofmpc_pretrained_gate,OF-MPC PT + gate,11,-12.565784419631392,0.379681438024724
online_ofmpc_pretrained_gate,OF-MPC PT + gate,12,-12.575710455599683,0.3798001710454588
online_ofmpc_pretrained_gate,OF-MPC PT + gate,13,-12.558035540566712,0.3795539822686259
online_ofmpc_pretrained_gate,OF-MPC PT + gate,14,-12.59190684837074,0.3800761004056534
online_ofmpc_pretrained_gate,OF-MPC PT + gate,15,-12.587053181337996,0.3799991834846182
online_ofmpc_pretrained_gate,OF-MPC PT + gate,16,-12.589229777701275,0.3799581721318018
online_ofmpc_pretrained_gate,OF-MPC PT + gate,17,-12.584157782761068,0.3799954898603411
online_ofmpc_pretrained_gate,OF-MPC PT + gate,18,-12.567344405335,0.3797871610369603
online_ofmpc_pretrained_gate,OF-MPC PT + gate,19,-12.573604311729138,0.37988922261356
online_ofmpc_pretrained_gate,OF-MPC PT + gate,20,-12.573123988744776,0.3799021951450676
online_ofmpc_pretrained_gate,OF-MPC PT + gate,21,-12.57511661377406,0.3799455885354377
online_ofmpc_pretrained_gate,OF-MPC PT + gate,22,-12.5778112468863,0.3800401161346476
online_ofmpc_pretrained_gate,OF-MPC PT + gate,23,-12.613927813392898,0.3806463722790508
online_ofmpc_pretrained_gate,OF-MPC PT + gate,24,-12.490555566714638,0.3782588064774367
online_ofmpc_pretrained_gate,OF-MPC PT + gate,25,-37.63220553706736,0.6219035422811183
online_ofmpc_pretrained_gate,OF-MPC PT + gate,26,-11.695001101584069,0.4092393632782107
online_ofmpc_pretrained_gate,OF-MPC PT + gate,27,-12.833996680163304,0.3834793453500561
online_ofmpc_pretrained_gate,OF-MPC PT + gate,28,-10.302299387612896,0.3423096111613645
online_ofmpc_pretrained_gate,OF-MPC PT + gate,29,-17.961881149348304,0.4534605912087824
online_ofmpc_pretrained_gate,OF-MPC PT + gate,30,-29.91647062469024,0.5672221575088842
online_ofmpc_pretrained_gate,OF-MPC PT + gate,31,-14.509541755939624,0.4681342370672774
online_ofmpc_pretrained_gate,OF-MPC PT + gate,32,-5.796843633652291,0.217602099609549
online_ofmpc_pretrained_gate,OF-MPC PT + gate,33,-6.514101177374625,0.2228878762663962
online_ofmpc_pretrained_gate,OF-MPC PT + gate,34,-6.0227008292412645,0.2023442546312621
online_ofmpc_pretrained_gate,OF-MPC PT + gate,35,-7.37990925433899,0.2162517173430115
online_ofmpc_pretrained_gate,OF-MPC PT + gate,36,-7.3394141197816065,0.2367280788312391
online_ofmpc_pretrained_gate,OF-MPC PT + gate,37,-6.856436703249832,0.2347968226533571
online_ofmpc_pretrained_gate,OF-MPC PT + gate,38,-5.401432615596261,0.2055874854325542
online_ofmpc_pretrained_gate,OF-MPC PT + gate,39,-6.239644400233251,0.2314630457960387
online_ofmpc_pretrained_gate,OF-MPC PT + gate,40,-5.9792635406124255,0.2234632853206832
online_ofmpc_pretrained_gate,OF-MPC PT + gate,41,-6.0822805978915655,0.2184643427247417
online_ofmpc_pretrained_gate,OF-MPC PT + gate,42,-5.489880642539038,0.211928563780202
online_ofmpc_pretrained_gate,OF-MPC PT + gate,43,-6.010538621006292,0.2283329041606868
online_ofmpc_pretrained_gate,OF-MPC PT + gate,44,-5.942641985527056,0.2276869762032715
online_ofmpc_pretrained_gate,OF-MPC PT + gate,45,-6.253409774120317,0.229199105198876
online_ofmpc_pretrained_gate,OF-MPC PT + gate,46,-5.214799256499927,0.2030517568447504
online_ofmpc_pretrained_gate,OF-MPC PT + gate,47,-6.019497870940038,0.2277180450620016
online_ofmpc_pretrained_gate,OF-MPC PT + gate,48,-5.662141368446648,0.2233426277781098
online_ofmpc_pretrained_gate,OF-MPC PT + gate,49,-4.507635818234829,0.2064658142835349
online_ofmpc_pretrained_gate,OF-MPC PT + gate,50,-5.3718363235235405,0.2255902561992854
online_ofmpc_pretrained_gate,OF-MPC PT + gate,51,-6.672167611509062,0.2576788738383545
online_ofmpc_pretrained_gate,OF-MPC PT + gate,52,-5.444654282411423,0.2339545891510438
online_ofmpc_pretrained_gate,OF-MPC PT + gate,53,-5.054651379097741,0.2219061152870622
online_ofmpc_pretrained_gate,OF-MPC PT + gate,54,-6.152047465578409,0.2437826209297357
online_ofmpc_pretrained_gate,OF-MPC PT + gate,55,-5.1000390908335405,0.2260402079688904
online_ofmpc_pretrained_gate,OF-MPC PT + gate,56,-5.282315393733004,0.2237563232836739
online_ofmpc_pretrained_gate,OF-MPC PT + gate,57,-5.450046523952648,0.2333960908102683
online_ofmpc_pretrained_gate,OF-MPC PT + gate,58,-4.968434907076472,0.2198639459068839
online_ofmpc_pretrained_gate,OF-MPC PT + gate,59,-5.782871354840626,0.2357623196548878
online_ofmpc_pretrained_gate,OF-MPC PT + gate,60,-5.727871682445055,0.2304625944690659
online_ofmpc_pretrained_gate,OF-MPC PT + gate,61,-5.288742271691572,0.2213610507435938
online_ofmpc_pretrained_gate,OF-MPC PT + gate,62,-5.702816423019855,0.2331734321650953
online_ofmpc_pretrained_gate,OF-MPC PT + gate,63,-5.22438398099097,0.2248568546403525
online_ofmpc_pretrained_gate,OF-MPC PT + gate,64,-4.749495409983854,0.2024380760971225
online_ofmpc_pretrained_gate,OF-MPC PT + gate,65,-6.516734148382866,0.2546206114882622
online_ofmpc_pretrained_gate,OF-MPC PT + gate,66,-4.893569937643687,0.216880574015189
online_ofmpc_pretrained_gate,OF-MPC PT + gate,67,-5.02092446818954,0.2247774007386879
online_ofmpc_pretrained_gate,OF-MPC PT + gate,68,-5.88478515243439,0.2441615245901656
online_ofmpc_pretrained_gate,OF-MPC PT + gate,69,-5.891084741894169,0.2451885108166986
online_ofmpc_pretrained_gate,OF-MPC PT + gate,70,-6.732115852734462,0.2662251587742474
online_ofmpc_pretrained_gate,OF-MPC PT + gate,71,-5.391275197323963,0.2264719909276532
online_ofmpc_pretrained_gate,OF-MPC PT + gate,72,-5.073001462729703,0.2255705119065116
online_ofmpc_pretrained_gate,OF-MPC PT + gate,73,-5.682585500809109,0.2294819952228955
online_ofmpc_pretrained_gate,OF-MPC PT + gate,74,-4.803566104990559,0.2036391209058368
online_ofmpc_pretrained_gate,OF-MPC PT + gate,75,-4.777556260842848,0.2043211458930317
online_ofmpc_pretrained_gate,OF-MPC PT + gate,76,-5.813861808704367,0.2367854136243006
online_ofmpc_pretrained_gate,OF-MPC PT + gate,77,-5.3617546641651215,0.2308351810105741
online_ofmpc_pretrained_gate,OF-MPC PT + gate,78,-5.053667408558491,0.2255657537424575
online_ofmpc_pretrained_gate,OF-MPC PT + gate,79,-5.715746036329627,0.2296147877970298
online_ofmpc_pretrained_gate,OF-MPC PT + gate,80,-5.156344554720476,0.2073893324368357
online_ofmpc_pretrained_gate,OF-MPC PT + gate,81,-5.974201893347469,0.2145935140570508
online_ofmpc_pretrained_gate,OF-MPC PT + gate,82,-5.125684669042762,0.1918356084067996
online_ofmpc_pretrained_gate,OF-MPC PT + gate,83,-5.934250793480702,0.2019897640615719
online_ofmpc_pretrained_gate,OF-MPC PT + gate,84,-5.256557747674204,0.1936560811591904
online_ofmpc_pretrained_gate,OF-MPC PT + gate,85,-6.200570872295246,0.2104397038644866
online_ofmpc_pretrained_gate,OF-MPC PT + gate,86,-4.9430386876877765,0.187988783745088
online_ofmpc_pretrained_gate,OF-MPC PT + gate,87,-5.638167956642035,0.1919210015248491
online_ofmpc_pretrained_gate,OF-MPC PT + gate,88,-5.912607589496761,0.2059762052144848
online_ofmpc_pretrained_gate,OF-MPC PT + gate,89,-5.463742044182257,0.2086313760357585
online_ofmpc_pretrained_gate,OF-MPC PT + gate,90,-5.13933760607544,0.1876749533816321
online_ofmpc_pretrained_gate,OF-MPC PT + gate,91,-5.742537973220188,0.2139532377132006
online_ofmpc_pretrained_gate,OF-MPC PT + gate,92,-4.523737517922103,0.175342467316183
online_ofmpc_pretrained_gate,OF-MPC PT + gate,93,-5.037864335880364,0.1910262258243877
online_ofmpc_pretrained_gate,OF-MPC PT + gate,94,-4.381113382889279,0.1774762691951529
online_ofmpc_pretrained_gate,OF-MPC PT + gate,95,-4.645599364099972,0.1808576094303635
online_ofmpc_pretrained_gate,OF-MPC PT + gate,96,-4.739401060025097,0.1673320874300106
online_ofmpc_pretrained_gate,OF-MPC PT + gate,97,-5.317810765681674,0.1952996131049778
online_ofmpc_pretrained_gate,OF-MPC PT + gate,98,-6.020024549619857,0.2026515000755163
online_ofmpc_pretrained_gate,OF-MPC PT + gate,99,-5.572962755283842,0.1986257935838741
online_ofmpc_pretrained_gate,OF-MPC PT + gate,100,-5.627620784298167,0.2000734186369018
online_ofmpc_pretrained_gate,OF-MPC PT + gate,101,-4.49384932777375,0.1646290843632866
online_ofmpc_pretrained_gate,OF-MPC PT + gate,102,-5.648672414527437,0.2039374872080865
online_ofmpc_pretrained_gate,OF-MPC PT + gate,103,-5.055760553052594,0.1821424721579138
online_ofmpc_pretrained_gate,OF-MPC PT + gate,104,-5.006698836398422,0.173731030252371
online_ofmpc_pretrained_gate,OF-MPC PT + gate,105,-4.51636882433911,0.1651278131884238
online_ofmpc_pretrained_gate,OF-MPC PT + gate,106,-5.601206447346983,0.2038055650612561
online_ofmpc_pretrained_gate,OF-MPC PT + gate,107,-4.86982729669663,0.1830332625120937
online_ofmpc_pretrained_gate,OF-MPC PT + gate,108,-5.256478765688871,0.1885299633478169
online_ofmpc_pretrained_gate,OF-MPC PT + gate,109,-6.768765295718745,0.232479742026585
online_ofmpc_pretrained_gate,OF-MPC PT + gate,110,-4.588079983267612,0.1676142148651219
online_ofmpc_pretrained_gate,OF-MPC PT + gate,111,-4.613778666386307,0.1668728226751489
online_ofmpc_pretrained_gate,OF-MPC PT + gate,112,-5.836814412770625,0.2081148720110132
online_ofmpc_pretrained_gate,OF-MPC PT + gate,113,-4.773779654219799,0.1854111945651811
online_ofmpc_pretrained_gate,OF-MPC PT + gate,114,-4.885453021579864,0.1879044147224017
online_ofmpc_pretrained_gate,OF-MPC PT + gate,115,-6.476489486265407,0.2272218488729171
online_ofmpc_pretrained_gate,OF-MPC PT + gate,116,-4.6163388435325725,0.1739462572699296
online_ofmpc_pretrained_gate,OF-MPC PT + gate,117,-5.335749249439033,0.2001853845956647
online_ofmpc_pretrained_gate,OF-MPC PT + gate,118,-4.525105658368721,0.1692343139765764
online_ofmpc_pretrained_gate,OF-MPC PT + gate,119,-4.871978370275737,0.1754292673613155
online_ofmpc_pretrained_gate,OF-MPC PT + gate,120,-4.7296885004731415,0.175844433626206
online_ofmpc_pretrained_gate,OF-MPC PT + gate,121,-4.685946590912931,0.1725185996762358
online_ofmpc_pretrained_gate,OF-MPC PT + gate,122,-4.985942514148118,0.1871166991778373
online_ofmpc_pretrained_gate,OF-MPC PT + gate,123,-4.798575225025422,0.1694134663449189
online_ofmpc_pretrained_gate,OF-MPC PT + gate,124,-6.25172690572644,0.2028717046126055
online_ofmpc_pretrained_gate,OF-MPC PT + gate,125,-4.970974914872348,0.1712179566868944
online_ofmpc_pretrained_gate,OF-MPC PT + gate,126,-5.335371946101293,0.1728970870674807
online_ofmpc_pretrained_gate,OF-MPC PT + gate,127,-4.974692305050257,0.1701119152648913
online_ofmpc_pretrained_gate,OF-MPC PT + gate,128,-5.523976187392249,0.176074876619524
online_ofmpc_pretrained_gate,OF-MPC PT + gate,129,-4.784780395656484,0.1710274253382824
online_ofmpc_pretrained_gate,OF-MPC PT + gate,130,-6.452420530984494,0.2077034981829177
online_ofmpc_pretrained_gate,OF-MPC PT + gate,131,-5.684730377935467,0.1843998423503254
online_ofmpc_pretrained_gate,OF-MPC PT + gate,132,-5.786314216832804,0.1853600747731243
online_ofmpc_pretrained_gate,OF-MPC PT + gate,133,-4.830902974030631,0.170353512339094
online_ofmpc_pretrained_gate,OF-MPC PT + gate,134,-6.464956804664655,0.2031012616116846
online_ofmpc_pretrained_gate,OF-MPC PT + gate,135,-5.007619428880258,0.1711489885889762
online_ofmpc_pretrained_gate,OF-MPC PT + gate,136,-6.2840078873359015,0.2164456296969824
online_ofmpc_pretrained_gate,OF-MPC PT + gate,137,-5.54031456642263,0.194711143192288
online_ofmpc_pretrained_gate,OF-MPC PT + gate,138,-5.246686090453836,0.1841859781439908
online_ofmpc_pretrained_gate,OF-MPC PT + gate,139,-5.90385295342991,0.1948989239605527
online_ofmpc_pretrained_gate,OF-MPC PT + gate,140,-4.605428516748193,0.1669561221881618
online_ofmpc_pretrained_gate,OF-MPC PT + gate,141,-5.302660336064091,0.1952529667015232
online_ofmpc_pretrained_gate,OF-MPC PT + gate,142,-4.372963930612951,0.1639368600971336
online_ofmpc_pretrained_gate,OF-MPC PT + gate,143,-5.535208375909478,0.1884361560651239
online_ofmpc_pretrained_gate,OF-MPC PT + gate,144,-5.164082087650017,0.1856555331512365
online_ofmpc_pretrained_gate,OF-MPC PT + gate,145,-4.311900737147052,0.1652650023031378
online_ofmpc_pretrained_gate,OF-MPC PT + gate,146,-4.643852812610463,0.1839908039654485
online_ofmpc_pretrained_gate,OF-MPC PT + gate,147,-4.192240543988657,0.1662959267999238
online_ofmpc_pretrained_gate,OF-MPC PT + gate,148,-5.090053148860435,0.1916142204079443
online_ofmpc_pretrained_gate,OF-MPC PT + gate,149,-4.6597091523083884,0.18241383951725
online_ofmpc_pretrained_gate,OF-MPC PT + gate,150,-5.945445866945404,0.2203622620856616
online_ofmpc_pretrained_gate,OF-MPC PT + gate,151,-5.176016909665501,0.2008693451334831
online_ofmpc_pretrained_gate,OF-MPC PT + gate,152,-5.671444360513667,0.2173000121613244
online_ofmpc_pretrained_gate,OF-MPC PT + gate,153,-5.06348726109815,0.1945795430110763
online_ofmpc_pretrained_gate,OF-MPC PT + gate,154,-4.190419131820979,0.1669570040859161
online_ofmpc_pretrained_gate,OF-MPC PT + gate,155,-5.073571262390931,0.1988457414484432
online_ofmpc_pretrained_gate,OF-MPC PT + gate,156,-4.667718159635752,0.1832340169181523
online_ofmpc_pretrained_gate,OF-MPC PT + gate,157,-4.161943728061844,0.1613474067352134
online_ofmpc_pretrained_gate,OF-MPC PT + gate,158,-5.203525722393761,0.1957350294188499
online_ofmpc_pretrained_gate,OF-MPC PT + gate,159,-4.521760370575177,0.1693768566905944
online_ofmpc_pretrained_gate,OF-MPC PT + gate,160,-4.487275296597847,0.1747491267021773
online_ofmpc_pretrained_gate,OF-MPC PT + gate,161,-5.127012442077806,0.1813258184160717
online_ofmpc_pretrained_gate,OF-MPC PT + gate,162,-5.5372863290154735,0.1935333547845495
online_ofmpc_pretrained_gate,OF-MPC PT + gate,163,-4.404706909713128,0.1647930901273827
online_ofmpc_pretrained_gate,OF-MPC PT + gate,164,-5.742316761639162,0.1960159210243545
online_ofmpc_pretrained_gate,OF-MPC PT + gate,165,-4.470940591216356,0.1641337609925037
online_ofmpc_pretrained_gate,OF-MPC PT + gate,166,-5.235939533508815,0.1855154589274101
online_ofmpc_pretrained_gate,OF-MPC PT + gate,167,-6.022908519052374,0.1963313043187135
online_ofmpc_pretrained_gate,OF-MPC PT + gate,168,-5.761125637953354,0.1949984089322486
online_ofmpc_pretrained_gate,OF-MPC PT + gate,169,-5.512385673159927,0.1910109811582582
online_ofmpc_pretrained_gate,OF-MPC PT + gate,170,-5.413575036660503,0.1938873606783594
online_ofmpc_pretrained_gate,OF-MPC PT + gate,171,-4.559918910362834,0.1624581204355881
online_ofmpc_pretrained_gate,OF-MPC PT + gate,172,-4.607591834722922,0.1690005114733537
online_ofmpc_pretrained_gate,OF-MPC PT + gate,173,-5.566636534350341,0.1765875408652425
online_ofmpc_pretrained_gate,OF-MPC PT + gate,174,-4.718608780846494,0.1659122740141652
online_ofmpc_pretrained_gate,OF-MPC PT + gate,175,-4.749827183365312,0.1712845839138808
online_ofmpc_pretrained_gate,OF-MPC PT + gate,176,-5.400337991009939,0.1881242662520218
online_ofmpc_pretrained_gate,OF-MPC PT + gate,177,-5.735536169878166,0.1940940790721473
online_ofmpc_pretrained_gate,OF-MPC PT + gate,178,-5.409328757049848,0.1909984588767469
online_ofmpc_pretrained_gate,OF-MPC PT + gate,179,-5.411572981597885,0.1864562580659884
online_ofmpc_pretrained_gate,OF-MPC PT + gate,180,-24.212173003501007,0.7112744912062327
online_ofmpc_pretrained_gate,OF-MPC PT + gate,181,-4.47566268223238,0.1696739058573489
online_ofmpc_pretrained_gate,OF-MPC PT + gate,182,-4.957860815698736,0.1830356959370407
online_ofmpc_pretrained_gate,OF-MPC PT + gate,183,-4.634827765815146,0.1694364218933603
online_ofmpc_pretrained_gate,OF-MPC PT + gate,184,-5.067225033554353,0.177239785081445
online_ofmpc_pretrained_gate,OF-MPC PT + gate,185,-5.272912261326289,0.175481537972653
online_ofmpc_pretrained_gate,OF-MPC PT + gate,186,-5.188414738656595,0.171671843140473
online_ofmpc_pretrained_gate,OF-MPC PT + gate,187,-5.555376893134003,0.1884456382765982
online_ofmpc_pretrained_gate,OF-MPC PT + gate,188,-5.833406536076513,0.2035882514462275
online_ofmpc_pretrained_gate,OF-MPC PT + gate,189,-4.690121545064098,0.1738762079812526
online_ofmpc_pretrained_gate,OF-MPC PT + gate,190,-6.532800476252276,0.2106736597523633
online_ofmpc_pretrained_gate,OF-MPC PT + gate,191,-4.591583379106495,0.1688836046537597
online_ofmpc_pretrained_gate,OF-MPC PT + gate,192,-5.043104935979343,0.1850971185444583
online_ofmpc_pretrained_gate,OF-MPC PT + gate,193,-4.8240170583657935,0.1716519367899898
online_ofmpc_pretrained_gate,OF-MPC PT + gate,194,-4.919185246929661,0.1786937870641875
online_ofmpc_pretrained_gate,OF-MPC PT + gate,195,-6.776666701687682,0.2047089428445484
online_ofmpc_pretrained_gate,OF-MPC PT + gate,196,-4.934778903154938,0.1709205973352284
online_ofmpc_pretrained_gate,OF-MPC PT + gate,197,-5.17435568832996,0.1635156351244849
online_ofmpc_pretrained_gate,OF-MPC PT + gate,198,-4.875056949491523,0.1652712188181365
online_ofmpc_pretrained_gate,OF-MPC PT + gate,199,-6.205722099596053,0.1945597220710208
online_ofmpc_pretrained_gate,OF-MPC PT + gate,200,-5.401338042986938,0.1692013897629485
online_ofmpc_pretrained_gate,OF-MPC PT + gate,201,-6.365745080210361,0.1957424464431675
online_ofmpc_pretrained_gate,OF-MPC PT + gate,202,-5.290927865578031,0.1683289162674976
online_ofmpc_pretrained_gate,OF-MPC PT + gate,203,-5.239549300449911,0.1668218515987133
online_ofmpc_pretrained_gate,OF-MPC PT + gate,204,-5.279031258865822,0.1584712603120087
online_ofmpc_pretrained_gate,OF-MPC PT + gate,205,-4.475293253167106,0.1526180724650614
online_ofmpc_pretrained_gate,OF-MPC PT + gate,206,-4.766703487910626,0.1685172983301752
online_ofmpc_pretrained_gate,OF-MPC PT + gate,207,-5.247245130323829,0.1685552976739257
online_ofmpc_pretrained_gate,OF-MPC PT + gate,208,-5.679907933285733,0.1894260249446497
online_ofmpc_pretrained_gate,OF-MPC PT + gate,209,-6.266509568638785,0.2111189251714923
online_ofmpc_pretrained_gate,OF-MPC PT + gate,210,-5.31573933880132,0.1726255198715894
online_ofmpc_pretrained_gate,OF-MPC PT + gate,211,-5.849484302399941,0.1950305839363255
online_ofmpc_pretrained_gate,OF-MPC PT + gate,212,-5.081416090532776,0.1687781239800277
online_ofmpc_pretrained_gate,OF-MPC PT + gate,213,-4.900795020448485,0.1718365074277513
online_ofmpc_pretrained_gate,OF-MPC PT + gate,214,-6.116466633097386,0.198467524979351
online_ofmpc_pretrained_gate,OF-MPC PT + gate,215,-4.629966491748139,0.169841511183019
online_ofmpc_pretrained_gate,OF-MPC PT + gate,216,-4.719113549027076,0.1680678275678924
online_ofmpc_pretrained_gate,OF-MPC PT + gate,217,-6.685597461974353,0.2156405642167695
online_ofmpc_pretrained_gate,OF-MPC PT + gate,218,-5.619837852570057,0.1851725557244035
online_ofmpc_pretrained_gate,OF-MPC PT + gate,219,-5.6203303566416185,0.2019349247164349
online_ofmpc_pretrained_gate,OF-MPC PT + gate,220,-4.61622480841304,0.161952412930921
online_ofmpc_pretrained_gate,OF-MPC PT + gate,221,-6.04551744317359,0.1986195041639328
online_ofmpc_pretrained_gate,OF-MPC PT + gate,222,-5.618651454241316,0.1978318287274524
online_ofmpc_pretrained_gate,OF-MPC PT + gate,223,-5.717165212414793,0.1874553427428435
online_ofmpc_pretrained_gate,OF-MPC PT + gate,224,-5.481448353461498,0.1730623813099973
online_ofmpc_pretrained_gate,OF-MPC PT + gate,225,-4.67381584002016,0.1747041130293105
online_ofmpc_pretrained_gate,OF-MPC PT + gate,226,-4.740523264244626,0.171622321290689
online_ofmpc_pretrained_gate,OF-MPC PT + gate,227,-4.973472685179769,0.1686910006204824
online_ofmpc_pretrained_gate,OF-MPC PT + gate,228,-5.86417867798798,0.1960093230489483
online_ofmpc_pretrained_gate,OF-MPC PT + gate,229,-5.484893122497044,0.1836667458012155
online_ofmpc_pretrained_gate,OF-MPC PT + gate,230,-4.496739646652744,0.1555017932730373
online_ofmpc_pretrained_gate,OF-MPC PT + gate,231,-4.583131034426422,0.1662502847733786
online_ofmpc_pretrained_gate,OF-MPC PT + gate,232,-5.082155814095022,0.1721363782770363
online_ofmpc_pretrained_gate,OF-MPC PT + gate,233,-5.240715829057155,0.1870384968011083
online_ofmpc_pretrained_gate,OF-MPC PT + gate,234,-4.5120520244335465,0.165267246088952
online_ofmpc_pretrained_gate,OF-MPC PT + gate,235,-5.873035042588254,0.2060063246429095
online_ofmpc_pretrained_gate,OF-MPC PT + gate,236,-5.217698601654503,0.1692626957990719
online_ofmpc_pretrained_gate,OF-MPC PT + gate,237,-5.942609343883253,0.1930420024193724
online_ofmpc_pretrained_gate,OF-MPC PT + gate,238,-5.837806094289089,0.1999416131408438
online_ofmpc_pretrained_gate,OF-MPC PT + gate,239,-4.441881413171712,0.1612582828673808
online_ofmpc_pretrained_gate,OF-MPC PT + gate,240,-4.707225982754789,0.1644336912152407
online_ofmpc_pretrained_gate,OF-MPC PT + gate,241,-4.829243932801896,0.1640411114009441
online_ofmpc_pretrained_gate,OF-MPC PT + gate,242,-5.231070850967728,0.1676707476773499
online_ofmpc_pretrained_gate,OF-MPC PT + gate,243,-4.6044848385848445,0.1644583116004404
online_ofmpc_pretrained_gate,OF-MPC PT + gate,244,-4.307185800409202,0.1611904777262952
online_ofmpc_pretrained_gate,OF-MPC PT + gate,245,-5.372480618115663,0.1905568521909884
online_ofmpc_pretrained_gate,OF-MPC PT + gate,246,-4.761643592568451,0.1601641230064576
online_ofmpc_pretrained_gate,OF-MPC PT + gate,247,-4.372667377265215,0.1632157880295754
online_ofmpc_pretrained_gate,OF-MPC PT + gate,248,-5.306476929755457,0.1680935818054816
online_ofmpc_pretrained_gate,OF-MPC PT + gate,249,-5.8038035985337695,0.1878651338195621
online_ofmpc_pretrained_gate,OF-MPC PT + gate,250,-4.976916909346288,0.163458312334877
online_ofmpc_pretrained_gate,OF-MPC PT + gate,251,-5.382544501473428,0.1686412903369515
online_ofmpc_pretrained_gate,OF-MPC PT + gate,252,-5.011423785016098,0.1786560564001229
online_ofmpc_pretrained_gate,OF-MPC PT + gate,253,-4.909321278040477,0.1649487775061578
online_ofmpc_pretrained_gate,OF-MPC PT + gate,254,-4.701226984832552,0.1593615491577237
online_ofmpc_pretrained_gate,OF-MPC PT + gate,255,-4.897709448314814,0.1709210776008621
online_ofmpc_pretrained_gate,OF-MPC PT + gate,256,-5.192201917520622,0.1702053272731928
online_ofmpc_pretrained_gate,OF-MPC PT + gate,257,-4.798311681437352,0.163650703242851
online_ofmpc_pretrained_gate,OF-MPC PT + gate,258,-4.658209879035564,0.1640295674460699
online_ofmpc_pretrained_gate,OF-MPC PT + gate,259,-5.035073418336938,0.1759398890350549
online_ofmpc_pretrained_gate,OF-MPC PT + gate,260,-4.8782165924058525,0.1742307515025346
online_ofmpc_pretrained_gate,OF-MPC PT + gate,261,-5.383964022264564,0.1792783493580692
online_ofmpc_pretrained_gate,OF-MPC PT + gate,262,-5.231681122435836,0.1688610030389094
online_ofmpc_pretrained_gate,OF-MPC PT + gate,263,-4.479450056922667,0.1584443885158779
online_ofmpc_pretrained_gate,OF-MPC PT + gate,264,-4.78614313252399,0.1677627708642116
online_ofmpc_pretrained_gate,OF-MPC PT + gate,265,-5.9487644870115925,0.1837268173844189
online_ofmpc_pretrained_gate,OF-MPC PT + gate,266,-5.156605698376352,0.1849518842144536
online_ofmpc_pretrained_gate,OF-MPC PT + gate,267,-6.386801329988296,0.2164826399722967
online_ofmpc_pretrained_gate,OF-MPC PT + gate,268,-4.378640510442698,0.1636187120527153
online_ofmpc_pretrained_gate,OF-MPC PT + gate,269,-4.399910509936261,0.1621143644329923
online_ofmpc_pretrained_gate,OF-MPC PT + gate,270,-4.701134791480525,0.1777511189415989
online_ofmpc_pretrained_gate,OF-MPC PT + gate,271,-4.384834155543644,0.1597739087257427
online_ofmpc_pretrained_gate,OF-MPC PT + gate,272,-5.318033958748464,0.1907234381524231
online_ofmpc_pretrained_gate,OF-MPC PT + gate,273,-5.138821535069046,0.1877166671137367
online_ofmpc_pretrained_gate,OF-MPC PT + gate,274,-5.226251559091099,0.1898678890920193
online_ofmpc_pretrained_gate,OF-MPC PT + gate,275,-4.508865266670615,0.1741666412441623
online_ofmpc_pretrained_gate,OF-MPC PT + gate,276,-4.446557392031869,0.1619508833884369
online_ofmpc_pretrained_gate,OF-MPC PT + gate,277,-5.946281901756675,0.2151972482040645
online_ofmpc_pretrained_gate,OF-MPC PT + gate,278,-5.5390978855215005,0.1928980347156249
online_ofmpc_pretrained_gate,OF-MPC PT + gate,279,-5.771474002598675,0.1962885254882802
online_ofmpc_pretrained_gate,OF-MPC PT + gate,280,-3.9990554359874926,0.1521888023526727
online_ofmpc_pretrained_gate,OF-MPC PT + gate,281,-5.140171016002825,0.191937782511155
online_ofmpc_pretrained_gate,OF-MPC PT + gate,282,-4.682976657187882,0.163476869513193
online_ofmpc_pretrained_gate,OF-MPC PT + gate,283,-5.244268466205799,0.1913718157826411
online_ofmpc_pretrained_gate,OF-MPC PT + gate,284,-4.102259960274423,0.1592443795033232
online_ofmpc_pretrained_gate,OF-MPC PT + gate,285,-3.927098196107195,0.1552113688586878
online_ofmpc_pretrained_gate,OF-MPC PT + gate,286,-4.130378051533542,0.1591014263973726
online_ofmpc_pretrained_gate,OF-MPC PT + gate,287,-5.164303184259908,0.1823745150418094
online_ofmpc_pretrained_gate,OF-MPC PT + gate,288,-3.8416469235807233,0.1506607284110306
online_ofmpc_pretrained_gate,OF-MPC PT + gate,289,-4.25331129108616,0.1606425192577468
online_ofmpc_pretrained_gate,OF-MPC PT + gate,290,-5.1121179703379775,0.1863607907241833
online_ofmpc_pretrained_gate,OF-MPC PT + gate,291,-5.41513758787461,0.1955848829651545
online_ofmpc_pretrained_gate,OF-MPC PT + gate,292,-4.255154774270446,0.1595388305136802
online_ofmpc_pretrained_gate,OF-MPC PT + gate,293,-4.425906281335337,0.1592599066857421
online_ofmpc_pretrained_gate,OF-MPC PT + gate,294,-5.474363611386784,0.1989966296617796
online_ofmpc_pretrained_gate,OF-MPC PT + gate,295,-5.262210947924475,0.1913060562446323
online_ofmpc_pretrained_gate,OF-MPC PT + gate,296,-5.281860742753955,0.1914337427150106
online_ofmpc_pretrained_gate,OF-MPC PT + gate,297,-4.472102403278099,0.1633615166324297
online_ofmpc_pretrained_gate,OF-MPC PT + gate,298,-4.289565303855169,0.1617672576137348
online_ofmpc_pretrained_gate,OF-MPC PT + gate,299,-5.984068228831945,0.2125251689804311
online_ofmpc_pretrained_gate,OF-MPC PT + gate,300,-5.403869419811412,0.1891247317534157
online_ofmpc_pretrained_no_gate,OF-MPC PT no gate,1,-9.601190803945872,0.3293163419601692
online_ofmpc_pretrained_no_gate,OF-MPC PT no gate,2,-12.562342412513608,0.3796881104261247
online_ofmpc_pretrained_no_gate,OF-MPC PT no gate,3,-12.576669689113432,0.3798132708075821
online_ofmpc_pretrained_no_gate,OF-MPC PT no gate,4,-12.57552718253318,0.3799336294395614
online_ofmpc_pretrained_no_gate,OF-MPC PT no gate,5,-12.578989826480456,0.3797441390491964
online_ofmpc_pretrained_no_gate,OF-MPC PT no gate,6,-12.552937196810513,0.3795583755902644
online_ofmpc_pretrained_no_gate,OF-MPC PT no gate,7,-12.573131125230647,0.3798945234010531
online_ofmpc_pretrained_no_gate,OF-MPC PT no gate,8,-12.562885527967191,0.3795774936381852
online_ofmpc_pretrained_no_gate,OF-MPC PT no gate,9,-12.56111148909492,0.3794829434266451
online_ofmpc_pretrained_no_gate,OF-MPC PT no gate,10,-12.550231557460409,0.3794634967746448
online_ofmpc_pretrained_no_gate,OF-MPC PT no gate,11,-12.565784419631392,0.379681438024724
online_ofmpc_pretrained_no_gate,OF-MPC PT no gate,12,-12.575710455599683,0.3798001710454588
online_ofmpc_pretrained_no_gate,OF-MPC PT no gate,13,-12.558035540566712,0.3795539822686259
online_ofmpc_pretrained_no_gate,OF-MPC PT no gate,14,-12.59190684837074,0.3800761004056534
online_ofmpc_pretrained_no_gate,OF-MPC PT no gate,15,-12.587053181337996,0.3799991834846182
online_ofmpc_pretrained_no_gate,OF-MPC PT no gate,16,-12.589229777701275,0.3799581721318018
online_ofmpc_pretrained_no_gate,OF-MPC PT no gate,17,-12.584157782761068,0.3799954898603411
online_ofmpc_pretrained_no_gate,OF-MPC PT no gate,18,-12.567344405335,0.3797871610369603
online_ofmpc_pretrained_no_gate,OF-MPC PT no gate,19,-12.573604311729138,0.37988922261356
online_ofmpc_pretrained_no_gate,OF-MPC PT no gate,20,-12.573123988744776,0.3799021951450676
online_ofmpc_pretrained_no_gate,OF-MPC PT no gate,21,-12.57511661377406,0.3799455885354377
online_ofmpc_pretrained_no_gate,OF-MPC PT no gate,22,-12.5778112468863,0.3800401161346476
online_ofmpc_pretrained_no_gate,OF-MPC PT no gate,23,-12.613927813392898,0.3806463722790508
online_ofmpc_pretrained_no_gate,OF-MPC PT no gate,24,-12.48445041378859,0.3781856946548969
online_ofmpc_pretrained_no_gate,OF-MPC PT no gate,25,-12.461078201164526,0.378072170760904
online_ofmpc_pretrained_no_gate,OF-MPC PT no gate,26,-12.818583587391794,0.3850485247952154
online_ofmpc_pretrained_no_gate,OF-MPC PT no gate,27,-12.59420060834068,0.3802179766094482
online_ofmpc_pretrained_no_gate,OF-MPC PT no gate,28,-13.321650721580728,0.3907899680977276
online_ofmpc_pretrained_no_gate,OF-MPC PT no gate,29,-12.739675751096687,0.3809393829670405
online_ofmpc_pretrained_no_gate,OF-MPC PT no gate,30,-12.643348234897667,0.3842206768126929
online_ofmpc_pretrained_no_gate,OF-MPC PT no gate,31,-73.13378575306514,1.0766378369019505
online_ofmpc_pretrained_no_gate,OF-MPC PT no gate,32,-6.19928355203422,0.2058003332795959
online_ofmpc_pretrained_no_gate,OF-MPC PT no gate,33,-6.189141276731284,0.2168668083588156
online_ofmpc_pretrained_no_gate,OF-MPC PT no gate,34,-6.30086640127912,0.214935258261424
online_ofmpc_pretrained_no_gate,OF-MPC PT no gate,35,-6.272512939914666,0.2119380005450313
online_ofmpc_pretrained_no_gate,OF-MPC PT no gate,36,-6.410634305011634,0.2064633392309574
online_ofmpc_pretrained_no_gate,OF-MPC PT no gate,37,-6.144873280431632,0.1981762607232491
online_ofmpc_pretrained_no_gate,OF-MPC PT no gate,38,-6.3354375269770165,0.2051663701892188
online_ofmpc_pretrained_no_gate,OF-MPC PT no gate,39,-5.918214023311619,0.1968044625084612
online_ofmpc_pretrained_no_gate,OF-MPC PT no gate,40,-5.703282284309324,0.1926740114673211
online_ofmpc_pretrained_no_gate,OF-MPC PT no gate,41,-5.340821680975265,0.1811448964050837
online_ofmpc_pretrained_no_gate,OF-MPC PT no gate,42,-5.151313626924427,0.1800344303182736
online_ofmpc_pretrained_no_gate,OF-MPC PT no gate,43,-5.0015940646346095,0.1799582407335261
online_ofmpc_pretrained_no_gate,OF-MPC PT no gate,44,-5.01975365509019,0.1905767616376661
online_ofmpc_pretrained_no_gate,OF-MPC PT no gate,45,-5.53470342352887,0.2158294705629654
online_ofmpc_pretrained_no_gate,OF-MPC PT no gate,46,-5.008168075137604,0.1950229075060181
online_ofmpc_pretrained_no_gate,OF-MPC PT no gate,47,-4.928752509614721,0.1878565305187339
online_ofmpc_pretrained_no_gate,OF-MPC PT no gate,48,-4.959791373820776,0.1841654656388166
online_ofmpc_pretrained_no_gate,OF-MPC PT no gate,49,-4.892092420410225,0.1822201672529333
online_ofmpc_pretrained_no_gate,OF-MPC PT no gate,50,-4.942345181488155,0.1824073383342344
online_ofmpc_pretrained_no_gate,OF-MPC PT no gate,51,-4.9324141872782965,0.1824766000237167
online_ofmpc_pretrained_no_gate,OF-MPC PT no gate,52,-4.963587692493868,0.1852027082287648
online_ofmpc_pretrained_no_gate,OF-MPC PT no gate,53,-4.8873097267939976,0.1815337815268408
online_ofmpc_pretrained_no_gate,OF-MPC PT no gate,54,-4.881006833899299,0.1859018503010222
online_ofmpc_pretrained_no_gate,OF-MPC PT no gate,55,-4.956846523798182,0.1851032640411905
online_ofmpc_pretrained_no_gate,OF-MPC PT no gate,56,-4.914447911725224,0.1858756683306814
online_ofmpc_pretrained_no_gate,OF-MPC PT no gate,57,-4.864505361429428,0.1847163351105368
online_ofmpc_pretrained_no_gate,OF-MPC PT no gate,58,-4.938864317361927,0.1910254572702027
online_ofmpc_pretrained_no_gate,OF-MPC PT no gate,59,-4.927819918862873,0.1893286649496862
online_ofmpc_pretrained_no_gate,OF-MPC PT no gate,60,-4.902333545766586,0.1915586704711633
online_ofmpc_pretrained_no_gate,OF-MPC PT no gate,61,-4.919628630845599,0.1902102912225091
online_ofmpc_pretrained_no_gate,OF-MPC PT no gate,62,-4.960910869670005,0.1924870273667786
online_ofmpc_pretrained_no_gate,OF-MPC PT no gate,63,-4.911846535286523,0.1941702927231497
online_ofmpc_pretrained_no_gate,OF-MPC PT no gate,64,-4.976794321602969,0.198072423976869
online_ofmpc_pretrained_no_gate,OF-MPC PT no gate,65,-4.838345730730099,0.1937149713742059
online_ofmpc_pretrained_no_gate,OF-MPC PT no gate,66,-4.912301241756946,0.1993783148651747
online_ofmpc_pretrained_no_gate,OF-MPC PT no gate,67,-5.031937801901702,0.2044417528045927
online_ofmpc_pretrained_no_gate,OF-MPC PT no gate,68,-5.03408404207352,0.2020172704890124
online_ofmpc_pretrained_no_gate,OF-MPC PT no gate,69,-5.048294916259628,0.203769369751251
online_ofmpc_pretrained_no_gate,OF-MPC PT no gate,70,-5.129428015627957,0.2142441676754002
online_ofmpc_pretrained_no_gate,OF-MPC PT no gate,71,-5.057010169513135,0.2105992801587612
online_ofmpc_pretrained_no_gate,OF-MPC PT no gate,72,-5.611136745451136,0.239552956811555
online_ofmpc_pretrained_no_gate,OF-MPC PT no gate,73,-5.14553713068587,0.2166172931734745
online_ofmpc_pretrained_no_gate,OF-MPC PT no gate,74,-5.307803460348993,0.2243689591289971
online_ofmpc_pretrained_no_gate,OF-MPC PT no gate,75,-5.015332981333748,0.2086328570283725
online_ofmpc_pretrained_no_gate,OF-MPC PT no gate,76,-4.953977681461574,0.1953003399798852
online_ofmpc_pretrained_no_gate,OF-MPC PT no gate,77,-5.045724657379284,0.1939803052749471
online_ofmpc_pretrained_no_gate,OF-MPC PT no gate,78,-4.940700992166119,0.1835941487917359
online_ofmpc_pretrained_no_gate,OF-MPC PT no gate,79,-4.992539926002206,0.202185340306345
online_ofmpc_pretrained_no_gate,OF-MPC PT no gate,80,-4.754728661526547,0.1824839425512719
online_ofmpc_pretrained_no_gate,OF-MPC PT no gate,81,-4.775708597984658,0.1871860113625833
online_ofmpc_pretrained_no_gate,OF-MPC PT no gate,82,-4.788797669600444,0.1915260483672248
online_ofmpc_pretrained_no_gate,OF-MPC PT no gate,83,-4.731562830775802,0.184187056275396
online_ofmpc_pretrained_no_gate,OF-MPC PT no gate,84,-4.812944220569092,0.1908377614134306
online_ofmpc_pretrained_no_gate,OF-MPC PT no gate,85,-4.67220227244674,0.1843234074559286
online_ofmpc_pretrained_no_gate,OF-MPC PT no gate,86,-4.807156074589817,0.1959990742308993
online_ofmpc_pretrained_no_gate,OF-MPC PT no gate,87,-4.7521259469516,0.1850545031716458
online_ofmpc_pretrained_no_gate,OF-MPC PT no gate,88,-4.846824821264348,0.1942135331044728
online_ofmpc_pretrained_no_gate,OF-MPC PT no gate,89,-4.956121546741242,0.1986946060171833
online_ofmpc_pretrained_no_gate,OF-MPC PT no gate,90,-4.752319834270552,0.1872177300019922
online_ofmpc_pretrained_no_gate,OF-MPC PT no gate,91,-4.82291746285123,0.1916881265713989
online_ofmpc_pretrained_no_gate,OF-MPC PT no gate,92,-4.804246684473976,0.1945042471741568
online_ofmpc_pretrained_no_gate,OF-MPC PT no gate,93,-4.583163124115481,0.1807692818469504
online_ofmpc_pretrained_no_gate,OF-MPC PT no gate,94,-4.513809125063404,0.1745765885670428
online_ofmpc_pretrained_no_gate,OF-MPC PT no gate,95,-4.39062338237753,0.1686233848867689
online_ofmpc_pretrained_no_gate,OF-MPC PT no gate,96,-4.456630509563476,0.1706840903926113
online_ofmpc_pretrained_no_gate,OF-MPC PT no gate,97,-4.367157625845843,0.167556576485447
online_ofmpc_pretrained_no_gate,OF-MPC PT no gate,98,-4.367410345444364,0.1667633240691461
online_ofmpc_pretrained_no_gate,OF-MPC PT no gate,99,-4.394243445908706,0.1693567083481694
online_ofmpc_pretrained_no_gate,OF-MPC PT no gate,100,-4.262650717449061,0.1656018652011159
online_ofmpc_pretrained_no_gate,OF-MPC PT no gate,101,-4.3656646997465,0.1677337479334062
online_ofmpc_pretrained_no_gate,OF-MPC PT no gate,102,-4.278416296407352,0.1677268370728126
online_ofmpc_pretrained_no_gate,OF-MPC PT no gate,103,-4.280313274583599,0.1676914065118442
online_ofmpc_pretrained_no_gate,OF-MPC PT no gate,104,-4.395860544964744,0.1707035472568223
online_ofmpc_pretrained_no_gate,OF-MPC PT no gate,105,-4.436701972973608,0.1750212307979843
online_ofmpc_pretrained_no_gate,OF-MPC PT no gate,106,-4.485191297639103,0.1808994268760809
online_ofmpc_pretrained_no_gate,OF-MPC PT no gate,107,-4.420713612422228,0.1815737395169709
online_ofmpc_pretrained_no_gate,OF-MPC PT no gate,108,-4.409206647166997,0.1811391563135727
online_ofmpc_pretrained_no_gate,OF-MPC PT no gate,109,-4.496096278615059,0.1829114032742221
online_ofmpc_pretrained_no_gate,OF-MPC PT no gate,110,-4.467954623373107,0.179946713804868
online_ofmpc_pretrained_no_gate,OF-MPC PT no gate,111,-4.463663687123109,0.1833486565721765
online_ofmpc_pretrained_no_gate,OF-MPC PT no gate,112,-4.464092708649438,0.1815869911800514
online_ofmpc_pretrained_no_gate,OF-MPC PT no gate,113,-4.489614304600407,0.1820133629071749
online_ofmpc_pretrained_no_gate,OF-MPC PT no gate,114,-4.4092571232947,0.1780685483577
online_ofmpc_pretrained_no_gate,OF-MPC PT no gate,115,-4.522119935580906,0.1818763736112102
online_ofmpc_pretrained_no_gate,OF-MPC PT no gate,116,-4.49510712414907,0.1802074242386023
online_ofmpc_pretrained_no_gate,OF-MPC PT no gate,117,-4.466807310734706,0.1789751252025348
online_ofmpc_pretrained_no_gate,OF-MPC PT no gate,118,-4.4054638829351225,0.1800931462106124
online_ofmpc_pretrained_no_gate,OF-MPC PT no gate,119,-4.443992542393189,0.1819412387542897
online_ofmpc_pretrained_no_gate,OF-MPC PT no gate,120,-4.441369981104603,0.1806869485687725
online_ofmpc_pretrained_no_gate,OF-MPC PT no gate,121,-4.478847167395914,0.1819633831541616
online_ofmpc_pretrained_no_gate,OF-MPC PT no gate,122,-4.397967465454514,0.1788302054348232
online_ofmpc_pretrained_no_gate,OF-MPC PT no gate,123,-4.545288437573326,0.1878721921892261
online_ofmpc_pretrained_no_gate,OF-MPC PT no gate,124,-4.491441449838702,0.1786610715658222
online_ofmpc_pretrained_no_gate,OF-MPC PT no gate,125,-5.557122289668479,0.2125553850601439
online_ofmpc_pretrained_no_gate,OF-MPC PT no gate,126,-4.738480433045275,0.2004486997768757
online_ofmpc_pretrained_no_gate,OF-MPC PT no gate,127,-4.447829311320927,0.1811135500955344
online_ofmpc_pretrained_no_gate,OF-MPC PT no gate,128,-4.452842827639873,0.1812662983009187
online_ofmpc_pretrained_no_gate,OF-MPC PT no gate,129,-4.354698624055897,0.1760914273773175
online_ofmpc_pretrained_no_gate,OF-MPC PT no gate,130,-4.314570939957982,0.1742299670615792
online_ofmpc_pretrained_no_gate,OF-MPC PT no gate,131,-4.417431243591418,0.1761776381118579
online_ofmpc_pretrained_no_gate,OF-MPC PT no gate,132,-4.334292600930983,0.1733624830148349
online_ofmpc_pretrained_no_gate,OF-MPC PT no gate,133,-4.340367918635929,0.1725582448083453
online_ofmpc_pretrained_no_gate,OF-MPC PT no gate,134,-4.306968115764988,0.1714529099429573
online_ofmpc_pretrained_no_gate,OF-MPC PT no gate,135,-4.366571098496146,0.1737133806682033
online_ofmpc_pretrained_no_gate,OF-MPC PT no gate,136,-4.388231389737709,0.1728188643953
online_ofmpc_pretrained_no_gate,OF-MPC PT no gate,137,-4.364622678216836,0.1735193566648657
online_ofmpc_pretrained_no_gate,OF-MPC PT no gate,138,-4.331279098721519,0.1738704556165549
online_ofmpc_pretrained_no_gate,OF-MPC PT no gate,139,-4.424939638147024,0.1783011585588194
online_ofmpc_pretrained_no_gate,OF-MPC PT no gate,140,-4.442821506942466,0.1779656329967811
online_ofmpc_pretrained_no_gate,OF-MPC PT no gate,141,-4.398318653527249,0.1783392483013658
online_ofmpc_pretrained_no_gate,OF-MPC PT no gate,142,-4.403541327226501,0.1788126855031273
online_ofmpc_pretrained_no_gate,OF-MPC PT no gate,143,-4.404225123785467,0.1764399650907112
online_ofmpc_pretrained_no_gate,OF-MPC PT no gate,144,-4.351571760190439,0.1749868043220382
online_ofmpc_pretrained_no_gate,OF-MPC PT no gate,145,-4.326783408565989,0.1735485967714496
online_ofmpc_pretrained_no_gate,OF-MPC PT no gate,146,-4.335723913891014,0.1737340509964637
online_ofmpc_pretrained_no_gate,OF-MPC PT no gate,147,-4.286636008207912,0.1698820776583212
online_ofmpc_pretrained_no_gate,OF-MPC PT no gate,148,-4.374255337427732,0.1704314785247467
online_ofmpc_pretrained_no_gate,OF-MPC PT no gate,149,-4.277416156926819,0.1686284199336899
online_ofmpc_pretrained_no_gate,OF-MPC PT no gate,150,-4.330647457876663,0.1727342205902192
online_ofmpc_pretrained_no_gate,OF-MPC PT no gate,151,-4.199834054794675,0.1680741344985806
online_ofmpc_pretrained_no_gate,OF-MPC PT no gate,152,-4.2815117045915,0.1714208222366978
online_ofmpc_pretrained_no_gate,OF-MPC PT no gate,153,-4.212291500062301,0.1697761743389455
online_ofmpc_pretrained_no_gate,OF-MPC PT no gate,154,-4.337805677986322,0.1763496431572556
online_ofmpc_pretrained_no_gate,OF-MPC PT no gate,155,-4.26293045551436,0.1726760138142583
online_ofmpc_pretrained_no_gate,OF-MPC PT no gate,156,-4.282907175561358,0.1730956058893998
online_ofmpc_pretrained_no_gate,OF-MPC PT no gate,157,-4.27723289965642,0.1719426350625645
online_ofmpc_pretrained_no_gate,OF-MPC PT no gate,158,-4.190135554390065,0.167982348658601
online_ofmpc_pretrained_no_gate,OF-MPC PT no gate,159,-4.274102468351023,0.1700950836828711
online_ofmpc_pretrained_no_gate,OF-MPC PT no gate,160,-4.256966594123296,0.1691281429301427
online_ofmpc_pretrained_no_gate,OF-MPC PT no gate,161,-4.254737126082598,0.1689334211897488
online_ofmpc_pretrained_no_gate,OF-MPC PT no gate,162,-4.233328943122129,0.1671474520368241
online_ofmpc_pretrained_no_gate,OF-MPC PT no gate,163,-4.208462752288766,0.1640492817956922
online_ofmpc_pretrained_no_gate,OF-MPC PT no gate,164,-4.2091060751218325,0.16333649313569
online_ofmpc_pretrained_no_gate,OF-MPC PT no gate,165,-4.183018333847349,0.1619413155218764
online_ofmpc_pretrained_no_gate,OF-MPC PT no gate,166,-4.149724339567992,0.1609798995633813
online_ofmpc_pretrained_no_gate,OF-MPC PT no gate,167,-4.178153669237028,0.1596834106926724
online_ofmpc_pretrained_no_gate,OF-MPC PT no gate,168,-4.216380609659106,0.1611021984575568
online_ofmpc_pretrained_no_gate,OF-MPC PT no gate,169,-4.250271536019144,0.1611831721664111
online_ofmpc_pretrained_no_gate,OF-MPC PT no gate,170,-4.241942819298101,0.1623757194019761
online_ofmpc_pretrained_no_gate,OF-MPC PT no gate,171,-4.221109819910023,0.1600904193955132
online_ofmpc_pretrained_no_gate,OF-MPC PT no gate,172,-4.247996400963826,0.1610365246829487
online_ofmpc_pretrained_no_gate,OF-MPC PT no gate,173,-4.216087306713294,0.1600537077348639
online_ofmpc_pretrained_no_gate,OF-MPC PT no gate,174,-4.202468638057808,0.1603855113220985
online_ofmpc_pretrained_no_gate,OF-MPC PT no gate,175,-4.208511804581445,0.1606294106786657
online_ofmpc_pretrained_no_gate,OF-MPC PT no gate,176,-4.1958774293528105,0.1584570224237031
online_ofmpc_pretrained_no_gate,OF-MPC PT no gate,177,-4.170153659809163,0.1597726750823054
online_ofmpc_pretrained_no_gate,OF-MPC PT no gate,178,-4.220873983308691,0.161401274908479
online_ofmpc_pretrained_no_gate,OF-MPC PT no gate,179,-4.14957407176297,0.1595024536361648
online_ofmpc_pretrained_no_gate,OF-MPC PT no gate,180,-4.149403821688912,0.1588626545845086
online_ofmpc_pretrained_no_gate,OF-MPC PT no gate,181,-4.132757082976593,0.1582074706031127
online_ofmpc_pretrained_no_gate,OF-MPC PT no gate,182,-4.178980358558136,0.1587753481672569
online_ofmpc_pretrained_no_gate,OF-MPC PT no gate,183,-4.175568203163216,0.1589021093173865
online_ofmpc_pretrained_no_gate,OF-MPC PT no gate,184,-4.206866842359174,0.1587925363141191
online_ofmpc_pretrained_no_gate,OF-MPC PT no gate,185,-4.189042636557247,0.159352790524311
online_ofmpc_pretrained_no_gate,OF-MPC PT no gate,186,-4.190923396707794,0.1585403719187186
online_ofmpc_pretrained_no_gate,OF-MPC PT no gate,187,-4.189055691551041,0.1593273066168113
online_ofmpc_pretrained_no_gate,OF-MPC PT no gate,188,-4.192517814358223,0.1581597293760258
online_ofmpc_pretrained_no_gate,OF-MPC PT no gate,189,-4.198111518879927,0.1602140804149894
online_ofmpc_pretrained_no_gate,OF-MPC PT no gate,190,-4.152626116917547,0.1590900092850106
online_ofmpc_pretrained_no_gate,OF-MPC PT no gate,191,-4.197254976378543,0.1600299999937192
online_ofmpc_pretrained_no_gate,OF-MPC PT no gate,192,-4.110805911116597,0.1577585840615483
online_ofmpc_pretrained_no_gate,OF-MPC PT no gate,193,-4.1716824634900505,0.1588581147177731
online_ofmpc_pretrained_no_gate,OF-MPC PT no gate,194,-4.21433474578316,0.160202433062717
online_ofmpc_pretrained_no_gate,OF-MPC PT no gate,195,-4.0871709492975885,0.1581593706649068
online_ofmpc_pretrained_no_gate,OF-MPC PT no gate,196,-4.17221934549487,0.1578827495098136
online_ofmpc_pretrained_no_gate,OF-MPC PT no gate,197,-4.132728387568287,0.1577224562356936
online_ofmpc_pretrained_no_gate,OF-MPC PT no gate,198,-4.112264284062286,0.1573151690388204
online_ofmpc_pretrained_no_gate,OF-MPC PT no gate,199,-4.104651471264576,0.1583870572235364
online_ofmpc_pretrained_no_gate,OF-MPC PT no gate,200,-4.148863399607426,0.1584122717540235
online_ofmpc_pretrained_no_gate,OF-MPC PT no gate,201,-4.112938136640668,0.1565828361129221
online_ofmpc_pretrained_no_gate,OF-MPC PT no gate,202,-4.125543272465538,0.1575069845551332
online_ofmpc_pretrained_no_gate,OF-MPC PT no gate,203,-4.152487714929128,0.1585733954202974
online_ofmpc_pretrained_no_gate,OF-MPC PT no gate,204,-4.183081124885181,0.1599167727115034
online_ofmpc_pretrained_no_gate,OF-MPC PT no gate,205,-4.207683151587776,0.1600374213966555
online_ofmpc_pretrained_no_gate,OF-MPC PT no gate,206,-4.1261418932785325,0.1596099666395801
online_ofmpc_pretrained_no_gate,OF-MPC PT no gate,207,-4.133212290951488,0.1588565044143629
online_ofmpc_pretrained_no_gate,OF-MPC PT no gate,208,-4.129652555237157,0.1583596739666012
online_ofmpc_pretrained_no_gate,OF-MPC PT no gate,209,-4.091269874589552,0.1567919956583765
online_ofmpc_pretrained_no_gate,OF-MPC PT no gate,210,-4.166101436238983,0.1580056419609203
online_ofmpc_pretrained_no_gate,OF-MPC PT no gate,211,-4.123670977976588,0.1572356990341424
online_ofmpc_pretrained_no_gate,OF-MPC PT no gate,212,-4.15987270011589,0.1577285929510799
online_ofmpc_pretrained_no_gate,OF-MPC PT no gate,213,-4.175058940743922,0.1580930124368246
online_ofmpc_pretrained_no_gate,OF-MPC PT no gate,214,-4.153905826530254,0.1592134942604698
online_ofmpc_pretrained_no_gate,OF-MPC PT no gate,215,-4.173937083658433,0.1594894000838526
online_ofmpc_pretrained_no_gate,OF-MPC PT no gate,216,-4.134980029985128,0.1578193249396927
online_ofmpc_pretrained_no_gate,OF-MPC PT no gate,217,-4.151004419157808,0.1587157573423147
online_ofmpc_pretrained_no_gate,OF-MPC PT no gate,218,-4.163026457604485,0.1595408742820695
online_ofmpc_pretrained_no_gate,OF-MPC PT no gate,219,-4.109792394032753,0.1567247641284823
online_ofmpc_pretrained_no_gate,OF-MPC PT no gate,220,-4.075680959352756,0.1564622690054501
online_ofmpc_pretrained_no_gate,OF-MPC PT no gate,221,-4.209433222230923,0.1597834827412539
online_ofmpc_pretrained_no_gate,OF-MPC PT no gate,222,-4.134424447072277,0.1582053113515327
online_ofmpc_pretrained_no_gate,OF-MPC PT no gate,223,-4.102117330534389,0.1578704665158958
online_ofmpc_pretrained_no_gate,OF-MPC PT no gate,224,-4.096015755976655,0.1586983032873198
online_ofmpc_pretrained_no_gate,OF-MPC PT no gate,225,-4.092351879467733,0.1576258059151877
online_ofmpc_pretrained_no_gate,OF-MPC PT no gate,226,-4.14419327622778,0.1586123732904398
online_ofmpc_pretrained_no_gate,OF-MPC PT no gate,227,-4.121276297960821,0.1575674018698905
online_ofmpc_pretrained_no_gate,OF-MPC PT no gate,228,-4.112252267055019,0.1601068514670223
online_ofmpc_pretrained_no_gate,OF-MPC PT no gate,229,-4.140386267607685,0.1596815231766656
online_ofmpc_pretrained_no_gate,OF-MPC PT no gate,230,-4.138245868727837,0.1593040222730314
online_ofmpc_pretrained_no_gate,OF-MPC PT no gate,231,-4.131068521643661,0.15716680491656
online_ofmpc_pretrained_no_gate,OF-MPC PT no gate,232,-4.168865922337546,0.1589778528028801
online_ofmpc_pretrained_no_gate,OF-MPC PT no gate,233,-4.120124604698369,0.1576582609549818
online_ofmpc_pretrained_no_gate,OF-MPC PT no gate,234,-4.191946042610881,0.1592236843717321
online_ofmpc_pretrained_no_gate,OF-MPC PT no gate,235,-4.103463734044257,0.1575662766748972
online_ofmpc_pretrained_no_gate,OF-MPC PT no gate,236,-4.091095703834743,0.1565464424436929
online_ofmpc_pretrained_no_gate,OF-MPC PT no gate,237,-4.182583948753095,0.1562599098797073
online_ofmpc_pretrained_no_gate,OF-MPC PT no gate,238,-4.15841707416901,0.1559908352521461
online_ofmpc_pretrained_no_gate,OF-MPC PT no gate,239,-4.113964203923612,0.1571184977262446
online_ofmpc_pretrained_no_gate,OF-MPC PT no gate,240,-4.158075687405956,0.1570680298911443
online_ofmpc_pretrained_no_gate,OF-MPC PT no gate,241,-4.1205551298703496,0.1565644025512195
online_ofmpc_pretrained_no_gate,OF-MPC PT no gate,242,-4.097781680284137,0.1562849618194607
online_ofmpc_pretrained_no_gate,OF-MPC PT no gate,243,-4.166716808182109,0.1589003579125358
online_ofmpc_pretrained_no_gate,OF-MPC PT no gate,244,-4.115967655120106,0.1581774344019784
online_ofmpc_pretrained_no_gate,OF-MPC PT no gate,245,-4.080890709289259,0.1584018298775625
online_ofmpc_pretrained_no_gate,OF-MPC PT no gate,246,-4.114878938623916,0.1608209822046294
online_ofmpc_pretrained_no_gate,OF-MPC PT no gate,247,-4.106212071277562,0.1595773350805426
online_ofmpc_pretrained_no_gate,OF-MPC PT no gate,248,-4.1084396698076775,0.1592695214226993
online_ofmpc_pretrained_no_gate,OF-MPC PT no gate,249,-4.097956785794389,0.1587346501635055
online_ofmpc_pretrained_no_gate,OF-MPC PT no gate,250,-4.044250635947913,0.1579997085267574
online_ofmpc_pretrained_no_gate,OF-MPC PT no gate,251,-4.149967585900791,0.1593299586673205
online_ofmpc_pretrained_no_gate,OF-MPC PT no gate,252,-4.093435797638985,0.1582864369690437
online_ofmpc_pretrained_no_gate,OF-MPC PT no gate,253,-4.028403337330673,0.1582277183231263
online_ofmpc_pretrained_no_gate,OF-MPC PT no gate,254,-4.096583333694963,0.1605699072532264
online_ofmpc_pretrained_no_gate,OF-MPC PT no gate,255,-4.064178024855687,0.1594874493119381
online_ofmpc_pretrained_no_gate,OF-MPC PT no gate,256,-4.082952700681485,0.1606373202282258
online_ofmpc_pretrained_no_gate,OF-MPC PT no gate,257,-4.0516495808043445,0.1585503901352766
online_ofmpc_pretrained_no_gate,OF-MPC PT no gate,258,-4.073068867502137,0.1587924205744451
online_ofmpc_pretrained_no_gate,OF-MPC PT no gate,259,-4.122487266476066,0.1619044402588674
online_ofmpc_pretrained_no_gate,OF-MPC PT no gate,260,-4.034034719805778,0.1584670631528814
online_ofmpc_pretrained_no_gate,OF-MPC PT no gate,261,-4.12615267934606,0.1606029521881699
online_ofmpc_pretrained_no_gate,OF-MPC PT no gate,262,-4.065999179306752,0.1595726976250787
online_ofmpc_pretrained_no_gate,OF-MPC PT no gate,263,-4.083322024580057,0.1596743254977937
online_ofmpc_pretrained_no_gate,OF-MPC PT no gate,264,-4.139243343268052,0.1606313732768667
online_ofmpc_pretrained_no_gate,OF-MPC PT no gate,265,-4.083244838295153,0.1591532591011028
online_ofmpc_pretrained_no_gate,OF-MPC PT no gate,266,-4.120114570286611,0.1609188166753326
online_ofmpc_pretrained_no_gate,OF-MPC PT no gate,267,-4.065216485589872,0.1597702771043364
online_ofmpc_pretrained_no_gate,OF-MPC PT no gate,268,-4.0509518286406605,0.1586435016848873
online_ofmpc_pretrained_no_gate,OF-MPC PT no gate,269,-4.07880171333662,0.1592158347037594
online_ofmpc_pretrained_no_gate,OF-MPC PT no gate,270,-4.112857403685509,0.1606304042152307
online_ofmpc_pretrained_no_gate,OF-MPC PT no gate,271,-4.160292557853332,0.1612063886098199
online_ofmpc_pretrained_no_gate,OF-MPC PT no gate,272,-4.08466378776741,0.1586990527936909
online_ofmpc_pretrained_no_gate,OF-MPC PT no gate,273,-4.097474608100755,0.1607611995613696
online_ofmpc_pretrained_no_gate,OF-MPC PT no gate,274,-4.130200886847609,0.1598336883143682
online_ofmpc_pretrained_no_gate,OF-MPC PT no gate,275,-4.056051092146984,0.1592254627591807
online_ofmpc_pretrained_no_gate,OF-MPC PT no gate,276,-4.085812402153408,0.1587972202191747
online_ofmpc_pretrained_no_gate,OF-MPC PT no gate,277,-4.073184900782403,0.1579518665665044
online_ofmpc_pretrained_no_gate,OF-MPC PT no gate,278,-4.111891838188335,0.1583058434895544
online_ofmpc_pretrained_no_gate,OF-MPC PT no gate,279,-4.1201326801361455,0.160110189616736
online_ofmpc_pretrained_no_gate,OF-MPC PT no gate,280,-4.136107598557847,0.159214446868576
online_ofmpc_pretrained_no_gate,OF-MPC PT no gate,281,-4.069644607503705,0.1593347174161152
online_ofmpc_pretrained_no_gate,OF-MPC PT no gate,282,-4.052492677735582,0.160333382246547
online_ofmpc_pretrained_no_gate,OF-MPC PT no gate,283,-4.09229331793993,0.1587003543083519
online_ofmpc_pretrained_no_gate,OF-MPC PT no gate,284,-4.114522922248748,0.1595434177557972
online_ofmpc_pretrained_no_gate,OF-MPC PT no gate,285,-4.195367111290164,0.1625114837081507
online_ofmpc_pretrained_no_gate,OF-MPC PT no gate,286,-4.0938151736342485,0.160813203225352
online_ofmpc_pretrained_no_gate,OF-MPC PT no gate,287,-4.072771776338888,0.1604757405255013
online_ofmpc_pretrained_no_gate,OF-MPC PT no gate,288,-4.089499788936921,0.1590986625370366
online_ofmpc_pretrained_no_gate,OF-MPC PT no gate,289,-4.133369082010911,0.1643173051206989
online_ofmpc_pretrained_no_gate,OF-MPC PT no gate,290,-4.056565840074367,0.1591283216608868
online_ofmpc_pretrained_no_gate,OF-MPC PT no gate,291,-4.103125233601179,0.1609287245278166
online_ofmpc_pretrained_no_gate,OF-MPC PT no gate,292,-4.082513997542016,0.1588745087432641
online_ofmpc_pretrained_no_gate,OF-MPC PT no gate,293,-4.0334511988248565,0.1565808155190808
online_ofmpc_pretrained_no_gate,OF-MPC PT no gate,294,-4.092648927339987,0.1592157754380342
online_ofmpc_pretrained_no_gate,OF-MPC PT no gate,295,-4.06619014650564,0.1583693208395856
online_ofmpc_pretrained_no_gate,OF-MPC PT no gate,296,-4.095772375459914,0.1603636656638285
online_ofmpc_pretrained_no_gate,OF-MPC PT no gate,297,-4.108483327554169,0.1602226598593434
online_ofmpc_pretrained_no_gate,OF-MPC PT no gate,298,-4.074940236658097,0.1598204410303313
online_ofmpc_pretrained_no_gate,OF-MPC PT no gate,299,-4.104300557004393,0.1592014167871004
online_ofmpc_pretrained_no_gate,OF-MPC PT no gate,300,-4.060302611587888,0.1590255797219797
